Instance,INF_avg,INF_sd,INF_r1,INF_kr,INF_sk,SUP_avg,SUP_sd,SUP_r1,SUP_kr,SUP_sk,INC_avg,INC_sd,INC_r1,INC_kr,INC_sk,IND_avg,IND_sd,IND_r1,IND_kr,IND_sk
instances/A2/asymmetric/100.1.in,0.4313492063,0.1353616741,0.4004224715,3.4092189445,0.4403700465,0.0722222222,0.0767793053,0.4403481609,3.8900131967,1.1239489456,0.4964285714,0.1190535713,0.2610401510,3.0121735452,-0.2997630344,0.2837301587,0.0778759099,0.0268028870,3.2943620980,0.3733121360
