Instance,INF_avg,INF_sd,INF_r1,INF_kr,INF_sk,SUP_avg,SUP_sd,SUP_r1,SUP_kr,SUP_sk,INC_avg,INC_sd,INC_r1,INC_kr,INC_sk,IND_avg,IND_sd,IND_r1,IND_kr,IND_sk
instances/A1/asymmetric/50.1.in,0.4048000000,0.0885943565,0.2355195982,2.0062598693,-0.1350865511,0.1024000000,0.0620503022,0.6366105540,2.1861232414,0.3138625482,0.4928000000,0.0756581787,-0.0521581508,2.0813089436,-0.1902304131,0.1560000000,0.0502792204,0.2413162706,2.5270789938,0.5740096861
