Instance,INF_avg,INF_sd,INF_r1,INF_kr,INF_sk,SUP_avg,SUP_sd,SUP_r1,SUP_kr,SUP_sk,INC_avg,INC_sd,INC_r1,INC_kr,INC_sk,IND_avg,IND_sd,IND_r1,IND_kr,IND_sk
instances/A3/symmetric/200.3.in,0.2756500000,0.0405995998,0.1843698960,3.4420162592,0.1395925910,0.1257500000,0.0248029736,0.3947018885,2.8607768915,0.2275230824,0.5986000000,0.0386657471,0.1035617372,3.0379793729,0.1927870867,0.0744000000,0.0232086191,0.1578117430,3.6955522740,0.1321699086
