Instance,INF_avg,INF_sd,INF_r1,INF_kr,INF_sk,SUP_avg,SUP_sd,SUP_r1,SUP_kr,SUP_sk,INC_avg,INC_sd,INC_r1,INC_kr,INC_sk,IND_avg,IND_sd,IND_r1,IND_kr,IND_sk
instances/A3/symmetric/10.1.in,0.5920043573,0.0411515267,0.4820115365,1.6185131293,0.0239301674,0.0416230937,0.0151250046,0.6378216958,1.9005487846,0.5655292996,0.3663725490,0.0324443154,0.1343145761,1.2858295912,-0.2225988056,0.1699673203,0.0357409980,-0.4187327681,1.5537271335,0.2796199651
