Instance,INF_avg,INF_sd,INF_r1,INF_kr,INF_sk,SUP_avg,SUP_sd,SUP_r1,SUP_kr,SUP_sk,INC_avg,INC_sd,INC_r1,INC_kr,INC_sk,IND_avg,IND_sd,IND_r1,IND_kr,IND_sk
instances/A2/asymmetric/50.3.in,0.7702268041,0.0739294703,0.6021968643,1.9147140359,-0.2661376048,0.0872164948,0.0402948138,0.7419196617,1.7995488904,0.2817146817,0.1425567010,0.0353460430,0.2447306672,1.8213266901,0.0939288358,0.0331237113,0.0079274664,0.3407218247,2.2518726048,-0.1195125852
