Instance,INF_avg,INF_sd,INF_r1,INF_kr,INF_sk,SUP_avg,SUP_sd,SUP_r1,SUP_kr,SUP_sk,INC_avg,INC_sd,INC_r1,INC_kr,INC_sk,IND_avg,IND_sd,IND_r1,IND_kr,IND_sk
instances/A1/asymmetric/50.2.in,0.4327586207,0.1844263530,0.7301772217,2.6009253299,0.4351952275,0.0620689655,0.0624985137,0.4627003532,3.0408352620,1.0202100596,0.5051724138,0.1555550837,0.5383028728,3.1224560366,-0.1994181259,0.3224137931,0.0866883110,0.0901519296,3.2386912154,0.0076471685
