Instance,INF_avg,INF_sd,INF_r1,INF_kr,INF_sk,SUP_avg,SUP_sd,SUP_r1,SUP_kr,SUP_sk,INC_avg,INC_sd,INC_r1,INC_kr,INC_sk,IND_avg,IND_sd,IND_r1,IND_kr,IND_sk
instances/A3/symmetric/200.1.in,0.2778000000,0.0316569108,-0.2896387459,2.5217622249,0.3593317541,0.1452000000,0.0236000000,0.3653420669,2.6902215548,0.4633823322,0.5770000000,0.0358887169,-0.0060623557,2.2585813626,-0.1403146928,0.0792000000,0.0167737891,-0.0190008758,2.1846906884,0.0118182680
