Instance,INF_avg,INF_sd,INF_r1,INF_kr,INF_sk,SUP_avg,SUP_sd,SUP_r1,SUP_kr,SUP_sk,INC_avg,INC_sd,INC_r1,INC_kr,INC_sk,IND_avg,IND_sd,IND_r1,IND_kr,IND_sk
instances/A3/symmetric/8.5.in,0.4964285714,0.0806506984,-0.4290567989,2.1455682754,0.2291784677,0.0647619048,0.0348107941,0.0099009901,2.6308042597,-1.0193194391,0.4388095238,0.0523138098,-0.7686143367,1.9135776261,0.4420021731,0.2445238095,0.0711884854,0.2901775441,2.4222949465,1.0134260197
