Instance,INF_avg,INF_sd,INF_r1,INF_kr,INF_sk,SUP_avg,SUP_sd,SUP_r1,SUP_kr,SUP_sk,INC_avg,INC_sd,INC_r1,INC_kr,INC_sk,IND_avg,IND_sd,IND_r1,IND_kr,IND_sk
instances/A1/asymmetric/10.1.in,0.4467750063,0.0676723309,0.1053061025,2.7003883026,0.0657671725,0.1122637944,0.0413061819,-0.1100403229,2.1576945979,0.3380499527,0.4409611993,0.0620622115,0.2517792300,2.6588465021,0.8830277287,0.1646510456,0.0373216569,0.7531256345,1.8054850891,-0.0329908337
