Instance,INF_avg,INF_sd,INF_r1,INF_kr,INF_sk,SUP_avg,SUP_sd,SUP_r1,SUP_kr,SUP_sk,INC_avg,INC_sd,INC_r1,INC_kr,INC_sk,IND_avg,IND_sd,IND_r1,IND_kr,IND_sk
instances/A1/asymmetric/10.1.in,0.4811111111,0.0626916814,-0.0349907049,2.4824500491,-0.2232324404,0.1105555556,0.0421051007,-0.1548104043,2.1718645737,0.1997505095,0.4083333333,0.0234389146,0.1354466859,1.9759184446,0.1797644312,0.1355555556,0.0200616334,0.4284467714,1.1867401859,-0.3761414691
