Instance,INF_avg,INF_sd,INF_r1,INF_kr,INF_sk,SUP_avg,SUP_sd,SUP_r1,SUP_kr,SUP_sk,INC_avg,INC_sd,INC_r1,INC_kr,INC_sk,IND_avg,IND_sd,IND_r1,IND_kr,IND_sk
instances/A1/asymmetric/20.4.in,0.2694000000,0.0713627354,0.5860986965,2.0051253227,0.3925213666,0.2782000000,0.0786241693,0.6505188679,2.8437815537,0.4258582587,0.4524000000,0.0615974025,0.7159214373,2.2229964408,-0.4121781509,0.0522000000,0.0090642154,0.4646586894,2.0898737970,-0.2657442806
