Instance,INF_avg,INF_sd,INF_r1,INF_kr,INF_sk,SUP_avg,SUP_sd,SUP_r1,SUP_kr,SUP_sk,INC_avg,INC_sd,INC_r1,INC_kr,INC_sk,IND_avg,IND_sd,IND_r1,IND_kr,IND_sk
instances/A3/asymmetric/5.5.in,0.2604938272,0.1978527470,0.1423691256,2.0536835380,0.4721195710,0.1858024691,0.0853906986,-0.3518681793,3.5364676910,-0.5430647994,0.5537037037,0.1842941527,0.5673027918,2.0412394366,-0.1058810216,0.3728395062,0.1097585717,-0.1861022364,2.8654102264,0.4983970999
