Instance,INF_avg,INF_sd,INF_r1,INF_kr,INF_sk,SUP_avg,SUP_sd,SUP_r1,SUP_kr,SUP_sk,INC_avg,INC_sd,INC_r1,INC_kr,INC_sk,IND_avg,IND_sd,IND_r1,IND_kr,IND_sk
instances/A3/symmetric/8.4.in,0.4312385146,0.1747195227,0.8269469297,1.8484806175,-0.4208225294,0.1082676583,0.0625444578,0.9275488848,3.3276684863,0.9779388477,0.4604938272,0.1259780348,0.5667837539,1.6986817172,0.1520365850,0.2313994647,0.0265632173,-0.3820013005,2.9908249537,0.2503528766
