Instance,INF_avg,INF_sd,INF_r1,INF_kr,INF_sk,SUP_avg,SUP_sd,SUP_r1,SUP_kr,SUP_sk,INC_avg,INC_sd,INC_r1,INC_kr,INC_sk,IND_avg,IND_sd,IND_r1,IND_kr,IND_sk
instances/A2/symmetric/200.1.in,0.4286000000,0.0592751213,0.6427358865,3.0420251763,0.2778045780,0.2448000000,0.0495324136,0.6776964938,3.2200529792,0.6734749905,0.3266000000,0.0365778622,0.5067696409,2.5630374582,-0.1209916391,0.0522500000,0.0097307502,0.0516518143,3.0438728229,0.3318051328
