Instance,INF_avg,INF_sd,INF_r1,INF_kr,INF_sk,SUP_avg,SUP_sd,SUP_r1,SUP_kr,SUP_sk,INC_avg,INC_sd,INC_r1,INC_kr,INC_sk,IND_avg,IND_sd,IND_r1,IND_kr,IND_sk
instances/A3/asymmetric/20.4.in,0.6768091931,0.0617143402,-0.2940539662,3.2314015141,1.4852853807,0.0392223006,0.0201385933,0.1097994578,2.5680263384,0.9388070304,0.2839685063,0.0618643230,-0.1176527550,2.7238591648,-1.1693217691,0.0805640758,0.0217493124,0.2397416865,1.2583508242,0.2967876092
