Instance,INF_avg,INF_sd,INF_r1,INF_kr,INF_sk,SUP_avg,SUP_sd,SUP_r1,SUP_kr,SUP_sk,INC_avg,INC_sd,INC_r1,INC_kr,INC_sk,IND_avg,IND_sd,IND_r1,IND_kr,IND_sk
instances/A3/symmetric/8.6.in,0.3533970499,0.0917815048,0.3240343401,1.9096409290,0.3339189558,0.1311986864,0.0202218221,-0.0024475045,1.9942014965,0.2136642886,0.5154042637,0.0941788019,0.4383625644,2.1955337800,-0.4574329172,0.2528384770,0.0533938254,-0.4049641970,2.2424518543,-0.3326402847
