Instance,INF_avg,INF_sd,INF_r1,INF_kr,INF_sk,SUP_avg,SUP_sd,SUP_r1,SUP_kr,SUP_sk,INC_avg,INC_sd,INC_r1,INC_kr,INC_sk,IND_avg,IND_sd,IND_r1,IND_kr,IND_sk
instances/A2/symmetric/20.5.in,0.5324788789,0.0396985485,0.3165080769,2.4832768665,-0.4657035346,0.1626559347,0.0474786022,0.2773543658,3.6182391557,0.8758403027,0.3048651863,0.0325380360,-0.0996834947,1.5164484228,0.4184401985,0.0458421196,0.0129917641,-0.6192290560,2.0391777021,-0.6695102749
