Instance,INF_avg,INF_sd,INF_r1,INF_kr,INF_sk,SUP_avg,SUP_sd,SUP_r1,SUP_kr,SUP_sk,INC_avg,INC_sd,INC_r1,INC_kr,INC_sk,IND_avg,IND_sd,IND_r1,IND_kr,IND_sk
instances/A2/symmetric/10.4.in,0.5895454545,0.0437257082,0.3967682939,2.2095593053,0.8048575219,0.1555892256,0.0804315477,0.5375625757,1.5188961513,-0.2896434705,0.2548653199,0.0399053966,0.5186073414,1.4342764465,-0.0284995540,0.1608080808,0.0371332008,0.3256661275,1.8642415093,0.5773981053
