Instance,INF_avg,INF_sd,INF_r1,INF_kr,INF_sk,SUP_avg,SUP_sd,SUP_r1,SUP_kr,SUP_sk,INC_avg,INC_sd,INC_r1,INC_kr,INC_sk,IND_avg,IND_sd,IND_r1,IND_kr,IND_sk
instances/A1/asymmetric/5.2.in,0.4355555556,0.0177777778,-0.3157894737,3.2500000000,-1.5000000000,0.1111111111,0.0702728369,0.0000000000,2.5000000000,-0.0000000000,0.4533333333,0.0850272288,-0.0405257393,2.5641404640,0.4635823444,0.4711111111,0.1717879830,0.0348399247,2.8526609786,1.1956042971
