Instance,INF_avg,INF_sd,INF_r1,INF_kr,INF_sk,SUP_avg,SUP_sd,SUP_r1,SUP_kr,SUP_sk,INC_avg,INC_sd,INC_r1,INC_kr,INC_sk,IND_avg,IND_sd,IND_r1,IND_kr,IND_sk
instances/A1/symmetric/20.3.in,0.6615340477,0.0474658917,0.3901054125,2.3967661007,-0.1324613936,0.0785409895,0.0227281992,-0.0104056437,2.4565548467,0.4668199813,0.2599249627,0.0367402120,0.4339023629,2.7672664958,0.2727370523,0.0685102318,0.0142704110,0.2731048414,1.6748928208,-0.4547109646
