Instance,INF_avg,INF_sd,INF_r1,INF_kr,INF_sk,SUP_avg,SUP_sd,SUP_r1,SUP_kr,SUP_sk,INC_avg,INC_sd,INC_r1,INC_kr,INC_sk,IND_avg,IND_sd,IND_r1,IND_kr,IND_sk
instances/A2/symmetric/8.1.in,0.3315375982,0.0561871612,-0.1800454148,2.2188159673,0.1617109626,0.2551066218,0.0739842754,0.4036470543,1.6475988087,-0.1391726324,0.4133557800,0.0629152807,1.0060734158,3.3546291862,1.0390802280,0.1551627385,0.0257006013,0.1106783467,1.5804588015,0.0856111138
