Instance,INF_avg,INF_sd,INF_r1,INF_kr,INF_sk,SUP_avg,SUP_sd,SUP_r1,SUP_kr,SUP_sk,INC_avg,INC_sd,INC_r1,INC_kr,INC_sk,IND_avg,IND_sd,IND_r1,IND_kr,IND_sk
instances/A3/symmetric/8.6.in,0.6555555556,0.1335646142,-0.2000000000,1.5000000000,-0.7071067812,0.0444444444,0.0628539361,-0.2000000000,1.5000000000,0.7071067812,0.3000000000,0.0707106781,-0.2000000000,1.5000000000,0.7071067812,0.2555555556,0.0078567420,-0.2000000000,1.5000000000,0.7071067812
