Instance,INF_avg,INF_sd,INF_r1,INF_kr,INF_sk,SUP_avg,SUP_sd,SUP_r1,SUP_kr,SUP_sk,INC_avg,INC_sd,INC_r1,INC_kr,INC_sk,IND_avg,IND_sd,IND_r1,IND_kr,IND_sk
instances/A1/symmetric/10.6.in,0.2723020988,0.1165095433,0.7060520325,1.7491280659,0.4971292238,0.2593740993,0.0865030443,0.3888285127,1.3935442280,-0.0376051918,0.4683238019,0.1048431690,0.7020270694,2.0058241422,-0.1733797144,0.1435920444,0.0329726668,0.1922180645,1.6728512486,0.6190505830
