Instance,INF_avg,INF_sd,INF_r1,INF_kr,INF_sk,SUP_avg,SUP_sd,SUP_r1,SUP_kr,SUP_sk,INC_avg,INC_sd,INC_r1,INC_kr,INC_sk,IND_avg,IND_sd,IND_r1,IND_kr,IND_sk
instances/A2/symmetric/100.3.in,0.4259036145,0.0724948880,0.6471753143,2.6206039852,-0.1102899286,0.1103614458,0.0646854443,0.8143494841,2.4691015822,0.5792422063,0.4637349398,0.0403810418,0.1482719300,3.5701762127,0.0885943627,0.0956626506,0.0237554190,0.2760725875,2.4801007895,0.2626458855
