Instance,INF_avg,INF_sd,INF_r1,INF_kr,INF_sk,SUP_avg,SUP_sd,SUP_r1,SUP_kr,SUP_sk,INC_avg,INC_sd,INC_r1,INC_kr,INC_sk,IND_avg,IND_sd,IND_r1,IND_kr,IND_sk
instances/A3/symmetric/8.5.in,0.6290750916,0.1192521050,0.3846343882,1.3979330040,-0.2937308390,0.0954212454,0.0875072716,-0.1857358137,2.1234949119,0.7481534640,0.2755036630,0.1097609417,-0.1571866682,2.2098614856,1.0165168300,0.2703067766,0.0786994114,-0.1615457847,1.9821738042,-0.2197468487
