Instance,INF_avg,INF_sd,INF_r1,INF_kr,INF_sk,SUP_avg,SUP_sd,SUP_r1,SUP_kr,SUP_sk,INC_avg,INC_sd,INC_r1,INC_kr,INC_sk,IND_avg,IND_sd,IND_r1,IND_kr,IND_sk
instances/A3/symmetric/5.1.in,0.1825396825,0.1155572998,-0.0491273432,1.7595229619,0.1859551031,0.2129629630,0.0527776120,-0.0811429415,3.5107730865,0.9461497455,0.6044973545,0.0997252742,0.0913461538,2.0167273248,-0.6556789073,0.3182539683,0.0731623789,0.6771849579,1.4797407788,-0.0035410444
