Instance,INF_avg,INF_sd,INF_r1,INF_kr,INF_sk,SUP_avg,SUP_sd,SUP_r1,SUP_kr,SUP_sk,INC_avg,INC_sd,INC_r1,INC_kr,INC_sk,IND_avg,IND_sd,IND_r1,IND_kr,IND_sk
instances/A1/asymmetric/20.6.in,0.4774170900,0.0462567025,0.5559452431,1.9571929615,-0.2259916986,0.1289764672,0.0227340878,0.0988547430,2.4154117764,0.1996198569,0.3936064428,0.0367006871,0.6729509915,1.9673236274,0.1295610019,0.0469068333,0.0118774070,0.2571842433,2.0710510182,0.4437243049
