Instance,INF_avg,INF_sd,INF_r1,INF_kr,INF_sk,SUP_avg,SUP_sd,SUP_r1,SUP_kr,SUP_sk,INC_avg,INC_sd,INC_r1,INC_kr,INC_sk,IND_avg,IND_sd,IND_r1,IND_kr,IND_sk
instances/A2/asymmetric/200.1.in,0.4390500000,0.0768755325,0.8461421133,2.7534322051,0.4731167631,0.2323000000,0.0594996639,0.8134099032,2.2586712332,-0.0848106026,0.3286500000,0.0363926847,0.4451564024,2.9034372402,-0.0040427465,0.0568000000,0.0140982268,0.5207834988,2.7551931656,0.2840176817
