Instance,INF_avg,INF_sd,INF_r1,INF_kr,INF_sk,SUP_avg,SUP_sd,SUP_r1,SUP_kr,SUP_sk,INC_avg,INC_sd,INC_r1,INC_kr,INC_sk,IND_avg,IND_sd,IND_r1,IND_kr,IND_sk
instances/A2/asymmetric/20.2.in,0.6686968147,0.0145184882,-0.4993764606,1.9509030037,-0.6154744430,0.1129093905,0.0285498180,0.6331341569,1.7002220327,-0.0534390905,0.2183937948,0.0249970700,0.6396193698,2.1768326875,-0.4942976166,0.0746397180,0.0100105873,0.5273109406,1.7566912868,0.3923788565
