Instance,INF_avg,INF_sd,INF_r1,INF_kr,INF_sk,SUP_avg,SUP_sd,SUP_r1,SUP_kr,SUP_sk,INC_avg,INC_sd,INC_r1,INC_kr,INC_sk,IND_avg,IND_sd,IND_r1,IND_kr,IND_sk
instances/A2/asymmetric/20.2.in,0.6699491581,0.0136139966,-0.0945710931,2.8443810381,-1.0689815464,0.0923321579,0.0177698915,0.5360823767,1.4486489594,0.0343776422,0.2377186840,0.0104711550,0.0628787610,2.5128356196,-0.9675829576,0.0793003290,0.0102189438,0.4265166802,1.2312231340,-0.2037384283
