Instance,INF_avg,INF_sd,INF_r1,INF_kr,INF_sk,SUP_avg,SUP_sd,SUP_r1,SUP_kr,SUP_sk,INC_avg,INC_sd,INC_r1,INC_kr,INC_sk,IND_avg,IND_sd,IND_r1,IND_kr,IND_sk
instances/A1/symmetric/200.4.in,0.2969500000,0.0402734093,0.4104721661,3.1481157117,-0.1764286372,0.1764000000,0.0287583031,0.4199963913,2.4061917505,-0.1040104367,0.5266500000,0.0364489712,0.2723792641,3.3645131046,0.4716318596,0.0703500000,0.0131577924,0.1951797244,3.5529919387,0.3322788960
