Instance,INF_avg,INF_sd,INF_r1,INF_kr,INF_sk,SUP_avg,SUP_sd,SUP_r1,SUP_kr,SUP_sk,INC_avg,INC_sd,INC_r1,INC_kr,INC_sk,IND_avg,IND_sd,IND_r1,IND_kr,IND_sk
instances/A1/asymmetric/8.4.in,0.2262626263,0.0745561296,0.3762527603,3.5627866509,1.1872675521,0.2818181818,0.0661442648,0.3014723066,2.8843279231,-0.1392355584,0.4919191919,0.0774030063,0.2540018785,3.6928050453,0.8098134695,0.2377104377,0.0315278112,0.2119339313,2.5885344518,0.7731118303
