Instance,INF_avg,INF_sd,INF_r1,INF_kr,INF_sk,SUP_avg,SUP_sd,SUP_r1,SUP_kr,SUP_sk,INC_avg,INC_sd,INC_r1,INC_kr,INC_sk,IND_avg,IND_sd,IND_r1,IND_kr,IND_sk
instances/A2/symmetric/10.5.in,0.5427015251,0.0444593934,-0.6012313190,1.3307178162,-0.2648442192,0.1666666667,0.0158907037,0.4577822991,1.2593454972,-0.2818067160,0.2906318083,0.0493135703,-0.2436213176,1.7720083653,0.5417476510,0.1165577342,0.0191423814,0.1049902787,2.4431947838,0.2465699664
