Instance,INF_avg,INF_sd,INF_r1,INF_kr,INF_sk,SUP_avg,SUP_sd,SUP_r1,SUP_kr,SUP_sk,INC_avg,INC_sd,INC_r1,INC_kr,INC_sk,IND_avg,IND_sd,IND_r1,IND_kr,IND_sk
instances/A1/asymmetric/20.2.in,0.5180910881,0.0820033238,0.6577841139,2.1156673362,0.7222635127,0.1164352303,0.0382112720,0.4744329940,2.5305195641,-0.7849067981,0.3654736816,0.0469079241,0.6764198870,1.8324783988,-0.3472985013,0.0669729597,0.0142609380,0.2777171360,2.0990674891,-0.4186947693
