Instance,INF_avg,INF_sd,INF_r1,INF_kr,INF_sk,SUP_avg,SUP_sd,SUP_r1,SUP_kr,SUP_sk,INC_avg,INC_sd,INC_r1,INC_kr,INC_sk,IND_avg,IND_sd,IND_r1,IND_kr,IND_sk
instances/A1/symmetric/10.2.in,0.5503387451,0.1130306494,0.8962481672,1.7480469247,0.3668560542,0.0890529224,0.0529804675,0.8648802991,1.8907107326,-0.5830342926,0.3606083325,0.0697624695,0.4663415292,1.7006092515,0.0690473297,0.1392653480,0.0234266968,-0.6309807757,2.2542924434,0.2731141851
