Instance,INF_avg,INF_sd,INF_r1,INF_kr,INF_sk,SUP_avg,SUP_sd,SUP_r1,SUP_kr,SUP_sk,INC_avg,INC_sd,INC_r1,INC_kr,INC_sk,IND_avg,IND_sd,IND_r1,IND_kr,IND_sk
instances/A3/asymmetric/5.2.in,0.0592592593,0.0583259843,-0.0502692998,4.1222684703,1.2126463739,0.3185185185,0.0686934703,0.5865237366,1.7531097891,-0.1554798125,0.6222222222,0.0831479419,0.6181818182,1.5000000000,0.3818017742,0.4074074074,0.0377705149,-0.0429184549,2.9911242604,0.0150858565
