Instance,INF_avg,INF_sd,INF_r1,INF_kr,INF_sk,SUP_avg,SUP_sd,SUP_r1,SUP_kr,SUP_sk,INC_avg,INC_sd,INC_r1,INC_kr,INC_sk,IND_avg,IND_sd,IND_r1,IND_kr,IND_sk
instances/A3/asymmetric/5.4.in,0.2655555556,0.1411767127,0.1829125496,1.5160749274,-0.0485764432,0.2377777778,0.1479656283,0.1130985855,2.4789954908,-0.0896511638,0.4966666667,0.0956846673,-0.6872988363,2.1066606183,-0.6004248950,0.4688888889,0.0681863822,0.0393604589,2.8749195149,1.2329404224
