Instance,INF_avg,INF_sd,INF_r1,INF_kr,INF_sk,SUP_avg,SUP_sd,SUP_r1,SUP_kr,SUP_sk,INC_avg,INC_sd,INC_r1,INC_kr,INC_sk,IND_avg,IND_sd,IND_r1,IND_kr,IND_sk
instances/A3/symmetric/5.2.in,0.2902777778,0.1478432917,0.2614691810,1.6811125227,-0.4843913306,0.2055555556,0.1250925583,0.3201820941,2.1092515435,-0.8130731602,0.5041666667,0.1345646272,-0.2473236344,1.2900512847,-0.0496968647,0.5152777778,0.1651493432,-0.0647581034,2.3081932263,1.1231003732
