Instance,INF_avg,INF_sd,INF_r1,INF_kr,INF_sk,SUP_avg,SUP_sd,SUP_r1,SUP_kr,SUP_sk,INC_avg,INC_sd,INC_r1,INC_kr,INC_sk,IND_avg,IND_sd,IND_r1,IND_kr,IND_sk
instances/A3/symmetric/200.6.in,0.2838000000,0.0325047689,0.1351824203,3.6255270916,0.1894213902,0.1516000000,0.0236947252,0.4766882454,2.3369943518,-0.5471635649,0.5646000000,0.0341150993,0.2816900624,2.9557561965,-0.5090939128,0.0918000000,0.0250551392,-0.1343664810,2.3439301962,0.5956827406
