Instance,INF_avg,INF_sd,INF_r1,INF_kr,INF_sk,SUP_avg,SUP_sd,SUP_r1,SUP_kr,SUP_sk,INC_avg,INC_sd,INC_r1,INC_kr,INC_sk,IND_avg,IND_sd,IND_r1,IND_kr,IND_sk
instances/A2/symmetric/10.2.in,0.6042753125,0.0273497771,0.0439750672,1.5935386641,0.4963040678,0.1075885793,0.0149180720,-0.2775098291,2.3545491975,0.5667947837,0.2881361082,0.0176260988,0.2140317767,1.9070615401,0.2396325818,0.1328425639,0.0228686001,0.3957067222,1.3719138833,-0.3930924037
