Instance,INF_avg,INF_sd,INF_r1,INF_kr,INF_sk,SUP_avg,SUP_sd,SUP_r1,SUP_kr,SUP_sk,INC_avg,INC_sd,INC_r1,INC_kr,INC_sk,IND_avg,IND_sd,IND_r1,IND_kr,IND_sk
instances/A2/asymmetric/10.3.in,0.6679532164,0.1232708589,0.7668653805,1.3541486211,-0.1653323293,0.0813324160,0.0824993220,0.8291119379,1.5057915076,0.4027516365,0.2507143676,0.0430355491,0.6082177732,1.2314178148,-0.2069432754,0.1785689714,0.0708992131,-0.0482549419,2.1151536558,0.6170205638
