Instance,INF_avg,INF_sd,INF_r1,INF_kr,INF_sk,SUP_avg,SUP_sd,SUP_r1,SUP_kr,SUP_sk,INC_avg,INC_sd,INC_r1,INC_kr,INC_sk,IND_avg,IND_sd,IND_r1,IND_kr,IND_sk
instances/A3/asymmetric/5.5.in,0.3481481481,0.1238389148,0.3421224383,2.9359113034,0.2591085592,0.1203703704,0.1549370420,0.7423405324,2.1058163265,0.8366600265,0.5314814815,0.0894273812,0.3717087782,1.6181856430,-0.1596425135,0.5265432099,0.1310445996,0.2711739312,2.7541552448,0.5911737087
