Instance,INF_avg,INF_sd,INF_r1,INF_kr,INF_sk,SUP_avg,SUP_sd,SUP_r1,SUP_kr,SUP_sk,INC_avg,INC_sd,INC_r1,INC_kr,INC_sk,IND_avg,IND_sd,IND_r1,IND_kr,IND_sk
instances/A2/asymmetric/100.6.in,0.6560000000,0.0307245830,-0.1579921603,4.1908777111,0.9401115031,0.0705000000,0.0179513231,0.4467411382,1.8789633113,0.0611947089,0.2735000000,0.0240883789,-0.1670480549,2.2310906860,-0.7546531643,0.0305000000,0.0082006097,0.1124951343,3.5739832230,1.0634806282
