Instance,INF_avg,INF_sd,INF_r1,INF_kr,INF_sk,SUP_avg,SUP_sd,SUP_r1,SUP_kr,SUP_sk,INC_avg,INC_sd,INC_r1,INC_kr,INC_sk,IND_avg,IND_sd,IND_r1,IND_kr,IND_sk
instances/A1/asymmetric/10.6.in,0.5146840959,0.0723686282,0.2429426601,1.3101443563,-0.0622991151,0.0860675381,0.0543586345,0.8524318665,1.9981631701,0.6051190900,0.3992483660,0.0506895929,-0.4813715481,1.6818197437,-0.0388280526,0.1871023965,0.0647224438,0.0762533269,2.2891645132,0.4540677875
