Instance,INF_avg,INF_sd,INF_r1,INF_kr,INF_sk,SUP_avg,SUP_sd,SUP_r1,SUP_kr,SUP_sk,INC_avg,INC_sd,INC_r1,INC_kr,INC_sk,IND_avg,IND_sd,IND_r1,IND_kr,IND_sk
instances/A2/symmetric/50.6.in,0.5759000000,0.1104522069,0.8399548656,2.6388620267,0.0711939450,0.1452000000,0.0446761681,0.7863156670,2.1038241238,0.1869695091,0.2789000000,0.0756061505,0.7971183423,2.7601967254,-0.2152250771,0.0454000000,0.0097897906,0.5674320828,2.2566568934,-0.0800124886
