Instance,INF_avg,INF_sd,INF_r1,INF_kr,INF_sk,SUP_avg,SUP_sd,SUP_r1,SUP_kr,SUP_sk,INC_avg,INC_sd,INC_r1,INC_kr,INC_sk,IND_avg,IND_sd,IND_r1,IND_kr,IND_sk
instances/A3/asymmetric/200.6.in,0.2427000000,0.0675441337,0.4226907089,5.4210210237,-1.5399814365,0.1374000000,0.0241296498,-0.0812191267,2.7427739631,0.4992472442,0.6199000000,0.0593337172,0.4422715332,5.7298079004,1.5328795825,0.0937000000,0.0195143537,0.2029455861,2.6949218812,0.2422006161
