Instance,INF_avg,INF_sd,INF_r1,INF_kr,INF_sk,SUP_avg,SUP_sd,SUP_r1,SUP_kr,SUP_sk,INC_avg,INC_sd,INC_r1,INC_kr,INC_sk,IND_avg,IND_sd,IND_r1,IND_kr,IND_sk
instances/A3/asymmetric/8.1.in,0.1619528620,0.1046526178,0.4464942476,2.9078039650,0.0232605198,0.2442760943,0.0530257601,0.7836502735,2.2098725291,-0.0167545646,0.5937710438,0.1356626619,0.6330511980,2.0170690656,0.1266948694,0.2485970819,0.0358532724,0.5060047579,3.3149935149,-1.2225943065
