Instance,INF_avg,INF_sd,INF_r1,INF_kr,INF_sk,SUP_avg,SUP_sd,SUP_r1,SUP_kr,SUP_sk,INC_avg,INC_sd,INC_r1,INC_kr,INC_sk,IND_avg,IND_sd,IND_r1,IND_kr,IND_sk
instances/A1/asymmetric/200.4.in,0.2923500000,0.0422578691,0.1778445802,2.8875912613,-0.0044209138,0.2008500000,0.0312974040,0.3010574988,3.0886438163,-0.3704629372,0.5068000000,0.0394241043,0.1171461804,3.1295066594,0.3244971675,0.0873000000,0.0157705422,0.1940432860,2.5267933532,0.0998737590
