Instance,INF_avg,INF_sd,INF_r1,INF_kr,INF_sk,SUP_avg,SUP_sd,SUP_r1,SUP_kr,SUP_sk,INC_avg,INC_sd,INC_r1,INC_kr,INC_sk,IND_avg,IND_sd,IND_r1,IND_kr,IND_sk
instances/A2/asymmetric/100.2.in,0.5074468085,0.1483880491,0.3242328186,3.9737315931,0.1089801381,0.0617021277,0.0678019377,0.4982991202,4.8408192223,1.4140003440,0.4308510638,0.1103925257,0.2064390840,4.6703759723,-0.6368337117,0.2500000000,0.0736582101,0.0860215054,7.0201845444,1.2378317429
