Instance,INF_avg,INF_sd,INF_r1,INF_kr,INF_sk,SUP_avg,SUP_sd,SUP_r1,SUP_kr,SUP_sk,INC_avg,INC_sd,INC_r1,INC_kr,INC_sk,IND_avg,IND_sd,IND_r1,IND_kr,IND_sk
instances/A3/symmetric/5.5.in,0.1166666667,0.1000000000,-0.1111111111,1.3981481481,-0.1111111111,0.2333333333,0.0402655584,-0.4241486068,2.0974375275,-0.4602312565,0.6500000000,0.0997729850,-0.2238002520,1.7809073739,-0.1815054387,0.4023809524,0.0631738055,-0.3157894737,1.7175635976,0.2322365435
