Instance,INF_avg,INF_sd,INF_r1,INF_kr,INF_sk,SUP_avg,SUP_sd,SUP_r1,SUP_kr,SUP_sk,INC_avg,INC_sd,INC_r1,INC_kr,INC_sk,IND_avg,IND_sd,IND_r1,IND_kr,IND_sk
instances/A3/symmetric/5.5.in,0.1481481481,0.1163870842,0.1200686106,1.7177535651,-0.0896260738,0.2469135802,0.0436218349,-0.1685723488,3.0998036594,0.1839257289,0.6049382716,0.1059211011,0.1600552232,1.8947248609,0.1140924322,0.3914462081,0.0579163041,-0.2021332277,1.9225336956,0.4065823202
