Instance,INF_avg,INF_sd,INF_r1,INF_kr,INF_sk,SUP_avg,SUP_sd,SUP_r1,SUP_kr,SUP_sk,INC_avg,INC_sd,INC_r1,INC_kr,INC_sk,IND_avg,IND_sd,IND_r1,IND_kr,IND_sk
instances/A3/asymmetric/5.6.in,0.4592592593,0.1093690597,-0.0136518771,1.5000000000,0.2007001872,0.0925925926,0.0692899516,-0.0588235294,1.5000000000,-0.3818017742,0.4481481481,0.0409087445,-0.0050761421,1.5000000000,0.1350615228,0.4203703704,0.0183323980,-0.9768786127,1.5000000000,0.2947996201
