Instance,INF_avg,INF_sd,INF_r1,INF_kr,INF_sk,SUP_avg,SUP_sd,SUP_r1,SUP_kr,SUP_sk,INC_avg,INC_sd,INC_r1,INC_kr,INC_sk,IND_avg,IND_sd,IND_r1,IND_kr,IND_sk
instances/A1/symmetric/5.4.in,0.4406525573,0.1051072402,0.7115997471,2.2234998964,0.0612155950,0.1481481481,0.0950173809,0.1986301370,1.9149341987,-0.3746840064,0.4111992945,0.0503375194,-0.2025774530,2.3928865518,-0.1462546599,0.3750440917,0.0514876410,-0.7003871190,1.7066188546,-0.2765470941
