Instance,INF_avg,INF_sd,INF_r1,INF_kr,INF_sk,SUP_avg,SUP_sd,SUP_r1,SUP_kr,SUP_sk,INC_avg,INC_sd,INC_r1,INC_kr,INC_sk,IND_avg,IND_sd,IND_r1,IND_kr,IND_sk
instances/A3/asymmetric/5.3.in,0.2055555556,0.1788164104,0.1216942593,1.3884445670,-0.0546997323,0.1988888889,0.0564811779,0.4747315809,1.7367133060,-0.2940329462,0.5955555556,0.1521613828,0.0342525314,1.3628545479,0.1126096066,0.3333333333,0.0527046277,0.0000000000,2.5000000000,0.0000000000
