Instance,INF_avg,INF_sd,INF_r1,INF_kr,INF_sk,SUP_avg,SUP_sd,SUP_r1,SUP_kr,SUP_sk,INC_avg,INC_sd,INC_r1,INC_kr,INC_sk,IND_avg,IND_sd,IND_r1,IND_kr,IND_sk
instances/A2/symmetric/20.5.in,0.5576923077,0.2251889411,0.9091777420,1.7563745066,0.5256334642,0.1115384615,0.1002954216,0.7285910739,3.1606055363,0.9399832672,0.3307692308,0.1550911166,0.9488539172,1.7522932240,-0.4741153658,0.2115384615,0.0624926031,0.7052896725,2.0921143251,-0.6784019673
