Instance,INF_avg,INF_sd,INF_r1,INF_kr,INF_sk,SUP_avg,SUP_sd,SUP_r1,SUP_kr,SUP_sk,INC_avg,INC_sd,INC_r1,INC_kr,INC_sk,IND_avg,IND_sd,IND_r1,IND_kr,IND_sk
instances/A2/asymmetric/8.5.in,0.2390572391,0.1100538929,0.3242519470,3.0157227993,-0.8563681377,0.3223905724,0.1269007444,0.8519280568,2.0579754394,0.3681633932,0.4385521886,0.0516014550,0.5150860155,2.6983478354,-1.0012896279,0.1481481481,0.0198481921,0.4345132743,2.4568215931,-0.0436298622
