Instance,INF_avg,INF_sd,INF_r1,INF_kr,INF_sk,SUP_avg,SUP_sd,SUP_r1,SUP_kr,SUP_sk,INC_avg,INC_sd,INC_r1,INC_kr,INC_sk,IND_avg,IND_sd,IND_r1,IND_kr,IND_sk
instances/A1/asymmetric/10.5.in,0.5052092352,0.0947996395,0.6823310839,1.5887091697,-0.0144508429,0.2059652649,0.0613413356,0.2252733116,2.6857037076,-1.0787052998,0.2888254999,0.0600872471,0.7488018593,2.3282381808,0.8102502360,0.1551051330,0.0370478708,-0.4205101322,1.7719482244,0.0393221769
