Instance,INF_avg,INF_sd,INF_r1,INF_kr,INF_sk,SUP_avg,SUP_sd,SUP_r1,SUP_kr,SUP_sk,INC_avg,INC_sd,INC_r1,INC_kr,INC_sk,IND_avg,IND_sd,IND_r1,IND_kr,IND_sk
instances/A1/symmetric/10.3.in,0.4807697438,0.1143868844,0.4297684286,2.4999902763,-0.8130048893,0.1629169617,0.0616898987,0.2176105394,2.4308692143,0.8734716987,0.3563132945,0.0541473199,0.5451585567,2.4534872669,0.6098339919,0.1316433240,0.0291079158,-0.2590430388,2.0798162289,0.0735171640
