Instance,INF_avg,INF_sd,INF_r1,INF_kr,INF_sk,SUP_avg,SUP_sd,SUP_r1,SUP_kr,SUP_sk,INC_avg,INC_sd,INC_r1,INC_kr,INC_sk,IND_avg,IND_sd,IND_r1,IND_kr,IND_sk
instances/A1/asymmetric/20.4.in,0.6602751593,0.0559580065,0.4485827789,2.4281283235,0.4285598113,0.0972692953,0.0199076698,-0.5304470626,3.0036277535,-0.7466106779,0.2424555454,0.0468998430,0.5556048967,2.0860042659,-0.1785613737,0.0676640560,0.0149074384,-0.1340975080,2.2153342582,0.7163466152
