Instance,INF_avg,INF_sd,INF_r1,INF_kr,INF_sk,SUP_avg,SUP_sd,SUP_r1,SUP_kr,SUP_sk,INC_avg,INC_sd,INC_r1,INC_kr,INC_sk,IND_avg,IND_sd,IND_r1,IND_kr,IND_sk
instances/A1/asymmetric/8.3.in,0.4981074481,0.1207399823,0.5595938379,2.7526766086,0.5904488098,0.1113553114,0.0683638573,0.4531830855,2.2379070082,0.2376072345,0.3905372405,0.0782376005,0.3821706203,1.9594826913,-0.2979477046,0.2496743997,0.0451890703,-0.1619185325,2.0122709782,0.2958928717
