Instance,INF_avg,INF_sd,INF_r1,INF_kr,INF_sk,SUP_avg,SUP_sd,SUP_r1,SUP_kr,SUP_sk,INC_avg,INC_sd,INC_r1,INC_kr,INC_sk,IND_avg,IND_sd,IND_r1,IND_kr,IND_sk
instances/A1/asymmetric/200.4.in,0.5397000000,0.1651254372,0.8928624802,3.3128242451,1.2045884311,0.1347000000,0.0631142615,0.8585183991,2.3655632532,-0.3045519670,0.3256000000,0.1121812819,0.8619614952,3.3984788007,-1.2011293070,0.0573000000,0.0170941510,0.6854116321,2.7359207137,-0.5086835536
