Instance,INF_avg,INF_sd,INF_r1,INF_kr,INF_sk,SUP_avg,SUP_sd,SUP_r1,SUP_kr,SUP_sk,INC_avg,INC_sd,INC_r1,INC_kr,INC_sk,IND_avg,IND_sd,IND_r1,IND_kr,IND_sk
instances/A1/symmetric/10.3.in,0.5500630662,0.1002278773,0.2451813875,1.5299825238,0.4693346614,0.1579698429,0.0797538370,0.1624371619,1.8119872079,-0.2033753912,0.2919670909,0.0282722498,0.2134030216,1.2572767345,0.0757174697,0.1622721018,0.0695948657,0.4188623476,1.5276405522,0.2755851628
