Instance,INF_avg,INF_sd,INF_r1,INF_kr,INF_sk,SUP_avg,SUP_sd,SUP_r1,SUP_kr,SUP_sk,INC_avg,INC_sd,INC_r1,INC_kr,INC_sk,IND_avg,IND_sd,IND_r1,IND_kr,IND_sk
instances/A1/asymmetric/50.3.in,0.3132500000,0.0938785785,0.8433336636,3.0297892171,-1.0880285537,0.1825000000,0.0504702883,0.7204380460,2.9804274538,0.7635319122,0.5042500000,0.0567202565,0.7423668304,2.5111494819,0.6331819023,0.0698500000,0.0140970742,0.4746017194,4.0701232979,0.9060154264
