Instance,INF_avg,INF_sd,INF_r1,INF_kr,INF_sk,SUP_avg,SUP_sd,SUP_r1,SUP_kr,SUP_sk,INC_avg,INC_sd,INC_r1,INC_kr,INC_sk,IND_avg,IND_sd,IND_r1,IND_kr,IND_sk
instances/A2/asymmetric/200.2.in,0.3354000000,0.0401975124,-0.0655381989,2.8343349082,0.1065532741,0.2232000000,0.0285089460,0.3626279175,3.0161511301,-0.2453619157,0.4414000000,0.0358195477,-0.0566983932,2.9726873540,-0.1903156936,0.0569000000,0.0140317497,0.0310590456,2.3149149451,0.1188571574
