Instance,INF_avg,INF_sd,INF_r1,INF_kr,INF_sk,SUP_avg,SUP_sd,SUP_r1,SUP_kr,SUP_sk,INC_avg,INC_sd,INC_r1,INC_kr,INC_sk,IND_avg,IND_sd,IND_r1,IND_kr,IND_sk
instances/A1/symmetric/5.4.in,0.2283950617,0.1555694023,0.5379873077,1.4307775649,0.4131211097,0.2751322751,0.0755475149,0.3549423846,2.9611743425,-0.7564238091,0.4964726631,0.1023307720,0.4073388378,2.0041405224,-0.4587567749,0.4100529101,0.0777390754,0.0725089873,2.3656703757,0.3506800747
