Instance,INF_avg,INF_sd,INF_r1,INF_kr,INF_sk,SUP_avg,SUP_sd,SUP_r1,SUP_kr,SUP_sk,INC_avg,INC_sd,INC_r1,INC_kr,INC_sk,IND_avg,IND_sd,IND_r1,IND_kr,IND_sk
instances/A2/asymmetric/50.1.in,0.4323000000,0.0502813087,0.4221297815,2.6643424074,0.2105123079,0.1961000000,0.0374605125,0.5506213188,2.7686048074,0.0119904209,0.3716000000,0.0285033331,0.0402656220,3.1798559261,0.5981363595,0.0462000000,0.0115568162,0.0261361745,2.5273286088,0.3287636370
