Instance,INF_avg,INF_sd,INF_r1,INF_kr,INF_sk,SUP_avg,SUP_sd,SUP_r1,SUP_kr,SUP_sk,INC_avg,INC_sd,INC_r1,INC_kr,INC_sk,IND_avg,IND_sd,IND_r1,IND_kr,IND_sk
instances/A3/asymmetric/50.6.in,0.3763636364,0.0662327476,0.1736152066,1.9736114432,-0.4812399467,0.0740909091,0.0398473326,0.8488572010,2.2711700839,0.0810273014,0.5495454545,0.0498613781,-0.0922504486,2.4776205790,0.1105851426,0.1281818182,0.0262221911,-0.2734124043,1.8209539109,-0.0135008161
