Instance,INF_avg,INF_sd,INF_r1,INF_kr,INF_sk,SUP_avg,SUP_sd,SUP_r1,SUP_kr,SUP_sk,INC_avg,INC_sd,INC_r1,INC_kr,INC_sk,IND_avg,IND_sd,IND_r1,IND_kr,IND_sk
instances/A1/asymmetric/8.4.in,0.4063003663,0.0719715998,0.1772032890,2.3752595135,0.2230212440,0.1682783883,0.0403313837,0.3473974897,2.3328896136,-0.9601645480,0.4254212454,0.0404887687,-0.2597160548,2.6243483190,0.9353420764,0.2227838828,0.0393853131,0.3609645791,2.1509298193,0.2019467564
