Instance,INF_avg,INF_sd,INF_r1,INF_kr,INF_sk,SUP_avg,SUP_sd,SUP_r1,SUP_kr,SUP_sk,INC_avg,INC_sd,INC_r1,INC_kr,INC_sk,IND_avg,IND_sd,IND_r1,IND_kr,IND_sk
instances/A1/asymmetric/8.4.in,0.3503015503,0.0899913903,0.2900342046,2.4538548680,0.2654615396,0.1944980945,0.0476777865,0.4586942196,3.0674838537,-0.4639628057,0.4552003552,0.0500388180,-0.1311459500,2.0156478844,0.2070026715,0.2079439079,0.0376516143,0.2919992681,2.7995449019,0.4703685299
