Instance,INF_avg,INF_sd,INF_r1,INF_kr,INF_sk,SUP_avg,SUP_sd,SUP_r1,SUP_kr,SUP_sk,INC_avg,INC_sd,INC_r1,INC_kr,INC_sk,IND_avg,IND_sd,IND_r1,IND_kr,IND_sk
instances/A3/asymmetric/100.1.in,0.2784500000,0.0306569323,-0.0126265229,3.0826946068,-0.0171706513,0.1652000000,0.0287134115,0.3484387573,2.5312175602,0.3344652636,0.5563500000,0.0366391526,0.1981205000,3.0622981015,-0.4162422033,0.0834500000,0.0189828212,0.1429159591,3.2403287322,0.2891769831
