Instance,INF_avg,INF_sd,INF_r1,INF_kr,INF_sk,SUP_avg,SUP_sd,SUP_r1,SUP_kr,SUP_sk,INC_avg,INC_sd,INC_r1,INC_kr,INC_sk,IND_avg,IND_sd,IND_r1,IND_kr,IND_sk
instances/A2/asymmetric/10.2.in,0.6624060150,0.1289873675,0.4925112086,2.8404994029,-0.8449384576,0.0218045113,0.0251907753,-0.0205943134,1.0895595756,0.2918599244,0.3157894737,0.1316165360,0.4280210607,3.3370652586,1.1755887800,0.2439849624,0.0474042113,0.1203156040,2.2170306396,-0.4975216605
