Instance,INF_avg,INF_sd,INF_r1,INF_kr,INF_sk,SUP_avg,SUP_sd,SUP_r1,SUP_kr,SUP_sk,INC_avg,INC_sd,INC_r1,INC_kr,INC_sk,IND_avg,IND_sd,IND_r1,IND_kr,IND_sk
instances/A2/symmetric/20.2.in,0.6733333333,0.0708676388,0.3200692042,2.3891455870,-0.8033589717,0.0666666667,0.0485340659,0.8348623853,1.2741189035,-0.1114434764,0.2600000000,0.0382970843,-0.3181818182,3.3966942149,1.2818445575,0.1166666667,0.0213437475,-0.4314720812,1.9898869720,-0.4875668664
