Instance,INF_avg,INF_sd,INF_r1,INF_kr,INF_sk,SUP_avg,SUP_sd,SUP_r1,SUP_kr,SUP_sk,INC_avg,INC_sd,INC_r1,INC_kr,INC_sk,IND_avg,IND_sd,IND_r1,IND_kr,IND_sk
instances/A2/asymmetric/100.1.in,0.4415500000,0.0643727233,0.5561924999,3.8071338022,-0.2534533274,0.2165500000,0.0372739520,0.4281129869,3.5066643450,-0.1615854376,0.3419000000,0.0489222853,0.4868738466,4.1273116208,0.1768793135,0.0557000000,0.0095136744,0.1273743400,2.2788919359,0.1824284775
