Instance,INF_avg,INF_sd,INF_r1,INF_kr,INF_sk,SUP_avg,SUP_sd,SUP_r1,SUP_kr,SUP_sk,INC_avg,INC_sd,INC_r1,INC_kr,INC_sk,IND_avg,IND_sd,IND_r1,IND_kr,IND_sk
instances/A1/symmetric/10.1.in,0.6211240772,0.0840144693,0.4052363718,1.6963172165,0.0209338063,0.1460014289,0.0502489841,0.0957684186,2.6780990455,-0.9895743618,0.2328744939,0.0495375515,0.3441567111,2.0121231163,-0.2797023175,0.1558156704,0.0302141722,0.0535503504,2.6612136598,0.7778973632
