Instance,INF_avg,INF_sd,INF_r1,INF_kr,INF_sk,SUP_avg,SUP_sd,SUP_r1,SUP_kr,SUP_sk,INC_avg,INC_sd,INC_r1,INC_kr,INC_sk,IND_avg,IND_sd,IND_r1,IND_kr,IND_sk
instances/A1/symmetric/100.3.in,0.7210000000,0.0917551088,0.7607848510,1.8884847072,0.1759798288,0.0525000000,0.0264811254,0.7187827912,1.6898300399,-0.3332006965,0.2265000000,0.0674925922,0.7220886762,1.9858854317,-0.0616840772,0.0605000000,0.0163477827,0.7587163711,2.2578798191,0.5462417212
