Instance,INF_avg,INF_sd,INF_r1,INF_kr,INF_sk,SUP_avg,SUP_sd,SUP_r1,SUP_kr,SUP_sk,INC_avg,INC_sd,INC_r1,INC_kr,INC_sk,IND_avg,IND_sd,IND_r1,IND_kr,IND_sk
instances/A3/symmetric/100.2.in,0.3760264901,0.1552783421,0.8658160762,7.3303931408,2.0466590410,0.0578807947,0.0472923733,0.5253883508,2.8154340336,0.7636361435,0.5660927152,0.1389076281,0.8097644197,7.1838697677,-1.9864998229,0.2164238411,0.0611625169,0.2148133352,3.5052517363,-0.1349080456
