Instance,INF_avg,INF_sd,INF_r1,INF_kr,INF_sk,SUP_avg,SUP_sd,SUP_r1,SUP_kr,SUP_sk,INC_avg,INC_sd,INC_r1,INC_kr,INC_sk,IND_avg,IND_sd,IND_r1,IND_kr,IND_sk
instances/A1/symmetric/10.1.in,0.3795260969,0.1951567942,0.9827375624,1.7980928164,-0.3191098133,0.2750654851,0.0845256882,0.6590497732,2.2137914344,-0.6061608713,0.3454084181,0.1225385064,1.1265712870,2.0515349918,0.6692259191,0.1689888059,0.0335757285,0.5317699307,2.1865645093,0.6660866859
