Instance,INF_avg,INF_sd,INF_r1,INF_kr,INF_sk,SUP_avg,SUP_sd,SUP_r1,SUP_kr,SUP_sk,INC_avg,INC_sd,INC_r1,INC_kr,INC_sk,IND_avg,IND_sd,IND_r1,IND_kr,IND_sk
instances/A1/symmetric/10.1.in,0.5336450478,0.0816600956,0.7869218555,1.8936804617,-0.5076770575,0.2190682085,0.0712957564,0.5353872249,1.7392393442,-0.1488843670,0.2472867438,0.0241617928,-0.4111784424,2.0573112570,0.7336309621,0.1888252053,0.0332595699,-0.1235901108,2.3235251518,-0.3604018841
