Instance,INF_avg,INF_sd,INF_r1,INF_kr,INF_sk,SUP_avg,SUP_sd,SUP_r1,SUP_kr,SUP_sk,INC_avg,INC_sd,INC_r1,INC_kr,INC_sk,IND_avg,IND_sd,IND_r1,IND_kr,IND_sk
instances/A1/symmetric/8.4.in,0.1512345679,0.0926954162,-0.0092732370,2.5865433307,0.3635283068,0.2716049383,0.0664835161,0.2519867550,1.7389454518,-0.0286146911,0.5771604938,0.0468078731,-0.2332179931,2.0743667297,-0.6238312653,0.1851851852,0.0261891400,0.3617021277,2.0625000000,-0.0883883476
