Instance,INF_avg,INF_sd,INF_r1,INF_kr,INF_sk,SUP_avg,SUP_sd,SUP_r1,SUP_kr,SUP_sk,INC_avg,INC_sd,INC_r1,INC_kr,INC_sk,IND_avg,IND_sd,IND_r1,IND_kr,IND_sk
instances/A3/symmetric/50.3.in,0.4074000000,0.0373662950,0.4579137796,4.8568263219,0.4832687157,0.1302000000,0.0313840724,0.6043596721,4.2573473858,1.3319727447,0.4624000000,0.0309877395,0.2966900991,2.9553487763,-0.3356520963,0.0790000000,0.0214476106,0.4259160441,2.7469187146,-0.0966966942
