Instance,INF_avg,INF_sd,INF_r1,INF_kr,INF_sk,SUP_avg,SUP_sd,SUP_r1,SUP_kr,SUP_sk,INC_avg,INC_sd,INC_r1,INC_kr,INC_sk,IND_avg,IND_sd,IND_r1,IND_kr,IND_sk
instances/A3/symmetric/50.3.in,0.4336500000,0.1175050105,0.8120208063,3.7475008324,1.2134664268,0.1266500000,0.0486161239,0.7756610508,2.7159897436,-0.0112283810,0.4397000000,0.0833601224,0.6896656253,3.9335005068,-1.0609853000,0.0621000000,0.0189100502,0.7954209008,2.2279019388,0.5239423977
