Instance,INF_avg,INF_sd,INF_r1,INF_kr,INF_sk,SUP_avg,SUP_sd,SUP_r1,SUP_kr,SUP_sk,INC_avg,INC_sd,INC_r1,INC_kr,INC_sk,IND_avg,IND_sd,IND_r1,IND_kr,IND_sk
instances/A2/symmetric/20.2.in,0.7729009895,0.0822485227,0.6448877702,1.9997764787,-0.7057844195,0.0473348668,0.0344288078,0.6646527832,2.1438539735,0.4821823080,0.1797641437,0.0486139361,0.6285171668,1.9382678790,0.7688226620,0.0476990591,0.0143524242,-0.0388238417,1.5427449255,-0.0570160668
