Instance,INF_avg,INF_sd,INF_r1,INF_kr,INF_sk,SUP_avg,SUP_sd,SUP_r1,SUP_kr,SUP_sk,INC_avg,INC_sd,INC_r1,INC_kr,INC_sk,IND_avg,IND_sd,IND_r1,IND_kr,IND_sk
instances/A1/asymmetric/50.3.in,0.2230000000,0.0639218273,0.5239792282,1.8545928470,-0.3852677582,0.2290000000,0.0327719392,-0.5433596119,2.5877625542,1.0582701261,0.5480000000,0.0422610932,0.1648060285,1.4374467834,-0.0434031961,0.0590000000,0.0128062485,-0.6178266178,2.6848602023,-1.0627434041
