Instance,INF_avg,INF_sd,INF_r1,INF_kr,INF_sk,SUP_avg,SUP_sd,SUP_r1,SUP_kr,SUP_sk,INC_avg,INC_sd,INC_r1,INC_kr,INC_sk,IND_avg,IND_sd,IND_r1,IND_kr,IND_sk
instances/A2/asymmetric/20.1.in,0.6095709704,0.0342829655,0.5417914309,1.3722649915,-0.4661369936,0.1171223336,0.0167956222,0.0565948152,2.4486385180,0.6315280040,0.2733066960,0.0236716108,0.6020984842,1.9124602941,0.3860401149,0.0525313159,0.0097129410,0.2937220737,2.0504153086,-0.0503746472
