Instance,INF_avg,INF_sd,INF_r1,INF_kr,INF_sk,SUP_avg,SUP_sd,SUP_r1,SUP_kr,SUP_sk,INC_avg,INC_sd,INC_r1,INC_kr,INC_sk,IND_avg,IND_sd,IND_r1,IND_kr,IND_sk
instances/A2/asymmetric/20.1.in,0.6228788609,0.0314266063,0.2275141457,3.1482122377,-1.4202125066,0.1174270818,0.0179475540,0.4525928790,2.5216958470,0.9405326631,0.2596940573,0.0161474986,-0.3722420075,2.3457146149,0.9772371300,0.0501525088,0.0116066639,0.2446301722,1.7880780430,0.5443452927
