Instance,INF_avg,INF_sd,INF_r1,INF_kr,INF_sk,SUP_avg,SUP_sd,SUP_r1,SUP_kr,SUP_sk,INC_avg,INC_sd,INC_r1,INC_kr,INC_sk,IND_avg,IND_sd,IND_r1,IND_kr,IND_sk
instances/A2/asymmetric/200.6.in,0.5571200000,0.1646514670,0.9598304727,3.2260849311,0.5158101073,0.0722400000,0.0627485649,0.8450104697,3.2667512913,0.9751339043,0.3706400000,0.1191620342,0.9247312527,4.2820136004,-1.1878118309,0.0961600000,0.0281931623,0.5232055310,2.6111942644,-0.2185976104
