Instance,INF_avg,INF_sd,INF_r1,INF_kr,INF_sk,SUP_avg,SUP_sd,SUP_r1,SUP_kr,SUP_sk,INC_avg,INC_sd,INC_r1,INC_kr,INC_sk,IND_avg,IND_sd,IND_r1,IND_kr,IND_sk
instances/A3/symmetric/200.4.in,0.2968750000,0.1510057429,0.1234554669,3.3524069531,0.3797344128,0.1031250000,0.1185442296,0.1601236682,3.4321403028,1.1777476188,0.6000000000,0.1500000000,-0.0588235294,2.6666666667,-0.1111111111,0.4531250000,0.1298662172,0.1504424779,2.5863678107,0.1453825647
