Instance,INF_avg,INF_sd,INF_r1,INF_kr,INF_sk,SUP_avg,SUP_sd,SUP_r1,SUP_kr,SUP_sk,INC_avg,INC_sd,INC_r1,INC_kr,INC_sk,IND_avg,IND_sd,IND_r1,IND_kr,IND_sk
instances/A3/symmetric/200.3.in,0.2850000000,0.0312249900,0.2082111437,1.8465483235,-0.0541972213,0.1305000000,0.0232862620,-0.0821666962,1.9383778848,-0.2950825376,0.5845000000,0.0325153810,-0.3361487222,2.7014306458,-0.7309126140,0.0705000000,0.0204266982,-0.0869696421,1.9520006921,0.3944015359
