Instance,INF_avg,INF_sd,INF_r1,INF_kr,INF_sk,SUP_avg,SUP_sd,SUP_r1,SUP_kr,SUP_sk,INC_avg,INC_sd,INC_r1,INC_kr,INC_sk,IND_avg,IND_sd,IND_r1,IND_kr,IND_sk
instances/A2/asymmetric/50.2.in,0.8700376177,0.0372373715,0.7071231459,1.3458579663,-0.4031034931,0.0237114002,0.0123722937,-0.0031269384,2.8589627418,1.0772227723,0.1062509821,0.0283269835,0.5028975409,1.2449609551,0.4100281125,0.0473660301,0.0081860396,0.4850306176,2.0149838372,0.3332741900
