Instance,INF_avg,INF_sd,INF_r1,INF_kr,INF_sk,SUP_avg,SUP_sd,SUP_r1,SUP_kr,SUP_sk,INC_avg,INC_sd,INC_r1,INC_kr,INC_sk,IND_avg,IND_sd,IND_r1,IND_kr,IND_sk
instances/A2/asymmetric/50.2.in,0.6416037618,0.0944342135,0.7841858436,4.3810257881,1.2489238480,0.1412711400,0.0565552421,0.7692673801,2.8780696021,-0.4919821838,0.2171250982,0.0460147873,0.6275399800,5.0860273692,-1.3437397722,0.0393366030,0.0073271324,0.4387494046,2.8786305279,0.5935113044
