Instance,INF_avg,INF_sd,INF_r1,INF_kr,INF_sk,SUP_avg,SUP_sd,SUP_r1,SUP_kr,SUP_sk,INC_avg,INC_sd,INC_r1,INC_kr,INC_sk,IND_avg,IND_sd,IND_r1,IND_kr,IND_sk
instances/A1/asymmetric/20.1.in,0.6723236394,0.1665412150,0.8889187384,2.5572263410,-0.9245858542,0.0377407407,0.0358063876,0.8767517290,2.2295038459,0.6871971167,0.2899356198,0.1334988434,0.8610448141,2.7460534998,1.0108475683,0.0851690638,0.0256332811,0.3602803989,3.8199872837,0.7361522712
