Instance,INF_avg,INF_sd,INF_r1,INF_kr,INF_sk,SUP_avg,SUP_sd,SUP_r1,SUP_kr,SUP_sk,INC_avg,INC_sd,INC_r1,INC_kr,INC_sk,IND_avg,IND_sd,IND_r1,IND_kr,IND_sk
instances/A1/asymmetric/20.1.in,0.6541152263,0.1657060974,0.8842016475,2.3486716300,-0.8241264028,0.0419341564,0.0353370247,0.8728984869,2.1106766060,0.5720678133,0.3039506173,0.1333948189,0.8530498073,2.5098451069,0.9103149243,0.0809876543,0.0216095233,0.1587659549,3.4073248869,0.3632192901
