Instance,INF_avg,INF_sd,INF_r1,INF_kr,INF_sk,SUP_avg,SUP_sd,SUP_r1,SUP_kr,SUP_sk,INC_avg,INC_sd,INC_r1,INC_kr,INC_sk,IND_avg,IND_sd,IND_r1,IND_kr,IND_sk
instances/A1/asymmetric/8.6.in,0.5148758649,0.1475635361,0.3459307074,1.9515391238,0.0372162676,0.1947089947,0.0964866209,0.3641183599,3.0461638890,-0.2742557292,0.2904151404,0.0698618659,0.0072483126,1.5096255137,0.1104475643,0.2043752544,0.0304857433,-0.1429642231,2.6669200028,-0.3199414658
