Instance,INF_avg,INF_sd,INF_r1,INF_kr,INF_sk,SUP_avg,SUP_sd,SUP_r1,SUP_kr,SUP_sk,INC_avg,INC_sd,INC_r1,INC_kr,INC_sk,IND_avg,IND_sd,IND_r1,IND_kr,IND_sk
instances/A2/asymmetric/50.6.in,0.5385714286,0.1174444434,0.8367790835,2.3094096302,0.1388783176,0.0861904762,0.0467491982,0.8079958971,2.1886634625,-0.2816609294,0.3752380952,0.0809831874,0.6011337695,3.1235487430,0.3935826544,0.0966666667,0.0256966430,0.4529844644,2.9759384246,0.8600095738
