Instance,INF_avg,INF_sd,INF_r1,INF_kr,INF_sk,SUP_avg,SUP_sd,SUP_r1,SUP_kr,SUP_sk,INC_avg,INC_sd,INC_r1,INC_kr,INC_sk,IND_avg,IND_sd,IND_r1,IND_kr,IND_sk
instances/A1/asymmetric/20.3.in,0.2442857143,0.0604602529,0.4565507844,2.6053383526,0.1919503211,0.2354761905,0.0635161165,0.5731336933,2.7792787084,0.5118551150,0.5202380952,0.0481806173,0.6949734642,2.1622518586,0.5148186501,0.0665476190,0.0104930870,0.4546376326,3.4795347828,-0.7831364532
