Instance,INF_avg,INF_sd,INF_r1,INF_kr,INF_sk,SUP_avg,SUP_sd,SUP_r1,SUP_kr,SUP_sk,INC_avg,INC_sd,INC_r1,INC_kr,INC_sk,IND_avg,IND_sd,IND_r1,IND_kr,IND_sk
instances/A1/symmetric/8.5.in,0.3999211516,0.0940280820,0.2923322248,3.5061409983,-1.1464488157,0.1801516491,0.0794174620,0.2893456096,3.4732191095,1.3138428015,0.4199271992,0.0474735244,0.1554997973,2.2941620244,-0.1467232185,0.2177049005,0.0359917083,0.1254413334,2.8804062191,-0.4811617717
