Instance,INF_avg,INF_sd,INF_r1,INF_kr,INF_sk,SUP_avg,SUP_sd,SUP_r1,SUP_kr,SUP_sk,INC_avg,INC_sd,INC_r1,INC_kr,INC_sk,IND_avg,IND_sd,IND_r1,IND_kr,IND_sk
instances/A1/symmetric/8.5.in,0.4561172161,0.0463947432,-1.1502092611,2.9378071622,-1.2314599982,0.1394871795,0.0276078717,0.2172915475,2.5599529799,0.9919560005,0.4043956044,0.0556414959,-0.1628817541,2.2873314186,0.5815307610,0.2123076923,0.0422765850,0.4108473992,2.0320013645,-0.4557405629
