Instance,INF_avg,INF_sd,INF_r1,INF_kr,INF_sk,SUP_avg,SUP_sd,SUP_r1,SUP_kr,SUP_sk,INC_avg,INC_sd,INC_r1,INC_kr,INC_sk,IND_avg,IND_sd,IND_r1,IND_kr,IND_sk
instances/A3/symmetric/5.4.in,0.4755555556,0.0938609426,-0.7039800995,1.7826720827,-0.1203956419,0.0833333333,0.0824022054,-0.2954545455,2.0351239669,0.5516180693,0.4411111111,0.0819213715,0.3418858837,2.4286828713,0.5658195104,0.3855555556,0.0449416631,0.0799080584,1.3669409556,-0.1046362364
