Instance,INF_avg,INF_sd,INF_r1,INF_kr,INF_sk,SUP_avg,SUP_sd,SUP_r1,SUP_kr,SUP_sk,INC_avg,INC_sd,INC_r1,INC_kr,INC_sk,IND_avg,IND_sd,IND_r1,IND_kr,IND_sk
instances/A2/symmetric/10.6.in,0.6585575049,0.0338451412,0.0535297946,1.1674314851,0.4068858245,0.0327485380,0.0441665675,0.8447557743,2.1715141954,0.8907095444,0.3086939571,0.0352494863,-0.2271606860,2.4240204980,0.4169146405,0.2780116959,0.0947293333,0.5550801632,2.4829483374,-0.6523141932
