Instance,INF_avg,INF_sd,INF_r1,INF_kr,INF_sk,SUP_avg,SUP_sd,SUP_r1,SUP_kr,SUP_sk,INC_avg,INC_sd,INC_r1,INC_kr,INC_sk,IND_avg,IND_sd,IND_r1,IND_kr,IND_sk
instances/A3/asymmetric/20.2.in,0.1776731959,0.0681412137,0.7646293106,2.5203365728,-0.2881191690,0.2225237113,0.0481190986,0.6643932464,2.1335999893,-0.1057678629,0.5998030928,0.0744068147,0.8923356038,1.7541350027,-0.1394508501,0.0677371134,0.0187004264,0.4386039878,3.0530591876,0.7588047749
