Instance,INF_avg,INF_sd,INF_r1,INF_kr,INF_sk,SUP_avg,SUP_sd,SUP_r1,SUP_kr,SUP_sk,INC_avg,INC_sd,INC_r1,INC_kr,INC_sk,IND_avg,IND_sd,IND_r1,IND_kr,IND_sk
instances/A3/asymmetric/20.2.in,0.2112081186,0.0523929437,0.5160580198,3.0316989185,-0.4214207541,0.2284745490,0.0495188295,0.6565476572,2.3501832929,-0.2856479884,0.5603173325,0.0612320870,0.8574977885,2.6167042642,0.5045083944,0.0628704897,0.0162401631,0.1493739508,3.1820702493,0.7228097790
