Instance,INF_avg,INF_sd,INF_r1,INF_kr,INF_sk,SUP_avg,SUP_sd,SUP_r1,SUP_kr,SUP_sk,INC_avg,INC_sd,INC_r1,INC_kr,INC_sk,IND_avg,IND_sd,IND_r1,IND_kr,IND_sk
instances/A2/asymmetric/8.1.in,0.4656410256,0.0502092924,0.1770646413,1.6163250148,0.1055077419,0.1292307692,0.0433507779,0.1853699086,1.9085870731,0.4875446281,0.4051282051,0.0199275479,-0.5193370166,1.3842594623,0.2735329289,0.1887179487,0.0581910070,-0.5157275880,1.4706143219,0.0472009773
