Instance,INF_avg,INF_sd,INF_r1,INF_kr,INF_sk,SUP_avg,SUP_sd,SUP_r1,SUP_kr,SUP_sk,INC_avg,INC_sd,INC_r1,INC_kr,INC_sk,IND_avg,IND_sd,IND_r1,IND_kr,IND_sk
instances/A1/symmetric/10.6.in,0.7178947368,0.0357894737,-0.0526315789,3.2500000000,1.5000000000,0.0210526316,0.0421052632,-0.0526315789,3.2500000000,1.5000000000,0.2610526316,0.0778947368,-0.0526315789,3.2500000000,-1.5000000000,0.2915789474,0.0772519711,0.0259063500,2.5696015815,-0.4827624377
