Instance,INF_avg,INF_sd,INF_r1,INF_kr,INF_sk,SUP_avg,SUP_sd,SUP_r1,SUP_kr,SUP_sk,INC_avg,INC_sd,INC_r1,INC_kr,INC_sk,IND_avg,IND_sd,IND_r1,IND_kr,IND_sk
instances/A3/asymmetric/10.5.in,0.5230007295,0.1477174912,0.7543922848,2.7796592086,-0.0447369231,0.0662461104,0.0440447328,0.5795900719,2.7228230961,0.5833502145,0.4107531602,0.1075729862,0.7865538050,2.7160533809,-0.2428023952,0.1814091851,0.0250147276,-0.1734669399,1.6007044818,0.1348190446
