Instance,INF_avg,INF_sd,INF_r1,INF_kr,INF_sk,SUP_avg,SUP_sd,SUP_r1,SUP_kr,SUP_sk,INC_avg,INC_sd,INC_r1,INC_kr,INC_sk,IND_avg,IND_sd,IND_r1,IND_kr,IND_sk
instances/A1/asymmetric/10.5.in,0.4948930481,0.0584187825,0.6469190508,1.2552900473,-0.0698756215,0.1913368984,0.0274210082,0.1829414109,1.9847699472,-0.3876225966,0.3137700535,0.0391544653,0.2610615702,1.7607596773,0.3873421632,0.1650267380,0.0435536466,-0.4336328287,2.2269943742,-0.7863073489
