Instance,INF_avg,INF_sd,INF_r1,INF_kr,INF_sk,SUP_avg,SUP_sd,SUP_r1,SUP_kr,SUP_sk,INC_avg,INC_sd,INC_r1,INC_kr,INC_sk,IND_avg,IND_sd,IND_r1,IND_kr,IND_sk
instances/A1/symmetric/10.6.in,0.5256140703,0.0800502638,0.7038341344,1.6087259921,-0.1569325878,0.0718141228,0.0340639321,0.0851662610,1.8714469725,0.3838065672,0.4025718070,0.0594565094,0.8194673028,1.3905189603,-0.2422933147,0.1472192436,0.0163188915,0.1153797555,2.1241077431,0.1439038869
