Instance,INF_avg,INF_sd,INF_r1,INF_kr,INF_sk,SUP_avg,SUP_sd,SUP_r1,SUP_kr,SUP_sk,INC_avg,INC_sd,INC_r1,INC_kr,INC_sk,IND_avg,IND_sd,IND_r1,IND_kr,IND_sk
instances/A1/symmetric/10.6.in,0.5911707373,0.0322498597,0.1953076104,1.2179552900,0.2638472842,0.0535145052,0.0276769392,-0.2451803769,2.6098524694,1.0922063650,0.3553147575,0.0359061948,0.7006740266,1.6359743213,0.5040130156,0.1555440890,0.0111789403,-0.5336468714,2.5993321930,1.1105135223
