Instance,INF_avg,INF_sd,INF_r1,INF_kr,INF_sk,SUP_avg,SUP_sd,SUP_r1,SUP_kr,SUP_sk,INC_avg,INC_sd,INC_r1,INC_kr,INC_sk,IND_avg,IND_sd,IND_r1,IND_kr,IND_sk
instances/A2/symmetric/5.1.in,0.3985714286,0.1759460624,0.7830260655,1.4652520784,-0.2887102363,0.2746031746,0.1897871134,0.5322292214,1.4730585668,-0.2859428084,0.3268253968,0.0807379669,0.0006729056,1.3668359334,-0.0579868260,0.4049206349,0.1260085541,0.3316458055,1.7698883333,0.2134480679
