Instance,INF_avg,INF_sd,INF_r1,INF_kr,INF_sk,SUP_avg,SUP_sd,SUP_r1,SUP_kr,SUP_sk,INC_avg,INC_sd,INC_r1,INC_kr,INC_sk,IND_avg,IND_sd,IND_r1,IND_kr,IND_sk
instances/A2/asymmetric/20.6.in,0.2874296652,0.0308833226,0.0043250324,1.6792534579,0.4954996353,0.4572945683,0.0339310388,-0.1201475951,2.1759138890,0.3517904496,0.2552757665,0.0165108021,0.1276993821,2.1565504284,-0.4915766222,0.0585604660,0.0091524669,0.6485377575,1.8796270964,0.4598753713
