Instance,INF_avg,INF_sd,INF_r1,INF_kr,INF_sk,SUP_avg,SUP_sd,SUP_r1,SUP_kr,SUP_sk,INC_avg,INC_sd,INC_r1,INC_kr,INC_sk,IND_avg,IND_sd,IND_r1,IND_kr,IND_sk
instances/A3/symmetric/10.6.in,0.2626801770,0.0768824548,-0.5973791013,1.5603945984,-0.0884805232,0.1698729842,0.0392962397,0.5431147047,1.4215648760,0.1774156558,0.5674468389,0.0969081427,0.0226451894,1.8104230589,0.1279061430,0.1430569431,0.0389815168,0.1165548669,1.5972062038,0.5101428674
