Instance,INF_avg,INF_sd,INF_r1,INF_kr,INF_sk,SUP_avg,SUP_sd,SUP_r1,SUP_kr,SUP_sk,INC_avg,INC_sd,INC_r1,INC_kr,INC_sk,IND_avg,IND_sd,IND_r1,IND_kr,IND_sk
instances/A2/symmetric/5.3.in,0.3216049383,0.1179803884,-0.0323409494,2.8241965350,-0.9539604465,0.2129629630,0.1393941427,0.3296883688,3.7948949331,0.8656167726,0.4654320988,0.0782515455,0.2732212076,2.1658996789,0.1006944108,0.3604938272,0.0985298115,0.1474578522,3.6703334467,-0.9456350538
