Instance,INF_avg,INF_sd,INF_r1,INF_kr,INF_sk,SUP_avg,SUP_sd,SUP_r1,SUP_kr,SUP_sk,INC_avg,INC_sd,INC_r1,INC_kr,INC_sk,IND_avg,IND_sd,IND_r1,IND_kr,IND_sk
instances/A3/symmetric/100.6.in,0.2750000000,0.0462168800,0.4423076923,3.3406056685,-0.6244982251,0.1634000000,0.0295201626,0.2214793884,1.7921059090,-0.3694061553,0.5616000000,0.0340799061,0.1032060438,3.5806078031,0.6020699509,0.0796000000,0.0119933315,-0.0166750768,2.1338946005,0.2855869571
