Instance,INF_avg,INF_sd,INF_r1,INF_kr,INF_sk,SUP_avg,SUP_sd,SUP_r1,SUP_kr,SUP_sk,INC_avg,INC_sd,INC_r1,INC_kr,INC_sk,IND_avg,IND_sd,IND_r1,IND_kr,IND_sk
instances/A2/asymmetric/100.5.in,0.3962000000,0.0971059215,0.7473757380,2.7519062097,-0.5705880520,0.2034000000,0.0560307059,0.6611770695,2.0366091086,-0.0126863449,0.4004000000,0.0603807916,0.5503196026,3.4940107138,0.9275058087,0.0515000000,0.0087321246,0.3028540873,3.3577317925,0.0765967608
