Instance,INF_avg,INF_sd,INF_r1,INF_kr,INF_sk,SUP_avg,SUP_sd,SUP_r1,SUP_kr,SUP_sk,INC_avg,INC_sd,INC_r1,INC_kr,INC_sk,IND_avg,IND_sd,IND_r1,IND_kr,IND_sk
instances/A2/asymmetric/8.2.in,0.7000000000,0.0707106781,-0.2000000000,1.5000000000,-0.7071067812,0.0444444444,0.0628539361,-0.2000000000,1.5000000000,0.7071067812,0.2555555556,0.0078567420,-0.2000000000,1.5000000000,0.7071067812,0.2972222222,0.0554164926,-0.8662983425,1.5000000000,0.6594396097
