Instance,INF_avg,INF_sd,INF_r1,INF_kr,INF_sk,SUP_avg,SUP_sd,SUP_r1,SUP_kr,SUP_sk,INC_avg,INC_sd,INC_r1,INC_kr,INC_sk,IND_avg,IND_sd,IND_r1,IND_kr,IND_sk
instances/A1/asymmetric/8.3.in,0.5976190476,0.0977061168,0.5444427957,1.6327105467,0.4264778477,0.1034432234,0.0611349056,0.4261993209,1.8849393596,-0.7346609850,0.2989377289,0.0401743841,0.6182658959,1.2891525908,0.1770571839,0.2183516484,0.0330743877,0.3311348207,1.3331092802,0.4836425729
