Instance,INF_avg,INF_sd,INF_r1,INF_kr,INF_sk,SUP_avg,SUP_sd,SUP_r1,SUP_kr,SUP_sk,INC_avg,INC_sd,INC_r1,INC_kr,INC_sk,IND_avg,IND_sd,IND_r1,IND_kr,IND_sk
instances/A1/symmetric/10.3.in,0.5494713214,0.0899692224,-0.1060012333,1.5000000000,-0.6088323286,0.0650953984,0.0498902599,-0.0249609984,1.5000000000,-0.2641238229,0.3854332802,0.0509258055,-0.3623603984,1.5000000000,0.4638091360,0.2100537539,0.0375754486,-0.4368500832,1.5000000000,0.7028509664
