Instance,INF_avg,INF_sd,INF_r1,INF_kr,INF_sk,SUP_avg,SUP_sd,SUP_r1,SUP_kr,SUP_sk,INC_avg,INC_sd,INC_r1,INC_kr,INC_sk,IND_avg,IND_sd,IND_r1,IND_kr,IND_sk
instances/A1/asymmetric/200.6.in,0.3461538462,0.0908539370,-0.7203173704,2.3441438317,0.1142545945,0.1269230769,0.0723649528,-0.3654995730,3.5298764723,0.5323948407,0.5269230769,0.0638971066,-0.2850945150,1.9784183995,0.2460058737,0.3346153846,0.1007369296,-0.2781157165,2.0427500446,-0.1402537130
