Instance,INF_avg,INF_sd,INF_r1,INF_kr,INF_sk,SUP_avg,SUP_sd,SUP_r1,SUP_kr,SUP_sk,INC_avg,INC_sd,INC_r1,INC_kr,INC_sk,IND_avg,IND_sd,IND_r1,IND_kr,IND_sk
instances/A1/asymmetric/8.3.in,0.5771428571,0.0322124467,-0.7801857585,2.1267788156,-0.3982054807,0.1600000000,0.0718779515,-0.7509589430,1.7569849924,-0.2642923085,0.2628571429,0.0639160447,-0.6604083548,1.2491142667,-0.0446220979,0.2628571429,0.0476571276,-0.6295170550,2.0458563423,-0.0597605174
