Instance,INF_avg,INF_sd,INF_r1,INF_kr,INF_sk,SUP_avg,SUP_sd,SUP_r1,SUP_kr,SUP_sk,INC_avg,INC_sd,INC_r1,INC_kr,INC_sk,IND_avg,IND_sd,IND_r1,IND_kr,IND_sk
instances/A1/symmetric/100.2.in,0.3290000000,0.0386522962,-0.0379763822,2.8359945807,0.0070653595,0.1945000000,0.0302861354,-0.0355626487,1.7511057596,0.3325599012,0.4765000000,0.0219146070,-0.1875772013,1.8497916532,-0.5512856199,0.0680000000,0.0112249722,0.0525477707,4.5302343159,-1.0860139354
