Instance,INF_avg,INF_sd,INF_r1,INF_kr,INF_sk,SUP_avg,SUP_sd,SUP_r1,SUP_kr,SUP_sk,INC_avg,INC_sd,INC_r1,INC_kr,INC_sk,IND_avg,IND_sd,IND_r1,IND_kr,IND_sk
instances/A1/asymmetric/10.3.in,0.5287340810,0.1996774990,0.7181110947,2.5632488006,-0.7123361739,0.0781018993,0.1023028380,0.2929068781,5.8571634385,1.9792708371,0.3931640197,0.1193130644,0.7210229251,2.3368880663,0.3053223526,0.1912513839,0.0497223706,0.9890006327,2.9907842358,1.0739539062
