Instance,INF_avg,INF_sd,INF_r1,INF_kr,INF_sk,SUP_avg,SUP_sd,SUP_r1,SUP_kr,SUP_sk,INC_avg,INC_sd,INC_r1,INC_kr,INC_sk,IND_avg,IND_sd,IND_r1,IND_kr,IND_sk
instances/A3/asymmetric/5.4.in,0.2074074074,0.0975347710,0.0998459300,2.9379413537,-0.6285557681,0.1697530864,0.0560540054,0.1262306268,1.7526969470,0.0915600062,0.6228395062,0.0826284777,0.0964338981,2.9834360762,0.6833789753,0.3808641975,0.0438315073,-0.2538720880,1.2589215288,-0.0367077023
