Instance,INF_avg,INF_sd,INF_r1,INF_kr,INF_sk,SUP_avg,SUP_sd,SUP_r1,SUP_kr,SUP_sk,INC_avg,INC_sd,INC_r1,INC_kr,INC_sk,IND_avg,IND_sd,IND_r1,IND_kr,IND_sk
instances/A1/asymmetric/5.3.in,0.4574074074,0.0970059322,0.2902584493,3.3596938776,-0.3818017742,0.1265432099,0.1006759656,0.2718514219,1.3553126237,-0.1717251158,0.4160493827,0.0739092817,0.2522418698,2.1235918318,0.4531099668,0.3851851852,0.0888888889,0.5525260626,2.8373842593,0.0983796296
