Instance,INF_avg,INF_sd,INF_r1,INF_kr,INF_sk,SUP_avg,SUP_sd,SUP_r1,SUP_kr,SUP_sk,INC_avg,INC_sd,INC_r1,INC_kr,INC_sk,IND_avg,IND_sd,IND_r1,IND_kr,IND_sk
instances/A2/asymmetric/50.2.in,0.2878000000,0.0946581217,0.4711893172,2.2519010286,-0.5567484873,0.2654000000,0.0602979270,0.4631659923,2.3916958341,0.2913190481,0.4468000000,0.0433100450,0.3012056107,2.0159899112,0.6313458576,0.0532000000,0.0085883642,0.0134509659,2.1494911091,-0.2381520128
