Instance,INF_avg,INF_sd,INF_r1,INF_kr,INF_sk,SUP_avg,SUP_sd,SUP_r1,SUP_kr,SUP_sk,INC_avg,INC_sd,INC_r1,INC_kr,INC_sk,IND_avg,IND_sd,IND_r1,IND_kr,IND_sk
instances/A3/symmetric/100.3.in,0.3457000000,0.0471010616,0.4770368166,4.5284675790,-0.1690928113,0.1647000000,0.0416222296,0.5646831405,2.4437786559,0.1288602500,0.4896000000,0.0381620230,0.1274264419,5.9049214863,0.9400072737,0.0725500000,0.0161321883,0.5148691410,2.8681892320,0.3587769146
