Instance,INF_avg,INF_sd,INF_r1,INF_kr,INF_sk,SUP_avg,SUP_sd,SUP_r1,SUP_kr,SUP_sk,INC_avg,INC_sd,INC_r1,INC_kr,INC_sk,IND_avg,IND_sd,IND_r1,IND_kr,IND_sk
instances/A1/symmetric/200.3.in,0.3659420290,0.1081775090,0.0169290964,3.4854711316,0.3889848939,0.0751811594,0.0654552326,0.3138551104,4.5421820640,1.0386093299,0.5588768116,0.1095238676,-0.0185633767,3.1237427064,-0.1916260322,0.3184782609,0.0922889459,0.0083098531,2.6934470696,0.1207411774
