Instance,INF_avg,INF_sd,INF_r1,INF_kr,INF_sk,SUP_avg,SUP_sd,SUP_r1,SUP_kr,SUP_sk,INC_avg,INC_sd,INC_r1,INC_kr,INC_sk,IND_avg,IND_sd,IND_r1,IND_kr,IND_sk
instances/A3/symmetric/100.1.in,0.3340000000,0.0370675060,-0.4718778349,2.2021160288,0.8992209441,0.1210000000,0.0165529454,0.1098807496,2.6655921999,-1.0688992367,0.5450000000,0.0424264069,-0.6080246914,1.7439814815,-0.3044487530,0.0870000000,0.0160000000,0.0283241542,2.4763793945,-0.3647460938
