Instance,INF_avg,INF_sd,INF_r1,INF_kr,INF_sk,SUP_avg,SUP_sd,SUP_r1,SUP_kr,SUP_sk,INC_avg,INC_sd,INC_r1,INC_kr,INC_sk,IND_avg,IND_sd,IND_r1,IND_kr,IND_sk
instances/A3/asymmetric/8.5.in,0.2484848485,0.0484848485,-0.0501567398,2.5908203125,0.5507812500,0.0987878788,0.0224814994,-0.5378334241,2.0629668909,-0.5913953655,0.6527272727,0.0485454167,-0.2846480176,2.2552849679,-0.8144322523,0.2903030303,0.0622917099,0.3785850860,2.2709510384,-0.6679352592
