Instance,INF_avg,INF_sd,INF_r1,INF_kr,INF_sk,SUP_avg,SUP_sd,SUP_r1,SUP_kr,SUP_sk,INC_avg,INC_sd,INC_r1,INC_kr,INC_sk,IND_avg,IND_sd,IND_r1,IND_kr,IND_sk
instances/A3/asymmetric/8.5.in,0.2740740741,0.0850779858,-0.3688694190,3.2858122225,1.0577819120,0.1144781145,0.0280210751,0.0707794182,2.2912304066,-0.3362631986,0.6114478114,0.0882527487,0.1052006395,3.9069502998,-1.2981070772,0.2885521886,0.0498907648,0.1424870332,3.0495229018,-0.5671760051
