Instance,INF_avg,INF_sd,INF_r1,INF_kr,INF_sk,SUP_avg,SUP_sd,SUP_r1,SUP_kr,SUP_sk,INC_avg,INC_sd,INC_r1,INC_kr,INC_sk,IND_avg,IND_sd,IND_r1,IND_kr,IND_sk
instances/A2/asymmetric/8.6.in,0.6038095238,0.1015704351,0.7145202481,1.2473245058,0.2385754159,0.0787545788,0.0798837191,0.5774500848,1.3552013180,0.3454538997,0.3174358974,0.0413225779,0.1912472502,1.6888475465,0.3294414530,0.2714285714,0.0660194807,-0.3888494610,1.1921314495,-0.3500657348
