Instance,INF_avg,INF_sd,INF_r1,INF_kr,INF_sk,SUP_avg,SUP_sd,SUP_r1,SUP_kr,SUP_sk,INC_avg,INC_sd,INC_r1,INC_kr,INC_sk,IND_avg,IND_sd,IND_r1,IND_kr,IND_sk
instances/A2/symmetric/100.2.in,0.4214000000,0.0491634010,0.1059756102,6.0589058360,-1.1414576991,0.2048000000,0.0159047163,-0.0986190798,2.1850980032,-0.2617819324,0.3738000000,0.0486267416,0.1635487353,4.7149774803,1.2293712064,0.0724000000,0.0104038454,0.5375748706,2.0418672147,0.2547241671
