Instance,INF_avg,INF_sd,INF_r1,INF_kr,INF_sk,SUP_avg,SUP_sd,SUP_r1,SUP_kr,SUP_sk,INC_avg,INC_sd,INC_r1,INC_kr,INC_sk,IND_avg,IND_sd,IND_r1,IND_kr,IND_sk
instances/A2/symmetric/100.5.in,0.4076000000,0.0836973118,0.8488263857,1.9276420180,0.2623680173,0.1901000000,0.0559239662,0.7689165568,2.6227991119,0.6038208039,0.4023000000,0.0478874723,0.6364130885,2.3248771197,0.3206014997,0.0441000000,0.0092027170,0.1849483319,4.0000665468,0.8428412325
