Instance,INF_avg,INF_sd,INF_r1,INF_kr,INF_sk,SUP_avg,SUP_sd,SUP_r1,SUP_kr,SUP_sk,INC_avg,INC_sd,INC_r1,INC_kr,INC_sk,IND_avg,IND_sd,IND_r1,IND_kr,IND_sk
instances/A2/symmetric/20.2.in,0.4337340215,0.0316488727,0.5288712110,1.2511522672,0.3959436622,0.2121053946,0.0448999042,0.6916520513,1.3779050464,0.1251954625,0.3541605838,0.0205850516,0.0875406589,1.6097141213,-0.0240454220,0.0666732589,0.0089716382,0.0936558946,1.4570943776,0.4789962309
