Instance,INF_avg,INF_sd,INF_r1,INF_kr,INF_sk,SUP_avg,SUP_sd,SUP_r1,SUP_kr,SUP_sk,INC_avg,INC_sd,INC_r1,INC_kr,INC_sk,IND_avg,IND_sd,IND_r1,IND_kr,IND_sk
instances/A3/asymmetric/10.2.in,0.4864635978,0.0889294262,0.6508233010,2.4729276867,0.1304342282,0.1319957613,0.0536362712,-0.4067700742,4.6508730212,1.3830982012,0.3815406409,0.0611808126,0.4219814760,2.2789621489,-0.7310823395,0.1627012533,0.0136203127,0.1380595683,1.7040232025,-0.0093252785
