Instance,INF_avg,INF_sd,INF_r1,INF_kr,INF_sk,SUP_avg,SUP_sd,SUP_r1,SUP_kr,SUP_sk,INC_avg,INC_sd,INC_r1,INC_kr,INC_sk,IND_avg,IND_sd,IND_r1,IND_kr,IND_sk
instances/A3/asymmetric/10.2.in,0.5327773332,0.0810979602,0.5344540111,1.4121280509,-0.0324807452,0.1151433907,0.0309432219,-0.2047074668,2.5414984490,-0.8772179691,0.3520792762,0.0660918689,0.3264000161,1.6572536738,0.0842269289,0.1622500111,0.0129177343,0.2811452140,1.2739462545,-0.0456865256
