Instance,INF_avg,INF_sd,INF_r1,INF_kr,INF_sk,SUP_avg,SUP_sd,SUP_r1,SUP_kr,SUP_sk,INC_avg,INC_sd,INC_r1,INC_kr,INC_sk,IND_avg,IND_sd,IND_r1,IND_kr,IND_sk
instances/A3/symmetric/20.5.in,0.1959756098,0.0855414570,0.7414184782,2.0542360461,0.3747317201,0.1652439024,0.0560482286,0.7785794773,2.2230252533,0.0552381472,0.6387804878,0.0485243274,0.5427404613,1.9581695044,-0.3263927741,0.0636585366,0.0164918454,0.4252601510,2.1447652664,0.2126152389
