Instance,INF_avg,INF_sd,INF_r1,INF_kr,INF_sk,SUP_avg,SUP_sd,SUP_r1,SUP_kr,SUP_sk,INC_avg,INC_sd,INC_r1,INC_kr,INC_sk,IND_avg,IND_sd,IND_r1,IND_kr,IND_sk
instances/A1/symmetric/100.5.in,0.4002000000,0.0530090558,0.3954527505,3.0269969807,-0.6442016855,0.1362000000,0.0278847629,0.2062300559,2.6785817647,0.0541486889,0.4636000000,0.0459786907,0.4454601709,3.9006297957,0.9356067040,0.0586000000,0.0101014850,0.2366726535,3.7061963387,0.5445636543
