Instance,INF_avg,INF_sd,INF_r1,INF_kr,INF_sk,SUP_avg,SUP_sd,SUP_r1,SUP_kr,SUP_sk,INC_avg,INC_sd,INC_r1,INC_kr,INC_sk,IND_avg,IND_sd,IND_r1,IND_kr,IND_sk
instances/A1/symmetric/10.3.in,0.4287857062,0.0864971065,0.0700658990,2.4126080595,0.0704204416,0.1395181642,0.0366363341,-0.3637942239,2.4956766949,-0.3502122322,0.4316961296,0.0656494514,0.3036200279,2.0309284889,0.2877471559,0.1378437570,0.0345423836,0.1048044590,2.5174236742,0.3786558540
