Instance,INF_avg,INF_sd,INF_r1,INF_kr,INF_sk,SUP_avg,SUP_sd,SUP_r1,SUP_kr,SUP_sk,INC_avg,INC_sd,INC_r1,INC_kr,INC_sk,IND_avg,IND_sd,IND_r1,IND_kr,IND_sk
instances/A3/asymmetric/100.3.in,0.3170000000,0.0294278779,-0.0580553807,1.9199553040,0.4981843446,0.1395000000,0.0327452287,0.2567687584,2.5690567285,0.7973553315,0.5435000000,0.0301703497,-0.1837561713,2.0230291725,-0.2235042844,0.0895000000,0.0112805142,-0.4368681437,1.8004292094,-0.2936370771
