Instance,INF_avg,INF_sd,INF_r1,INF_kr,INF_sk,SUP_avg,SUP_sd,SUP_r1,SUP_kr,SUP_sk,INC_avg,INC_sd,INC_r1,INC_kr,INC_sk,IND_avg,IND_sd,IND_r1,IND_kr,IND_sk
instances/A1/asymmetric/100.2.in,0.3278000000,0.0395747394,0.3666543304,3.4489952170,0.1781580734,0.1899500000,0.0283239739,0.1809139671,2.6757445942,-0.1281051619,0.4822500000,0.0342445251,0.2581890676,3.3145056124,0.0258781681,0.0587000000,0.0160720254,0.2289514463,4.1743090570,0.6183465936
