Instance,INF_avg,INF_sd,INF_r1,INF_kr,INF_sk,SUP_avg,SUP_sd,SUP_r1,SUP_kr,SUP_sk,INC_avg,INC_sd,INC_r1,INC_kr,INC_sk,IND_avg,IND_sd,IND_r1,IND_kr,IND_sk
instances/A1/asymmetric/20.2.in,0.5501889041,0.0397648803,0.4400791063,3.7651035939,-0.5264043959,0.1301160038,0.0325936462,0.4739014918,2.4983551020,-0.8000340609,0.3196950921,0.0496552330,0.5456614258,1.7747952981,0.2357837620,0.0975868078,0.0196002496,0.7575658729,1.5663311084,-0.3131744891
