Instance,INF_avg,INF_sd,INF_r1,INF_kr,INF_sk,SUP_avg,SUP_sd,SUP_r1,SUP_kr,SUP_sk,INC_avg,INC_sd,INC_r1,INC_kr,INC_sk,IND_avg,IND_sd,IND_r1,IND_kr,IND_sk
instances/A1/asymmetric/100.2.in,0.4800000000,0.1288409873,0.7687861272,1.9843954130,0.7265891066,0.1000000000,0.0632455532,0.0000000000,2.5000000000,0.0000000000,0.4200000000,0.0812403840,0.6236559140,1.4421487603,-0.3804646085,0.2400000000,0.0489897949,-0.7261904762,2.7291666667,-0.8675276172
