Instance,INF_avg,INF_sd,INF_r1,INF_kr,INF_sk,SUP_avg,SUP_sd,SUP_r1,SUP_kr,SUP_sk,INC_avg,INC_sd,INC_r1,INC_kr,INC_sk,IND_avg,IND_sd,IND_r1,IND_kr,IND_sk
instances/A2/symmetric/8.6.in,0.2260252094,0.0877241571,0.2991315961,1.4982105773,0.3485557165,0.3681602348,0.0550126400,-0.1080107283,1.6253956053,0.4487685894,0.4058145558,0.0579788611,0.3308014779,2.0554169318,-0.0237794935,0.1952214452,0.0305235953,-0.2383028752,4.0908942753,1.4504869229
