Instance,INF_avg,INF_sd,INF_r1,INF_kr,INF_sk,SUP_avg,SUP_sd,SUP_r1,SUP_kr,SUP_sk,INC_avg,INC_sd,INC_r1,INC_kr,INC_sk,IND_avg,IND_sd,IND_r1,IND_kr,IND_sk
instances/A2/symmetric/8.6.in,0.1914141414,0.0758988582,-0.2730715511,2.7130125463,1.0346680102,0.3737373737,0.0629188344,-0.6461538462,1.2501328515,0.3177705397,0.4348484848,0.0499566183,-0.0687221134,1.5572269860,-0.1603450230,0.1893939394,0.0186253423,-0.2091254753,2.3856509516,0.7088122955
