Instance,INF_avg,INF_sd,INF_r1,INF_kr,INF_sk,SUP_avg,SUP_sd,SUP_r1,SUP_kr,SUP_sk,INC_avg,INC_sd,INC_r1,INC_kr,INC_sk,IND_avg,IND_sd,IND_r1,IND_kr,IND_sk
instances/A3/asymmetric/5.4.in,0.4066666667,0.1055497074,-0.9935385785,3.0716929795,-1.3355163211,0.1400000000,0.0369183283,0.7772657450,1.6747006931,0.6464196894,0.4533333333,0.0850272288,-1.1187584345,2.5641404640,0.4635823444,0.4355555556,0.0724866952,0.1943127962,2.3048504720,0.3236269296
