Instance,INF_avg,INF_sd,INF_r1,INF_kr,INF_sk,SUP_avg,SUP_sd,SUP_r1,SUP_kr,SUP_sk,INC_avg,INC_sd,INC_r1,INC_kr,INC_sk,IND_avg,IND_sd,IND_r1,IND_kr,IND_sk
instances/A1/asymmetric/10.3.in,0.4376417234,0.0589569161,-0.3157894737,3.2500000000,1.5000000000,0.2151473923,0.0227094534,-0.3008509978,2.0783111492,-0.4367990152,0.3472108844,0.0422899515,-0.3819019203,2.8211173557,-1.1623056080,0.1116553288,0.0138582707,-0.5673904777,1.7238431114,-0.6700250075
