Instance,INF_avg,INF_sd,INF_r1,INF_kr,INF_sk,SUP_avg,SUP_sd,SUP_r1,SUP_kr,SUP_sk,INC_avg,INC_sd,INC_r1,INC_kr,INC_sk,IND_avg,IND_sd,IND_r1,IND_kr,IND_sk
instances/A2/asymmetric/20.6.in,0.3944672506,0.0344618647,-0.5912047859,2.9667058200,0.9209935026,0.2480189718,0.0403174731,-0.4115955086,2.3721859837,0.6450609620,0.3575137776,0.0278597169,0.4719442091,2.5525116497,0.2174249546,0.0635708308,0.0145752734,0.4637656562,2.5360561758,-0.6018151418
