Instance,INF_avg,INF_sd,INF_r1,INF_kr,INF_sk,SUP_avg,SUP_sd,SUP_r1,SUP_kr,SUP_sk,INC_avg,INC_sd,INC_r1,INC_kr,INC_sk,IND_avg,IND_sd,IND_r1,IND_kr,IND_sk
instances/A1/asymmetric/20.1.in,0.5320878337,0.0727331365,0.7174644679,2.1590907999,0.1963200063,0.1649672405,0.0409154806,0.0860020424,1.6551682417,0.2236647904,0.3029449257,0.0514981571,0.8213988365,1.4667868295,-0.2260986417,0.0483964159,0.0059144173,0.2150089873,1.5482079673,0.2076248997
