Instance,INF_avg,INF_sd,INF_r1,INF_kr,INF_sk,SUP_avg,SUP_sd,SUP_r1,SUP_kr,SUP_sk,INC_avg,INC_sd,INC_r1,INC_kr,INC_sk,IND_avg,IND_sd,IND_r1,IND_kr,IND_sk
instances/A3/asymmetric/10.6.in,0.2343014129,0.0487907946,-0.2872542623,2.4199514892,-0.2523294066,0.2840659341,0.0254532633,-0.7219113216,2.2724612166,0.4367221628,0.4816326531,0.0386958231,0.1770912695,2.7975162338,-1.1426213911,0.1511773940,0.0395618412,0.7277290077,1.7125198906,0.2130316142
