Instance,INF_avg,INF_sd,INF_r1,INF_kr,INF_sk,SUP_avg,SUP_sd,SUP_r1,SUP_kr,SUP_sk,INC_avg,INC_sd,INC_r1,INC_kr,INC_sk,IND_avg,IND_sd,IND_r1,IND_kr,IND_sk
instances/A2/asymmetric/8.1.in,0.6414326414,0.0606935732,0.3297032329,1.6978238656,-0.2210165701,0.1393976394,0.0647328997,0.4233175355,2.4581084867,0.5437176585,0.2191697192,0.0270418005,0.5182001097,1.8639174904,0.3153531321,0.1733821734,0.0352190601,0.1039823009,2.2234247874,0.9621414912
