Instance,INF_avg,INF_sd,INF_r1,INF_kr,INF_sk,SUP_avg,SUP_sd,SUP_r1,SUP_kr,SUP_sk,INC_avg,INC_sd,INC_r1,INC_kr,INC_sk,IND_avg,IND_sd,IND_r1,IND_kr,IND_sk
instances/A2/symmetric/8.4.in,0.7071428571,0.0546064045,0.7700237906,1.6427951828,-0.6311524265,0.0552380952,0.0677195765,0.5658896289,1.1798314573,0.4142975977,0.2376190476,0.0193663804,-0.0944491474,2.9477482312,-1.3091375707,0.2185714286,0.0425225030,0.8457742134,2.1966506836,-0.9034425784
