Instance,INF_avg,INF_sd,INF_r1,INF_kr,INF_sk,SUP_avg,SUP_sd,SUP_r1,SUP_kr,SUP_sk,INC_avg,INC_sd,INC_r1,INC_kr,INC_sk,IND_avg,IND_sd,IND_r1,IND_kr,IND_sk
instances/A3/asymmetric/10.4.in,0.5353136108,0.0994903348,-0.6278349814,2.6148181894,-1.0520212688,0.0424618736,0.0256794642,-0.3508817596,2.0022375376,-0.5005598580,0.4222245155,0.0906734864,-0.2632457634,3.0558527720,1.3584317406,0.1946141498,0.0426654461,-0.5743398568,1.8547101709,0.3496309967
