Instance,INF_avg,INF_sd,INF_r1,INF_kr,INF_sk,SUP_avg,SUP_sd,SUP_r1,SUP_kr,SUP_sk,INC_avg,INC_sd,INC_r1,INC_kr,INC_sk,IND_avg,IND_sd,IND_r1,IND_kr,IND_sk
instances/A2/symmetric/8.1.in,0.3182027168,0.0730175449,0.3529838185,1.5439404930,-0.0917476964,0.3164681296,0.0465588528,-0.1578107972,1.2952053874,0.2802902204,0.3653291536,0.0503060474,0.5455011351,1.3594388642,0.1394378757,0.1360710554,0.0253975165,-0.2706515173,2.4482534732,-0.7300892105
