Instance,INF_avg,INF_sd,INF_r1,INF_kr,INF_sk,SUP_avg,SUP_sd,SUP_r1,SUP_kr,SUP_sk,INC_avg,INC_sd,INC_r1,INC_kr,INC_sk,IND_avg,IND_sd,IND_r1,IND_kr,IND_sk
instances/A1/asymmetric/8.5.in,0.4607326007,0.1037874194,0.4378510223,2.2407901759,-0.0317386898,0.2219047619,0.1282294901,0.6211404657,2.7949285380,1.1995696671,0.3173626374,0.0723569238,0.0724902727,1.5731296821,0.0727278058,0.1791208791,0.0379151845,0.1735986568,2.2925902055,-0.4378147564
