Instance,INF_avg,INF_sd,INF_r1,INF_kr,INF_sk,SUP_avg,SUP_sd,SUP_r1,SUP_kr,SUP_sk,INC_avg,INC_sd,INC_r1,INC_kr,INC_sk,IND_avg,IND_sd,IND_r1,IND_kr,IND_sk
instances/A1/asymmetric/8.5.in,0.4050085717,0.1309731025,0.3886319452,1.8195682199,-0.0237514636,0.2255250922,0.1157635883,-0.1639785134,2.6730776900,0.6284085322,0.3694663361,0.0832668926,0.2584937206,2.0209346997,-0.4711949055,0.1786361786,0.0338021133,0.0994799556,2.3238532764,-0.3794007132
