Instance,INF_avg,INF_sd,INF_r1,INF_kr,INF_sk,SUP_avg,SUP_sd,SUP_r1,SUP_kr,SUP_sk,INC_avg,INC_sd,INC_r1,INC_kr,INC_sk,IND_avg,IND_sd,IND_r1,IND_kr,IND_sk
instances/A1/symmetric/100.2.in,0.7595058626,0.1422352460,0.9574021309,2.0771457213,-0.0405184925,0.0306872598,0.0439916213,0.8646641869,6.1391057060,1.9408445863,0.2098068775,0.1098340384,0.9712399226,1.8878618359,-0.4437470394,0.0579441324,0.0237412057,0.7847857470,2.1587015004,-0.0300006964
