Instance,INF_avg,INF_sd,INF_r1,INF_kr,INF_sk,SUP_avg,SUP_sd,SUP_r1,SUP_kr,SUP_sk,INC_avg,INC_sd,INC_r1,INC_kr,INC_sk,IND_avg,IND_sd,IND_r1,IND_kr,IND_sk
instances/A2/asymmetric/100.5.in,0.4880000000,0.1320706881,0.7854075417,4.8908984971,0.9687450258,0.0535000000,0.0539853375,0.6671930440,6.0631375698,1.5921729313,0.4585000000,0.1103679452,0.6320966059,5.5852874025,-1.0992119153,0.1538333333,0.0450774026,0.1745158080,3.6051931893,0.3729345488
