Instance,INF_avg,INF_sd,INF_r1,INF_kr,INF_sk,SUP_avg,SUP_sd,SUP_r1,SUP_kr,SUP_sk,INC_avg,INC_sd,INC_r1,INC_kr,INC_sk,IND_avg,IND_sd,IND_r1,IND_kr,IND_sk
instances/A2/asymmetric/8.1.in,0.4531868132,0.0655087626,0.0015819624,2.6922073590,-0.8491065260,0.2465934066,0.0859470244,-0.1024446882,2.6335507112,0.6769093953,0.3002197802,0.0225583933,-0.4380731373,1.9464689959,-0.0641628965,0.1883516484,0.0113290492,-0.2210897183,2.9143927437,-1.1668346214
