Instance,INF_avg,INF_sd,INF_r1,INF_kr,INF_sk,SUP_avg,SUP_sd,SUP_r1,SUP_kr,SUP_sk,INC_avg,INC_sd,INC_r1,INC_kr,INC_sk,IND_avg,IND_sd,IND_r1,IND_kr,IND_sk
instances/A3/asymmetric/10.1.in,0.3314285714,0.0559883370,0.5238095238,1.1666666667,0.4082482905,0.0926984127,0.0080751098,-0.1193418898,1.4417318371,0.0627603495,0.5758730159,0.0534003928,0.5193513473,1.2070201622,-0.3466654248,0.2065306122,0.0167778389,-0.4036386565,2.1408438873,-0.5989536317
