Instance,INF_avg,INF_sd,INF_r1,INF_kr,INF_sk,SUP_avg,SUP_sd,SUP_r1,SUP_kr,SUP_sk,INC_avg,INC_sd,INC_r1,INC_kr,INC_sk,IND_avg,IND_sd,IND_r1,IND_kr,IND_sk
instances/A2/asymmetric/20.1.in,0.3676190476,0.0892110799,0.7735927012,2.2147934827,0.1462247349,0.3039285714,0.0817118610,0.6634408732,1.9851494182,0.1411809812,0.3284523810,0.0527966460,0.7638458683,2.6554807405,0.6047173980,0.0496428571,0.0108777217,0.5526095977,2.2759961829,-0.1581339929
