Instance,INF_avg,INF_sd,INF_r1,INF_kr,INF_sk,SUP_avg,SUP_sd,SUP_r1,SUP_kr,SUP_sk,INC_avg,INC_sd,INC_r1,INC_kr,INC_sk,IND_avg,IND_sd,IND_r1,IND_kr,IND_sk
instances/A3/symmetric/50.6.in,0.2063000000,0.0855938666,0.7007454085,2.1445572836,-0.5468933277,0.1894500000,0.0438856184,0.5848892325,2.7315679537,0.7722509574,0.6042500000,0.0577683953,0.5920970346,2.1635530223,-0.1128706739,0.0718000000,0.0195258803,0.3021644219,2.0786762240,-0.1070780757
