Instance,INF_avg,INF_sd,INF_r1,INF_kr,INF_sk,SUP_avg,SUP_sd,SUP_r1,SUP_kr,SUP_sk,INC_avg,INC_sd,INC_r1,INC_kr,INC_sk,IND_avg,IND_sd,IND_r1,IND_kr,IND_sk
instances/A2/symmetric/10.5.in,0.5930623146,0.0816324106,0.6115825480,2.2559104714,0.8413663236,0.1260709220,0.0606825014,0.5046573804,2.6879193034,-0.8361831846,0.2808667635,0.0721361696,0.2378230688,2.1351686284,-0.2241047792,0.1715445249,0.0817656918,0.0528453199,6.8062548763,2.3582892010
