Instance,INF_avg,INF_sd,INF_r1,INF_kr,INF_sk,SUP_avg,SUP_sd,SUP_r1,SUP_kr,SUP_sk,INC_avg,INC_sd,INC_r1,INC_kr,INC_sk,IND_avg,IND_sd,IND_r1,IND_kr,IND_sk
instances/A3/asymmetric/200.6.in,0.2830000000,0.0261916017,0.2579559364,2.2434572330,-0.4661766269,0.1105000000,0.0158823802,-0.3670469730,2.3206964868,-0.4657628838,0.6065000000,0.0304179223,-0.3507257428,2.6784276083,0.6793766312,0.0955000000,0.0201804361,-0.2996500706,3.0820962594,0.6481123421
