Instance,INF_avg,INF_sd,INF_r1,INF_kr,INF_sk,SUP_avg,SUP_sd,SUP_r1,SUP_kr,SUP_sk,INC_avg,INC_sd,INC_r1,INC_kr,INC_sk,IND_avg,IND_sd,IND_r1,IND_kr,IND_sk
instances/A2/asymmetric/10.3.in,0.5970588235,0.0489253997,0.6191807463,1.5788118827,-0.0141357437,0.1645642702,0.0356261381,0.1196915667,2.2701618783,0.5042191839,0.2383769063,0.0448278403,-0.0442098321,1.8631745744,0.4791836053,0.1238671024,0.0285002879,-0.2560853926,2.2572108325,-0.6859602261
