Instance,INF_avg,INF_sd,INF_r1,INF_kr,INF_sk,SUP_avg,SUP_sd,SUP_r1,SUP_kr,SUP_sk,INC_avg,INC_sd,INC_r1,INC_kr,INC_sk,IND_avg,IND_sd,IND_r1,IND_kr,IND_sk
instances/A1/asymmetric/10.1.in,0.3934013605,0.0944367649,0.0961510433,2.0537916539,-0.0172383123,0.1812489098,0.0841239733,-0.1743848595,3.0675596481,1.3506228811,0.4253497296,0.0484183106,0.4571924061,1.6390766782,-0.0034057367,0.1728100471,0.0307606434,-0.9470075059,1.8046203333,-0.5674611382
