Instance,INF_avg,INF_sd,INF_r1,INF_kr,INF_sk,SUP_avg,SUP_sd,SUP_r1,SUP_kr,SUP_sk,INC_avg,INC_sd,INC_r1,INC_kr,INC_sk,IND_avg,IND_sd,IND_r1,IND_kr,IND_sk
instances/A2/symmetric/200.5.in,0.3460000000,0.0295634910,-0.4274830309,2.1023333630,-0.1818217626,0.1965000000,0.0259855729,0.2205732412,3.2279921282,0.7050020248,0.4575000000,0.0288314065,-0.1116625310,2.0653400418,-0.1173532290,0.0660000000,0.0062449980,0.0745501285,2.4240631164,-0.6897828164
