Instance,INF_avg,INF_sd,INF_r1,INF_kr,INF_sk,SUP_avg,SUP_sd,SUP_r1,SUP_kr,SUP_sk,INC_avg,INC_sd,INC_r1,INC_kr,INC_sk,IND_avg,IND_sd,IND_r1,IND_kr,IND_sk
instances/A1/symmetric/200.5.in,0.2900000000,0.0256904652,0.0325203252,1.9111570248,0.2477042095,0.1760000000,0.0255734237,-0.4655446173,1.5790898634,0.0455604861,0.5340000000,0.0263438797,-0.1846814603,2.6170012208,-1.0360641026,0.0510000000,0.0101980390,-0.3583815029,2.7045118343,1.0013237284
