Instance,INF_avg,INF_sd,INF_r1,INF_kr,INF_sk,SUP_avg,SUP_sd,SUP_r1,SUP_kr,SUP_sk,INC_avg,INC_sd,INC_r1,INC_kr,INC_sk,IND_avg,IND_sd,IND_r1,IND_kr,IND_sk
instances/A3/symmetric/5.5.in,0.0666666667,0.0816496581,0.5238095238,1.1666666667,0.4082482905,0.2119047619,0.0523809524,0.0942204954,1.5595416980,0.0495867769,0.7214285714,0.0945211107,0.4034825194,1.8265624597,-0.0077678700,0.4095238095,0.0524890659,-0.1689384552,2.1624498298,0.6277727484
