Instance,INF_avg,INF_sd,INF_r1,INF_kr,INF_sk,SUP_avg,SUP_sd,SUP_r1,SUP_kr,SUP_sk,INC_avg,INC_sd,INC_r1,INC_kr,INC_sk,IND_avg,IND_sd,IND_r1,IND_kr,IND_sk
instances/A3/symmetric/8.4.in,0.4724542125,0.1037380228,0.5129987620,1.3650179695,-0.2469686652,0.1839560440,0.0899550175,0.4722994594,1.9685770583,0.5572695976,0.3435897436,0.0468887362,0.1932367150,1.9858176324,-0.4050340512,0.2594871795,0.0648550703,0.4141064251,1.5244604825,-0.0263051812
