Instance,INF_avg,INF_sd,INF_r1,INF_kr,INF_sk,SUP_avg,SUP_sd,SUP_r1,SUP_kr,SUP_sk,INC_avg,INC_sd,INC_r1,INC_kr,INC_sk,IND_avg,IND_sd,IND_r1,IND_kr,IND_sk
instances/A3/symmetric/8.4.in,0.3634846635,0.1501869643,0.7402804428,1.6231115403,0.2359943940,0.1846893847,0.0679509839,0.1410460150,3.3320866143,0.6919575112,0.4518259518,0.1306053023,0.7319763687,1.4870438672,0.1803372816,0.2788396788,0.0634766150,0.3354185124,1.5868248719,-0.4798853735
