Instance,INF_avg,INF_sd,INF_r1,INF_kr,INF_sk,SUP_avg,SUP_sd,SUP_r1,SUP_kr,SUP_sk,INC_avg,INC_sd,INC_r1,INC_kr,INC_sk,IND_avg,IND_sd,IND_r1,IND_kr,IND_sk
instances/A2/asymmetric/10.2.in,0.6290459810,0.1068894677,0.3860075260,2.0209739409,-0.5108996801,0.0988705424,0.0845233237,0.6280896762,2.4385140199,0.7875549893,0.2720834767,0.0755473298,-0.0752881229,2.0858537452,0.5681878006,0.1956203417,0.1027553686,-0.0038630265,3.1974730697,1.4580740842
