Instance,INF_avg,INF_sd,INF_r1,INF_kr,INF_sk,SUP_avg,SUP_sd,SUP_r1,SUP_kr,SUP_sk,INC_avg,INC_sd,INC_r1,INC_kr,INC_sk,IND_avg,IND_sd,IND_r1,IND_kr,IND_sk
instances/A2/symmetric/5.2.in,0.3022222222,0.0928027245,0.5544982699,1.6971004124,0.2003526542,0.1366666667,0.1384035966,0.5784695201,1.3557649345,0.3429896248,0.5611111111,0.0653575163,0.1765557164,2.2420144342,0.2314231278,0.4488888889,0.0615037889,-0.2950862520,2.6843901042,-1.0921514696
