Instance,INF_avg,INF_sd,INF_r1,INF_kr,INF_sk,SUP_avg,SUP_sd,SUP_r1,SUP_kr,SUP_sk,INC_avg,INC_sd,INC_r1,INC_kr,INC_sk,IND_avg,IND_sd,IND_r1,IND_kr,IND_sk
instances/A2/asymmetric/100.2.in,0.9460460196,0.0342757311,0.5524169111,6.2637597480,-1.7509736344,0.0021052632,0.0029539400,0.1356223176,3.1394557823,1.0732872096,0.0518487173,0.0329703192,0.5231569055,6.5561747190,1.8399554018,0.0323723883,0.0110401375,0.5897972959,2.0179633355,-0.1392451316
