Instance,INF_avg,INF_sd,INF_r1,INF_kr,INF_sk,SUP_avg,SUP_sd,SUP_r1,SUP_kr,SUP_sk,INC_avg,INC_sd,INC_r1,INC_kr,INC_sk,IND_avg,IND_sd,IND_r1,IND_kr,IND_sk
instances/A2/symmetric/20.1.in,0.5214285714,0.1600382607,0.7155042649,2.1095300075,0.4977110907,0.1142857143,0.0638876565,0.5394736842,2.1143750000,-0.5450415695,0.3642857143,0.1124858268,0.3736536868,1.9299557752,0.0937138034,0.2785714286,0.0699854212,0.4410163339,1.9127604167,0.4784159654
