Instance,INF_avg,INF_sd,INF_r1,INF_kr,INF_sk,SUP_avg,SUP_sd,SUP_r1,SUP_kr,SUP_sk,INC_avg,INC_sd,INC_r1,INC_kr,INC_sk,IND_avg,IND_sd,IND_r1,IND_kr,IND_sk
instances/A2/symmetric/8.1.in,0.5943121693,0.0929705685,0.8408791313,2.3129179224,-0.5018341553,0.1533984534,0.0814492525,0.2160314331,2.1501499111,-0.4505260330,0.2522893773,0.0681537464,-0.3582564101,2.3588386828,0.0637788209,0.2283170533,0.0653213655,0.4484454026,3.3853983424,0.8939880144
