Instance,INF_avg,INF_sd,INF_r1,INF_kr,INF_sk,SUP_avg,SUP_sd,SUP_r1,SUP_kr,SUP_sk,INC_avg,INC_sd,INC_r1,INC_kr,INC_sk,IND_avg,IND_sd,IND_r1,IND_kr,IND_sk
instances/A2/asymmetric/200.1.in,0.5802000000,0.0582147748,0.7385311156,2.2675177403,0.6124138105,0.1656000000,0.0477141488,0.7565097664,1.9846739199,0.2557061475,0.2542000000,0.0319587234,0.3342054779,3.5073509894,-0.5633412038,0.0450000000,0.0103923048,0.1414141414,2.4948559671,-0.0534583583
