Instance,INF_avg,INF_sd,INF_r1,INF_kr,INF_sk,SUP_avg,SUP_sd,SUP_r1,SUP_kr,SUP_sk,INC_avg,INC_sd,INC_r1,INC_kr,INC_sk,IND_avg,IND_sd,IND_r1,IND_kr,IND_sk
instances/A3/symmetric/20.1.in,0.7295802416,0.0759249717,0.5907080424,1.8430377823,-0.2544650156,0.0410960444,0.0164532145,0.6172660920,1.4291378526,-0.2525931761,0.2293237139,0.0608673027,0.4877030317,2.0282610210,0.4623043012,0.0897100210,0.0065281299,-0.5706552127,2.4163347680,-0.9906696460
