Instance,INF_avg,INF_sd,INF_r1,INF_kr,INF_sk,SUP_avg,SUP_sd,SUP_r1,SUP_kr,SUP_sk,INC_avg,INC_sd,INC_r1,INC_kr,INC_sk,IND_avg,IND_sd,IND_r1,IND_kr,IND_sk
instances/A1/asymmetric/10.5.in,0.4060604535,0.0865456565,0.7092882961,1.3339444297,0.3257292432,0.1600062858,0.0703542377,0.4011968787,1.7315466260,0.1554208263,0.4339332607,0.0452859520,0.5029973896,2.5369580568,1.0200457646,0.1710909368,0.0135000466,-0.3521480022,1.7965804571,-0.6494346647
