Instance,INF_avg,INF_sd,INF_r1,INF_kr,INF_sk,SUP_avg,SUP_sd,SUP_r1,SUP_kr,SUP_sk,INC_avg,INC_sd,INC_r1,INC_kr,INC_sk,IND_avg,IND_sd,IND_r1,IND_kr,IND_sk
instances/A1/asymmetric/200.2.in,0.3507000000,0.0362492759,0.2513625353,2.7325672002,0.3984248294,0.1849000000,0.0301908927,0.3854018569,3.2757068656,-0.2139110021,0.4644000000,0.0345128961,0.1105752828,3.8182452694,-0.2585334921,0.0674500000,0.0145858664,0.0884630136,2.7216441041,0.2313326087
