Instance,INF_avg,INF_sd,INF_r1,INF_kr,INF_sk,SUP_avg,SUP_sd,SUP_r1,SUP_kr,SUP_sk,INC_avg,INC_sd,INC_r1,INC_kr,INC_sk,IND_avg,IND_sd,IND_r1,IND_kr,IND_sk
instances/A2/asymmetric/8.4.in,0.4261442261,0.1205337121,0.4902906861,2.7184247124,-0.4919794551,0.1989380989,0.1188218019,0.4972971715,2.9509144509,0.7809774454,0.3749176749,0.0148355191,0.0528080305,2.5830519793,-0.2829072967,0.2200688201,0.0315022109,0.5036113491,2.3957411953,-0.6700042404
