Instance,INF_avg,INF_sd,INF_r1,INF_kr,INF_sk,SUP_avg,SUP_sd,SUP_r1,SUP_kr,SUP_sk,INC_avg,INC_sd,INC_r1,INC_kr,INC_sk,IND_avg,IND_sd,IND_r1,IND_kr,IND_sk
instances/A1/asymmetric/20.3.in,0.4750000000,0.1545153714,0.5361344538,2.6502837093,0.0965694599,0.1100000000,0.0888819442,0.3968471556,1.2941836244,-0.1965343422,0.4150000000,0.1314343943,0.4035585999,2.2835610213,0.5149680612,0.4100000000,0.1220655562,-0.0909807011,2.9681996306,0.3035006846
