Instance,INF_avg,INF_sd,INF_r1,INF_kr,INF_sk,SUP_avg,SUP_sd,SUP_r1,SUP_kr,SUP_sk,INC_avg,INC_sd,INC_r1,INC_kr,INC_sk,IND_avg,IND_sd,IND_r1,IND_kr,IND_sk
instances/A1/symmetric/100.2.in,0.4406000000,0.0655716402,0.6690755296,4.6877920177,-1.0028911717,0.1190000000,0.0207123152,0.2567244947,3.0294716938,0.4831421751,0.4404000000,0.0585050425,0.6396106230,4.1936608530,0.7501621855,0.0683000000,0.0132894695,0.5814125486,2.4934674762,0.3294019907
