Instance,INF_avg,INF_sd,INF_r1,INF_kr,INF_sk,SUP_avg,SUP_sd,SUP_r1,SUP_kr,SUP_sk,INC_avg,INC_sd,INC_r1,INC_kr,INC_sk,IND_avg,IND_sd,IND_r1,IND_kr,IND_sk
instances/A3/asymmetric/200.4.in,0.3806147541,0.1340694674,0.8960713592,9.0334372355,2.1758095633,0.0591803279,0.0453689820,0.7937826745,2.4066837886,0.5433676036,0.5602049180,0.1132400930,0.8659252987,10.7734085028,-2.5256920065,0.1536475410,0.0378334188,0.2245156003,3.0116125424,-0.2602340498
