Instance,INF_avg,INF_sd,INF_r1,INF_kr,INF_sk,SUP_avg,SUP_sd,SUP_r1,SUP_kr,SUP_sk,INC_avg,INC_sd,INC_r1,INC_kr,INC_sk,IND_avg,IND_sd,IND_r1,IND_kr,IND_sk
instances/A2/symmetric/50.4.in,0.3460000000,0.0307245830,0.0167408349,1.9802723714,-0.4846916606,0.2000000000,0.0178885438,-0.4761904762,3.0517578125,1.3364000022,0.4540000000,0.0208326667,0.3837863168,1.4455711525,-0.2070481003,0.0410000000,0.0058309519,0.1558441558,1.6280276817,0.3631734744
