Instance,INF_avg,INF_sd,INF_r1,INF_kr,INF_sk,SUP_avg,SUP_sd,SUP_r1,SUP_kr,SUP_sk,INC_avg,INC_sd,INC_r1,INC_kr,INC_sk,IND_avg,IND_sd,IND_r1,IND_kr,IND_sk
instances/A1/symmetric/5.2.in,0.0800000000,0.0066666667,-0.2500000000,3.2500000000,-1.5000000000,0.1066666667,0.0703957069,-0.6390041494,1.7826720827,-0.1203956419,0.8133333333,0.0661647775,-0.5638450502,1.7885155505,0.2439686582,0.3800000000,0.0653197265,0.0552016985,2.4361979167,1.0269996057
