Instance,INF_avg,INF_sd,INF_r1,INF_kr,INF_sk,SUP_avg,SUP_sd,SUP_r1,SUP_kr,SUP_sk,INC_avg,INC_sd,INC_r1,INC_kr,INC_sk,IND_avg,IND_sd,IND_r1,IND_kr,IND_sk
instances/A3/symmetric/10.6.in,0.3730808081,0.0512250696,-0.4932064541,1.3576736323,-0.3568054540,0.1207070707,0.0050882428,-0.9795221843,2.7326676212,-1.1008873776,0.5062121212,0.0476210940,-0.4460109113,1.3940278006,0.3702660531,0.1522727273,0.0132781226,-0.8518111965,2.5446319580,0.4214450506
