Instance,INF_avg,INF_sd,INF_r1,INF_kr,INF_sk,SUP_avg,SUP_sd,SUP_r1,SUP_kr,SUP_sk,INC_avg,INC_sd,INC_r1,INC_kr,INC_sk,IND_avg,IND_sd,IND_r1,IND_kr,IND_sk
instances/A3/asymmetric/100.4.in,0.3420000000,0.0463896540,0.4705926936,2.3972676925,0.3458861544,0.1304000000,0.0388566597,0.8068676942,2.4458810185,0.6821193643,0.5276000000,0.0373395233,0.3791065905,1.9905685276,0.0686195614,0.0856000000,0.0134402381,0.3398642941,2.5038781508,-0.0289837330
