Instance,INF_avg,INF_sd,INF_r1,INF_kr,INF_sk,SUP_avg,SUP_sd,SUP_r1,SUP_kr,SUP_sk,INC_avg,INC_sd,INC_r1,INC_kr,INC_sk,IND_avg,IND_sd,IND_r1,IND_kr,IND_sk
instances/A1/symmetric/200.6.in,0.2460000000,0.0837376857,0.7255664206,2.0607399783,-0.3930761618,0.1928000000,0.0388350357,0.2492191923,1.9499500565,0.1287275930,0.5612000000,0.0598544902,0.6326750645,1.7142725239,0.1141668289,0.0738000000,0.0143024473,0.0199693784,3.1960874387,0.1395026135
