Instance,INF_avg,INF_sd,INF_r1,INF_kr,INF_sk,SUP_avg,SUP_sd,SUP_r1,SUP_kr,SUP_sk,INC_avg,INC_sd,INC_r1,INC_kr,INC_sk,IND_avg,IND_sd,IND_r1,IND_kr,IND_sk
instances/A3/asymmetric/20.3.in,0.6794589946,0.0703325755,0.8706163025,1.6897118417,0.1154286430,0.0333240588,0.0198971104,0.7047066528,1.9471043122,-0.0096099862,0.2872169467,0.0517826840,0.8362639839,1.6382209501,-0.0866879330,0.0822346627,0.0105612420,-0.1336828262,2.0334542388,0.2571001257
