Instance,INF_avg,INF_sd,INF_r1,INF_kr,INF_sk,SUP_avg,SUP_sd,SUP_r1,SUP_kr,SUP_sk,INC_avg,INC_sd,INC_r1,INC_kr,INC_sk,IND_avg,IND_sd,IND_r1,IND_kr,IND_sk
instances/A1/asymmetric/5.3.in,0.4043209877,0.1603061581,0.7112824853,1.3204131290,0.0823105948,0.1919753086,0.1590246142,0.5511477150,1.3663336634,-0.0534904198,0.4037037037,0.0933671309,0.3745919945,3.7968434007,0.1788188904,0.4216049383,0.0635832434,0.0608072986,5.0713623535,1.5187831384
