Instance,INF_avg,INF_sd,INF_r1,INF_kr,INF_sk,SUP_avg,SUP_sd,SUP_r1,SUP_kr,SUP_sk,INC_avg,INC_sd,INC_r1,INC_kr,INC_sk,IND_avg,IND_sd,IND_r1,IND_kr,IND_sk
instances/A3/symmetric/50.3.in,0.2813000000,0.0696477566,0.7300771609,3.1390196597,-0.1545601889,0.1617000000,0.0362713385,0.5376160806,2.7517607945,-0.0444168330,0.5570000000,0.0560535458,0.6777111984,2.7514758669,0.2718171388,0.0792000000,0.0168926019,0.4783529693,2.7088188429,-0.3240603228
