Instance,INF_avg,INF_sd,INF_r1,INF_kr,INF_sk,SUP_avg,SUP_sd,SUP_r1,SUP_kr,SUP_sk,INC_avg,INC_sd,INC_r1,INC_kr,INC_sk,IND_avg,IND_sd,IND_r1,IND_kr,IND_sk
instances/A2/asymmetric/5.3.in,0.5400000000,0.0602873776,0.5306675703,1.6943303993,-0.4570500312,0.0611111111,0.0509175077,0.3143812709,1.2091836735,-0.2961528510,0.3988888889,0.0365823947,-0.0638494187,2.5545437834,-0.7417248524,0.4333333333,0.1032795559,-0.6808510638,1.7447916667,0.5244664948
