Instance,INF_avg,INF_sd,INF_r1,INF_kr,INF_sk,SUP_avg,SUP_sd,SUP_r1,SUP_kr,SUP_sk,INC_avg,INC_sd,INC_r1,INC_kr,INC_sk,IND_avg,IND_sd,IND_r1,IND_kr,IND_sk
instances/A2/asymmetric/200.4.in,0.4329166667,0.0665715467,0.5014095210,2.2386299601,0.0488273548,0.1004166667,0.0510565455,0.7841405515,1.9284711426,-0.0592334146,0.4666666667,0.0407907942,-0.0222056354,2.1388903598,-0.0477482882,0.0918055556,0.0242857062,0.1676692965,2.8062835158,0.7723809888
