Instance,INF_avg,INF_sd,INF_r1,INF_kr,INF_sk,SUP_avg,SUP_sd,SUP_r1,SUP_kr,SUP_sk,INC_avg,INC_sd,INC_r1,INC_kr,INC_sk,IND_avg,IND_sd,IND_r1,IND_kr,IND_sk
instances/A2/asymmetric/5.4.in,0.4511111111,0.1273858724,0.0041389690,3.1234116666,-1.3878656893,0.0766666667,0.0679869268,0.1080680977,1.3575490015,0.0063643457,0.4722222222,0.1111111111,0.3272727273,2.3781250000,0.6562500000,0.3444444444,0.0715783263,-0.4447806354,2.1150384671,-0.5863209393
