Instance,INF_avg,INF_sd,INF_r1,INF_kr,INF_sk,SUP_avg,SUP_sd,SUP_r1,SUP_kr,SUP_sk,INC_avg,INC_sd,INC_r1,INC_kr,INC_sk,IND_avg,IND_sd,IND_r1,IND_kr,IND_sk
instances/A3/symmetric/200.4.in,0.2890000000,0.0388522844,0.2248632660,3.1225743637,0.1112067422,0.1549500000,0.0307204736,0.3422604919,3.0089524968,0.0296737467,0.5560500000,0.0357791490,-0.0503834833,2.8585024350,-0.1330137118,0.0765500000,0.0203309493,-0.0643586297,2.5903264549,0.5643863636
