Instance,INF_avg,INF_sd,INF_r1,INF_kr,INF_sk,SUP_avg,SUP_sd,SUP_r1,SUP_kr,SUP_sk,INC_avg,INC_sd,INC_r1,INC_kr,INC_sk,IND_avg,IND_sd,IND_r1,IND_kr,IND_sk
instances/A2/symmetric/5.4.in,0.2500000000,0.2236067977,0.6666666667,1.2500000000,0.0000000000,0.3866666667,0.2303137956,0.7289755597,1.3524645348,-0.1124674569,0.3633333333,0.0371184291,-0.7170329670,1.2989073881,0.4692912730,0.3166666667,0.0333333333,-0.3157894737,3.2500000000,-1.5000000000
