Instance,INF_avg,INF_sd,INF_r1,INF_kr,INF_sk,SUP_avg,SUP_sd,SUP_r1,SUP_kr,SUP_sk,INC_avg,INC_sd,INC_r1,INC_kr,INC_sk,IND_avg,IND_sd,IND_r1,IND_kr,IND_sk
instances/A2/asymmetric/5.5.in,0.5511111111,0.0569166599,-0.5368852459,2.6848602023,-1.0627434041,0.1333333333,0.1295767088,-0.1797752809,1.6280276817,0.3631734744,0.3155555556,0.0800000000,-0.0390161154,1.2381115684,-0.1625514403,0.4266666667,0.0217732422,0.0384615385,1.1666666667,-0.4082482905
