Instance,INF_avg,INF_sd,INF_r1,INF_kr,INF_sk,SUP_avg,SUP_sd,SUP_r1,SUP_kr,SUP_sk,INC_avg,INC_sd,INC_r1,INC_kr,INC_sk,IND_avg,IND_sd,IND_r1,IND_kr,IND_sk
instances/A3/asymmetric/5.1.in,0.3222222222,0.1653652896,-0.1378611252,2.9854445118,-1.3243362501,0.0688888889,0.0372843594,-0.2732919255,2.6688114611,-0.9478622856,0.6088888889,0.1785262024,-0.2267671867,2.3831738981,0.9601621937,0.4233333333,0.0827311576,0.6363249681,1.3327816664,0.1142018584
