Instance,INF_avg,INF_sd,INF_r1,INF_kr,INF_sk,SUP_avg,SUP_sd,SUP_r1,SUP_kr,SUP_sk,INC_avg,INC_sd,INC_r1,INC_kr,INC_sk,IND_avg,IND_sd,IND_r1,IND_kr,IND_sk
instances/A3/asymmetric/5.1.in,0.4456790123,0.1850513920,0.3190760120,3.9685066021,-1.3201567138,0.0382716049,0.0440915344,0.1696059324,1.4044832343,0.4045198462,0.5160493827,0.1687614132,0.1578280134,4.3267783439,1.6054955653,0.4129629630,0.0627447198,0.5212486628,2.4936505239,0.6229319152
