Instance,INF_avg,INF_sd,INF_r1,INF_kr,INF_sk,SUP_avg,SUP_sd,SUP_r1,SUP_kr,SUP_sk,INC_avg,INC_sd,INC_r1,INC_kr,INC_sk,IND_avg,IND_sd,IND_r1,IND_kr,IND_sk
instances/A2/symmetric/10.2.in,0.4486016629,0.1227101253,0.6965099670,2.3218710637,-0.6523252474,0.1814751827,0.1302754056,0.5200027884,3.1031155432,0.8889070971,0.3699231544,0.0347611347,-0.2219851411,2.3503670021,-0.8518848814,0.1639140842,0.0427488774,0.4906152905,1.6004742588,0.1923192183
