Instance,INF_avg,INF_sd,INF_r1,INF_kr,INF_sk,SUP_avg,SUP_sd,SUP_r1,SUP_kr,SUP_sk,INC_avg,INC_sd,INC_r1,INC_kr,INC_sk,IND_avg,IND_sd,IND_r1,IND_kr,IND_sk
instances/A3/symmetric/10.3.in,0.1287101787,0.0514347812,0.2642048139,2.5159516603,-1.0532485644,0.2030691531,0.0174379991,0.1765769613,2.5724031955,0.2268806366,0.6682206682,0.0423667111,0.2326316294,2.0077658380,0.6408485618,0.2517482517,0.0281535486,-0.0008572653,4.3817612889,-1.5770091493
