Instance,INF_avg,INF_sd,INF_r1,INF_kr,INF_sk,SUP_avg,SUP_sd,SUP_r1,SUP_kr,SUP_sk,INC_avg,INC_sd,INC_r1,INC_kr,INC_sk,IND_avg,IND_sd,IND_r1,IND_kr,IND_sk
instances/A3/asymmetric/8.6.in,0.0111111111,0.0136082763,-0.5384615385,1.1666666667,0.4082482905,0.1500000000,0.0571979452,-0.2176165803,2.2821288715,0.6927284075,0.8388888889,0.0689426314,-0.2979094077,2.0324675325,-0.6216348580,0.2611111111,0.0484322105,0.3127962085,1.7957063712,0.0543353054
