Instance,INF_avg,INF_sd,INF_r1,INF_kr,INF_sk,SUP_avg,SUP_sd,SUP_r1,SUP_kr,SUP_sk,INC_avg,INC_sd,INC_r1,INC_kr,INC_sk,IND_avg,IND_sd,IND_r1,IND_kr,IND_sk
instances/A3/asymmetric/8.6.in,0.6038868539,0.0762158864,-0.4170554409,3.8098758191,-1.4196017228,0.0562067562,0.0362393126,0.3138089521,2.2285613302,-0.2013990419,0.3399063899,0.0624685152,-0.3299315770,2.2696989730,0.3536584135,0.2826516077,0.1008651874,0.4723149873,2.9803882646,0.8049258177
