Instance,INF_avg,INF_sd,INF_r1,INF_kr,INF_sk,SUP_avg,SUP_sd,SUP_r1,SUP_kr,SUP_sk,INC_avg,INC_sd,INC_r1,INC_kr,INC_sk,IND_avg,IND_sd,IND_r1,IND_kr,IND_sk
instances/A3/asymmetric/8.6.in,0.6214285714,0.0522454959,-0.7462741266,2.6625113628,-1.0448287913,0.0457142857,0.0387561713,0.4535659312,1.3416999230,-0.1759331554,0.3328571429,0.0540879858,-0.7202870326,1.1695504380,-0.4032483555,0.3426190476,0.0923011437,0.3406079189,2.1141296785,0.5979923999
