Instance,INF_avg,INF_sd,INF_r1,INF_kr,INF_sk,SUP_avg,SUP_sd,SUP_r1,SUP_kr,SUP_sk,INC_avg,INC_sd,INC_r1,INC_kr,INC_sk,IND_avg,IND_sd,IND_r1,IND_kr,IND_sk
instances/A2/asymmetric/10.6.in,0.5850823045,0.0545691200,0.1759136740,2.4920114309,-0.8962511715,0.2123033164,0.0638928972,0.1639235368,2.0768757909,0.6535804286,0.2026143791,0.0176214882,-0.3490489680,2.4619133373,0.1881526563,0.1723856209,0.0256979043,0.1012609160,2.2303424611,0.6984597729
