Instance,INF_avg,INF_sd,INF_r1,INF_kr,INF_sk,SUP_avg,SUP_sd,SUP_r1,SUP_kr,SUP_sk,INC_avg,INC_sd,INC_r1,INC_kr,INC_sk,IND_avg,IND_sd,IND_r1,IND_kr,IND_sk
instances/A1/symmetric/8.6.in,0.4698440448,0.1152891219,0.8739347248,2.3810738530,-0.4485833444,0.1618973619,0.0655674278,0.2925863175,4.4233707655,-1.4131766157,0.3682585933,0.0733516170,0.7575683561,2.4995859927,0.4611233451,0.2262672513,0.0642326489,0.1668542967,3.6124638069,1.0408745147
