Instance,INF_avg,INF_sd,INF_r1,INF_kr,INF_sk,SUP_avg,SUP_sd,SUP_r1,SUP_kr,SUP_sk,INC_avg,INC_sd,INC_r1,INC_kr,INC_sk,IND_avg,IND_sd,IND_r1,IND_kr,IND_sk
instances/A1/asymmetric/8.4.in,0.2890909091,0.0540584318,-0.8785427329,2.3270125585,-0.3028887654,0.2218181818,0.0739145512,-0.7902487101,3.0459785012,1.3582288502,0.4890909091,0.0386930659,0.0722557905,1.8266751640,0.0416406724,0.1751515152,0.0319779538,-0.1385164675,1.3601599658,0.0863071749
