Instance,INF_avg,INF_sd,INF_r1,INF_kr,INF_sk,SUP_avg,SUP_sd,SUP_r1,SUP_kr,SUP_sk,INC_avg,INC_sd,INC_r1,INC_kr,INC_sk,IND_avg,IND_sd,IND_r1,IND_kr,IND_sk
instances/A2/asymmetric/200.6.in,0.3824000000,0.0310199936,-0.3619406709,3.8613630882,-0.7934003485,0.1650000000,0.0256124969,-0.1145038168,2.8796103510,-0.0107131392,0.4526000000,0.0362524482,-0.2943717981,3.5877047227,-0.1820496178,0.0480000000,0.0103923048,0.2417955488,2.0627572016,-0.1817584181
