Instance,INF_avg,INF_sd,INF_r1,INF_kr,INF_sk,SUP_avg,SUP_sd,SUP_r1,SUP_kr,SUP_sk,INC_avg,INC_sd,INC_r1,INC_kr,INC_sk,IND_avg,IND_sd,IND_r1,IND_kr,IND_sk
instances/A2/asymmetric/5.2.in,0.2095959596,0.1229089979,0.4594956803,1.7536413836,-0.5271113670,0.1545454545,0.1232157631,0.5475918940,1.6480108611,0.2680489769,0.6358585859,0.0447418881,-0.0199112683,2.9015744871,0.8701035464,0.3703703704,0.0936949985,-0.1003414086,2.0749261508,0.2822439422
