Instance,INF_avg,INF_sd,INF_r1,INF_kr,INF_sk,SUP_avg,SUP_sd,SUP_r1,SUP_kr,SUP_sk,INC_avg,INC_sd,INC_r1,INC_kr,INC_sk,IND_avg,IND_sd,IND_r1,IND_kr,IND_sk
instances/A2/symmetric/5.2.in,0.2626984127,0.0961333583,0.3263124857,1.3972766843,-0.4695996353,0.1896825397,0.0588051859,-0.4895044273,1.9053979914,-0.3199034422,0.5476190476,0.1004462204,0.6529072348,2.0846625661,0.4412822510,0.2473544974,0.0612855112,0.0183866473,2.8287083506,-0.2961174035
