Instance,INF_avg,INF_sd,INF_r1,INF_kr,INF_sk,SUP_avg,SUP_sd,SUP_r1,SUP_kr,SUP_sk,INC_avg,INC_sd,INC_r1,INC_kr,INC_sk,IND_avg,IND_sd,IND_r1,IND_kr,IND_sk
instances/A2/asymmetric/50.3.in,0.6680000000,0.1009752445,0.3036820268,1.2385418801,0.2393138102,0.1110000000,0.0228910463,0.1580756014,2.3686411048,0.4711999359,0.2210000000,0.0837496269,0.1894202984,1.3752437688,-0.2793878873,0.0370000000,0.0087177979,0.4703389831,1.7957063712,0.0543353054
