Instance,INF_avg,INF_sd,INF_r1,INF_kr,INF_sk,SUP_avg,SUP_sd,SUP_r1,SUP_kr,SUP_sk,INC_avg,INC_sd,INC_r1,INC_kr,INC_sk,IND_avg,IND_sd,IND_r1,IND_kr,IND_sk
instances/A3/asymmetric/200.3.in,0.3329000000,0.0502303693,0.2451857426,7.6244219748,-1.5968878869,0.1286000000,0.0355392740,0.3357582316,5.3745244702,0.6307434458,0.5385000000,0.0541779475,0.4466040635,6.0801535318,0.9923199860,0.0756000000,0.0217172742,0.1595169302,2.7717912306,0.6493218714
