Instance,INF_avg,INF_sd,INF_r1,INF_kr,INF_sk,SUP_avg,SUP_sd,SUP_r1,SUP_kr,SUP_sk,INC_avg,INC_sd,INC_r1,INC_kr,INC_sk,IND_avg,IND_sd,IND_r1,IND_kr,IND_sk
instances/A1/symmetric/50.4.in,0.4720000000,0.0268514432,0.1034532582,2.8476534171,-0.5118314067,0.1425000000,0.0301869177,0.1857258719,1.8095423575,0.2385684475,0.3855000000,0.0256368875,-0.7058782705,2.7230547709,0.7167128541,0.0625000000,0.0084409715,0.5238095238,2.2853185596,-0.6858776479
