Instance,INF_avg,INF_sd,INF_r1,INF_kr,INF_sk,SUP_avg,SUP_sd,SUP_r1,SUP_kr,SUP_sk,INC_avg,INC_sd,INC_r1,INC_kr,INC_sk,IND_avg,IND_sd,IND_r1,IND_kr,IND_sk
instances/A2/symmetric/5.1.in,0.5911111111,0.0177777778,-0.3157894737,3.2500000000,-1.5000000000,0.0222222222,0.0444444444,-0.3157894737,3.2500000000,1.5000000000,0.3866666667,0.0266666667,-0.3157894737,3.2500000000,-1.5000000000,0.4888888889,0.0921619616,-0.6885245902,1.2020010817,0.3196260566
