Instance,INF_avg,INF_sd,INF_r1,INF_kr,INF_sk,SUP_avg,SUP_sd,SUP_r1,SUP_kr,SUP_sk,INC_avg,INC_sd,INC_r1,INC_kr,INC_sk,IND_avg,IND_sd,IND_r1,IND_kr,IND_sk
instances/A2/symmetric/5.1.in,0.5543209877,0.0845295939,0.1689934420,5.2661238774,-1.9096241399,0.0586419753,0.1051196689,-0.0174441018,5.2526575505,1.8821420484,0.3870370370,0.0291629921,-0.4438259109,2.6999219563,-1.2126463739,0.4253086420,0.1070591772,0.1199543312,2.4362482582,0.4018998927
