Instance,INF_avg,INF_sd,INF_r1,INF_kr,INF_sk,SUP_avg,SUP_sd,SUP_r1,SUP_kr,SUP_sk,INC_avg,INC_sd,INC_r1,INC_kr,INC_sk,IND_avg,IND_sd,IND_r1,IND_kr,IND_sk
instances/A1/asymmetric/10.3.in,0.6603850123,0.0704988909,0.8110671937,1.7045047082,-0.3580142220,0.0894035376,0.0687308089,0.6712175832,1.9795265837,0.3255531912,0.2502114501,0.0127779826,-0.2648934944,1.6413892798,-0.2498444860,0.1931441830,0.0717659029,0.3954899314,2.0147575427,0.7117091198
