Instance,INF_avg,INF_sd,INF_r1,INF_kr,INF_sk,SUP_avg,SUP_sd,SUP_r1,SUP_kr,SUP_sk,INC_avg,INC_sd,INC_r1,INC_kr,INC_sk,IND_avg,IND_sd,IND_r1,IND_kr,IND_sk
instances/A1/asymmetric/10.3.in,0.5298011515,0.1603293152,0.9002369564,1.5321892639,-0.1166374290,0.1579647451,0.1001126406,0.7691461760,1.7961424016,-0.0300239604,0.3122341034,0.0729352059,0.5605901259,1.4054379526,0.3780810478,0.1712261426,0.0601701768,0.3912023507,3.9809302155,1.4501007949
