Instance,INF_avg,INF_sd,INF_r1,INF_kr,INF_sk,SUP_avg,SUP_sd,SUP_r1,SUP_kr,SUP_sk,INC_avg,INC_sd,INC_r1,INC_kr,INC_sk,IND_avg,IND_sd,IND_r1,IND_kr,IND_sk
instances/A3/asymmetric/200.6.in,0.2882000000,0.0387396438,0.2808301313,3.4202196404,0.2455315475,0.1425000000,0.0306634962,0.5285704738,3.4811879658,0.3673084732,0.5693000000,0.0392620682,0.1470605135,2.7540003270,-0.0914114934,0.0939000000,0.0219838577,0.2902682183,2.5951388931,0.1688243900
