Instance,INF_avg,INF_sd,INF_r1,INF_kr,INF_sk,SUP_avg,SUP_sd,SUP_r1,SUP_kr,SUP_sk,INC_avg,INC_sd,INC_r1,INC_kr,INC_sk,IND_avg,IND_sd,IND_r1,IND_kr,IND_sk
instances/A2/symmetric/100.3.in,0.6115000000,0.1159018982,0.8394532723,3.6785642187,0.9080537788,0.1502000000,0.0588808967,0.7501345876,2.9253906903,-0.6524526094,0.2383000000,0.0679161984,0.8519618814,2.9319081041,-0.5182359979,0.0477000000,0.0098086696,0.3752614350,3.1241378783,-0.2346994308
