Instance,INF_avg,INF_sd,INF_r1,INF_kr,INF_sk,SUP_avg,SUP_sd,SUP_r1,SUP_kr,SUP_sk,INC_avg,INC_sd,INC_r1,INC_kr,INC_sk,IND_avg,IND_sd,IND_r1,IND_kr,IND_sk
instances/A3/symmetric/50.4.in,0.4325714286,0.1649301646,0.9625817946,2.8730021640,0.8486293485,0.0405714286,0.0236574189,0.4445758795,2.7784985751,0.3591015544,0.5268571429,0.1543238048,0.9363812892,2.8294198201,-0.8408658570,0.1885714286,0.0558130992,0.4711215581,2.4639881070,0.1864134553
