Instance,INF_avg,INF_sd,INF_r1,INF_kr,INF_sk,SUP_avg,SUP_sd,SUP_r1,SUP_kr,SUP_sk,INC_avg,INC_sd,INC_r1,INC_kr,INC_sk,IND_avg,IND_sd,IND_r1,IND_kr,IND_sk
instances/A2/asymmetric/5.3.in,0.4222222222,0.1420745761,-0.8211346903,1.1919170665,-0.3490578973,0.1166666667,0.1130388331,-0.9277108434,1.2296786389,0.2115471545,0.4611111111,0.0333333333,-0.2977099237,1.3981481481,0.1111111111,0.4833333333,0.1527525232,-1.0058997050,1.2091836735,0.2961528510
