Instance,INF_avg,INF_sd,INF_r1,INF_kr,INF_sk,SUP_avg,SUP_sd,SUP_r1,SUP_kr,SUP_sk,INC_avg,INC_sd,INC_r1,INC_kr,INC_sk,IND_avg,IND_sd,IND_r1,IND_kr,IND_sk
instances/A2/asymmetric/5.6.in,0.2966666667,0.1127435635,-0.7008504252,2.3401908406,0.9137947420,0.1866666667,0.0694422222,-0.8403639371,1.5411348723,-0.2906636793,0.5166666667,0.0596284794,0.1071428571,2.3486328125,-0.3930588242,0.3666666667,0.0586893895,-0.0754716981,1.9380853278,-0.7420146544
