Instance,INF_avg,INF_sd,INF_r1,INF_kr,INF_sk,SUP_avg,SUP_sd,SUP_r1,SUP_kr,SUP_sk,INC_avg,INC_sd,INC_r1,INC_kr,INC_sk,IND_avg,IND_sd,IND_r1,IND_kr,IND_sk
instances/A1/symmetric/50.6.in,0.5314000000,0.0468939228,0.4896095650,1.8467678266,-0.2178370910,0.1190000000,0.0388072158,0.7065226155,2.4837409988,-0.0257684036,0.3496000000,0.0410346195,0.6672131741,2.4781131007,-0.2392235686,0.0480000000,0.0093808315,0.2304189435,3.0655991736,-0.4288241681
