Instance,INF_avg,INF_sd,INF_r1,INF_kr,INF_sk,SUP_avg,SUP_sd,SUP_r1,SUP_kr,SUP_sk,INC_avg,INC_sd,INC_r1,INC_kr,INC_sk,IND_avg,IND_sd,IND_r1,IND_kr,IND_sk
instances/A3/symmetric/8.5.in,0.3775824176,0.0779699908,-0.0678453840,2.6962738964,1.0727222723,0.1290842491,0.0192586228,-0.5416318559,1.6908996771,-0.2604309127,0.4933333333,0.0887727710,-0.1648541903,2.3134460418,-0.9284086268,0.2447619048,0.0372110694,-0.4526790526,1.9202510587,0.0736970236
