Instance,INF_avg,INF_sd,INF_r1,INF_kr,INF_sk,SUP_avg,SUP_sd,SUP_r1,SUP_kr,SUP_sk,INC_avg,INC_sd,INC_r1,INC_kr,INC_sk,IND_avg,IND_sd,IND_r1,IND_kr,IND_sk
instances/A1/asymmetric/10.2.in,0.5365465984,0.1362092514,0.4993920670,1.8364244201,0.0588506073,0.1212092110,0.0711639040,0.3800615622,2.0982834163,-0.6324182977,0.3422441906,0.0824471472,0.3707762478,2.3468641398,0.8351052700,0.1648525067,0.0505270754,-0.1830766404,2.6673129117,1.0430375875
