Instance,INF_avg,INF_sd,INF_r1,INF_kr,INF_sk,SUP_avg,SUP_sd,SUP_r1,SUP_kr,SUP_sk,INC_avg,INC_sd,INC_r1,INC_kr,INC_sk,IND_avg,IND_sd,IND_r1,IND_kr,IND_sk
instances/A1/symmetric/5.5.in,0.1634038801,0.1174903701,0.2151200683,4.1288077137,1.2087852649,0.2558201058,0.1383099549,0.1009594973,2.5429510737,-0.1242075533,0.5807760141,0.0983285880,0.0717148553,2.6773827940,1.0365795118,0.4253086420,0.0727762771,-0.5283008339,3.4073978688,0.0461407856
