Instance,INF_avg,INF_sd,INF_r1,INF_kr,INF_sk,SUP_avg,SUP_sd,SUP_r1,SUP_kr,SUP_sk,INC_avg,INC_sd,INC_r1,INC_kr,INC_sk,IND_avg,IND_sd,IND_r1,IND_kr,IND_sk
instances/A3/asymmetric/5.2.in,0.2641975309,0.2357475212,0.7969039184,1.4030672579,0.3272703792,0.1740740741,0.0794355948,-0.0592187111,3.0416257089,-0.8552690839,0.5617283951,0.1929562884,0.8602706418,1.7558242428,-0.4572839994,0.3845679012,0.0386480885,-0.5730197663,1.7337854019,-0.2714410508
