Instance,INF_avg,INF_sd,INF_r1,INF_kr,INF_sk,SUP_avg,SUP_sd,SUP_r1,SUP_kr,SUP_sk,INC_avg,INC_sd,INC_r1,INC_kr,INC_sk,IND_avg,IND_sd,IND_r1,IND_kr,IND_sk
instances/A2/asymmetric/8.5.in,0.3506518173,0.1619405791,0.6180202382,1.7268473377,0.1474294742,0.2474617975,0.1323921240,0.7283165208,2.1284184684,0.4573980365,0.4018863852,0.0595689676,0.3888296789,3.2211350705,-0.8543831448,0.1902918070,0.0405571103,0.3573029909,2.3715188602,0.3820770066
