Instance,INF_avg,INF_sd,INF_r1,INF_kr,INF_sk,SUP_avg,SUP_sd,SUP_r1,SUP_kr,SUP_sk,INC_avg,INC_sd,INC_r1,INC_kr,INC_sk,IND_avg,IND_sd,IND_r1,IND_kr,IND_sk
instances/A2/asymmetric/20.6.in,0.5053333333,0.1510349481,0.8449028404,2.4459230852,-0.7888340758,0.0986666667,0.0836553777,0.6290704946,3.7786390529,1.1715345504,0.3960000000,0.0754365075,0.7827963952,3.5790161345,1.0211235006,0.0986666667,0.0212498366,0.2800105300,2.6488894228,-0.2422745200
