Instance,INF_avg,INF_sd,INF_r1,INF_kr,INF_sk,SUP_avg,SUP_sd,SUP_r1,SUP_kr,SUP_sk,INC_avg,INC_sd,INC_r1,INC_kr,INC_sk,IND_avg,IND_sd,IND_r1,IND_kr,IND_sk
instances/A1/asymmetric/20.5.in,0.6362333252,0.0319897095,-0.2947322969,3.2091256645,-1.4689683481,0.0946441499,0.0274662818,0.1716983189,2.4851533476,-0.7714447036,0.2691225249,0.0414105790,0.3014769897,1.5454845977,0.1699014703,0.0884652427,0.0197693155,0.3663331063,1.5284778622,-0.0078178276
