Instance,INF_avg,INF_sd,INF_r1,INF_kr,INF_sk,SUP_avg,SUP_sd,SUP_r1,SUP_kr,SUP_sk,INC_avg,INC_sd,INC_r1,INC_kr,INC_sk,IND_avg,IND_sd,IND_r1,IND_kr,IND_sk
instances/A1/symmetric/10.6.in,0.5669005848,0.0752671337,-0.2112332634,2.4434092744,0.6948291377,0.0822612086,0.0510765886,-0.1998987059,1.9385057640,-0.4087143502,0.3508382066,0.0471332614,-0.3909777176,1.6220430839,0.1210760214,0.1769590643,0.0641332527,-0.0223944316,2.9364864927,1.1800718652
