Instance,INF_avg,INF_sd,INF_r1,INF_kr,INF_sk,SUP_avg,SUP_sd,SUP_r1,SUP_kr,SUP_sk,INC_avg,INC_sd,INC_r1,INC_kr,INC_sk,IND_avg,IND_sd,IND_r1,IND_kr,IND_sk
instances/A1/asymmetric/20.5.in,0.6565904000,0.0718692752,0.5526779235,2.4506783455,0.4725742154,0.0826513321,0.0358689790,0.3848150253,3.4475003357,-1.1668982406,0.2607582679,0.0460114408,0.6470091072,1.6522100163,0.1824962068,0.0982744048,0.0404940780,0.4208130728,4.5655050484,1.6521683721
