Instance,INF_avg,INF_sd,INF_r1,INF_kr,INF_sk,SUP_avg,SUP_sd,SUP_r1,SUP_kr,SUP_sk,INC_avg,INC_sd,INC_r1,INC_kr,INC_sk,IND_avg,IND_sd,IND_r1,IND_kr,IND_sk
instances/A2/asymmetric/200.3.in,0.3977500000,0.0399147529,0.3962089716,3.2015380479,0.0029352304,0.2184000000,0.0310151576,0.3988716697,2.5640433599,0.1779439485,0.3838500000,0.0347911986,0.3903367199,3.2524629870,0.3745645426,0.0468500000,0.0098907785,0.1269338306,2.2300457852,-0.0392978892
