Instance,INF_avg,INF_sd,INF_r1,INF_kr,INF_sk,SUP_avg,SUP_sd,SUP_r1,SUP_kr,SUP_sk,INC_avg,INC_sd,INC_r1,INC_kr,INC_sk,IND_avg,IND_sd,IND_r1,IND_kr,IND_sk
instances/A1/asymmetric/10.2.in,0.4928571429,0.1907289989,0.5437122066,2.1697959553,-0.7008930257,0.0500000000,0.0731925055,0.5862068966,2.7066666667,1.0930080817,0.4571428571,0.1347711590,0.2886178862,1.6519378866,0.2858421249,0.3857142857,0.0638876565,0.1680327869,2.3900000000,0.1341640786
