Instance,INF_avg,INF_sd,INF_r1,INF_kr,INF_sk,SUP_avg,SUP_sd,SUP_r1,SUP_kr,SUP_sk,INC_avg,INC_sd,INC_r1,INC_kr,INC_sk,IND_avg,IND_sd,IND_r1,IND_kr,IND_sk
instances/A1/symmetric/100.5.in,0.7235363065,0.1603407266,0.8975232866,2.8924221275,-0.6391537411,0.0295292548,0.0414616742,0.7938216053,7.0666788565,2.1312837227,0.2469344387,0.1255356551,0.9088337196,2.3388071215,0.2195050654,0.0527568134,0.0153939234,0.6535786492,3.0041765990,-0.1171055572
