Instance,INF_avg,INF_sd,INF_r1,INF_kr,INF_sk,SUP_avg,SUP_sd,SUP_r1,SUP_kr,SUP_sk,INC_avg,INC_sd,INC_r1,INC_kr,INC_sk,IND_avg,IND_sd,IND_r1,IND_kr,IND_sk
instances/A1/asymmetric/5.4.in,0.4311111111,0.1315904608,0.1586510870,1.4812854329,-0.0117607467,0.2222222222,0.1610152972,-0.2941176471,2.5000000000,0.4929039710,0.3466666667,0.0917995670,-0.0409999624,1.2691370502,-0.3621949630,0.3466666667,0.0917995670,0.1031464474,1.2691370502,-0.3621949630
