Instance,INF_avg,INF_sd,INF_r1,INF_kr,INF_sk,SUP_avg,SUP_sd,SUP_r1,SUP_kr,SUP_sk,INC_avg,INC_sd,INC_r1,INC_kr,INC_sk,IND_avg,IND_sd,IND_r1,IND_kr,IND_sk
instances/A2/symmetric/20.5.in,0.6136190757,0.0284452684,-0.0501734557,1.9096939458,0.5930390693,0.0886671438,0.0203254406,0.1641620750,1.7767630541,-0.2870651079,0.2977137805,0.0216337591,-0.3227407597,2.0828548756,0.3853881917,0.0650611202,0.0066435795,-0.0528498637,2.4516075833,-0.9760976676
