Instance,INF_avg,INF_sd,INF_r1,INF_kr,INF_sk,SUP_avg,SUP_sd,SUP_r1,SUP_kr,SUP_sk,INC_avg,INC_sd,INC_r1,INC_kr,INC_sk,IND_avg,IND_sd,IND_r1,IND_kr,IND_sk
instances/A1/symmetric/8.4.in,0.4391670399,0.0846476589,-0.1289496782,1.3091337108,-0.0414995978,0.2340269692,0.1023910726,-0.0165062202,2.0812292570,0.5778906128,0.3268059909,0.0592218372,0.1970453109,2.2766070505,-0.0839678529,0.2084622912,0.0213050340,0.0817789778,2.3268241332,-0.3888556444
