Instance,INF_avg,INF_sd,INF_r1,INF_kr,INF_sk,SUP_avg,SUP_sd,SUP_r1,SUP_kr,SUP_sk,INC_avg,INC_sd,INC_r1,INC_kr,INC_sk,IND_avg,IND_sd,IND_r1,IND_kr,IND_sk
instances/A1/asymmetric/50.1.in,0.4373500000,0.0872824581,0.7165023601,3.1868459228,0.2558131205,0.1930500000,0.0456502738,0.6366700539,2.3035075270,-0.2557503710,0.3696000000,0.0576787656,0.6706398142,3.1831759602,0.2205180449,0.0850500000,0.0260239793,0.7740256643,1.8932711637,0.0483505513
