Instance,INF_avg,INF_sd,INF_r1,INF_kr,INF_sk,SUP_avg,SUP_sd,SUP_r1,SUP_kr,SUP_sk,INC_avg,INC_sd,INC_r1,INC_kr,INC_sk,IND_avg,IND_sd,IND_r1,IND_kr,IND_sk
instances/A1/symmetric/200.4.in,0.6389639640,0.1865634171,0.9633896661,1.9037871243,-0.0938764360,0.0571171171,0.0520505192,0.8976358117,2.7701544512,0.7848194632,0.3039189189,0.1385972281,0.9539031941,1.8663667659,-0.0810564951,0.0535585586,0.0160431202,0.4051410083,3.0338293348,0.2157247137
