Instance,INF_avg,INF_sd,INF_r1,INF_kr,INF_sk,SUP_avg,SUP_sd,SUP_r1,SUP_kr,SUP_sk,INC_avg,INC_sd,INC_r1,INC_kr,INC_sk,IND_avg,IND_sd,IND_r1,IND_kr,IND_sk
instances/A1/symmetric/100.6.in,0.3458000000,0.0339169574,0.1109945875,2.6660036406,0.4425955828,0.1510000000,0.0209045450,0.2073058096,2.3270530819,-0.1934257966,0.5032000000,0.0286663566,-0.0144532642,2.7141981531,-0.3615363900,0.0600000000,0.0148996644,0.2860759494,3.0344533723,0.5079018796
