Instance,INF_avg,INF_sd,INF_r1,INF_kr,INF_sk,SUP_avg,SUP_sd,SUP_r1,SUP_kr,SUP_sk,INC_avg,INC_sd,INC_r1,INC_kr,INC_sk,IND_avg,IND_sd,IND_r1,IND_kr,IND_sk
instances/A1/asymmetric/5.3.in,0.3155555556,0.1964625432,0.7127247092,1.5790515532,0.0973895648,0.1622222222,0.1007625249,0.7949909109,1.8186053158,-0.4151868853,0.5222222222,0.0983819716,0.5756457565,1.5625000000,0.2471969964,0.3500000000,0.0537483850,-0.1395348837,1.7825443787,-0.2146755022
