Instance,INF_avg,INF_sd,INF_r1,INF_kr,INF_sk,SUP_avg,SUP_sd,SUP_r1,SUP_kr,SUP_sk,INC_avg,INC_sd,INC_r1,INC_kr,INC_sk,IND_avg,IND_sd,IND_r1,IND_kr,IND_sk
instances/A1/symmetric/50.6.in,0.3150500000,0.0407706696,0.4557978650,2.8563623843,-0.0286713914,0.1905500000,0.0489382008,0.7202802105,2.2543514910,0.1045559551,0.4944000000,0.0494230715,0.5428270538,2.3319353750,-0.1918282004,0.0565000000,0.0141332940,0.2535056885,2.8783617194,0.3233118776
