Instance,INF_avg,INF_sd,INF_r1,INF_kr,INF_sk,SUP_avg,SUP_sd,SUP_r1,SUP_kr,SUP_sk,INC_avg,INC_sd,INC_r1,INC_kr,INC_sk,IND_avg,IND_sd,IND_r1,IND_kr,IND_sk
instances/A2/symmetric/10.2.in,0.5582381101,0.1264880584,0.8139885431,1.7763662840,-0.2081984232,0.1603808190,0.0958815761,1.0896267506,3.1245464432,1.0394201888,0.2813810709,0.0555845419,0.3462733205,1.9510908003,-0.1349441049,0.1690392824,0.0443249048,0.0677057391,2.2418598697,-0.0672658637
