Instance,INF_avg,INF_sd,INF_r1,INF_kr,INF_sk,SUP_avg,SUP_sd,SUP_r1,SUP_kr,SUP_sk,INC_avg,INC_sd,INC_r1,INC_kr,INC_sk,IND_avg,IND_sd,IND_r1,IND_kr,IND_sk
instances/A2/symmetric/10.2.in,0.6505882353,0.0782684583,-0.1086750147,2.8539672016,-1.2532901312,0.0997058824,0.0407583817,-0.0929086429,2.7472667857,1.0853454404,0.2497058824,0.0498475184,-0.2996714093,1.4174377415,0.4325526926,0.1691176471,0.0497919547,0.2087941732,2.0539147032,-0.3570746048
