Instance,INF_avg,INF_sd,INF_r1,INF_kr,INF_sk,SUP_avg,SUP_sd,SUP_r1,SUP_kr,SUP_sk,INC_avg,INC_sd,INC_r1,INC_kr,INC_sk,IND_avg,IND_sd,IND_r1,IND_kr,IND_sk
instances/A3/symmetric/10.2.in,0.3048261263,0.0598681215,0.4575758818,2.5596830276,-0.8458962941,0.1359798931,0.0252059025,0.1028919939,2.3809688385,0.7383636936,0.5591939806,0.0559537562,0.6936740778,3.6461957108,1.2351112066,0.1946593089,0.0269636143,0.1594329749,2.2072713662,-0.6381239051
