Instance,INF_avg,INF_sd,INF_r1,INF_kr,INF_sk,SUP_avg,SUP_sd,SUP_r1,SUP_kr,SUP_sk,INC_avg,INC_sd,INC_r1,INC_kr,INC_sk,IND_avg,IND_sd,IND_r1,IND_kr,IND_sk
instances/A1/asymmetric/50.6.in,0.3695000000,0.0569407587,0.8057180063,2.3080740035,-0.1829417169,0.1705000000,0.0383699101,-0.0951907825,1.6669723732,-0.1424320365,0.4600000000,0.0480104155,0.5481832543,1.7523680013,0.1402895151,0.0740000000,0.0094339811,0.1803278689,2.2329251357,-0.6038414889
