Instance,INF_avg,INF_sd,INF_r1,INF_kr,INF_sk,SUP_avg,SUP_sd,SUP_r1,SUP_kr,SUP_sk,INC_avg,INC_sd,INC_r1,INC_kr,INC_sk,IND_avg,IND_sd,IND_r1,IND_kr,IND_sk
instances/A1/asymmetric/5.6.in,0.1796296296,0.1691988708,-0.2408745219,1.9313443318,0.5637423414,0.1518518519,0.1004448268,-0.1503981611,2.5315947429,1.1025182174,0.6685185185,0.1334361743,-0.3700698869,2.2846268765,-0.3012357252,0.3425925926,0.0409087445,0.3137165102,2.9454783660,0.2486022535
