Instance,INF_avg,INF_sd,INF_r1,INF_kr,INF_sk,SUP_avg,SUP_sd,SUP_r1,SUP_kr,SUP_sk,INC_avg,INC_sd,INC_r1,INC_kr,INC_sk,IND_avg,IND_sd,IND_r1,IND_kr,IND_sk
instances/A2/asymmetric/20.4.in,0.6466666667,0.1150845100,0.4557305812,2.5577901896,0.5415726401,0.0844444444,0.0469304713,0.2365758755,2.3564016972,-0.4225526056,0.2688888889,0.0724866952,0.4455749129,2.3315231217,-0.5424323875,0.1111111111,0.0251415744,1.0866773676,2.5568847656,-0.7968761968
