Instance,INF_avg,INF_sd,INF_r1,INF_kr,INF_sk,SUP_avg,SUP_sd,SUP_r1,SUP_kr,SUP_sk,INC_avg,INC_sd,INC_r1,INC_kr,INC_sk,IND_avg,IND_sd,IND_r1,IND_kr,IND_sk
instances/A1/symmetric/20.3.in,0.7214167108,0.0269387893,0.2249409789,1.4408777561,-0.0294151542,0.0521654428,0.0226081880,0.5109793666,2.3534813701,0.8043741534,0.2264178464,0.0311132292,-0.1488353185,1.9786151769,0.3460546935,0.0980922099,0.0134365821,-0.2144278498,2.0519776036,-0.5157480730
