Instance,INF_avg,INF_sd,INF_r1,INF_kr,INF_sk,SUP_avg,SUP_sd,SUP_r1,SUP_kr,SUP_sk,INC_avg,INC_sd,INC_r1,INC_kr,INC_sk,IND_avg,IND_sd,IND_r1,IND_kr,IND_sk
instances/A3/symmetric/200.5.in,0.5845000000,0.0639316041,0.8575712849,2.3249727250,-0.2946046283,0.0420000000,0.0090000000,0.3548387097,2.4641060814,0.7283950617,0.3735000000,0.0634054414,0.8613417714,2.2953152357,0.5183563436,0.0660000000,0.0076811457,0.3020304569,2.0129273197,0.4898633600
