Instance,INF_avg,INF_sd,INF_r1,INF_kr,INF_sk,SUP_avg,SUP_sd,SUP_r1,SUP_kr,SUP_sk,INC_avg,INC_sd,INC_r1,INC_kr,INC_sk,IND_avg,IND_sd,IND_r1,IND_kr,IND_sk
instances/A1/symmetric/100.4.in,0.1976000000,0.0826573651,0.5183568884,2.1787937382,0.3840048322,0.1777000000,0.0351028489,0.3939770557,2.3113079860,-0.0545170287,0.6247000000,0.0579431618,0.4529732959,1.9090550099,-0.1380227655,0.0887000000,0.0181331189,0.0030980177,3.6621789813,-0.5623526866
