Instance,INF_avg,INF_sd,INF_r1,INF_kr,INF_sk,SUP_avg,SUP_sd,SUP_r1,SUP_kr,SUP_sk,INC_avg,INC_sd,INC_r1,INC_kr,INC_sk,IND_avg,IND_sd,IND_r1,IND_kr,IND_sk
instances/A2/asymmetric/5.2.in,0.4222222222,0.0831479419,-0.0144927536,1.8469387755,0.3436215967,0.1944444444,0.1551582227,0.5140186916,1.4965483235,0.2754287977,0.3833333333,0.1059932446,0.6274738068,1.9367528076,0.4561766982,0.4166666667,0.0824022054,0.0571428571,2.0351239669,0.5516180693
