Instance,INF_avg,INF_sd,INF_r1,INF_kr,INF_sk,SUP_avg,SUP_sd,SUP_r1,SUP_kr,SUP_sk,INC_avg,INC_sd,INC_r1,INC_kr,INC_sk,IND_avg,IND_sd,IND_r1,IND_kr,IND_sk
instances/A1/symmetric/20.2.in,0.5540877260,0.0319699972,0.4739483709,1.5433813647,0.0422674470,0.0763636364,0.0140810584,0.3397002899,1.9600165556,0.2363599118,0.3695486376,0.0190823469,0.5224951037,1.6198078568,0.0804102643,0.0797290128,0.0094052434,0.1759540888,2.1214949709,0.4221678780
