Instance,INF_avg,INF_sd,INF_r1,INF_kr,INF_sk,SUP_avg,SUP_sd,SUP_r1,SUP_kr,SUP_sk,INC_avg,INC_sd,INC_r1,INC_kr,INC_sk,IND_avg,IND_sd,IND_r1,IND_kr,IND_sk
instances/A2/asymmetric/200.5.in,0.3410000000,0.0217715411,-0.4580873672,1.7755434492,0.2569839542,0.2060000000,0.0193390796,-0.3349514563,2.2828934199,0.7192219688,0.4530000000,0.0310805405,-0.0561435803,1.4187145558,-0.0381697159,0.0540000000,0.0037416574,-0.1764705882,1.8469387755,0.3436215967
