Instance,INF_avg,INF_sd,INF_r1,INF_kr,INF_sk,SUP_avg,SUP_sd,SUP_r1,SUP_kr,SUP_sk,INC_avg,INC_sd,INC_r1,INC_kr,INC_sk,IND_avg,IND_sd,IND_r1,IND_kr,IND_sk
instances/A3/asymmetric/10.6.in,0.6053319573,0.0304312702,-0.2392827551,1.4480022654,-0.5388866363,0.0593280587,0.0139776749,-0.7818719554,1.7996384223,-0.3635221455,0.3353399839,0.0356578771,-0.7162591664,1.3274611590,0.0929285585,0.2299048274,0.0166391026,-0.5731360660,2.3256697665,0.7496343414
