Instance,INF_avg,INF_sd,INF_r1,INF_kr,INF_sk,SUP_avg,SUP_sd,SUP_r1,SUP_kr,SUP_sk,INC_avg,INC_sd,INC_r1,INC_kr,INC_sk,IND_avg,IND_sd,IND_r1,IND_kr,IND_sk
instances/A3/asymmetric/10.6.in,0.5580275580,0.0612732421,0.6611454147,1.5478813942,-0.1576296033,0.0818162418,0.0323574154,0.2626258851,2.5249761116,0.6614415167,0.3601562002,0.0406162137,0.3327995645,2.1328767425,-0.3828264745,0.1854046427,0.0528825832,0.7322331230,1.5749878325,-0.2354774231
