Instance,INF_avg,INF_sd,INF_r1,INF_kr,INF_sk,SUP_avg,SUP_sd,SUP_r1,SUP_kr,SUP_sk,INC_avg,INC_sd,INC_r1,INC_kr,INC_sk,IND_avg,IND_sd,IND_r1,IND_kr,IND_sk
instances/A3/symmetric/20.6.in,0.7474397180,0.0769000697,0.1910151610,2.3350139949,-0.4821548684,0.0293887687,0.0159333050,0.3028503112,2.5361847342,-0.9992475723,0.2231715133,0.0652266737,0.0854646301,2.5801617369,0.8973768959,0.1173155491,0.0238133636,0.3785464324,1.7385453576,-0.1560991576
