Instance,INF_avg,INF_sd,INF_r1,INF_kr,INF_sk,SUP_avg,SUP_sd,SUP_r1,SUP_kr,SUP_sk,INC_avg,INC_sd,INC_r1,INC_kr,INC_sk,IND_avg,IND_sd,IND_r1,IND_kr,IND_sk
instances/A2/symmetric/8.5.in,0.5466015466,0.0502773189,0.0185233032,4.0730275401,1.1928796488,0.2150997151,0.0621459102,-0.0787337613,2.1844819119,-0.5748543519,0.2382987383,0.0386350375,0.1629926479,1.5009793823,0.0072917818,0.1662596663,0.0424706436,-0.1459003799,2.0745467704,-0.1277043287
