Instance,INF_avg,INF_sd,INF_r1,INF_kr,INF_sk,SUP_avg,SUP_sd,SUP_r1,SUP_kr,SUP_sk,INC_avg,INC_sd,INC_r1,INC_kr,INC_sk,IND_avg,IND_sd,IND_r1,IND_kr,IND_sk
instances/A3/symmetric/200.5.in,0.2650000000,0.0259807621,-0.1494252874,3.0757201646,-0.3592401675,0.1255000000,0.0243361870,0.2627639898,2.3933057159,0.6833363654,0.6095000000,0.0287619540,-0.2496310145,2.9463366346,-0.9223804844,0.0920000000,0.0247184142,-0.1870632503,2.2042344256,-0.0512482624
