Instance,INF_avg,INF_sd,INF_r1,INF_kr,INF_sk,SUP_avg,SUP_sd,SUP_r1,SUP_kr,SUP_sk,INC_avg,INC_sd,INC_r1,INC_kr,INC_sk,IND_avg,IND_sd,IND_r1,IND_kr,IND_sk
instances/A1/asymmetric/100.4.in,0.2580000000,0.0287402157,-0.1342964152,1.6572794588,0.3333695854,0.1745000000,0.0217313138,-0.2844729883,2.2352072585,0.2870613961,0.5675000000,0.0175000000,-0.3735849057,2.9032069971,0.5317784257,0.0770000000,0.0161554944,0.0047393365,2.4146298498,0.4034071140
