Instance,INF_avg,INF_sd,INF_r1,INF_kr,INF_sk,SUP_avg,SUP_sd,SUP_r1,SUP_kr,SUP_sk,INC_avg,INC_sd,INC_r1,INC_kr,INC_sk,IND_avg,IND_sd,IND_r1,IND_kr,IND_sk
instances/A2/symmetric/5.3.in,0.2666666667,0.0994428926,-0.0451977401,1.7627193536,0.2033802374,0.1366666667,0.1097471842,-0.9004641568,2.5545437834,0.7417248524,0.5966666667,0.1185092589,-0.6084018801,1.5553722360,-0.4201722655,0.3555555556,0.0808137624,-0.4354322305,1.2512909116,-0.3259222640
