Instance,INF_avg,INF_sd,INF_r1,INF_kr,INF_sk,SUP_avg,SUP_sd,SUP_r1,SUP_kr,SUP_sk,INC_avg,INC_sd,INC_r1,INC_kr,INC_sk,IND_avg,IND_sd,IND_r1,IND_kr,IND_sk
instances/A1/symmetric/100.4.in,0.3400000000,0.0234520788,-0.5148514851,1.3694214876,0.1744369497,0.1360000000,0.0222261108,-0.1259754738,1.6605828648,0.2770567825,0.5240000000,0.0259615100,-1.1492007105,1.7304942370,0.3970726415,0.0990000000,0.0159373775,-0.0574412533,1.7205344411,0.6269617454
