Instance,INF_avg,INF_sd,INF_r1,INF_kr,INF_sk,SUP_avg,SUP_sd,SUP_r1,SUP_kr,SUP_sk,INC_avg,INC_sd,INC_r1,INC_kr,INC_sk,IND_avg,IND_sd,IND_r1,IND_kr,IND_sk
instances/A2/symmetric/20.5.in,0.7951306379,0.0322257952,-0.1841712027,2.0280996076,-0.2214674463,0.0369606811,0.0253873424,0.4704785935,1.8459269266,0.0337860004,0.1679086811,0.0134873259,-0.4066108591,2.2897988245,-0.8533207449,0.0646801610,0.0136578191,-0.4096942782,1.7810565833,0.5286745973
