Instance,INF_avg,INF_sd,INF_r1,INF_kr,INF_sk,SUP_avg,SUP_sd,SUP_r1,SUP_kr,SUP_sk,INC_avg,INC_sd,INC_r1,INC_kr,INC_sk,IND_avg,IND_sd,IND_r1,IND_kr,IND_sk
instances/A2/asymmetric/200.1.in,0.3944262295,0.0812307902,0.4214639168,2.6245127106,-0.2046448983,0.1252459016,0.0728710192,0.6287692416,2.7227885468,0.6228232174,0.4803278689,0.0588960522,0.1231094731,2.9609399141,0.0147546847,0.1573770492,0.0471447593,0.1448326137,2.5342759197,0.0669538396
