Instance,INF_avg,INF_sd,INF_r1,INF_kr,INF_sk,SUP_avg,SUP_sd,SUP_r1,SUP_kr,SUP_sk,INC_avg,INC_sd,INC_r1,INC_kr,INC_sk,IND_avg,IND_sd,IND_r1,IND_kr,IND_sk
instances/A2/asymmetric/20.1.in,0.5132951446,0.0372660390,-0.3049717928,1.7787162168,0.5981565327,0.1564102564,0.0267226733,-0.2133038866,1.4254431415,-0.2971124140,0.3302945990,0.0118626216,-0.7389470495,2.7925652682,-1.1802209076,0.0450190944,0.0088351009,-0.0725957205,1.6765228437,-0.0884540777
