Instance,INF_avg,INF_sd,INF_r1,INF_kr,INF_sk,SUP_avg,SUP_sd,SUP_r1,SUP_kr,SUP_sk,INC_avg,INC_sd,INC_r1,INC_kr,INC_sk,IND_avg,IND_sd,IND_r1,IND_kr,IND_sk
instances/A2/asymmetric/20.3.in,0.3363410241,0.0741858701,0.5851073312,1.8765797204,0.1958926270,0.3019411740,0.0898176169,0.7301588424,1.9585689474,-0.0013840951,0.3617178019,0.0369883826,0.5086905839,3.7130274044,1.0286592354,0.0542790728,0.0120205524,0.4540641241,1.9692917798,0.1059781982
