Instance,INF_avg,INF_sd,INF_r1,INF_kr,INF_sk,SUP_avg,SUP_sd,SUP_r1,SUP_kr,SUP_sk,INC_avg,INC_sd,INC_r1,INC_kr,INC_sk,IND_avg,IND_sd,IND_r1,IND_kr,IND_sk
instances/A3/asymmetric/200.5.in,0.3386500000,0.0493044369,0.3818084171,2.6077669415,0.1677975963,0.1340000000,0.0294448637,0.3718613410,5.0921524726,1.1415388795,0.5273500000,0.0420978325,0.3304545844,2.3281852739,0.0148989934,0.0832000000,0.0172267234,0.2118697418,3.1222259848,-0.2032712928
