Instance,INF_avg,INF_sd,INF_r1,INF_kr,INF_sk,SUP_avg,SUP_sd,SUP_r1,SUP_kr,SUP_sk,INC_avg,INC_sd,INC_r1,INC_kr,INC_sk,IND_avg,IND_sd,IND_r1,IND_kr,IND_sk
instances/A3/symmetric/10.4.in,0.2000000000,0.0260858846,-0.6867469880,1.2296786389,0.2115471545,0.1461538462,0.0650443636,0.0263543192,2.8309697296,1.0904131386,0.6538461538,0.0583298111,0.1956521739,2.1219281664,-0.3870276692,0.1576923077,0.0255124984,-0.0431654676,2.2169421488,-0.3700366502
