Instance,INF_avg,INF_sd,INF_r1,INF_kr,INF_sk,SUP_avg,SUP_sd,SUP_r1,SUP_kr,SUP_sk,INC_avg,INC_sd,INC_r1,INC_kr,INC_sk,IND_avg,IND_sd,IND_r1,IND_kr,IND_sk
instances/A1/symmetric/50.5.in,0.3730000000,0.0136381817,0.0998685940,1.3747832119,-0.1088026982,0.1360000000,0.0208326667,-0.1980749747,1.4837966404,0.0079633885,0.4910000000,0.0080000000,-0.6144200627,1.4189453125,-0.0351562500,0.1000000000,0.0070710678,0.0000000000,1.7000000000,-0.0000000000
