Instance,INF_avg,INF_sd,INF_r1,INF_kr,INF_sk,SUP_avg,SUP_sd,SUP_r1,SUP_kr,SUP_sk,INC_avg,INC_sd,INC_r1,INC_kr,INC_sk,IND_avg,IND_sd,IND_r1,IND_kr,IND_sk
instances/A1/asymmetric/100.4.in,0.2868000000,0.0424530329,0.3511084316,2.2981485964,0.0477963265,0.1797500000,0.0376588303,0.5115536015,2.8158212764,0.0947886884,0.5334500000,0.0338208146,0.1139061034,3.1448742253,-0.3919038510,0.0691500000,0.0157488888,0.2894610223,2.9290259349,-0.3675391326
