Instance,INF_avg,INF_sd,INF_r1,INF_kr,INF_sk,SUP_avg,SUP_sd,SUP_r1,SUP_kr,SUP_sk,INC_avg,INC_sd,INC_r1,INC_kr,INC_sk,IND_avg,IND_sd,IND_r1,IND_kr,IND_sk
instances/A3/symmetric/8.2.in,0.5795604396,0.0951220482,0.4488724502,1.8162073184,-0.3362089506,0.1071062271,0.0350713042,-0.5264129659,1.3127681850,0.2434114993,0.3133333333,0.1076004692,0.4840878528,1.5486144847,0.3961099802,0.2427106227,0.0320236197,-0.4944966610,1.9443300280,-0.2227243043
