Instance,INF_avg,INF_sd,INF_r1,INF_kr,INF_sk,SUP_avg,SUP_sd,SUP_r1,SUP_kr,SUP_sk,INC_avg,INC_sd,INC_r1,INC_kr,INC_sk,IND_avg,IND_sd,IND_r1,IND_kr,IND_sk
instances/A3/symmetric/8.2.in,0.5366454746,0.1080954119,0.6586358388,2.0223184545,-0.2865094682,0.1272213100,0.0413757246,-0.0579144769,2.3610551692,0.2571267189,0.3361332154,0.0987686053,0.5550877037,1.4745536907,0.0524294019,0.2426985530,0.0325888278,-0.6721707749,1.8109031565,-0.3531720835
