Instance,INF_avg,INF_sd,INF_r1,INF_kr,INF_sk,SUP_avg,SUP_sd,SUP_r1,SUP_kr,SUP_sk,INC_avg,INC_sd,INC_r1,INC_kr,INC_sk,IND_avg,IND_sd,IND_r1,IND_kr,IND_sk
instances/A1/symmetric/100.1.in,0.2888888889,0.0613631168,-0.7226202661,2.3005912389,0.0682728577,0.1222222222,0.0582671582,-0.4584980237,2.8775206612,-0.4975341148,0.5888888889,0.0566557724,-0.8662576687,1.8228550296,-0.4733187492,0.3444444444,0.0549971941,0.1023017903,2.2796751354,-0.7813220702
