Instance,INF_avg,INF_sd,INF_r1,INF_kr,INF_sk,SUP_avg,SUP_sd,SUP_r1,SUP_kr,SUP_sk,INC_avg,INC_sd,INC_r1,INC_kr,INC_sk,IND_avg,IND_sd,IND_r1,IND_kr,IND_sk
instances/A2/asymmetric/200.2.in,0.3680000000,0.0330302891,0.0084929883,6.1244420435,2.0244729717,0.2375000000,0.0265753645,0.1113423517,1.6575926071,-0.0799196490,0.3945000000,0.0273358739,-0.1442852830,2.3994007916,-0.1109575447,0.0480000000,0.0087177979,0.5139813582,2.4449445983,0.5116574591
