Instance,INF_avg,INF_sd,INF_r1,INF_kr,INF_sk,SUP_avg,SUP_sd,SUP_r1,SUP_kr,SUP_sk,INC_avg,INC_sd,INC_r1,INC_kr,INC_sk,IND_avg,IND_sd,IND_r1,IND_kr,IND_sk
instances/A1/symmetric/100.2.in,0.3185000000,0.0327146756,0.0326331488,3.3759670793,1.1047933866,0.1505000000,0.0220737401,-0.3479398635,3.4938907772,-0.7920185549,0.5310000000,0.0387814389,0.4041833932,2.2554447007,-0.3418297342,0.0725000000,0.0084409715,0.0265486726,2.5807940905,0.5611726210
