Instance,INF_avg,INF_sd,INF_r1,INF_kr,INF_sk,SUP_avg,SUP_sd,SUP_r1,SUP_kr,SUP_sk,INC_avg,INC_sd,INC_r1,INC_kr,INC_sk,IND_avg,IND_sd,IND_r1,IND_kr,IND_sk
instances/A1/asymmetric/50.6.in,0.4796296296,0.1737384471,0.9298453586,3.5375401216,0.7513023628,0.0518518519,0.0399107372,0.5629848152,2.1317309982,0.4019316284,0.4685185185,0.1524419429,0.8881683788,3.6549806638,-0.7916429055,0.1914814815,0.0538312661,0.3615759721,3.1596636129,-0.1642586835
