Instance,INF_avg,INF_sd,INF_r1,INF_kr,INF_sk,SUP_avg,SUP_sd,SUP_r1,SUP_kr,SUP_sk,INC_avg,INC_sd,INC_r1,INC_kr,INC_sk,IND_avg,IND_sd,IND_r1,IND_kr,IND_sk
instances/A1/asymmetric/10.2.in,0.3831955346,0.1299394981,0.3746596432,1.5486072112,0.0287417923,0.1119418677,0.0447900355,0.4741366074,1.7354911426,0.2885013591,0.5048625977,0.0863767446,0.2977324883,1.4683416938,-0.1644443592,0.1837922395,0.0324663187,-0.0026944500,2.2633753979,-0.6782501915
