Instance,INF_avg,INF_sd,INF_r1,INF_kr,INF_sk,SUP_avg,SUP_sd,SUP_r1,SUP_kr,SUP_sk,INC_avg,INC_sd,INC_r1,INC_kr,INC_sk,IND_avg,IND_sd,IND_r1,IND_kr,IND_sk
instances/A1/asymmetric/100.4.in,0.3051500000,0.0475628794,0.2286866682,3.7054095548,-0.0476240561,0.1777500000,0.0340248071,0.3270774136,2.9279518046,0.4573365907,0.5171000000,0.0443969594,0.2115887619,2.9856240247,0.3687032745,0.0634500000,0.0135958633,0.1332150249,2.7111557822,-0.0031773726
