Instance,INF_avg,INF_sd,INF_r1,INF_kr,INF_sk,SUP_avg,SUP_sd,SUP_r1,SUP_kr,SUP_sk,INC_avg,INC_sd,INC_r1,INC_kr,INC_sk,IND_avg,IND_sd,IND_r1,IND_kr,IND_sk
instances/A3/symmetric/100.6.in,0.5828687670,0.2175116896,0.9624580140,1.7991892114,0.2634054146,0.0296031746,0.0353811625,0.8835307175,4.4392680870,1.4500539604,0.3875280584,0.1925797584,0.9617829483,1.7774270169,-0.4076757738,0.0769564695,0.0236680376,0.6377964622,2.6979373901,-0.2501626538
