Instance,INF_avg,INF_sd,INF_r1,INF_kr,INF_sk,SUP_avg,SUP_sd,SUP_r1,SUP_kr,SUP_sk,INC_avg,INC_sd,INC_r1,INC_kr,INC_sk,IND_avg,IND_sd,IND_r1,IND_kr,IND_sk
instances/A3/symmetric/50.6.in,0.4438000000,0.1340617768,0.8736793077,2.2297852632,0.4052230593,0.1149000000,0.0494417839,0.8783373321,1.9918707563,0.2062374569,0.4413000000,0.0939936700,0.7888137443,2.2263123927,-0.5870013697,0.0684000000,0.0137273450,0.3388184066,3.6997030350,-0.3774544667
