Instance,INF_avg,INF_sd,INF_r1,INF_kr,INF_sk,SUP_avg,SUP_sd,SUP_r1,SUP_kr,SUP_sk,INC_avg,INC_sd,INC_r1,INC_kr,INC_sk,IND_avg,IND_sd,IND_r1,IND_kr,IND_sk
instances/A2/symmetric/5.6.in,0.4617283951,0.0862432059,-0.0145763423,1.2850980919,0.0427102036,0.0524691358,0.0832761578,0.5740591181,3.6770468542,1.3937116273,0.4858024691,0.1089641687,0.7594460218,1.4106812575,-0.1377348348,0.4549382716,0.1376972197,0.8181433681,1.2953850347,-0.0763157408
