Instance,INF_avg,INF_sd,INF_r1,INF_kr,INF_sk,SUP_avg,SUP_sd,SUP_r1,SUP_kr,SUP_sk,INC_avg,INC_sd,INC_r1,INC_kr,INC_sk,IND_avg,IND_sd,IND_r1,IND_kr,IND_sk
instances/A3/symmetric/10.2.in,0.1926961927,0.1358779873,0.7183279540,1.7388284112,0.5751305542,0.1453768454,0.0484298420,0.3115213230,3.1970137654,-0.9500163146,0.6619269619,0.1022581584,0.7671850812,1.3183623463,-0.1186385227,0.1705516706,0.0379423092,-0.2031116670,2.7138869498,-0.2664533705
