Instance,INF_avg,INF_sd,INF_r1,INF_kr,INF_sk,SUP_avg,SUP_sd,SUP_r1,SUP_kr,SUP_sk,INC_avg,INC_sd,INC_r1,INC_kr,INC_sk,IND_avg,IND_sd,IND_r1,IND_kr,IND_sk
instances/A3/symmetric/10.2.in,0.0891608392,0.0425448477,-0.1344655466,3.1280730520,1.3924057486,0.1732167832,0.0223465694,0.0801375335,2.2240144490,0.6050175409,0.7376223776,0.0615232022,-0.0511480819,3.1891445067,-1.4491632184,0.1916083916,0.0279300384,0.3570247934,1.3422640036,0.3131079284
