Instance,INF_avg,INF_sd,INF_r1,INF_kr,INF_sk,SUP_avg,SUP_sd,SUP_r1,SUP_kr,SUP_sk,INC_avg,INC_sd,INC_r1,INC_kr,INC_sk,IND_avg,IND_sd,IND_r1,IND_kr,IND_sk
instances/A1/symmetric/100.5.in,0.4590000000,0.0310483494,-0.0551693205,1.8941349150,-0.3351752737,0.1450000000,0.0281069386,-0.9310344828,2.2981092774,-0.8309133440,0.3960000000,0.0423556372,0.1755761464,2.0562913167,0.3736477129,0.0530000000,0.0153622915,-0.5755764304,2.5246337259,-0.9035993059
