Instance,INF_avg,INF_sd,INF_r1,INF_kr,INF_sk,SUP_avg,SUP_sd,SUP_r1,SUP_kr,SUP_sk,INC_avg,INC_sd,INC_r1,INC_kr,INC_sk,IND_avg,IND_sd,IND_r1,IND_kr,IND_sk
instances/A3/symmetric/50.5.in,0.3178000000,0.0596041945,0.7752229528,2.9234688914,0.3115921269,0.1466500000,0.0376567059,0.7895109522,3.0599043285,0.0109558236,0.5355500000,0.0413817291,0.5509468741,2.5620404869,-0.1974831671,0.0709500000,0.0158223734,0.4778251260,3.3935605487,0.5621940770
