Instance,INF_avg,INF_sd,INF_r1,INF_kr,INF_sk,SUP_avg,SUP_sd,SUP_r1,SUP_kr,SUP_sk,INC_avg,INC_sd,INC_r1,INC_kr,INC_sk,IND_avg,IND_sd,IND_r1,IND_kr,IND_sk
instances/A1/symmetric/20.2.in,0.4285226131,0.0695681449,0.3999877832,3.8459517656,0.7661692477,0.1504455611,0.0265142481,0.0905697101,2.4155817648,0.1078653785,0.4210318258,0.0536752535,0.4319243961,3.4671001645,-0.5786257150,0.0553852596,0.0076090075,0.0935086761,2.6416463176,-0.0095702035
