Instance,INF_avg,INF_sd,INF_r1,INF_kr,INF_sk,SUP_avg,SUP_sd,SUP_r1,SUP_kr,SUP_sk,INC_avg,INC_sd,INC_r1,INC_kr,INC_sk,IND_avg,IND_sd,IND_r1,IND_kr,IND_sk
instances/A2/asymmetric/100.3.in,0.3571500000,0.0407569319,0.4574673868,2.7155564592,0.1988781377,0.2024500000,0.0385778110,0.5802324671,2.6547448053,-0.3003583841,0.4404000000,0.0335162647,0.2086627789,3.7972616626,-0.0556590452,0.0565500000,0.0132229913,-0.0181698997,3.7167195494,0.7502076188
