Instance,INF_avg,INF_sd,INF_r1,INF_kr,INF_sk,SUP_avg,SUP_sd,SUP_r1,SUP_kr,SUP_sk,INC_avg,INC_sd,INC_r1,INC_kr,INC_sk,IND_avg,IND_sd,IND_r1,IND_kr,IND_sk
instances/A3/asymmetric/10.5.in,0.1031293325,0.0701722485,-0.1046619504,2.9297744601,0.5139972903,0.2281393625,0.0562798278,0.1175932158,3.9161413477,-1.0285529492,0.6687313050,0.0352676827,-0.2158771926,2.8116288159,-0.4286932084,0.2164933227,0.0386185387,0.1272362281,2.2519453387,-0.9293155397
