Instance,INF_avg,INF_sd,INF_r1,INF_kr,INF_sk,SUP_avg,SUP_sd,SUP_r1,SUP_kr,SUP_sk,INC_avg,INC_sd,INC_r1,INC_kr,INC_sk,IND_avg,IND_sd,IND_r1,IND_kr,IND_sk
instances/A1/asymmetric/5.1.in,0.1666666667,0.1394433378,0.4615384615,1.2755102041,-0.2561204163,0.3566666667,0.1041366623,0.0819706065,2.4938398616,-0.9285953428,0.4766666667,0.0928559218,-0.1487626547,1.8213479116,-0.2722874821,0.4133333333,0.0531245915,0.2003367003,2.4459358919,0.1823080253
