Instance,INF_avg,INF_sd,INF_r1,INF_kr,INF_sk,SUP_avg,SUP_sd,SUP_r1,SUP_kr,SUP_sk,INC_avg,INC_sd,INC_r1,INC_kr,INC_sk,IND_avg,IND_sd,IND_r1,IND_kr,IND_sk
instances/A2/symmetric/8.5.in,0.5974358974,0.0606994081,-0.5213549337,1.8287449925,-0.3960133379,0.0597948718,0.0516047284,-1.0360633668,2.5773897348,0.8746694488,0.3427692308,0.0209707852,-0.0582569094,2.0022744609,-0.5464161049,0.1352234432,0.0386337370,-0.6017670926,1.9216229135,-0.0765994087
