Instance,INF_avg,INF_sd,INF_r1,INF_kr,INF_sk,SUP_avg,SUP_sd,SUP_r1,SUP_kr,SUP_sk,INC_avg,INC_sd,INC_r1,INC_kr,INC_sk,IND_avg,IND_sd,IND_r1,IND_kr,IND_sk
instances/A1/asymmetric/20.2.in,0.5011512672,0.0446614358,0.3644846565,1.5267344795,0.0040243487,0.1141482249,0.0273855709,0.0199351953,1.8596394320,-0.5697591664,0.3847005079,0.0239644233,0.4272045180,2.0503694284,0.7495747199,0.0568968859,0.0043955440,-0.4229228921,2.7285874061,-1.0612703165
