Instance,INF_avg,INF_sd,INF_r1,INF_kr,INF_sk,SUP_avg,SUP_sd,SUP_r1,SUP_kr,SUP_sk,INC_avg,INC_sd,INC_r1,INC_kr,INC_sk,IND_avg,IND_sd,IND_r1,IND_kr,IND_sk
instances/A3/symmetric/20.4.in,0.5381820304,0.0869658053,0.0392969803,2.9031483963,1.1789885376,0.0441897971,0.0200324215,0.3928542109,1.8242199261,0.3287261783,0.4176281725,0.0801227323,-0.1979966585,2.7084795847,-1.1127051306,0.0948032850,0.0230366974,-0.3644316052,1.5954842713,-0.2977956812
