Instance,INF_avg,INF_sd,INF_r1,INF_kr,INF_sk,SUP_avg,SUP_sd,SUP_r1,SUP_kr,SUP_sk,INC_avg,INC_sd,INC_r1,INC_kr,INC_sk,IND_avg,IND_sd,IND_r1,IND_kr,IND_sk
instances/A1/symmetric/5.3.in,0.3800000000,0.1288888889,0.0124549728,2.2055070757,-0.3852556480,0.1166666667,0.1059932446,0.6127484578,1.2846576500,0.0622059134,0.5033333333,0.0723161782,-0.9174242012,1.2019269609,0.4244641457,0.4700000000,0.0658842981,-0.1861474400,3.1310896652,1.3953282700
