Instance,INF_avg,INF_sd,INF_r1,INF_kr,INF_sk,SUP_avg,SUP_sd,SUP_r1,SUP_kr,SUP_sk,INC_avg,INC_sd,INC_r1,INC_kr,INC_sk,IND_avg,IND_sd,IND_r1,IND_kr,IND_sk
instances/A3/asymmetric/10.6.in,0.2124475524,0.0695449535,0.0384615385,1.1666666667,-0.4082482905,0.1041258741,0.0421559435,0.0226775666,1.3427731542,0.3763508257,0.6834265734,0.0297934927,0.0613133036,1.4398572129,0.3654444448,0.1693006993,0.0344836797,0.5399257818,1.7342324765,-0.3940853439
