Instance,INF_avg,INF_sd,INF_r1,INF_kr,INF_sk,SUP_avg,SUP_sd,SUP_r1,SUP_kr,SUP_sk,INC_avg,INC_sd,INC_r1,INC_kr,INC_sk,IND_avg,IND_sd,IND_r1,IND_kr,IND_sk
instances/A3/symmetric/5.4.in,0.3500000000,0.0333333333,-0.3157894737,3.2500000000,1.5000000000,0.1000000000,0.0971825316,0.5522388060,1.6280276817,0.3631734744,0.5500000000,0.0849836586,0.4444444444,1.9556213018,-0.2715454179,0.4500000000,0.0408248290,-0.6666666667,1.1666666667,0.4082482905
