Instance,INF_avg,INF_sd,INF_r1,INF_kr,INF_sk,SUP_avg,SUP_sd,SUP_r1,SUP_kr,SUP_sk,INC_avg,INC_sd,INC_r1,INC_kr,INC_sk,IND_avg,IND_sd,IND_r1,IND_kr,IND_sk
instances/A3/symmetric/5.4.in,0.3938271605,0.0845971834,0.4184962249,4.0804438330,1.4333979094,0.0555555556,0.0878410461,0.5813953488,3.0600000000,1.2649110641,0.5506172840,0.0902839768,0.3436372113,2.0223562786,-0.4105229237,0.4425925926,0.0567162697,0.0434727663,2.0466423593,-0.4123513975
