Instance,INF_avg,INF_sd,INF_r1,INF_kr,INF_sk,SUP_avg,SUP_sd,SUP_r1,SUP_kr,SUP_sk,INC_avg,INC_sd,INC_r1,INC_kr,INC_sk,IND_avg,IND_sd,IND_r1,IND_kr,IND_sk
instances/A1/asymmetric/5.4.in,0.1000000000,0.1224744871,0.5238095238,1.1666666667,0.4082482905,0.1500000000,0.0596284794,0.1587301587,2.3486328125,0.3930588242,0.7500000000,0.1738453975,0.4481981982,1.3527924957,-0.4155568575,0.4900000000,0.0442216639,-0.5277777778,1.8973398760,-0.5627640721
