Instance,INF_avg,INF_sd,INF_r1,INF_kr,INF_sk,SUP_avg,SUP_sd,SUP_r1,SUP_kr,SUP_sk,INC_avg,INC_sd,INC_r1,INC_kr,INC_sk,IND_avg,IND_sd,IND_r1,IND_kr,IND_sk
instances/A1/asymmetric/100.3.in,0.4909090909,0.1676280810,-0.4303405573,2.4177854671,0.0277543380,0.0909090909,0.0995859195,-0.0188524590,2.3441666667,0.7348610980,0.4181818182,0.1526623239,-0.1801266825,2.5962728233,0.7652697146,0.3545454545,0.0987525499,0.4112983152,1.9880781385,-0.1263839730
