Instance,INF_avg,INF_sd,INF_r1,INF_kr,INF_sk,SUP_avg,SUP_sd,SUP_r1,SUP_kr,SUP_sk,INC_avg,INC_sd,INC_r1,INC_kr,INC_sk,IND_avg,IND_sd,IND_r1,IND_kr,IND_sk
instances/A3/symmetric/50.5.in,0.5400000000,0.0273861279,-0.0877192982,2.5320000000,0.9128709292,0.0580000000,0.0124899960,0.0589198036,1.3269230769,0.2278746804,0.4020000000,0.0377624152,0.0238591176,2.3786472031,-0.7402894938,0.0730000000,0.0074833148,-0.7391304348,1.8469387755,0.3436215967
