Instance,INF_avg,INF_sd,INF_r1,INF_kr,INF_sk,SUP_avg,SUP_sd,SUP_r1,SUP_kr,SUP_sk,INC_avg,INC_sd,INC_r1,INC_kr,INC_sk,IND_avg,IND_sd,IND_r1,IND_kr,IND_sk
instances/A1/symmetric/200.3.in,0.3363636364,0.1431637795,0.1360619469,2.1859391259,0.2749962427,0.1545454545,0.0987525499,0.3567888999,1.8837977593,0.4400034614,0.5090909091,0.1239834700,-0.2199376947,1.9734651405,0.1135332503,0.3727272727,0.0749655568,-0.4289580514,1.9195501730,0.4922046508
