Instance,INF_avg,INF_sd,INF_r1,INF_kr,INF_sk,SUP_avg,SUP_sd,SUP_r1,SUP_kr,SUP_sk,INC_avg,INC_sd,INC_r1,INC_kr,INC_sk,IND_avg,IND_sd,IND_r1,IND_kr,IND_sk
instances/A1/asymmetric/200.6.in,0.4217391304,0.0584139779,0.7010825720,2.6105135115,-0.4748125774,0.0865217391,0.0522730037,0.8957801437,2.3795328415,0.5415245694,0.4917391304,0.0260271053,-0.1912506474,2.8010774524,0.4323894073,0.0668478261,0.0175188934,0.2861424441,3.5638989510,0.0942960829
