Instance,INF_avg,INF_sd,INF_r1,INF_kr,INF_sk,SUP_avg,SUP_sd,SUP_r1,SUP_kr,SUP_sk,INC_avg,INC_sd,INC_r1,INC_kr,INC_sk,IND_avg,IND_sd,IND_r1,IND_kr,IND_sk
instances/A2/symmetric/100.3.in,0.1775000000,0.0682000733,-0.4051252519,3.1607401096,1.0983460772,0.2465000000,0.0463707882,0.1861788799,2.9567663286,-0.7480985575,0.5760000000,0.0364554523,-0.4619854245,2.6951457927,-0.9997668477,0.0505000000,0.0138654246,0.0132263338,2.5480493303,0.9093542331
