Instance,INF_avg,INF_sd,INF_r1,INF_kr,INF_sk,SUP_avg,SUP_sd,SUP_r1,SUP_kr,SUP_sk,INC_avg,INC_sd,INC_r1,INC_kr,INC_sk,IND_avg,IND_sd,IND_r1,IND_kr,IND_sk
instances/A2/symmetric/5.2.in,0.3660493827,0.0947324745,0.2830860733,4.4447558426,1.5047762917,0.0771604938,0.0923866021,0.6219561688,1.8292311065,0.6114794039,0.5567901235,0.0968211402,0.5215758525,1.8181835374,-0.3416144468,0.3901234568,0.0655659009,0.5565464039,2.6553833158,-0.9684684145
