Instance,INF_avg,INF_sd,INF_r1,INF_kr,INF_sk,SUP_avg,SUP_sd,SUP_r1,SUP_kr,SUP_sk,INC_avg,INC_sd,INC_r1,INC_kr,INC_sk,IND_avg,IND_sd,IND_r1,IND_kr,IND_sk
instances/A2/symmetric/100.4.in,0.4653000000,0.0795324462,0.7089121679,2.7372362539,0.3055001799,0.2101000000,0.0559150248,0.6265064894,3.2321902737,-0.4996657378,0.3246000000,0.0436100906,0.5913115535,4.2297509983,1.1930066351,0.0438000000,0.0074538581,0.2663583715,2.1391137089,-0.0199354631
