Instance,INF_avg,INF_sd,INF_r1,INF_kr,INF_sk,SUP_avg,SUP_sd,SUP_r1,SUP_kr,SUP_sk,INC_avg,INC_sd,INC_r1,INC_kr,INC_sk,IND_avg,IND_sd,IND_r1,IND_kr,IND_sk
instances/A3/symmetric/8.6.in,0.4599708933,0.0705844545,0.2500296882,3.0609394075,0.1944794829,0.1017198851,0.0248662991,-0.2557683727,1.5600148944,0.1286431156,0.4383092216,0.0540186448,0.2060343077,2.8168284082,-0.2999048093,0.2356871524,0.0453765238,0.8040164962,1.8998911771,-0.6596334842
