Instance,INF_avg,INF_sd,INF_r1,INF_kr,INF_sk,SUP_avg,SUP_sd,SUP_r1,SUP_kr,SUP_sk,INC_avg,INC_sd,INC_r1,INC_kr,INC_sk,IND_avg,IND_sd,IND_r1,IND_kr,IND_sk
instances/A1/asymmetric/10.2.in,0.6286231192,0.0937461135,0.9640835341,2.4658225140,-0.6564763885,0.0982685472,0.0692293822,0.9518631099,1.6348828915,0.1732200412,0.2731083337,0.0405322394,0.1760924863,2.6138175601,0.2695012815,0.1704315254,0.0479096057,0.1293643685,2.2092066183,0.4802532005
