Instance,INF_avg,INF_sd,INF_r1,INF_kr,INF_sk,SUP_avg,SUP_sd,SUP_r1,SUP_kr,SUP_sk,INC_avg,INC_sd,INC_r1,INC_kr,INC_sk,IND_avg,IND_sd,IND_r1,IND_kr,IND_sk
instances/A1/asymmetric/10.2.in,0.6869510377,0.0544197220,0.4134087027,2.1897784496,-0.6577518804,0.0460382984,0.0367557657,0.6147906252,2.4664089862,0.6965071460,0.2670106639,0.0271048682,0.0698879170,1.9651325250,-0.4553158995,0.1604059168,0.0343058077,0.3585607316,1.8261264858,0.0847829122
