Instance,INF_avg,INF_sd,INF_r1,INF_kr,INF_sk,SUP_avg,SUP_sd,SUP_r1,SUP_kr,SUP_sk,INC_avg,INC_sd,INC_r1,INC_kr,INC_sk,IND_avg,IND_sd,IND_r1,IND_kr,IND_sk
instances/A1/asymmetric/8.1.in,0.3611111111,0.1355004479,-0.3916115454,2.1488306853,-0.3712798605,0.1656565657,0.0513465254,-0.7927228128,1.4411189602,-0.3248659800,0.4732323232,0.0920190378,0.1286218234,2.5195456552,0.7975246096,0.1247474747,0.0204280287,-0.2905624662,2.1416852482,-0.3947887115
