Instance,INF_avg,INF_sd,INF_r1,INF_kr,INF_sk,SUP_avg,SUP_sd,SUP_r1,SUP_kr,SUP_sk,INC_avg,INC_sd,INC_r1,INC_kr,INC_sk,IND_avg,IND_sd,IND_r1,IND_kr,IND_sk
instances/A3/symmetric/5.4.in,0.3077777778,0.1661696292,0.3603724135,1.9179701790,0.0915562390,0.1233333333,0.0727247474,0.4007236545,1.9700762658,-0.6898348774,0.5688888889,0.0976640753,0.2596396350,2.1844826855,0.4720766253,0.3666666667,0.0408248290,-0.6666666667,1.1666666667,0.4082482905
