Instance,INF_avg,INF_sd,INF_r1,INF_kr,INF_sk,SUP_avg,SUP_sd,SUP_r1,SUP_kr,SUP_sk,INC_avg,INC_sd,INC_r1,INC_kr,INC_sk,IND_avg,IND_sd,IND_r1,IND_kr,IND_sk
instances/A2/asymmetric/10.4.in,0.2454064696,0.0756606644,0.1572178633,4.2913022740,1.5559169646,0.4131496801,0.0540723499,0.1658290375,3.1386633386,-0.8189862793,0.3414438503,0.0371587915,0.2010830632,1.9704295519,-0.5970319080,0.1452199217,0.0187197727,0.4909611019,2.1388722100,-0.6119539883
