Instance,INF_avg,INF_sd,INF_r1,INF_kr,INF_sk,SUP_avg,SUP_sd,SUP_r1,SUP_kr,SUP_sk,INC_avg,INC_sd,INC_r1,INC_kr,INC_sk,IND_avg,IND_sd,IND_r1,IND_kr,IND_sk
instances/A2/asymmetric/10.4.in,0.2191608392,0.0091000492,0.1395677918,2.7511330123,1.1155567320,0.4235664336,0.0260395393,0.0992829230,2.7411496475,1.1089275877,0.3572727273,0.0342360368,0.1081712187,2.9587685398,-1.2771677585,0.1342657343,0.0173110472,0.1035087719,1.5599158764,-0.0626510412
