Instance,INF_avg,INF_sd,INF_r1,INF_kr,INF_sk,SUP_avg,SUP_sd,SUP_r1,SUP_kr,SUP_sk,INC_avg,INC_sd,INC_r1,INC_kr,INC_sk,IND_avg,IND_sd,IND_r1,IND_kr,IND_sk
instances/A1/symmetric/200.6.in,0.4233613445,0.1257266430,0.7117682248,7.0131854064,1.2988601588,0.0567226891,0.0568738726,0.7079137154,3.3264549509,1.0243339369,0.5199159664,0.1065501484,0.6274413531,8.5802568670,-1.6095641716,0.1979831933,0.0565028419,0.2437865804,3.3575594468,0.0624059779
