Instance,INF_avg,INF_sd,INF_r1,INF_kr,INF_sk,SUP_avg,SUP_sd,SUP_r1,SUP_kr,SUP_sk,INC_avg,INC_sd,INC_r1,INC_kr,INC_sk,IND_avg,IND_sd,IND_r1,IND_kr,IND_sk
instances/A2/asymmetric/50.1.in,0.4308000000,0.0437876695,0.3468540416,3.3882571267,-0.3139971895,0.2040000000,0.0313368792,0.3105486264,2.9021262563,-0.4695053023,0.3652000000,0.0226486203,0.2276617529,2.2518781797,0.2657307207,0.0566000000,0.0075789181,0.6860698739,2.1343390414,0.2760920587
