Instance,INF_avg,INF_sd,INF_r1,INF_kr,INF_sk,SUP_avg,SUP_sd,SUP_r1,SUP_kr,SUP_sk,INC_avg,INC_sd,INC_r1,INC_kr,INC_sk,IND_avg,IND_sd,IND_r1,IND_kr,IND_sk
instances/A1/asymmetric/100.3.in,0.3030000000,0.0180554701,-0.5659955257,1.7625992698,-0.2354706758,0.2110000000,0.0174355958,-0.8172341904,1.2211305402,-0.3090320494,0.4860000000,0.0177200451,-0.3255033557,1.7075946286,-0.0841107259,0.0470000000,0.0097979590,-0.0256410256,2.7291666667,0.8675276172
