Instance,INF_avg,INF_sd,INF_r1,INF_kr,INF_sk,SUP_avg,SUP_sd,SUP_r1,SUP_kr,SUP_sk,INC_avg,INC_sd,INC_r1,INC_kr,INC_sk,IND_avg,IND_sd,IND_r1,IND_kr,IND_sk
instances/A2/asymmetric/100.3.in,0.4677419355,0.1338320970,0.4796167257,3.8029305601,0.3703939219,0.0846774194,0.0669549136,0.3821458852,2.2099368328,0.4097049030,0.4475806452,0.1165455121,0.0800417272,3.6115553252,-0.1478577275,0.2774193548,0.0670083164,0.0395848012,2.4942378107,0.2585105448
