Instance,INF_avg,INF_sd,INF_r1,INF_kr,INF_sk,SUP_avg,SUP_sd,SUP_r1,SUP_kr,SUP_sk,INC_avg,INC_sd,INC_r1,INC_kr,INC_sk,IND_avg,IND_sd,IND_r1,IND_kr,IND_sk
instances/A1/asymmetric/50.3.in,0.3620000000,0.0265706605,0.1300877893,1.4646654736,0.2482023677,0.1640000000,0.0251793566,-0.7494963062,2.0974484769,0.3525495803,0.4740000000,0.0288790582,-0.3475177305,1.4254524438,0.2710385528,0.0750000000,0.0164316767,0.5111111111,1.1831275720,0.3719103786
