Instance,INF_avg,INF_sd,INF_r1,INF_kr,INF_sk,SUP_avg,SUP_sd,SUP_r1,SUP_kr,SUP_sk,INC_avg,INC_sd,INC_r1,INC_kr,INC_sk,IND_avg,IND_sd,IND_r1,IND_kr,IND_sk
instances/A2/asymmetric/20.2.in,0.6515166301,0.0565037827,0.3115595621,1.4826386895,0.0168760228,0.1140693904,0.0383884665,0.4569678434,1.5580365293,-0.0296920367,0.2344139794,0.0189240500,-0.0192251195,1.3797622715,-0.0117328797,0.0591095243,0.0060592691,-0.2899789863,1.8978987970,0.1023387602
