Instance,INF_avg,INF_sd,INF_r1,INF_kr,INF_sk,SUP_avg,SUP_sd,SUP_r1,SUP_kr,SUP_sk,INC_avg,INC_sd,INC_r1,INC_kr,INC_sk,IND_avg,IND_sd,IND_r1,IND_kr,IND_sk
instances/A2/asymmetric/20.2.in,0.6185317817,0.0605049075,0.5435121612,2.3076867718,0.3944507939,0.1253175801,0.0371631731,0.3668187813,2.1862044481,-0.0893947465,0.2561506382,0.0297385034,0.6454280286,1.6971663643,-0.1392662585,0.0634899203,0.0100860508,-0.0441810937,4.1925282373,1.2691710492
