Instance,INF_avg,INF_sd,INF_r1,INF_kr,INF_sk,SUP_avg,SUP_sd,SUP_r1,SUP_kr,SUP_sk,INC_avg,INC_sd,INC_r1,INC_kr,INC_sk,IND_avg,IND_sd,IND_r1,IND_kr,IND_sk
instances/A2/symmetric/10.3.in,0.3140948117,0.0778881741,0.1931416957,2.1489613987,-0.4298903197,0.2839418958,0.1250765962,0.3980226159,1.6018511190,0.3112474097,0.4019632924,0.0623236948,0.3732551258,1.9027507418,0.4017033519,0.1224373510,0.0124885812,-0.0841845958,2.5795897947,-0.7129438520
