Instance,INF_avg,INF_sd,INF_r1,INF_kr,INF_sk,SUP_avg,SUP_sd,SUP_r1,SUP_kr,SUP_sk,INC_avg,INC_sd,INC_r1,INC_kr,INC_sk,IND_avg,IND_sd,IND_r1,IND_kr,IND_sk
instances/A3/symmetric/10.2.in,0.2704866562,0.0988853368,0.6004767693,1.3733204539,0.3147694457,0.1364992151,0.0626894729,0.4948104560,1.4173225393,0.4997215526,0.5930141287,0.0616287023,-0.0255677851,2.0462288926,0.2975645111,0.1028257457,0.0311835353,-0.7626751592,2.9610907896,1.2748621840
