Instance,INF_avg,INF_sd,INF_r1,INF_kr,INF_sk,SUP_avg,SUP_sd,SUP_r1,SUP_kr,SUP_sk,INC_avg,INC_sd,INC_r1,INC_kr,INC_sk,IND_avg,IND_sd,IND_r1,IND_kr,IND_sk
instances/A3/asymmetric/200.3.in,0.2870000000,0.0211187121,0.0359333918,2.2532224658,0.0707085516,0.1540000000,0.0203469899,0.4474835886,2.0138276272,-0.4964591471,0.5590000000,0.0111355287,-0.0016155089,2.0793444329,-0.6170311183,0.0810000000,0.0146287388,-0.3974854932,1.8333915626,0.5692290290
