Instance,INF_avg,INF_sd,INF_r1,INF_kr,INF_sk,SUP_avg,SUP_sd,SUP_r1,SUP_kr,SUP_sk,INC_avg,INC_sd,INC_r1,INC_kr,INC_sk,IND_avg,IND_sd,IND_r1,IND_kr,IND_sk
instances/A3/asymmetric/50.5.in,0.3410000000,0.0298998328,0.2348158776,3.0870005856,-0.6100907278,0.1045000000,0.0135000000,-0.0405914353,1.5086848775,0.0146319159,0.5545000000,0.0302034766,0.3277590960,2.3098484957,-0.0487785022,0.0700000000,0.0183030052,0.0642201835,1.5983515260,-0.2935656885
