Instance,INF_avg,INF_sd,INF_r1,INF_kr,INF_sk,SUP_avg,SUP_sd,SUP_r1,SUP_kr,SUP_sk,INC_avg,INC_sd,INC_r1,INC_kr,INC_sk,IND_avg,IND_sd,IND_r1,IND_kr,IND_sk
instances/A2/asymmetric/5.3.in,0.3518518519,0.2095131204,0.6229436280,2.0747222900,-0.7490567196,0.2950617284,0.2161745669,0.6157914929,1.9375743723,0.4529193488,0.3530864198,0.0549417394,0.2243774333,2.4941230838,-0.0075336564,0.4037037037,0.0996220567,-0.0835704414,5.5047506721,1.8873321801
