Instance,INF_avg,INF_sd,INF_r1,INF_kr,INF_sk,SUP_avg,SUP_sd,SUP_r1,SUP_kr,SUP_sk,INC_avg,INC_sd,INC_r1,INC_kr,INC_sk,IND_avg,IND_sd,IND_r1,IND_kr,IND_sk
instances/A1/asymmetric/8.1.in,0.6635531136,0.0485662349,0.2411060476,2.3422343264,0.7789795461,0.0382417582,0.0326098683,-0.5679256521,1.2692868056,-0.1740845210,0.2982051282,0.0342823485,0.3421276886,1.3672354583,-0.2771650126,0.2621062271,0.0603017743,-0.3867380742,2.7015670708,1.0532455514
