Instance,INF_avg,INF_sd,INF_r1,INF_kr,INF_sk,SUP_avg,SUP_sd,SUP_r1,SUP_kr,SUP_sk,INC_avg,INC_sd,INC_r1,INC_kr,INC_sk,IND_avg,IND_sd,IND_r1,IND_kr,IND_sk
instances/A1/asymmetric/8.1.in,0.6322547823,0.0528645902,0.3621968299,3.2355374393,0.8968591995,0.0753357753,0.0495756569,0.4517220436,1.8366291940,-0.2754230783,0.2924094424,0.0273432191,0.3708113554,1.9150224152,0.1885671515,0.2299450549,0.0613943285,0.0448928469,3.9674549343,1.1043523870
