Instance,INF_avg,INF_sd,INF_r1,INF_kr,INF_sk,SUP_avg,SUP_sd,SUP_r1,SUP_kr,SUP_sk,INC_avg,INC_sd,INC_r1,INC_kr,INC_sk,IND_avg,IND_sd,IND_r1,IND_kr,IND_sk
instances/A3/asymmetric/5.4.in,0.2388888889,0.0909483641,0.0574658502,2.3562597460,0.4339750411,0.1962962963,0.0815656131,0.0213261518,1.8475172707,0.0149798469,0.5648148148,0.0914372363,0.5125446388,2.3056119912,0.2659933479,0.3944444444,0.0990697472,0.1229796205,2.2096238282,0.5001100091
