Instance,INF_avg,INF_sd,INF_r1,INF_kr,INF_sk,SUP_avg,SUP_sd,SUP_r1,SUP_kr,SUP_sk,INC_avg,INC_sd,INC_r1,INC_kr,INC_sk,IND_avg,IND_sd,IND_r1,IND_kr,IND_sk
instances/A3/asymmetric/5.4.in,0.2133333333,0.1112554618,-0.1057074693,2.3941753237,1.0050138992,0.1700000000,0.0618241233,-0.3379872019,2.0035492158,0.1946632330,0.6166666667,0.0788810638,0.1018518519,1.9531250000,0.0339570906,0.3933333333,0.0742368582,0.6565934066,1.2989073881,0.4692912730
