Instance,INF_avg,INF_sd,INF_r1,INF_kr,INF_sk,SUP_avg,SUP_sd,SUP_r1,SUP_kr,SUP_sk,INC_avg,INC_sd,INC_r1,INC_kr,INC_sk,IND_avg,IND_sd,IND_r1,IND_kr,IND_sk
instances/A1/symmetric/8.5.in,0.3125701459,0.1168232377,0.3901612220,1.9191859887,-0.1374367308,0.1579685746,0.0655821809,0.2331587124,1.5599092996,0.0906736087,0.5294612795,0.0623918534,0.6560913397,1.8623579034,0.4382260312,0.1582491582,0.0278414738,-0.0832140667,3.5563118088,1.0774142008
