Instance,INF_avg,INF_sd,INF_r1,INF_kr,INF_sk,SUP_avg,SUP_sd,SUP_r1,SUP_kr,SUP_sk,INC_avg,INC_sd,INC_r1,INC_kr,INC_sk,IND_avg,IND_sd,IND_r1,IND_kr,IND_sk
instances/A1/symmetric/8.5.in,0.3808080808,0.0868686869,0.6233045961,1.8212096141,-0.3750990479,0.1373737374,0.0659588999,0.7638994669,1.7493479156,0.4713179213,0.4818181818,0.0242424242,0.1457286432,1.4189453125,0.0351562500,0.1489898990,0.0198196130,-0.4723127036,2.2906476640,0.3325944334
