Instance,INF_avg,INF_sd,INF_r1,INF_kr,INF_sk,SUP_avg,SUP_sd,SUP_r1,SUP_kr,SUP_sk,INC_avg,INC_sd,INC_r1,INC_kr,INC_sk,IND_avg,IND_sd,IND_r1,IND_kr,IND_sk
instances/A3/asymmetric/200.1.in,0.2730500000,0.0315269329,0.2158888060,3.0124142102,-0.1142209912,0.1727500000,0.0305235565,0.1355396688,3.4630418665,-0.2208621164,0.5542000000,0.0319430744,0.2329186334,2.9321728599,0.2917574013,0.0817500000,0.0224986111,-0.0780657230,2.9131312119,0.3719454199
