Instance,INF_avg,INF_sd,INF_r1,INF_kr,INF_sk,SUP_avg,SUP_sd,SUP_r1,SUP_kr,SUP_sk,INC_avg,INC_sd,INC_r1,INC_kr,INC_sk,IND_avg,IND_sd,IND_r1,IND_kr,IND_sk
instances/A1/symmetric/10.2.in,0.3047511312,0.0166671785,0.3981443988,1.9952382081,0.7492635718,0.1267345400,0.0405803007,-0.2935913046,2.1883815097,-0.5371852175,0.5685143288,0.0445227690,-0.3455261674,2.8514318237,1.2119149788,0.1777526395,0.0158292015,0.0803516975,1.3748693308,0.0871410727
