Instance,INF_avg,INF_sd,INF_r1,INF_kr,INF_sk,SUP_avg,SUP_sd,SUP_r1,SUP_kr,SUP_sk,INC_avg,INC_sd,INC_r1,INC_kr,INC_sk,IND_avg,IND_sd,IND_r1,IND_kr,IND_sk
instances/A1/asymmetric/20.2.in,0.3919969111,0.0443460898,0.0205156385,2.4568146398,0.8866102662,0.1612041830,0.0323545830,0.0816832018,2.5076397358,-0.6458959630,0.4467989060,0.0222901468,-0.0617934578,2.7286343799,0.2399105369,0.0447353822,0.0178551962,0.3130725104,1.9709983737,0.6094281564
