Instance,INF_avg,INF_sd,INF_r1,INF_kr,INF_sk,SUP_avg,SUP_sd,SUP_r1,SUP_kr,SUP_sk,INC_avg,INC_sd,INC_r1,INC_kr,INC_sk,IND_avg,IND_sd,IND_r1,IND_kr,IND_sk
instances/A1/asymmetric/20.2.in,0.4127620680,0.0445253368,-0.1986841159,1.8959131484,0.1999580665,0.1496792701,0.0319863524,-0.0655482431,2.0901464017,-0.4752386238,0.4375586619,0.0184537837,-0.7144856965,1.4738514573,-0.2073900260,0.0488961992,0.0170391841,0.2469494396,1.9173596075,0.7232772349
