Instance,INF_avg,INF_sd,INF_r1,INF_kr,INF_sk,SUP_avg,SUP_sd,SUP_r1,SUP_kr,SUP_sk,INC_avg,INC_sd,INC_r1,INC_kr,INC_sk,IND_avg,IND_sd,IND_r1,IND_kr,IND_sk
instances/A2/symmetric/50.3.in,0.4104000000,0.0256873510,-0.3141887909,2.0906129640,0.0529883355,0.1648000000,0.0241859463,0.0775278452,2.5850080194,0.0308163570,0.4248000000,0.0272205804,0.1980656404,4.0565004035,-0.7338068761,0.0512000000,0.0073864741,-0.0418210380,2.6060319399,-0.1194622329
