Instance,INF_avg,INF_sd,INF_r1,INF_kr,INF_sk,SUP_avg,SUP_sd,SUP_r1,SUP_kr,SUP_sk,INC_avg,INC_sd,INC_r1,INC_kr,INC_sk,IND_avg,IND_sd,IND_r1,IND_kr,IND_sk
instances/A3/symmetric/100.1.in,0.3015000000,0.0257924408,-0.1912018020,2.2782540576,-0.2992408181,0.1295000000,0.0277893865,0.1609672034,2.4252492763,0.4238513553,0.5690000000,0.0223383079,-0.0036248301,1.6515877446,0.3138115953,0.0990000000,0.0301496269,0.4528322680,1.7858416205,-0.2571333729
