Instance,INF_avg,INF_sd,INF_r1,INF_kr,INF_sk,SUP_avg,SUP_sd,SUP_r1,SUP_kr,SUP_sk,INC_avg,INC_sd,INC_r1,INC_kr,INC_sk,IND_avg,IND_sd,IND_r1,IND_kr,IND_sk
instances/A2/symmetric/200.3.in,0.3700000000,0.0379473319,0.1718750000,2.1379484954,-0.1770546086,0.1935000000,0.0259855729,-0.3001788364,1.7193156346,0.0558222775,0.4365000000,0.0400655713,0.4352640948,2.4173323249,0.2240603613,0.0640000000,0.0053851648,-0.2456747405,4.9072532699,-1.5175791430
