Instance,INF_avg,INF_sd,INF_r1,INF_kr,INF_sk,SUP_avg,SUP_sd,SUP_r1,SUP_kr,SUP_sk,INC_avg,INC_sd,INC_r1,INC_kr,INC_sk,IND_avg,IND_sd,IND_r1,IND_kr,IND_sk
instances/A2/symmetric/200.2.in,0.3530000000,0.0276767050,-0.5085357846,2.7375638255,1.0638500581,0.2240000000,0.0295634910,-0.1524376287,2.1675271903,0.0831317893,0.4230000000,0.0273130006,-0.3945351549,1.7994127752,-0.2756251594,0.0580000000,0.0067823300,-0.5044247788,2.3638941399,0.7500308204
