Instance,INF_avg,INF_sd,INF_r1,INF_kr,INF_sk,SUP_avg,SUP_sd,SUP_r1,SUP_kr,SUP_sk,INC_avg,INC_sd,INC_r1,INC_kr,INC_sk,IND_avg,IND_sd,IND_r1,IND_kr,IND_sk
instances/A2/symmetric/8.5.in,0.3639707419,0.0492347069,-0.1796105787,2.6262080090,-0.9872904171,0.3469174504,0.0449277537,-0.2496564075,2.0897040414,0.6954463389,0.2891118077,0.0333305096,0.1970023743,2.2017357230,-0.4612874703,0.1714524556,0.0337746489,-0.1414309078,2.6025641934,0.9008259471
