Instance,INF_avg,INF_sd,INF_r1,INF_kr,INF_sk,SUP_avg,SUP_sd,SUP_r1,SUP_kr,SUP_sk,INC_avg,INC_sd,INC_r1,INC_kr,INC_sk,IND_avg,IND_sd,IND_r1,IND_kr,IND_sk
instances/A3/asymmetric/20.2.in,0.4632608959,0.0292410334,0.5302409829,2.7412840836,-1.1093246304,0.0898281649,0.0116678766,0.1715937929,2.4969391961,0.6467663210,0.4469109391,0.0364753564,0.7117679563,2.8788421382,1.2632792806,0.0624997153,0.0095661710,-0.3945266740,2.7898318964,1.0345916315
