Instance,INF_avg,INF_sd,INF_r1,INF_kr,INF_sk,SUP_avg,SUP_sd,SUP_r1,SUP_kr,SUP_sk,INC_avg,INC_sd,INC_r1,INC_kr,INC_sk,IND_avg,IND_sd,IND_r1,IND_kr,IND_sk
instances/A3/symmetric/20.4.in,0.2924980708,0.0663845006,0.3912332266,2.1574078909,-0.6089262832,0.1420604649,0.0472199328,-0.0089722532,1.4830231369,0.4468166398,0.5654414644,0.0445092071,0.2297633869,2.1489750170,-0.3512450004,0.0793592316,0.0084028102,0.2130558469,1.9827844602,0.3578901977
