Instance,INF_avg,INF_sd,INF_r1,INF_kr,INF_sk,SUP_avg,SUP_sd,SUP_r1,SUP_kr,SUP_sk,INC_avg,INC_sd,INC_r1,INC_kr,INC_sk,IND_avg,IND_sd,IND_r1,IND_kr,IND_sk
instances/A3/asymmetric/100.1.in,0.2870000000,0.0196468827,-0.0209713024,1.9273134849,-0.3987501228,0.1610000000,0.0171464282,-0.1052998605,3.1658336804,1.4366055003,0.5520000000,0.0304302481,-0.1550533584,2.2098834253,-0.5896003411,0.0590000000,0.0124096736,0.3766578249,1.7794737730,-0.1632576395
