Instance,INF_avg,INF_sd,INF_r1,INF_kr,INF_sk,SUP_avg,SUP_sd,SUP_r1,SUP_kr,SUP_sk,INC_avg,INC_sd,INC_r1,INC_kr,INC_sk,IND_avg,IND_sd,IND_r1,IND_kr,IND_sk
instances/A1/asymmetric/5.6.in,0.4763888889,0.1354220084,0.1086458299,2.1555300818,-0.9265875559,0.1319444444,0.0908103947,0.3931888545,1.8343079922,-0.2066083217,0.3916666667,0.0682112731,-0.1835205993,1.8580975718,0.6892544771,0.3708333333,0.0379601399,-0.2862190813,1.0946436348,0.0714128920
