Instance,INF_avg,INF_sd,INF_r1,INF_kr,INF_sk,SUP_avg,SUP_sd,SUP_r1,SUP_kr,SUP_sk,INC_avg,INC_sd,INC_r1,INC_kr,INC_sk,IND_avg,IND_sd,IND_r1,IND_kr,IND_sk
instances/A2/asymmetric/8.1.in,0.2466666667,0.0524723899,-0.1487188123,2.4539955995,-0.8989744889,0.3903030303,0.0725857208,0.3033108426,1.3181927052,0.2206190256,0.3630303030,0.0392959153,-0.0000924300,2.5014265332,-0.0693814542,0.1539393939,0.0312811828,-0.3920625376,2.6708735763,1.0004976956
