Instance,INF_avg,INF_sd,INF_r1,INF_kr,INF_sk,SUP_avg,SUP_sd,SUP_r1,SUP_kr,SUP_sk,INC_avg,INC_sd,INC_r1,INC_kr,INC_sk,IND_avg,IND_sd,IND_r1,IND_kr,IND_sk
instances/A2/asymmetric/8.1.in,0.2506734007,0.0788820698,0.1770419153,2.8195638808,-0.9871784071,0.4090347924,0.1053932412,0.7034109111,2.8476579909,0.9037243877,0.3402918070,0.0463949227,0.5561392177,2.1489166138,0.0267748451,0.1514590348,0.0237611749,-0.3726845574,5.0582480328,1.5539130753
