Instance,INF_avg,INF_sd,INF_r1,INF_kr,INF_sk,SUP_avg,SUP_sd,SUP_r1,SUP_kr,SUP_sk,INC_avg,INC_sd,INC_r1,INC_kr,INC_sk,IND_avg,IND_sd,IND_r1,IND_kr,IND_sk
instances/A1/asymmetric/8.2.in,0.4503496503,0.1110364831,0.7226862521,1.2914326809,-0.2871146859,0.2681118881,0.1026001632,0.5901053414,1.3117272007,0.0336877183,0.2815384615,0.0355440481,0.0791663651,1.8018936828,0.0927652438,0.1824242424,0.0342942970,-0.2443143303,3.0495924514,-1.3276649895
