Instance,INF_avg,INF_sd,INF_r1,INF_kr,INF_sk,SUP_avg,SUP_sd,SUP_r1,SUP_kr,SUP_sk,INC_avg,INC_sd,INC_r1,INC_kr,INC_sk,IND_avg,IND_sd,IND_r1,IND_kr,IND_sk
instances/A3/asymmetric/50.5.in,0.2964285714,0.1060058720,-0.2160275743,2.9436792109,0.7232252772,0.1107142857,0.0572543555,0.1877133106,3.7451134764,0.4310655106,0.5928571429,0.1115749954,0.0050485437,2.0007390486,0.1023245557,0.4000000000,0.0779193722,0.1764705882,3.7543252595,0.7926745827
