Instance,INF_avg,INF_sd,INF_r1,INF_kr,INF_sk,SUP_avg,SUP_sd,SUP_r1,SUP_kr,SUP_sk,INC_avg,INC_sd,INC_r1,INC_kr,INC_sk,IND_avg,IND_sd,IND_r1,IND_kr,IND_sk
instances/A1/symmetric/8.5.in,0.4464105090,0.1066260173,0.0965300318,2.1804913203,-0.2265595790,0.1483875205,0.0449106725,0.1694042202,2.5588018195,-0.8677133257,0.4052019704,0.0765404047,-0.2024431820,2.8676499891,1.1898480887,0.2318555008,0.0367833685,0.3042181668,1.3471209669,0.4750647895
