Instance,INF_avg,INF_sd,INF_r1,INF_kr,INF_sk,SUP_avg,SUP_sd,SUP_r1,SUP_kr,SUP_sk,INC_avg,INC_sd,INC_r1,INC_kr,INC_sk,IND_avg,IND_sd,IND_r1,IND_kr,IND_sk
instances/A2/symmetric/100.2.in,0.4604651163,0.1831755225,0.3716144645,2.5825080718,0.3434896551,0.1116279070,0.1297749435,0.2585981550,2.8496076517,0.9966896429,0.4279069767,0.1661122924,0.0530169414,2.4068381728,0.3740830330,0.3651162791,0.1291901806,0.0100268689,2.7550959763,0.6032451698
