Instance,INF_avg,INF_sd,INF_r1,INF_kr,INF_sk,SUP_avg,SUP_sd,SUP_r1,SUP_kr,SUP_sk,INC_avg,INC_sd,INC_r1,INC_kr,INC_sk,IND_avg,IND_sd,IND_r1,IND_kr,IND_sk
instances/A2/asymmetric/5.3.in,0.3833333333,0.1088662108,-0.0642250531,3.1991373698,-1.4647502140,0.1055555556,0.1222222222,-0.3082362729,2.6352878902,1.0356874530,0.5111111111,0.0415739710,-0.8115942029,1.8469387755,-0.3436215967,0.4000000000,0.0544331054,-0.1904761905,1.1666666667,-0.4082482905
