Instance,INF_avg,INF_sd,INF_r1,INF_kr,INF_sk,SUP_avg,SUP_sd,SUP_r1,SUP_kr,SUP_sk,INC_avg,INC_sd,INC_r1,INC_kr,INC_sk,IND_avg,IND_sd,IND_r1,IND_kr,IND_sk
instances/A3/symmetric/100.1.in,0.3090000000,0.0321558704,-0.6396340195,1.8854891148,-0.6788740897,0.1440000000,0.0208326667,-0.0612968592,2.0189534711,0.7883754588,0.5470000000,0.0258069758,-0.6666666667,1.9945215486,-0.3958703373,0.0740000000,0.0165529454,-0.7578710645,2.1221428952,0.1428726702
