Instance,INF_avg,INF_sd,INF_r1,INF_kr,INF_sk,SUP_avg,SUP_sd,SUP_r1,SUP_kr,SUP_sk,INC_avg,INC_sd,INC_r1,INC_kr,INC_sk,IND_avg,IND_sd,IND_r1,IND_kr,IND_sk
instances/A3/asymmetric/8.1.in,0.1958473625,0.0754869006,-0.1211997409,2.3878828862,-0.6723008572,0.0757575758,0.0392837101,0.3206696716,2.5160735833,1.0111644680,0.7283950617,0.0624952368,-0.2274061990,2.7601070791,1.0101341948,0.2424242424,0.0447475888,-0.0425855513,2.5140911734,0.5981207174
