Instance,INF_avg,INF_sd,INF_r1,INF_kr,INF_sk,SUP_avg,SUP_sd,SUP_r1,SUP_kr,SUP_sk,INC_avg,INC_sd,INC_r1,INC_kr,INC_sk,IND_avg,IND_sd,IND_r1,IND_kr,IND_sk
instances/A2/symmetric/8.2.in,0.5129629630,0.1559078902,0.5044725234,3.5462070030,-1.1734311987,0.0555555556,0.0724355823,0.5720279720,2.2860207612,0.9023117516,0.4314814815,0.0988965179,0.2448488560,3.1816854490,0.8023187176,0.2574074074,0.0497593661,0.5439517998,2.0422610324,0.3433988465
