Instance,INF_avg,INF_sd,INF_r1,INF_kr,INF_sk,SUP_avg,SUP_sd,SUP_r1,SUP_kr,SUP_sk,INC_avg,INC_sd,INC_r1,INC_kr,INC_sk,IND_avg,IND_sd,IND_r1,IND_kr,IND_sk
instances/A1/symmetric/200.5.in,0.4810000000,0.0307896086,0.3394341251,2.2526838648,-0.0853074266,0.1478000000,0.0274983636,0.6456018652,2.0625527310,0.4802686435,0.3712000000,0.0265058484,0.3169405143,2.8209784994,-0.1004698281,0.0470000000,0.0104880885,-0.0963152134,2.8692561983,-0.4576620428
