Instance,INF_avg,INF_sd,INF_r1,INF_kr,INF_sk,SUP_avg,SUP_sd,SUP_r1,SUP_kr,SUP_sk,INC_avg,INC_sd,INC_r1,INC_kr,INC_sk,IND_avg,IND_sd,IND_r1,IND_kr,IND_sk
instances/A1/asymmetric/100.6.in,0.3069000000,0.0534171321,0.5379556072,2.2942413705,-0.1922070542,0.1785000000,0.0290043100,0.2873984260,2.5822955033,0.0470904036,0.5146000000,0.0431374547,0.5901208249,2.5736482631,0.2253973273,0.0668500000,0.0168471808,0.1897448557,3.3811026838,0.0788791196
