Instance,INF_avg,INF_sd,INF_r1,INF_kr,INF_sk,SUP_avg,SUP_sd,SUP_r1,SUP_kr,SUP_sk,INC_avg,INC_sd,INC_r1,INC_kr,INC_sk,IND_avg,IND_sd,IND_r1,IND_kr,IND_sk
instances/A2/asymmetric/100.3.in,0.3578000000,0.0316253063,0.4245886364,2.5001278183,0.0394147822,0.1904000000,0.0211622305,0.1178904325,2.1911076227,0.0804584152,0.4518000000,0.0324616697,0.4951550373,2.4433760962,0.2934756054,0.0720000000,0.0158113883,0.1674749434,2.3346880000,0.0258041857
