Instance,INF_avg,INF_sd,INF_r1,INF_kr,INF_sk,SUP_avg,SUP_sd,SUP_r1,SUP_kr,SUP_sk,INC_avg,INC_sd,INC_r1,INC_kr,INC_sk,IND_avg,IND_sd,IND_r1,IND_kr,IND_sk
instances/A1/asymmetric/8.3.in,0.2312008979,0.1330296123,0.6545927669,1.9107427023,-0.2242834421,0.1760381594,0.0336254849,0.7850263412,1.6682805766,-0.0871169278,0.5927609428,0.1002618187,0.6032871594,1.9817311231,0.3278079371,0.2190796857,0.0334511215,-0.1241513380,1.9634929159,0.2782783013
