Instance,INF_avg,INF_sd,INF_r1,INF_kr,INF_sk,SUP_avg,SUP_sd,SUP_r1,SUP_kr,SUP_sk,INC_avg,INC_sd,INC_r1,INC_kr,INC_sk,IND_avg,IND_sd,IND_r1,IND_kr,IND_sk
instances/A1/asymmetric/8.3.in,0.1404040404,0.0920328967,0.3891996764,1.1695344547,-0.4032753207,0.2005050505,0.0183215729,0.6037228939,1.2248893672,0.2345195520,0.6590909091,0.0746894397,0.3272311213,1.1912564142,0.3694059316,0.2191919192,0.0288100216,0.0783252457,2.6031411767,1.0270300485
