Instance,INF_avg,INF_sd,INF_r1,INF_kr,INF_sk,SUP_avg,SUP_sd,SUP_r1,SUP_kr,SUP_sk,INC_avg,INC_sd,INC_r1,INC_kr,INC_sk,IND_avg,IND_sd,IND_r1,IND_kr,IND_sk
instances/A3/asymmetric/50.3.in,0.3840000000,0.0376563408,0.3907271647,3.0158818416,-0.7124036928,0.0950000000,0.0193907194,0.1706666667,3.0075826166,-0.2057356209,0.5210000000,0.0304630924,0.3464522315,3.3200059453,0.5688058837,0.0926000000,0.0150412765,0.0177269999,2.5859838421,0.1565564629
