Instance,INF_avg,INF_sd,INF_r1,INF_kr,INF_sk,SUP_avg,SUP_sd,SUP_r1,SUP_kr,SUP_sk,INC_avg,INC_sd,INC_r1,INC_kr,INC_sk,IND_avg,IND_sd,IND_r1,IND_kr,IND_sk
instances/A2/symmetric/8.5.in,0.5226144226,0.0777029311,-0.0709044864,1.9678145183,0.5209153451,0.1231953232,0.0726565471,0.4700376923,2.5986261492,0.9412183828,0.3541902542,0.0580762085,0.1191919568,2.6412070062,-0.6834413734,0.1904428904,0.0637086624,0.1739982595,3.5677352778,0.7672659884
