Instance,INF_avg,INF_sd,INF_r1,INF_kr,INF_sk,SUP_avg,SUP_sd,SUP_r1,SUP_kr,SUP_sk,INC_avg,INC_sd,INC_r1,INC_kr,INC_sk,IND_avg,IND_sd,IND_r1,IND_kr,IND_sk
instances/A1/asymmetric/50.6.in,0.2574500000,0.0603095971,0.6408396897,2.4767813016,0.0895340599,0.1960000000,0.0427200187,0.6808898720,2.8546032652,0.2002077004,0.5465500000,0.0514086325,0.5641625235,2.6276968206,0.0441672062,0.0632000000,0.0163939013,0.4237369250,2.6211699906,0.4907225996
