Instance,INF_avg,INF_sd,INF_r1,INF_kr,INF_sk,SUP_avg,SUP_sd,SUP_r1,SUP_kr,SUP_sk,INC_avg,INC_sd,INC_r1,INC_kr,INC_sk,IND_avg,IND_sd,IND_r1,IND_kr,IND_sk
instances/A1/symmetric/10.6.in,0.3204256061,0.0649428873,-0.1438046459,1.8443305003,-0.1897416429,0.2119309262,0.0373109876,-0.4390463883,1.4444675765,-0.0962561554,0.4676434676,0.0426362339,0.2644904613,2.2426834014,-0.2722600729,0.1318681319,0.0266317481,-0.0665834679,2.3282805820,-0.3671997778
