Instance,INF_avg,INF_sd,INF_r1,INF_kr,INF_sk,SUP_avg,SUP_sd,SUP_r1,SUP_kr,SUP_sk,INC_avg,INC_sd,INC_r1,INC_kr,INC_sk,IND_avg,IND_sd,IND_r1,IND_kr,IND_sk
instances/A2/asymmetric/8.4.in,0.2088888889,0.0563574813,-0.2584217455,2.0938416056,-0.7668516577,0.4468686869,0.0898424519,-0.7763769463,1.8336842719,-0.4176053281,0.3442424242,0.0638409410,-0.3732331365,2.2549643434,0.6235182324,0.2006060606,0.0421811216,-1.0578586341,2.1611134447,0.5843087471
