Instance,INF_avg,INF_sd,INF_r1,INF_kr,INF_sk,SUP_avg,SUP_sd,SUP_r1,SUP_kr,SUP_sk,INC_avg,INC_sd,INC_r1,INC_kr,INC_sk,IND_avg,IND_sd,IND_r1,IND_kr,IND_sk
instances/A2/asymmetric/50.1.in,0.5920000000,0.0939308256,0.7815124325,2.1872266093,-0.1432829684,0.1648000000,0.0610570225,0.7281193421,2.1382465559,0.1398912421,0.2432000000,0.0444720137,0.6444978398,2.2842400798,-0.1539340419,0.0443000000,0.0093279151,0.3523637046,3.3200227941,0.1115839788
