Instance,INF_avg,INF_sd,INF_r1,INF_kr,INF_sk,SUP_avg,SUP_sd,SUP_r1,SUP_kr,SUP_sk,INC_avg,INC_sd,INC_r1,INC_kr,INC_sk,IND_avg,IND_sd,IND_r1,IND_kr,IND_sk
instances/A2/symmetric/10.1.in,0.6635974468,0.0579321159,0.1730749786,1.5284941095,-0.1512835143,0.1071752093,0.0360332661,-0.2087779518,1.6915477888,-0.4481660204,0.2292273440,0.0276753889,0.3304229166,1.8465444776,0.1252630560,0.1388436596,0.0500510601,-0.0380715229,4.5572832910,1.4201449850
