Instance,INF_avg,INF_sd,INF_r1,INF_kr,INF_sk,SUP_avg,SUP_sd,SUP_r1,SUP_kr,SUP_sk,INC_avg,INC_sd,INC_r1,INC_kr,INC_sk,IND_avg,IND_sd,IND_r1,IND_kr,IND_sk
instances/A3/asymmetric/10.2.in,0.2949425795,0.0539656157,0.2855683158,1.7183204573,0.0582382473,0.2371769985,0.0404272212,0.1828490375,2.0177804459,0.3492043186,0.4678804220,0.0538470390,0.2461255910,2.8333250843,0.3547782752,0.2139417901,0.0431365594,0.4022481979,2.0772802657,0.4386178745
