Instance,INF_avg,INF_sd,INF_r1,INF_kr,INF_sk,SUP_avg,SUP_sd,SUP_r1,SUP_kr,SUP_sk,INC_avg,INC_sd,INC_r1,INC_kr,INC_sk,IND_avg,IND_sd,IND_r1,IND_kr,IND_sk
instances/A2/symmetric/10.1.in,0.3743083900,0.0483364383,-0.6343687083,1.3098920651,-0.3951445276,0.3332653061,0.0654913442,-0.3427795872,1.5601678023,0.2505714923,0.2924263039,0.0263310517,0.2431775624,1.6248895150,0.4122934672,0.1394501134,0.0319872617,0.4960491243,1.5774149559,0.3000636955
