Instance,INF_avg,INF_sd,INF_r1,INF_kr,INF_sk,SUP_avg,SUP_sd,SUP_r1,SUP_kr,SUP_sk,INC_avg,INC_sd,INC_r1,INC_kr,INC_sk,IND_avg,IND_sd,IND_r1,IND_kr,IND_sk
instances/A2/symmetric/10.1.in,0.3810405644,0.0643050250,-0.4810928641,2.3425278161,0.4952181997,0.3220993953,0.0882107865,-0.3100310246,1.8450636882,-0.2884859102,0.2968600403,0.0309590649,0.0849738115,1.4711672042,0.3510577196,0.1459246662,0.0296558922,0.1538419526,1.6753980756,0.0531999500
