Instance,INF_avg,INF_sd,INF_r1,INF_kr,INF_sk,SUP_avg,SUP_sd,SUP_r1,SUP_kr,SUP_sk,INC_avg,INC_sd,INC_r1,INC_kr,INC_sk,IND_avg,IND_sd,IND_r1,IND_kr,IND_sk
instances/A1/symmetric/200.6.in,0.3656521739,0.0633938291,0.3226865661,2.3637250535,-0.4089821569,0.0886956522,0.0529673961,0.8370112659,2.4056801038,0.3181966210,0.5456521739,0.0451239279,-0.1486798385,2.3323506359,-0.0990228851,0.1285507246,0.0329371541,0.0675669934,2.7096645719,0.4370963976
