Instance,INF_avg,INF_sd,INF_r1,INF_kr,INF_sk,SUP_avg,SUP_sd,SUP_r1,SUP_kr,SUP_sk,INC_avg,INC_sd,INC_r1,INC_kr,INC_sk,IND_avg,IND_sd,IND_r1,IND_kr,IND_sk
instances/A2/symmetric/100.1.in,0.4615000000,0.0372189468,-0.1240493807,2.5608596526,0.9678602617,0.2480000000,0.0327261363,0.3689225027,3.2585818641,0.2035395916,0.2905000000,0.0373798074,0.4861015567,2.4688264570,-0.0915871618,0.0505000000,0.0068738635,0.1633691351,3.1056521374,-0.8728715609
