Instance,INF_avg,INF_sd,INF_r1,INF_kr,INF_sk,SUP_avg,SUP_sd,SUP_r1,SUP_kr,SUP_sk,INC_avg,INC_sd,INC_r1,INC_kr,INC_sk,IND_avg,IND_sd,IND_r1,IND_kr,IND_sk
instances/A2/symmetric/8.2.in,0.5439560440,0.0264650430,-0.0521739130,1.9872175981,-0.4725001440,0.1974358974,0.0584980653,-0.0479538457,2.7372044883,1.0934589013,0.2586080586,0.0401829999,0.1096555645,1.9835072717,-0.4953531428,0.1684981685,0.0350578348,-0.1651583710,3.1819091932,1.4427086857
