Instance,INF_avg,INF_sd,INF_r1,INF_kr,INF_sk,SUP_avg,SUP_sd,SUP_r1,SUP_kr,SUP_sk,INC_avg,INC_sd,INC_r1,INC_kr,INC_sk,IND_avg,IND_sd,IND_r1,IND_kr,IND_sk
instances/A2/symmetric/8.2.in,0.4996513831,0.0719189086,0.4251682718,2.8614136935,-1.0265368690,0.2219707240,0.0779667671,0.0232213326,1.6070535400,0.2580659730,0.2783778929,0.0417026838,0.3796841344,2.9538747085,-0.5119589283,0.1551308717,0.0374490784,0.0737115904,3.2797030734,0.9183476753
