Instance,INF_avg,INF_sd,INF_r1,INF_kr,INF_sk,SUP_avg,SUP_sd,SUP_r1,SUP_kr,SUP_sk,INC_avg,INC_sd,INC_r1,INC_kr,INC_sk,IND_avg,IND_sd,IND_r1,IND_kr,IND_sk
instances/A2/asymmetric/10.3.in,0.5289790456,0.1378233217,0.7624363326,2.1452402402,-0.5719068260,0.1189637523,0.0741786442,0.7279408537,2.0918525919,0.5504430462,0.3520572021,0.0682610282,0.6674953968,1.9541594640,0.3266317594,0.1021831784,0.0263024784,-0.8768347639,2.7630428391,0.4081900907
