Instance,INF_avg,INF_sd,INF_r1,INF_kr,INF_sk,SUP_avg,SUP_sd,SUP_r1,SUP_kr,SUP_sk,INC_avg,INC_sd,INC_r1,INC_kr,INC_sk,IND_avg,IND_sd,IND_r1,IND_kr,IND_sk
instances/A1/symmetric/200.5.in,0.2833333333,0.1126872340,-0.2919708029,2.5093359375,-0.1063045586,0.1452380952,0.0738479163,-0.0295491778,4.2174934410,0.6962376734,0.5714285714,0.1030157507,-0.3380316518,2.8848927515,-0.0940056823,0.3261904762,0.1129886716,-0.0523336575,4.5095592944,0.7983403627
