Instance,INF_avg,INF_sd,INF_r1,INF_kr,INF_sk,SUP_avg,SUP_sd,SUP_r1,SUP_kr,SUP_sk,INC_avg,INC_sd,INC_r1,INC_kr,INC_sk,IND_avg,IND_sd,IND_r1,IND_kr,IND_sk
instances/A2/asymmetric/50.6.in,0.3416000000,0.0274852688,0.0329276045,1.9913894207,0.3053339137,0.1940000000,0.0270185122,0.3652690940,1.9271120285,-0.4073310692,0.4644000000,0.0305063928,0.2445466189,2.9143105356,0.1261116170,0.0632000000,0.0104766407,-0.0903741984,4.0080679606,0.3509264776
