Instance,INF_avg,INF_sd,INF_r1,INF_kr,INF_sk,SUP_avg,SUP_sd,SUP_r1,SUP_kr,SUP_sk,INC_avg,INC_sd,INC_r1,INC_kr,INC_sk,IND_avg,IND_sd,IND_r1,IND_kr,IND_sk
instances/A3/asymmetric/5.2.in,0.2679012346,0.1533301524,0.5214821479,3.0572566363,0.9395808202,0.1876543210,0.0759384713,-0.0034133965,4.3812616019,-1.4246153453,0.5444444444,0.1141257699,0.6777308389,2.0326699760,-0.5234748427,0.4086419753,0.0579195264,0.0551366397,4.7157859661,-1.1737950227
