Instance,INF_avg,INF_sd,INF_r1,INF_kr,INF_sk,SUP_avg,SUP_sd,SUP_r1,SUP_kr,SUP_sk,INC_avg,INC_sd,INC_r1,INC_kr,INC_sk,IND_avg,IND_sd,IND_r1,IND_kr,IND_sk
instances/A3/asymmetric/8.3.in,0.3687016687,0.0713877786,0.4516649971,2.0289538913,0.2792764039,0.0915121915,0.0523168274,0.4035825772,2.7258233716,1.0900436815,0.5397861398,0.0571646817,-0.0937095605,2.9602813638,-0.3141390731,0.2464313464,0.0307817057,-0.2710498131,2.4150288309,0.2035473625
