Instance,INF_avg,INF_sd,INF_r1,INF_kr,INF_sk,SUP_avg,SUP_sd,SUP_r1,SUP_kr,SUP_sk,INC_avg,INC_sd,INC_r1,INC_kr,INC_sk,IND_avg,IND_sd,IND_r1,IND_kr,IND_sk
instances/A3/asymmetric/8.3.in,0.3836630037,0.0869392448,0.4866999944,1.4913941880,-0.1402244539,0.0926007326,0.0579474676,0.3707116842,2.5860459437,1.0131043500,0.5237362637,0.0677112543,-0.1107833485,2.3529824807,0.1844689232,0.2417582418,0.0322169450,-0.2698366930,1.8782970208,-0.1343722876
