Instance,INF_avg,INF_sd,INF_r1,INF_kr,INF_sk,SUP_avg,SUP_sd,SUP_r1,SUP_kr,SUP_sk,INC_avg,INC_sd,INC_r1,INC_kr,INC_sk,IND_avg,IND_sd,IND_r1,IND_kr,IND_sk
instances/A3/symmetric/20.5.in,0.5190982242,0.0133510261,-0.5777328303,1.2462619097,0.2326679920,0.0584422460,0.0138899575,0.4000678908,2.1056112934,-0.3447051389,0.4224595298,0.0100695953,-0.0618082359,1.9061924174,0.3297743457,0.1150088326,0.0240086562,0.0657499620,2.8063211304,1.1606406397
