Instance,INF_avg,INF_sd,INF_r1,INF_kr,INF_sk,SUP_avg,SUP_sd,SUP_r1,SUP_kr,SUP_sk,INC_avg,INC_sd,INC_r1,INC_kr,INC_sk,IND_avg,IND_sd,IND_r1,IND_kr,IND_sk
instances/A2/symmetric/10.6.in,0.6491000228,0.0431574879,0.2249838830,1.8371747677,-0.4038032928,0.0916938812,0.0582884967,0.7773496766,1.9007614107,0.0762915974,0.2592060960,0.0336530665,0.6661302839,2.0241011790,0.4890833348,0.1494114073,0.0720260970,1.0753158887,2.9462154850,1.2011379727
