Instance,INF_avg,INF_sd,INF_r1,INF_kr,INF_sk,SUP_avg,SUP_sd,SUP_r1,SUP_kr,SUP_sk,INC_avg,INC_sd,INC_r1,INC_kr,INC_sk,IND_avg,IND_sd,IND_r1,IND_kr,IND_sk
instances/A2/symmetric/5.5.in,0.4611111111,0.0714920353,0.0650636492,2.9866799692,1.2883882858,0.0655555556,0.0558215853,-0.5400606810,1.2862843171,-0.1746943732,0.4733333333,0.0523992272,0.1284734753,2.0117100564,0.2169288953,0.3344444444,0.1377240038,0.1665412660,2.8926422028,1.2555878481
