Instance,INF_avg,INF_sd,INF_r1,INF_kr,INF_sk,SUP_avg,SUP_sd,SUP_r1,SUP_kr,SUP_sk,INC_avg,INC_sd,INC_r1,INC_kr,INC_sk,IND_avg,IND_sd,IND_r1,IND_kr,IND_sk
instances/A1/asymmetric/100.5.in,0.3510000000,0.0292232784,0.0814952012,2.1455747577,0.0545745674,0.1665000000,0.0271154937,0.3712777718,2.8173779444,-0.5479602047,0.4825000000,0.0261963738,0.2594187298,2.9378303323,-0.7718083195,0.0760000000,0.0174355958,0.3832671958,2.3524281510,-0.0401854863
