Instance,INF_avg,INF_sd,INF_r1,INF_kr,INF_sk,SUP_avg,SUP_sd,SUP_r1,SUP_kr,SUP_sk,INC_avg,INC_sd,INC_r1,INC_kr,INC_sk,IND_avg,IND_sd,IND_r1,IND_kr,IND_sk
instances/A2/symmetric/5.3.in,0.2888888889,0.1309980680,0.6037988827,1.5158765074,-0.3408010915,0.1993827160,0.0941879030,0.4401414515,1.5483270664,0.1805228440,0.5117283951,0.0612761209,0.2645117464,2.0041221892,-0.2770696230,0.3475308642,0.0493518422,-0.0485728259,2.8856386895,0.6422037557
