Instance,INF_avg,INF_sd,INF_r1,INF_kr,INF_sk,SUP_avg,SUP_sd,SUP_r1,SUP_kr,SUP_sk,INC_avg,INC_sd,INC_r1,INC_kr,INC_sk,IND_avg,IND_sd,IND_r1,IND_kr,IND_sk
instances/A2/symmetric/200.1.in,0.4082000000,0.0424000000,-0.0591986710,2.0705318911,0.4381597309,0.2016000000,0.0297899312,-0.1886667465,2.0012662463,0.1454864210,0.3902000000,0.0253171878,-0.0302072646,2.8362963387,0.3186244475,0.0666000000,0.0080894994,-0.1549468520,2.3979157824,-0.5255386707
