Instance,INF_avg,INF_sd,INF_r1,INF_kr,INF_sk,SUP_avg,SUP_sd,SUP_r1,SUP_kr,SUP_sk,INC_avg,INC_sd,INC_r1,INC_kr,INC_sk,IND_avg,IND_sd,IND_r1,IND_kr,IND_sk
instances/A2/symmetric/8.1.in,0.2338383838,0.0703200084,-0.5318480619,2.5280654470,1.0155384461,0.3045454545,0.0684823157,-0.2076374757,1.8988192980,-0.3648447564,0.4616161616,0.0640120385,-0.1353200262,2.0533734088,-0.0497207045,0.1813131313,0.0187889649,0.7858705846,1.7149608240,0.6657502516
