Instance,INF_avg,INF_sd,INF_r1,INF_kr,INF_sk,SUP_avg,SUP_sd,SUP_r1,SUP_kr,SUP_sk,INC_avg,INC_sd,INC_r1,INC_kr,INC_sk,IND_avg,IND_sd,IND_r1,IND_kr,IND_sk
instances/A3/symmetric/8.1.in,0.4624893268,0.0665988165,0.4097817439,2.2395574053,-0.7947388149,0.0987848933,0.0130373284,-0.2070567888,2.2698216099,0.2646254789,0.4387257800,0.0673014226,0.6836884697,1.8567804785,0.7016144178,0.2219901478,0.0220742585,-0.0052830800,1.2921053652,-0.4578418636
