Instance,INF_avg,INF_sd,INF_r1,INF_kr,INF_sk,SUP_avg,SUP_sd,SUP_r1,SUP_kr,SUP_sk,INC_avg,INC_sd,INC_r1,INC_kr,INC_sk,IND_avg,IND_sd,IND_r1,IND_kr,IND_sk
instances/A2/asymmetric/200.5.in,0.4676288660,0.1275767260,0.7640424741,6.1214898008,1.5550218874,0.0677319588,0.0603085734,0.6775335939,2.8903819267,0.8546174757,0.4646391753,0.1082623946,0.6387562939,6.0736704723,-1.4589340901,0.1581443299,0.0437502258,0.1697856864,3.1373196910,0.1893681876
