Instance,INF_avg,INF_sd,INF_r1,INF_kr,INF_sk,SUP_avg,SUP_sd,SUP_r1,SUP_kr,SUP_sk,INC_avg,INC_sd,INC_r1,INC_kr,INC_sk,IND_avg,IND_sd,IND_r1,IND_kr,IND_sk
instances/A3/symmetric/200.1.in,0.3090000000,0.0441757852,0.4610892734,4.5023184239,-0.8842981629,0.1310000000,0.0271661554,0.3939619778,2.8328706458,0.3359333009,0.5600000000,0.0413461002,0.3716305789,5.2177793503,1.0088968794,0.0974500000,0.0190328006,0.2288192995,2.7134553543,0.1340218192
