Instance,INF_avg,INF_sd,INF_r1,INF_kr,INF_sk,SUP_avg,SUP_sd,SUP_r1,SUP_kr,SUP_sk,INC_avg,INC_sd,INC_r1,INC_kr,INC_sk,IND_avg,IND_sd,IND_r1,IND_kr,IND_sk
instances/A3/symmetric/8.6.in,0.0902757736,0.0807421223,0.2047078645,2.8702782334,0.9073724335,0.2135321469,0.0758880825,0.1341734804,2.0238177523,-0.8267260140,0.6961920795,0.0602692526,0.8493924881,3.0225729356,-0.7673377849,0.2626663460,0.0321541916,0.2656308915,2.4562329953,-0.4198212566
