Instance,INF_avg,INF_sd,INF_r1,INF_kr,INF_sk,SUP_avg,SUP_sd,SUP_r1,SUP_kr,SUP_sk,INC_avg,INC_sd,INC_r1,INC_kr,INC_sk,IND_avg,IND_sd,IND_r1,IND_kr,IND_sk
instances/A2/symmetric/200.5.in,0.4099009901,0.1369794019,0.2039815761,2.7006629819,0.0379903644,0.0811881188,0.0779856185,0.4070396690,5.4940272982,1.3430905955,0.5089108911,0.1267249379,-0.0323657219,2.7193959894,0.1900732450,0.2925742574,0.1005888944,0.2422297649,2.3796655341,0.3276635906
