Instance,INF_avg,INF_sd,INF_r1,INF_kr,INF_sk,SUP_avg,SUP_sd,SUP_r1,SUP_kr,SUP_sk,INC_avg,INC_sd,INC_r1,INC_kr,INC_sk,IND_avg,IND_sd,IND_r1,IND_kr,IND_sk
instances/A3/asymmetric/200.4.in,0.4115000000,0.0407461655,0.4457986389,1.9002354291,0.1971652981,0.0630000000,0.0160000000,0.7808285164,1.3983459473,0.1999511719,0.5255000000,0.0265000000,0.1491601446,2.3195362868,-0.4468655333,0.0885000000,0.0092330927,-0.0614008022,3.5677109760,0.8251588728
