Instance,INF_avg,INF_sd,INF_r1,INF_kr,INF_sk,SUP_avg,SUP_sd,SUP_r1,SUP_kr,SUP_sk,INC_avg,INC_sd,INC_r1,INC_kr,INC_sk,IND_avg,IND_sd,IND_r1,IND_kr,IND_sk
instances/A1/symmetric/5.6.in,0.1900000000,0.1533333333,0.3415481490,1.3589261402,0.4972055560,0.2822222222,0.1208202419,0.3079107844,1.3395717249,-0.3574275539,0.5277777778,0.0606548625,-0.1579831933,2.6629994144,-0.8722841866,0.4911111111,0.0347122208,0.2857142857,2.5243886052,1.0736207227
