Instance,INF_avg,INF_sd,INF_r1,INF_kr,INF_sk,SUP_avg,SUP_sd,SUP_r1,SUP_kr,SUP_sk,INC_avg,INC_sd,INC_r1,INC_kr,INC_sk,IND_avg,IND_sd,IND_r1,IND_kr,IND_sk
instances/A1/asymmetric/10.2.in,0.1381818182,0.1268043329,0.5161290323,1.2485202779,0.3620938711,0.3854545455,0.1123159652,0.6167681240,1.2747847527,0.2243935053,0.4763636364,0.0544241074,-0.3270777480,2.9410873724,1.2832119003,0.1927272727,0.0337222491,-0.1713286713,1.5091941590,-0.1579875514
