Instance,INF_avg,INF_sd,INF_r1,INF_kr,INF_sk,SUP_avg,SUP_sd,SUP_r1,SUP_kr,SUP_sk,INC_avg,INC_sd,INC_r1,INC_kr,INC_sk,IND_avg,IND_sd,IND_r1,IND_kr,IND_sk
instances/A2/symmetric/10.1.in,0.4609706960,0.0500706072,0.7685144307,1.7253304148,-0.2501861465,0.1917757872,0.0939296098,0.6936003908,1.9398892541,0.4420716277,0.3472535168,0.0473560568,0.2795200262,2.1875360846,-0.3537229144,0.1297722166,0.0209347998,0.2474572836,2.1516481771,0.2083616914
