Instance,INF_avg,INF_sd,INF_r1,INF_kr,INF_sk,SUP_avg,SUP_sd,SUP_r1,SUP_kr,SUP_sk,INC_avg,INC_sd,INC_r1,INC_kr,INC_sk,IND_avg,IND_sd,IND_r1,IND_kr,IND_sk
instances/A3/symmetric/5.3.in,0.1399470899,0.1251140965,0.7449457770,1.7158801156,0.5264056082,0.1632275132,0.0699864212,0.5745688455,1.6450256845,0.2483329010,0.6968253968,0.0725572206,0.6927318204,1.8587872360,-0.4153429545,0.4642857143,0.0749569457,-0.0325699746,2.4044699270,0.0673032099
