Instance,INF_avg,INF_sd,INF_r1,INF_kr,INF_sk,SUP_avg,SUP_sd,SUP_r1,SUP_kr,SUP_sk,INC_avg,INC_sd,INC_r1,INC_kr,INC_sk,IND_avg,IND_sd,IND_r1,IND_kr,IND_sk
instances/A2/asymmetric/100.2.in,0.3431000000,0.0512434386,0.6171187197,5.7599144651,1.3481898543,0.2572000000,0.0287777692,0.4685245261,2.4356630662,-0.0059374141,0.3997000000,0.0381367277,0.5455168961,5.7073997490,-1.1112756843,0.0574000000,0.0102586549,0.1476180960,2.8616088242,0.6330444678
