Instance,INF_avg,INF_sd,INF_r1,INF_kr,INF_sk,SUP_avg,SUP_sd,SUP_r1,SUP_kr,SUP_sk,INC_avg,INC_sd,INC_r1,INC_kr,INC_sk,IND_avg,IND_sd,IND_r1,IND_kr,IND_sk
instances/A3/asymmetric/8.4.in,0.3921925775,0.1572560662,0.3267921502,1.8858416845,0.1470396420,0.0582047263,0.0415154726,0.4949755795,1.4276021830,-0.2700390528,0.5496026962,0.1226154504,0.0704282171,1.9968668443,0.1098695040,0.2695522868,0.0399247557,-0.6371264785,1.9129158460,0.7023890101
