Instance,INF_avg,INF_sd,INF_r1,INF_kr,INF_sk,SUP_avg,SUP_sd,SUP_r1,SUP_kr,SUP_sk,INC_avg,INC_sd,INC_r1,INC_kr,INC_sk,IND_avg,IND_sd,IND_r1,IND_kr,IND_sk
instances/A3/symmetric/10.6.in,0.5453267974,0.0701165553,0.2155322392,2.4790777561,0.5273427884,0.1057516340,0.0636701956,-0.0977911969,2.4825751958,-0.2664203221,0.3489215686,0.0153843492,0.2649940243,2.0739174692,0.5616961884,0.2248801743,0.0398905767,-0.0269882410,2.5538691511,0.7349591753
