Instance,INF_avg,INF_sd,INF_r1,INF_kr,INF_sk,SUP_avg,SUP_sd,SUP_r1,SUP_kr,SUP_sk,INC_avg,INC_sd,INC_r1,INC_kr,INC_sk,IND_avg,IND_sd,IND_r1,IND_kr,IND_sk
instances/A2/symmetric/20.6.in,0.7000000000,0.1154700538,1.0000000000,1.8750000000,0.6495190528,0.1250000000,0.0853912564,0.5111111111,1.7314285714,-0.0000000000,0.1750000000,0.0478713554,0.2307692308,2.0578512397,0.0000000000,0.1666666667,0.0471404521,-0.3125000000,2.3437500000,0.4861359121
