Instance,INF_avg,INF_sd,INF_r1,INF_kr,INF_sk,SUP_avg,SUP_sd,SUP_r1,SUP_kr,SUP_sk,INC_avg,INC_sd,INC_r1,INC_kr,INC_sk,IND_avg,IND_sd,IND_r1,IND_kr,IND_sk
instances/A2/asymmetric/20.5.in,0.3883920677,0.0393769322,0.4709030145,2.3103863667,-0.3620874180,0.2983969486,0.0315169460,0.5370875317,1.7880464049,0.4664317810,0.3132109837,0.0229055388,0.3571579036,3.2890136387,1.0639333396,0.0577201428,0.0096929770,0.6547860681,1.7570549715,0.4452995645
