Instance,INF_avg,INF_sd,INF_r1,INF_kr,INF_sk,SUP_avg,SUP_sd,SUP_r1,SUP_kr,SUP_sk,INC_avg,INC_sd,INC_r1,INC_kr,INC_sk,IND_avg,IND_sd,IND_r1,IND_kr,IND_sk
instances/A2/symmetric/10.2.in,0.6978947368,0.0696329912,0.2135323108,2.3211185576,-0.5084526707,0.0631578947,0.0393858672,-0.3768115942,1.8469387755,-0.3436215967,0.2389473684,0.0683481393,0.3589119751,1.2411003622,-0.2314318553,0.1757894737,0.0653649461,-0.4467379285,2.8822821254,1.1088397903
