Instance,INF_avg,INF_sd,INF_r1,INF_kr,INF_sk,SUP_avg,SUP_sd,SUP_r1,SUP_kr,SUP_sk,INC_avg,INC_sd,INC_r1,INC_kr,INC_sk,IND_avg,IND_sd,IND_r1,IND_kr,IND_sk
instances/A3/symmetric/10.4.in,0.4920810624,0.1157842138,0.1428546635,4.3241704555,1.4515051260,0.1079545983,0.0374188779,0.3390522543,2.3050240895,-0.7802908100,0.3999643392,0.1021337892,0.2007202074,2.4931517975,-0.8307931555,0.1673677918,0.0590720470,0.0863533653,4.8094487957,1.4516261345
