Instance,INF_avg,INF_sd,INF_r1,INF_kr,INF_sk,SUP_avg,SUP_sd,SUP_r1,SUP_kr,SUP_sk,INC_avg,INC_sd,INC_r1,INC_kr,INC_sk,IND_avg,IND_sd,IND_r1,IND_kr,IND_sk
instances/A3/symmetric/10.4.in,0.5652923977,0.1092360093,-0.5063570355,2.9916373892,1.3007852889,0.1023454879,0.0480002673,0.3213403557,1.2703247599,-0.3475367705,0.3323621144,0.0918312393,-0.5681556060,2.4418569759,-0.0923576576,0.1896066965,0.0665422352,0.1515450515,2.7976983063,1.1262517380
