Instance,INF_avg,INF_sd,INF_r1,INF_kr,INF_sk,SUP_avg,SUP_sd,SUP_r1,SUP_kr,SUP_sk,INC_avg,INC_sd,INC_r1,INC_kr,INC_sk,IND_avg,IND_sd,IND_r1,IND_kr,IND_sk
instances/A3/asymmetric/20.6.in,0.5273333333,0.1361110658,0.9434512046,1.9142750551,0.0766022553,0.0666666667,0.0343834586,0.6137123746,2.2204477359,-0.3560755167,0.4060000000,0.1072567014,0.9412430002,1.7617953772,0.0182448699,0.1093333333,0.0191369335,-0.0568069714,3.0311410123,-0.7040047424
