Instance,INF_avg,INF_sd,INF_r1,INF_kr,INF_sk,SUP_avg,SUP_sd,SUP_r1,SUP_kr,SUP_sk,INC_avg,INC_sd,INC_r1,INC_kr,INC_sk,IND_avg,IND_sd,IND_r1,IND_kr,IND_sk
instances/A3/symmetric/5.4.in,0.3888888889,0.2116950987,0.3253895509,1.6863829884,-0.5161884450,0.1194444444,0.0759202798,0.5013169447,1.8860287200,-0.6150912882,0.4916666667,0.1516117117,0.1820448878,1.9446792198,0.6725321224,0.3875000000,0.0320047739,-0.4801762115,2.2352772192,-0.9929662702
