Instance,INF_avg,INF_sd,INF_r1,INF_kr,INF_sk,SUP_avg,SUP_sd,SUP_r1,SUP_kr,SUP_sk,INC_avg,INC_sd,INC_r1,INC_kr,INC_sk,IND_avg,IND_sd,IND_r1,IND_kr,IND_sk
instances/A1/symmetric/50.3.in,0.3192000000,0.1058931537,0.9235727809,2.1387357317,-0.6954563486,0.1914000000,0.0483222516,0.8403578607,2.0263232120,0.2893186013,0.4894000000,0.0709551971,0.8357994088,2.0243359669,0.2858283481,0.0596000000,0.0119096599,0.5355893730,3.6616014995,-0.3135846858
