Instance,INF_avg,INF_sd,INF_r1,INF_kr,INF_sk,SUP_avg,SUP_sd,SUP_r1,SUP_kr,SUP_sk,INC_avg,INC_sd,INC_r1,INC_kr,INC_sk,IND_avg,IND_sd,IND_r1,IND_kr,IND_sk
instances/A1/asymmetric/50.1.in,0.2985000000,0.0428164688,0.5292119029,3.0595660389,-0.0516540959,0.2212000000,0.0318521585,0.4799070336,3.2235042142,0.6425889222,0.4803000000,0.0436624553,0.5784326330,2.8615698864,0.5600975611,0.0740000000,0.0153948043,0.4083888936,4.0108422795,-0.2187159082
