Instance,INF_avg,INF_sd,INF_r1,INF_kr,INF_sk,SUP_avg,SUP_sd,SUP_r1,SUP_kr,SUP_sk,INC_avg,INC_sd,INC_r1,INC_kr,INC_sk,IND_avg,IND_sd,IND_r1,IND_kr,IND_sk
instances/A2/symmetric/10.3.in,0.3865348937,0.0462261879,-0.8077260660,2.6186458573,0.7164429195,0.2312009419,0.0546611175,0.0346339749,2.2905189407,0.7140060354,0.3822641644,0.0484298039,-0.0240732308,1.6852544912,0.4476135539,0.1370456924,0.0336617871,-0.0397978889,1.4442935475,0.4642737290
