Instance,INF_avg,INF_sd,INF_r1,INF_kr,INF_sk,SUP_avg,SUP_sd,SUP_r1,SUP_kr,SUP_sk,INC_avg,INC_sd,INC_r1,INC_kr,INC_sk,IND_avg,IND_sd,IND_r1,IND_kr,IND_sk
instances/A1/asymmetric/200.3.in,0.3274000000,0.0349605492,0.1591409054,2.4651345999,-0.0686622871,0.1796000000,0.0255311574,0.1253486896,3.3084422445,0.2879585306,0.4930000000,0.0298663690,-0.2022206043,2.6704689417,0.7071859388,0.0542000000,0.0165336021,-0.4469520073,2.1530069787,0.0611944510
