Instance,INF_avg,INF_sd,INF_r1,INF_kr,INF_sk,SUP_avg,SUP_sd,SUP_r1,SUP_kr,SUP_sk,INC_avg,INC_sd,INC_r1,INC_kr,INC_sk,IND_avg,IND_sd,IND_r1,IND_kr,IND_sk
instances/A2/asymmetric/8.1.in,0.3733333333,0.0646357314,-0.0767590618,3.0377999095,1.3627927530,0.1687179487,0.0521314275,-0.2922522941,2.4206397180,-0.6678831895,0.4579487179,0.0273579050,0.3755828133,1.7795441223,0.1793738334,0.1938461538,0.0398418966,-0.0935211080,2.6933663098,1.1650013613
