Instance,INF_avg,INF_sd,INF_r1,INF_kr,INF_sk,SUP_avg,SUP_sd,SUP_r1,SUP_kr,SUP_sk,INC_avg,INC_sd,INC_r1,INC_kr,INC_sk,IND_avg,IND_sd,IND_r1,IND_kr,IND_sk
instances/A3/asymmetric/8.2.in,0.2182379349,0.1478015621,0.1089701361,2.6756755575,0.3374249961,0.1801346801,0.0554917499,0.0279192657,3.7140161362,0.8190667366,0.6016273850,0.1026270077,0.0881556057,2.5371537918,-0.5461240387,0.1829966330,0.0564467847,0.0879071710,2.7962699545,0.8445784724
