Instance,INF_avg,INF_sd,INF_r1,INF_kr,INF_sk,SUP_avg,SUP_sd,SUP_r1,SUP_kr,SUP_sk,INC_avg,INC_sd,INC_r1,INC_kr,INC_sk,IND_avg,IND_sd,IND_r1,IND_kr,IND_sk
instances/A1/symmetric/200.4.in,0.2710000000,0.0383927076,0.0756624292,1.2464453973,-0.2765111269,0.1810000000,0.0152970585,-0.0722100656,2.8322375630,1.1096485595,0.5480000000,0.0420238028,-0.1551783859,1.2577713678,0.2068880887,0.0680000000,0.0180554701,0.2288710672,1.7625992698,-0.2354706758
