Instance,INF_avg,INF_sd,INF_r1,INF_kr,INF_sk,SUP_avg,SUP_sd,SUP_r1,SUP_kr,SUP_sk,INC_avg,INC_sd,INC_r1,INC_kr,INC_sk,IND_avg,IND_sd,IND_r1,IND_kr,IND_sk
instances/A1/asymmetric/50.3.in,0.3340000000,0.0135646600,-0.2164579606,1.2562618147,-0.4495377033,0.1750000000,0.0207364414,0.2400000000,1.8185505679,-0.0504672721,0.4910000000,0.0124096736,-0.0554699538,1.7794737730,0.1632576395,0.0680000000,0.0040000000,0.8387096774,2.0781250000,0.8437500000
