Instance,INF_avg,INF_sd,INF_r1,INF_kr,INF_sk,SUP_avg,SUP_sd,SUP_r1,SUP_kr,SUP_sk,INC_avg,INC_sd,INC_r1,INC_kr,INC_sk,IND_avg,IND_sd,IND_r1,IND_kr,IND_sk
instances/A1/symmetric/5.5.in,0.4222222222,0.1257078722,-0.5000000000,1.5000000000,0.7071067812,0.0925925926,0.0692899516,-0.0588235294,1.5000000000,-0.3818017742,0.4851851852,0.0643635081,-0.9575596817,1.5000000000,-0.3330665464,0.4574074074,0.0697339644,-0.8530215609,1.5000000000,0.6769333302
