Instance,INF_avg,INF_sd,INF_r1,INF_kr,INF_sk,SUP_avg,SUP_sd,SUP_r1,SUP_kr,SUP_sk,INC_avg,INC_sd,INC_r1,INC_kr,INC_sk,IND_avg,IND_sd,IND_r1,IND_kr,IND_sk
instances/A2/asymmetric/20.3.in,0.6829645761,0.1395743540,0.8931268791,3.1158363156,-0.6116849332,0.0356818156,0.0603893520,0.7324423009,8.7599507771,2.5887840437,0.2813536082,0.0986802676,0.9542719189,1.8594755471,-0.3528006500,0.1002323366,0.0218742253,0.3830928189,2.6797149809,0.4545688410
