Instance,INF_avg,INF_sd,INF_r1,INF_kr,INF_sk,SUP_avg,SUP_sd,SUP_r1,SUP_kr,SUP_sk,INC_avg,INC_sd,INC_r1,INC_kr,INC_sk,IND_avg,IND_sd,IND_r1,IND_kr,IND_sk
instances/A1/symmetric/200.2.in,0.3061000000,0.0351182289,-0.1537698369,2.8646886765,0.3069964703,0.1802000000,0.0186000000,0.0393138055,2.7391062956,-0.3927957362,0.5137000000,0.0324470338,-0.2218877466,2.8693576647,-0.3645825306,0.0710000000,0.0141421356,0.1170726103,3.0047000000,0.3478965363
