Instance,INF_avg,INF_sd,INF_r1,INF_kr,INF_sk,SUP_avg,SUP_sd,SUP_r1,SUP_kr,SUP_sk,INC_avg,INC_sd,INC_r1,INC_kr,INC_sk,IND_avg,IND_sd,IND_r1,IND_kr,IND_sk
instances/A3/symmetric/100.4.in,0.3010000000,0.0376563408,0.2790393570,2.7022037833,-0.1606841137,0.1572000000,0.0304985246,0.2845321132,2.8040912867,0.0178118640,0.5418000000,0.0293897941,0.2400093915,2.2406377200,-0.2873715432,0.0922000000,0.0155614909,-0.0680495158,2.7026200928,-0.0381873265
