Instance,INF_avg,INF_sd,INF_r1,INF_kr,INF_sk,SUP_avg,SUP_sd,SUP_r1,SUP_kr,SUP_sk,INC_avg,INC_sd,INC_r1,INC_kr,INC_sk,IND_avg,IND_sd,IND_r1,IND_kr,IND_sk
instances/A1/asymmetric/20.6.in,0.7631918401,0.0372039661,0.0162858049,2.1667574465,0.4886898016,0.0370174828,0.0125723171,-0.1712625664,4.6407714312,1.3568267433,0.1997906771,0.0318544088,0.2726705296,2.3864823731,-0.5315733963,0.0810202888,0.0105594277,0.1775330913,2.5072272612,-0.8598975965
