Instance,INF_avg,INF_sd,INF_r1,INF_kr,INF_sk,SUP_avg,SUP_sd,SUP_r1,SUP_kr,SUP_sk,INC_avg,INC_sd,INC_r1,INC_kr,INC_sk,IND_avg,IND_sd,IND_r1,IND_kr,IND_sk
instances/A2/symmetric/200.1.in,0.3645000000,0.0353871446,-0.4757149433,1.9533877551,-0.2879254650,0.2035000000,0.0261772802,-0.1320263383,2.8477873458,0.6508257435,0.4320000000,0.0193907194,-0.4261019879,1.7083663422,0.5089899262,0.0540000000,0.0062449980,0.1773778920,2.4240631164,0.6897828164
