Instance,INF_avg,INF_sd,INF_r1,INF_kr,INF_sk,SUP_avg,SUP_sd,SUP_r1,SUP_kr,SUP_sk,INC_avg,INC_sd,INC_r1,INC_kr,INC_sk,IND_avg,IND_sd,IND_r1,IND_kr,IND_sk
instances/A1/symmetric/10.4.in,0.6353216374,0.1026009018,0.6066189174,1.7289538742,0.1755590953,0.0621603027,0.0590297273,0.7974347313,1.4423101639,0.2411353115,0.3025180599,0.0492686996,0.2252310617,2.6818285494,-1.0346495303,0.2660543516,0.0657056226,0.5479127817,1.9232481726,0.2176087907
