Instance,INF_avg,INF_sd,INF_r1,INF_kr,INF_sk,SUP_avg,SUP_sd,SUP_r1,SUP_kr,SUP_sk,INC_avg,INC_sd,INC_r1,INC_kr,INC_sk,IND_avg,IND_sd,IND_r1,IND_kr,IND_sk
instances/A2/symmetric/10.3.in,0.3648407148,0.0683586278,0.2492812393,2.7381850995,0.3754718878,0.2038850039,0.0748248924,0.4542249039,2.8502653512,0.7465962830,0.4312742813,0.0408820567,-0.3558854020,1.6840296942,0.1503927723,0.0940947941,0.0103032471,0.2852213797,3.0569824486,-0.3172435392
