Instance,INF_avg,INF_sd,INF_r1,INF_kr,INF_sk,SUP_avg,SUP_sd,SUP_r1,SUP_kr,SUP_sk,INC_avg,INC_sd,INC_r1,INC_kr,INC_sk,IND_avg,IND_sd,IND_r1,IND_kr,IND_sk
instances/A2/asymmetric/5.5.in,0.4622222222,0.0762063476,-0.9230769231,1.1666666667,0.4082482905,0.0000000000,0.0000000000,0.0000000000,0.0000000000,0.0000000000,0.5377777778,0.0762063476,-0.9230769231,1.1666666667,-0.4082482905,0.5155555556,0.1092284954,-0.8145919519,1.7994057278,-0.7065408407
