Instance,INF_avg,INF_sd,INF_r1,INF_kr,INF_sk,SUP_avg,SUP_sd,SUP_r1,SUP_kr,SUP_sk,INC_avg,INC_sd,INC_r1,INC_kr,INC_sk,IND_avg,IND_sd,IND_r1,IND_kr,IND_sk
instances/A1/asymmetric/200.4.in,0.3624223602,0.1456971947,0.0545806922,3.0668317444,0.1512730713,0.0832298137,0.0900214087,0.1258332375,3.0222209060,0.8718445475,0.5543478261,0.1461611576,0.0272783446,2.7847783711,0.1827562354,0.4736024845,0.1427940044,0.0402179199,2.6751604070,0.1438579137
