Instance,INF_avg,INF_sd,INF_r1,INF_kr,INF_sk,SUP_avg,SUP_sd,SUP_r1,SUP_kr,SUP_sk,INC_avg,INC_sd,INC_r1,INC_kr,INC_sk,IND_avg,IND_sd,IND_r1,IND_kr,IND_sk
instances/A2/asymmetric/100.6.in,0.3472000000,0.0473725659,0.4568094216,2.6674904406,-0.1429956985,0.1855000000,0.0276450719,0.3821915761,2.0479695084,0.0755404758,0.4673000000,0.0371915313,0.3957908823,5.9532816114,0.7694078291,0.0527000000,0.0126178445,0.2679386758,2.4265900480,0.1584041294
