Instance,INF_avg,INF_sd,INF_r1,INF_kr,INF_sk,SUP_avg,SUP_sd,SUP_r1,SUP_kr,SUP_sk,INC_avg,INC_sd,INC_r1,INC_kr,INC_sk,IND_avg,IND_sd,IND_r1,IND_kr,IND_sk
instances/A3/asymmetric/10.6.in,0.1731157731,0.0652860541,0.1946818336,2.9341483749,0.3895090378,0.1421522922,0.0302285759,0.5782376727,1.7442751280,-0.4372428066,0.6847319347,0.0604348038,-0.0157059522,1.7855874678,-0.4481830620,0.2176767677,0.0328324434,0.0330898642,2.6335588789,-0.2291985890
