Instance,INF_avg,INF_sd,INF_r1,INF_kr,INF_sk,SUP_avg,SUP_sd,SUP_r1,SUP_kr,SUP_sk,INC_avg,INC_sd,INC_r1,INC_kr,INC_sk,IND_avg,IND_sd,IND_r1,IND_kr,IND_sk
instances/A3/symmetric/50.2.in,0.3605000000,0.0630892225,0.8303065360,2.1028517750,0.0182070965,0.1377000000,0.0464457748,0.6144367991,2.4670995265,0.4875018680,0.5018000000,0.0370912389,0.2428987064,3.2366179788,0.2329096632,0.0750000000,0.0180000000,0.6885758998,2.8606538637,0.8281893004
