Instance,INF_avg,INF_sd,INF_r1,INF_kr,INF_sk,SUP_avg,SUP_sd,SUP_r1,SUP_kr,SUP_sk,INC_avg,INC_sd,INC_r1,INC_kr,INC_sk,IND_avg,IND_sd,IND_r1,IND_kr,IND_sk
instances/A3/symmetric/200.5.in,0.3178481013,0.0496231593,0.1518632237,3.2831960658,0.6281352135,0.0658227848,0.0395739204,0.6595743424,3.0809455336,0.6946673470,0.6163291139,0.0511433135,0.0831135724,4.4675328892,-0.9634241244,0.1535443038,0.0319032547,0.0479324685,2.8364724541,-0.2021172955
