Instance,INF_avg,INF_sd,INF_r1,INF_kr,INF_sk,SUP_avg,SUP_sd,SUP_r1,SUP_kr,SUP_sk,INC_avg,INC_sd,INC_r1,INC_kr,INC_sk,IND_avg,IND_sd,IND_r1,IND_kr,IND_sk
instances/A3/asymmetric/100.4.in,0.4263000000,0.0736431260,0.7435206815,4.8957319642,-0.1869994222,0.1140500000,0.0349906773,0.7495574613,2.8248289377,-0.3381944252,0.4596500000,0.0524464250,0.6152910966,5.0850657086,0.5474430527,0.0543000000,0.0124302051,0.4250998834,2.8240279499,0.3669776652
