Instance,INF_avg,INF_sd,INF_r1,INF_kr,INF_sk,SUP_avg,SUP_sd,SUP_r1,SUP_kr,SUP_sk,INC_avg,INC_sd,INC_r1,INC_kr,INC_sk,IND_avg,IND_sd,IND_r1,IND_kr,IND_sk
instances/A3/asymmetric/100.1.in,0.5654000000,0.0790938683,0.7568889329,1.8567370893,0.1487937319,0.0646000000,0.0339092908,0.8689223471,1.7948418745,0.2928903866,0.3700000000,0.0482286222,0.6073674753,2.2901327030,-0.3564813703,0.0618000000,0.0121556571,0.1714986861,2.3565660113,0.3124869343
