Instance,INF_avg,INF_sd,INF_r1,INF_kr,INF_sk,SUP_avg,SUP_sd,SUP_r1,SUP_kr,SUP_sk,INC_avg,INC_sd,INC_r1,INC_kr,INC_sk,IND_avg,IND_sd,IND_r1,IND_kr,IND_sk
instances/A3/asymmetric/8.2.in,0.3587375587,0.2083303591,0.9127016759,1.5115285432,0.0177836747,0.0803030303,0.0868680343,0.8202024310,1.5124669230,0.4407207337,0.5609594110,0.1289189575,0.9558498377,1.7910215371,-0.4254606665,0.2623259457,0.0800065769,-0.5217873967,4.9280643073,1.6499546638
