Instance,INF_avg,INF_sd,INF_r1,INF_kr,INF_sk,SUP_avg,SUP_sd,SUP_r1,SUP_kr,SUP_sk,INC_avg,INC_sd,INC_r1,INC_kr,INC_sk,IND_avg,IND_sd,IND_r1,IND_kr,IND_sk
instances/A2/symmetric/20.3.in,0.7329605530,0.0469770131,0.1178207874,2.4208685828,0.7810128991,0.0922068936,0.0123668875,-0.3666186586,2.1414846720,-0.8503555293,0.1748325535,0.0361242116,0.2876647811,2.3303819272,-0.5478309606,0.0743014512,0.0092488219,-0.5006443888,2.8532885355,-1.0709988144
