Instance,INF_avg,INF_sd,INF_r1,INF_kr,INF_sk,SUP_avg,SUP_sd,SUP_r1,SUP_kr,SUP_sk,INC_avg,INC_sd,INC_r1,INC_kr,INC_sk,IND_avg,IND_sd,IND_r1,IND_kr,IND_sk
instances/A1/asymmetric/10.5.in,0.4657026144,0.0705030123,0.3826694957,2.0867347179,0.7844805187,0.1559803922,0.0458835167,0.3851571657,1.8715855604,-0.0795024805,0.3783169935,0.0387389872,0.0065826490,1.9331101978,0.1417602913,0.1549183007,0.0299750170,-0.1642294116,1.6244563593,0.3043589033
