Instance,INF_avg,INF_sd,INF_r1,INF_kr,INF_sk,SUP_avg,SUP_sd,SUP_r1,SUP_kr,SUP_sk,INC_avg,INC_sd,INC_r1,INC_kr,INC_sk,IND_avg,IND_sd,IND_r1,IND_kr,IND_sk
instances/A3/symmetric/50.2.in,0.2529000000,0.0876703485,0.7667424886,2.9885842827,-0.8230166964,0.1617000000,0.0381131211,0.6124513928,2.8845502985,0.7937409183,0.5854000000,0.0649256498,0.6743028425,2.8004866664,0.5363455483,0.0927500000,0.0263758886,0.5570181771,2.8937202327,0.7529428382
