Instance,INF_avg,INF_sd,INF_r1,INF_kr,INF_sk,SUP_avg,SUP_sd,SUP_r1,SUP_kr,SUP_sk,INC_avg,INC_sd,INC_r1,INC_kr,INC_sk,IND_avg,IND_sd,IND_r1,IND_kr,IND_sk
instances/A3/symmetric/10.2.in,0.5620564420,0.0194159145,0.0019332889,1.8508003727,-0.7177611965,0.0953226959,0.0312456675,0.0200507031,2.2245339172,0.3582897557,0.3426208621,0.0167783297,-0.2253311357,1.7046624505,0.2197652445,0.2022695880,0.0325789447,0.0005607489,2.6382822394,1.0656097116
