Instance,INF_avg,INF_sd,INF_r1,INF_kr,INF_sk,SUP_avg,SUP_sd,SUP_r1,SUP_kr,SUP_sk,INC_avg,INC_sd,INC_r1,INC_kr,INC_sk,IND_avg,IND_sd,IND_r1,IND_kr,IND_sk
instances/A3/asymmetric/8.5.in,0.5623524624,0.1226581300,0.7776126983,1.8117688382,0.4187411504,0.0897435897,0.0747208854,0.8462516893,1.3170255668,-0.0636081501,0.3479039479,0.0697629982,0.1604754241,1.5362189340,-0.1672836428,0.2402116402,0.0267421723,-0.5741339684,2.2272279285,-0.0602924510
