Instance,INF_avg,INF_sd,INF_r1,INF_kr,INF_sk,SUP_avg,SUP_sd,SUP_r1,SUP_kr,SUP_sk,INC_avg,INC_sd,INC_r1,INC_kr,INC_sk,IND_avg,IND_sd,IND_r1,IND_kr,IND_sk
instances/A1/asymmetric/20.4.in,0.2397674419,0.0561968456,0.6305200761,2.4976135483,-0.4761585619,0.2767441860,0.0697660853,0.6237515014,3.1940619565,0.7464747662,0.4834883721,0.0433017386,0.5544050052,4.5697388936,0.9326545326,0.0566279070,0.0134562569,0.4575757790,2.3852511985,0.0815074075
