Instance,INF_avg,INF_sd,INF_r1,INF_kr,INF_sk,SUP_avg,SUP_sd,SUP_r1,SUP_kr,SUP_sk,INC_avg,INC_sd,INC_r1,INC_kr,INC_sk,IND_avg,IND_sd,IND_r1,IND_kr,IND_sk
instances/A1/asymmetric/8.5.in,0.1543771044,0.1331972233,0.6783889776,2.5657014962,0.8520719464,0.3390011223,0.1634637271,0.5242315592,1.5484860733,-0.4236101475,0.5066217733,0.0591043106,-0.2954373936,2.4121189147,0.5946727073,0.1862514029,0.0416807124,0.1236452144,2.1992831325,-0.3479843446
