Instance,INF_avg,INF_sd,INF_r1,INF_kr,INF_sk,SUP_avg,SUP_sd,SUP_r1,SUP_kr,SUP_sk,INC_avg,INC_sd,INC_r1,INC_kr,INC_sk,IND_avg,IND_sd,IND_r1,IND_kr,IND_sk
instances/A2/asymmetric/10.1.in,0.7155601422,0.0430113870,-0.0458818156,3.2395007808,-1.4918662153,0.0222222222,0.0444444444,-0.0526315789,3.2500000000,1.5000000000,0.2622176356,0.0024807584,-0.2739313473,1.2179552900,-0.2638472842,0.1629514964,0.0365002964,-0.1843607593,2.2154354504,0.2765031540
