Instance,INF_avg,INF_sd,INF_r1,INF_kr,INF_sk,SUP_avg,SUP_sd,SUP_r1,SUP_kr,SUP_sk,INC_avg,INC_sd,INC_r1,INC_kr,INC_sk,IND_avg,IND_sd,IND_r1,IND_kr,IND_sk
instances/A2/symmetric/10.6.in,0.6234484401,0.0599499055,0.6422526104,1.2829963900,0.1231024040,0.1700404858,0.0924950683,0.2616917141,2.5540783886,-0.9556262687,0.2065110741,0.0494131352,-0.2792462873,2.7788135595,1.1143440038,0.1965277447,0.1043085475,-0.2468754881,3.0290240559,1.3141008873
