Instance,INF_avg,INF_sd,INF_r1,INF_kr,INF_sk,SUP_avg,SUP_sd,SUP_r1,SUP_kr,SUP_sk,INC_avg,INC_sd,INC_r1,INC_kr,INC_sk,IND_avg,IND_sd,IND_r1,IND_kr,IND_sk
instances/A1/symmetric/8.2.in,0.2249529781,0.0798338613,0.0421015774,2.9573514780,1.2514460179,0.2924346917,0.1371106918,-0.0160398371,2.6522623037,0.9450333422,0.4826123302,0.0941517923,-0.3562082483,2.8166717911,-1.1777865515,0.2155485893,0.0359273361,-0.7725017555,2.2038800073,-0.9067767534
