Instance,INF_avg,INF_sd,INF_r1,INF_kr,INF_sk,SUP_avg,SUP_sd,SUP_r1,SUP_kr,SUP_sk,INC_avg,INC_sd,INC_r1,INC_kr,INC_sk,IND_avg,IND_sd,IND_r1,IND_kr,IND_sk
instances/A2/asymmetric/10.2.in,0.5885422856,0.0866800519,0.5095849884,1.3315211040,0.2165091520,0.1148158051,0.0298264778,0.1459984446,1.3780936330,0.0018204273,0.2966419093,0.0677463751,0.4299600994,1.9041853208,0.4354338728,0.1349772232,0.0158389878,-0.2918571161,1.5196638001,0.4587784830
