Instance,INF_avg,INF_sd,INF_r1,INF_kr,INF_sk,SUP_avg,SUP_sd,SUP_r1,SUP_kr,SUP_sk,INC_avg,INC_sd,INC_r1,INC_kr,INC_sk,IND_avg,IND_sd,IND_r1,IND_kr,IND_sk
instances/A3/asymmetric/20.2.in,0.5719719691,0.0376977240,0.4180242731,2.0304887799,0.4285961019,0.1146559377,0.0182298608,0.3501790289,3.0505575814,1.3384211255,0.3133720932,0.0301619158,0.2581565615,2.3014149676,-0.8527669960,0.0830875855,0.0115611624,0.1592859037,1.9203797634,-0.7606692528
