Instance,INF_avg,INF_sd,INF_r1,INF_kr,INF_sk,SUP_avg,SUP_sd,SUP_r1,SUP_kr,SUP_sk,INC_avg,INC_sd,INC_r1,INC_kr,INC_sk,IND_avg,IND_sd,IND_r1,IND_kr,IND_sk
instances/A1/asymmetric/50.4.in,0.7028571429,0.0721534646,0.4112085368,3.1160218259,-0.8020718523,0.0342857143,0.0301695887,0.2260408484,3.5807815862,1.1355570429,0.2628571429,0.0445499032,0.4459214502,2.4915062681,0.3922202673,0.0564285714,0.0063887656,-0.4654205607,2.1143750000,-0.5450415695
