Instance,INF_avg,INF_sd,INF_r1,INF_kr,INF_sk,SUP_avg,SUP_sd,SUP_r1,SUP_kr,SUP_sk,INC_avg,INC_sd,INC_r1,INC_kr,INC_sk,IND_avg,IND_sd,IND_r1,IND_kr,IND_sk
instances/A2/symmetric/5.6.in,0.3753086420,0.1548952279,0.7250083256,1.4954471234,0.3041232336,0.2432098765,0.1498233477,0.6126259034,2.2408348121,-0.4302820851,0.3814814815,0.0654728501,0.2149846240,3.0772032000,-0.3018497428,0.3129629630,0.1193546892,0.3471708529,3.9523797216,1.3523017550
