Instance,INF_avg,INF_sd,INF_r1,INF_kr,INF_sk,SUP_avg,SUP_sd,SUP_r1,SUP_kr,SUP_sk,INC_avg,INC_sd,INC_r1,INC_kr,INC_sk,IND_avg,IND_sd,IND_r1,IND_kr,IND_sk
instances/A3/asymmetric/5.2.in,0.3277777778,0.0952579344,0.0384615385,1.1666666667,0.4082482905,0.0555555556,0.0464811126,-0.4615384615,1.2755102041,-0.2561204163,0.6166666667,0.1059932446,0.1029327200,1.9367528076,-0.4561766982,0.5111111111,0.1077262191,-0.1407249467,2.3587596197,-0.2830922144
