Instance,INF_avg,INF_sd,INF_r1,INF_kr,INF_sk,SUP_avg,SUP_sd,SUP_r1,SUP_kr,SUP_sk,INC_avg,INC_sd,INC_r1,INC_kr,INC_sk,IND_avg,IND_sd,IND_r1,IND_kr,IND_sk
instances/A1/asymmetric/50.2.in,0.5280000000,0.0478539445,0.8003642004,2.7820975954,-0.8068765807,0.1134000000,0.0174768418,0.3116776648,2.7246803279,0.3803221926,0.3586000000,0.0417257714,0.7637893971,2.4035868325,0.8443673682,0.0466000000,0.0131696621,0.4028543658,4.2404793899,1.3455320880
