Instance,INF_avg,INF_sd,INF_r1,INF_kr,INF_sk,SUP_avg,SUP_sd,SUP_r1,SUP_kr,SUP_sk,INC_avg,INC_sd,INC_r1,INC_kr,INC_sk,IND_avg,IND_sd,IND_r1,IND_kr,IND_sk
instances/A2/symmetric/200.5.in,0.3316500000,0.0354616342,0.3373603943,2.7331213774,-0.1747546017,0.2232000000,0.0306473490,0.2456628982,2.9150328255,-0.3306197642,0.4451500000,0.0322603084,0.1621697236,2.6487841694,0.2665118418,0.0560500000,0.0136618996,0.3016099778,3.0045914009,0.3675167337
