Instance,INF_avg,INF_sd,INF_r1,INF_kr,INF_sk,SUP_avg,SUP_sd,SUP_r1,SUP_kr,SUP_sk,INC_avg,INC_sd,INC_r1,INC_kr,INC_sk,IND_avg,IND_sd,IND_r1,IND_kr,IND_sk
instances/A1/asymmetric/20.3.in,0.5936413505,0.1050751964,0.8565718906,1.2688617705,0.1264830638,0.1039689360,0.0567618180,0.7818816329,1.4982352257,-0.0211935406,0.3023897136,0.0544354513,0.6762779627,1.4687782101,0.0064117650,0.0714118856,0.0098509380,0.1681026090,2.1433470658,-0.7880192548
