Instance,INF_avg,INF_sd,INF_r1,INF_kr,INF_sk,SUP_avg,SUP_sd,SUP_r1,SUP_kr,SUP_sk,INC_avg,INC_sd,INC_r1,INC_kr,INC_sk,IND_avg,IND_sd,IND_r1,IND_kr,IND_sk
instances/A3/symmetric/20.6.in,0.4711971008,0.0301935900,-0.1736189210,2.7751298021,-0.2143123939,0.0835971347,0.0293163902,0.6370744544,1.9233137264,-0.5816305868,0.4452057645,0.0431276488,0.5641942383,1.6112924669,-0.0397145586,0.0761629501,0.0222338157,0.6508568497,2.0924954730,0.7821734497
