Instance,INF_avg,INF_sd,INF_r1,INF_kr,INF_sk,SUP_avg,SUP_sd,SUP_r1,SUP_kr,SUP_sk,INC_avg,INC_sd,INC_r1,INC_kr,INC_sk,IND_avg,IND_sd,IND_r1,IND_kr,IND_sk
instances/A3/symmetric/20.6.in,0.4603066711,0.0281209785,-0.4480154427,1.9702553907,-0.4561888577,0.0680613395,0.0260330979,0.6081006326,1.2572226250,-0.1514188460,0.4716319894,0.0303674780,-0.5558103255,2.4891804526,-0.7179811490,0.0861401189,0.0227685542,0.4665268056,1.5836861713,0.0310903504
