Instance,INF_avg,INF_sd,INF_r1,INF_kr,INF_sk,SUP_avg,SUP_sd,SUP_r1,SUP_kr,SUP_sk,INC_avg,INC_sd,INC_r1,INC_kr,INC_sk,IND_avg,IND_sd,IND_r1,IND_kr,IND_sk
instances/A2/symmetric/8.6.in,0.5828571429,0.0794881585,0.5581527936,1.9679005669,0.4550152936,0.0133333333,0.0266666667,-0.3157894737,3.2500000000,1.5000000000,0.4038095238,0.0865252640,0.1359002085,1.3930407937,-0.0670259640,0.3942857143,0.1004931153,0.1337665948,1.6839904175,-0.3298523157
