Instance,INF_avg,INF_sd,INF_r1,INF_kr,INF_sk,SUP_avg,SUP_sd,SUP_r1,SUP_kr,SUP_sk,INC_avg,INC_sd,INC_r1,INC_kr,INC_sk,IND_avg,IND_sd,IND_r1,IND_kr,IND_sk
instances/A2/symmetric/20.3.in,0.6426269771,0.0868406462,0.3690277983,2.3134475685,-0.8867086035,0.1141650176,0.0631259103,-0.0671149319,3.0637863853,1.3699342029,0.2432080053,0.0380233142,0.3902580103,1.4894387108,0.5173890300,0.0551611862,0.0113216534,-0.2988483340,3.0582353942,-1.3547475200
