Instance,INF_avg,INF_sd,INF_r1,INF_kr,INF_sk,SUP_avg,SUP_sd,SUP_r1,SUP_kr,SUP_sk,INC_avg,INC_sd,INC_r1,INC_kr,INC_sk,IND_avg,IND_sd,IND_r1,IND_kr,IND_sk
instances/A1/symmetric/200.5.in,0.3192000000,0.0312627574,-0.4649700970,3.2667105274,0.2901713343,0.1676000000,0.0351317520,0.5535529059,2.6175383949,-0.2368405889,0.5132000000,0.0377857116,0.1931860820,3.1141675017,-0.3899848421,0.0680000000,0.0135646600,-0.5633926610,2.2065217391,-0.2836655026
