Instance,INF_avg,INF_sd,INF_r1,INF_kr,INF_sk,SUP_avg,SUP_sd,SUP_r1,SUP_kr,SUP_sk,INC_avg,INC_sd,INC_r1,INC_kr,INC_sk,IND_avg,IND_sd,IND_r1,IND_kr,IND_sk
instances/A3/asymmetric/100.4.in,0.2626000000,0.0710228132,0.3653618692,3.7334641156,-0.8777453739,0.1556000000,0.0397195166,0.5890020351,4.1999673030,0.9069138559,0.5818000000,0.0631328757,0.2727430024,3.9288415384,0.7203205890,0.0837000000,0.0215362485,0.3562421465,2.2549867139,-0.1913601122
