Instance,INF_avg,INF_sd,INF_r1,INF_kr,INF_sk,SUP_avg,SUP_sd,SUP_r1,SUP_kr,SUP_sk,INC_avg,INC_sd,INC_r1,INC_kr,INC_sk,IND_avg,IND_sd,IND_r1,IND_kr,IND_sk
instances/A2/asymmetric/8.5.in,0.4222222222,0.1435871998,-0.0257017247,2.1116927821,-0.0551406974,0.0388888889,0.0825892708,0.0241791805,6.4265883172,2.1318553164,0.5388888889,0.1339107866,0.2719761745,2.5564357257,0.3767390066,0.5000000000,0.1230401922,0.2262773723,3.0728474034,-0.6319259764
