Instance,INF_avg,INF_sd,INF_r1,INF_kr,INF_sk,SUP_avg,SUP_sd,SUP_r1,SUP_kr,SUP_sk,INC_avg,INC_sd,INC_r1,INC_kr,INC_sk,IND_avg,IND_sd,IND_r1,IND_kr,IND_sk
instances/A1/asymmetric/50.6.in,0.3342000000,0.0438561284,0.2242021535,2.4193733439,0.4725672227,0.1924000000,0.0489207522,0.7638273517,2.2098149304,-0.0203294352,0.4734000000,0.0454581126,0.3828221729,4.0536601249,0.7856162164,0.0574000000,0.0125395375,-0.0007619814,2.8529993443,0.2176012216
