Instance,INF_avg,INF_sd,INF_r1,INF_kr,INF_sk,SUP_avg,SUP_sd,SUP_r1,SUP_kr,SUP_sk,INC_avg,INC_sd,INC_r1,INC_kr,INC_sk,IND_avg,IND_sd,IND_r1,IND_kr,IND_sk
instances/A3/asymmetric/20.3.in,0.7426089010,0.0236020078,-0.2366621430,2.5275633029,-0.8116330528,0.0595991497,0.0178333098,0.3848980442,2.0379263018,0.6285177785,0.1977919493,0.0300105601,0.3888129693,1.7537870564,0.2497732957,0.0819516145,0.0093535169,-1.2007139291,1.9026116291,-0.1930554412
