Instance,INF_avg,INF_sd,INF_r1,INF_kr,INF_sk,SUP_avg,SUP_sd,SUP_r1,SUP_kr,SUP_sk,INC_avg,INC_sd,INC_r1,INC_kr,INC_sk,IND_avg,IND_sd,IND_r1,IND_kr,IND_sk
instances/A3/asymmetric/20.3.in,0.7289957447,0.0291314942,0.0123367282,2.1521727494,-0.4409672834,0.0556383198,0.0153797722,0.3438317801,3.0310635330,1.0518699193,0.2153659355,0.0345064195,0.5248154527,2.2940502881,0.0866011502,0.0662808982,0.0206868468,0.6695394299,1.7330129445,-0.3046499624
