Instance,INF_avg,INF_sd,INF_r1,INF_kr,INF_sk,SUP_avg,SUP_sd,SUP_r1,SUP_kr,SUP_sk,INC_avg,INC_sd,INC_r1,INC_kr,INC_sk,IND_avg,IND_sd,IND_r1,IND_kr,IND_sk
instances/A3/asymmetric/10.5.in,0.5024659506,0.1211501152,0.7330300605,1.9253078840,0.6481788155,0.0816831021,0.0479802500,0.6683588375,2.0593666288,-0.8883358391,0.4158509473,0.0775678710,0.6941156164,1.7994251807,-0.2178521508,0.2381763687,0.0434115551,0.1327219329,1.4912428894,0.6340561454
