Instance,INF_avg,INF_sd,INF_r1,INF_kr,INF_sk,SUP_avg,SUP_sd,SUP_r1,SUP_kr,SUP_sk,INC_avg,INC_sd,INC_r1,INC_kr,INC_sk,IND_avg,IND_sd,IND_r1,IND_kr,IND_sk
instances/A2/symmetric/100.1.in,0.3171500000,0.0435675051,0.5398143647,2.8680014896,0.1631974745,0.2075500000,0.0272166769,0.1706942280,3.0736523233,0.3968342400,0.4753000000,0.0460424804,0.4331243527,2.6548818212,0.0187186812,0.0578000000,0.0138260623,0.0607027122,3.8604345991,0.5769238457
