Instance,INF_avg,INF_sd,INF_r1,INF_kr,INF_sk,SUP_avg,SUP_sd,SUP_r1,SUP_kr,SUP_sk,INC_avg,INC_sd,INC_r1,INC_kr,INC_sk,IND_avg,IND_sd,IND_r1,IND_kr,IND_sk
instances/A3/symmetric/5.5.in,0.0603174603,0.0399041431,0.4731903485,3.1944399936,0.2185264945,0.2238095238,0.0828443705,0.3202205882,2.9317956879,1.0253998491,0.7158730159,0.0637297140,0.2003712072,2.1225024475,-0.3657834797,0.4037037037,0.0597204278,0.1941105769,1.6682840237,0.1808044785
