Instance,INF_avg,INF_sd,INF_r1,INF_kr,INF_sk,SUP_avg,SUP_sd,SUP_r1,SUP_kr,SUP_sk,INC_avg,INC_sd,INC_r1,INC_kr,INC_sk,IND_avg,IND_sd,IND_r1,IND_kr,IND_sk
instances/A3/symmetric/5.5.in,0.0666666667,0.0000000000,0.0000000000,0.0000000000,0.0000000000,0.1733333333,0.0326598632,-0.5384615385,1.1666666667,-0.4082482905,0.7600000000,0.0326598632,-0.5384615385,1.1666666667,0.4082482905,0.4133333333,0.0498887652,0.3518518519,1.8469387755,-0.3436215967
