Instance,INF_avg,INF_sd,INF_r1,INF_kr,INF_sk,SUP_avg,SUP_sd,SUP_r1,SUP_kr,SUP_sk,INC_avg,INC_sd,INC_r1,INC_kr,INC_sk,IND_avg,IND_sd,IND_r1,IND_kr,IND_sk
instances/A3/asymmetric/20.1.in,0.5927442841,0.0776088501,0.6513926245,1.3354006290,0.0665610863,0.0929993073,0.0187393806,-0.2225312687,2.9643835948,1.1393680500,0.3142564086,0.0704351280,0.7253017803,1.3396508803,-0.0568557366,0.0833815309,0.0198099381,-0.2936418605,3.0250037645,0.9997586920
