Instance,INF_avg,INF_sd,INF_r1,INF_kr,INF_sk,SUP_avg,SUP_sd,SUP_r1,SUP_kr,SUP_sk,INC_avg,INC_sd,INC_r1,INC_kr,INC_sk,IND_avg,IND_sd,IND_r1,IND_kr,IND_sk
instances/A2/asymmetric/8.4.in,0.3126262626,0.1331782845,0.3317415646,1.4200790739,-0.5241882810,0.2191919192,0.0864418690,-0.1081282973,3.0755970497,1.3629067994,0.4681818182,0.0803903343,0.2755916750,2.2442630783,0.8592349929,0.1358585859,0.0375711412,-0.2916994272,1.9901247850,0.1692532217
