Instance,INF_avg,INF_sd,INF_r1,INF_kr,INF_sk,SUP_avg,SUP_sd,SUP_r1,SUP_kr,SUP_sk,INC_avg,INC_sd,INC_r1,INC_kr,INC_sk,IND_avg,IND_sd,IND_r1,IND_kr,IND_sk
instances/A2/asymmetric/100.6.in,0.3830000000,0.0274954542,-0.5835112060,2.2728961955,0.4146428562,0.1450000000,0.0154919334,0.1578947368,2.4869791667,0.0605153648,0.4720000000,0.0259036677,-0.3721832562,3.0075603954,-0.8764561061,0.0490000000,0.0048989795,0.0585774059,1.9479166667,-0.2296396634
