Instance,INF_avg,INF_sd,INF_r1,INF_kr,INF_sk,SUP_avg,SUP_sd,SUP_r1,SUP_kr,SUP_sk,INC_avg,INC_sd,INC_r1,INC_kr,INC_sk,IND_avg,IND_sd,IND_r1,IND_kr,IND_sk
instances/A3/symmetric/10.2.in,0.4204081633,0.0780862305,0.3932511356,1.3547881394,-0.4635823444,0.1020408163,0.0223560228,0.0000000000,2.5000000000,0.9128709292,0.4775510204,0.0599875039,0.4230769231,1.1666666667,0.4082482905,0.1755102041,0.0099979173,0.0384615385,1.1666666667,-0.4082482905
