Instance,INF_avg,INF_sd,INF_r1,INF_kr,INF_sk,SUP_avg,SUP_sd,SUP_r1,SUP_kr,SUP_sk,INC_avg,INC_sd,INC_r1,INC_kr,INC_sk,IND_avg,IND_sd,IND_r1,IND_kr,IND_sk
instances/A1/asymmetric/5.2.in,0.2049382716,0.1168412698,0.0324437857,3.0702149605,0.3062209472,0.1074074074,0.0598924505,0.5283314670,2.0541898665,-0.0903940728,0.6876543210,0.0943091907,-0.2624636911,1.4383175481,-0.0324540482,0.4086419753,0.0843807066,-0.0537567716,2.0947726683,0.0384048114
