Instance,INF_avg,INF_sd,INF_r1,INF_kr,INF_sk,SUP_avg,SUP_sd,SUP_r1,SUP_kr,SUP_sk,INC_avg,INC_sd,INC_r1,INC_kr,INC_sk,IND_avg,IND_sd,IND_r1,IND_kr,IND_sk
instances/A2/symmetric/100.1.in,0.3690000000,0.0329241553,0.1973387703,1.4388522760,-0.1743356011,0.1675000000,0.0213600094,-0.1871657754,1.7349971852,0.5541016503,0.4635000000,0.0328671569,0.1777607398,2.2464187723,0.4633746685,0.0635000000,0.0118427193,-0.0303902176,2.9052303469,-0.2275817827
