Instance,INF_avg,INF_sd,INF_r1,INF_kr,INF_sk,SUP_avg,SUP_sd,SUP_r1,SUP_kr,SUP_sk,INC_avg,INC_sd,INC_r1,INC_kr,INC_sk,IND_avg,IND_sd,IND_r1,IND_kr,IND_sk
instances/A2/symmetric/10.4.in,0.4230769231,0.0759554525,0.6190476190,1.6715976331,0.3310878700,0.1538461538,0.0719549497,0.6470588235,1.9938775510,-0.3436215967,0.4230769231,0.0121626064,-0.5000000000,2.5000000000,0.0000000000,0.1230769231,0.0376844576,0.8397435897,2.4361979167,1.0269996057
