Instance,INF_avg,INF_sd,INF_r1,INF_kr,INF_sk,SUP_avg,SUP_sd,SUP_r1,SUP_kr,SUP_sk,INC_avg,INC_sd,INC_r1,INC_kr,INC_sk,IND_avg,IND_sd,IND_r1,IND_kr,IND_sk
instances/A1/asymmetric/100.5.in,0.3285000000,0.0543622111,0.3244810047,2.2135361413,-0.1863353174,0.1600000000,0.0261725047,0.4457831325,2.0104960307,-0.3974193525,0.5115000000,0.0455549119,-0.0983107650,3.1877453511,0.5370389767,0.0740000000,0.0117898261,-0.8756073858,2.0747890896,0.1025149210
