Instance,INF_avg,INF_sd,INF_r1,INF_kr,INF_sk,SUP_avg,SUP_sd,SUP_r1,SUP_kr,SUP_sk,INC_avg,INC_sd,INC_r1,INC_kr,INC_sk,IND_avg,IND_sd,IND_r1,IND_kr,IND_sk
instances/A2/symmetric/50.4.in,0.5533000000,0.1048694903,0.6270121537,3.5929070549,-0.0735790895,0.1557000000,0.0624100152,0.7683932781,2.9565319572,-0.2159195154,0.2910000000,0.0950946897,0.6928114405,4.2838451118,1.3764660792,0.0481000000,0.0109036691,0.2805309079,3.3355722492,0.9311095765
