Instance,INF_avg,INF_sd,INF_r1,INF_kr,INF_sk,SUP_avg,SUP_sd,SUP_r1,SUP_kr,SUP_sk,INC_avg,INC_sd,INC_r1,INC_kr,INC_sk,IND_avg,IND_sd,IND_r1,IND_kr,IND_sk
instances/A1/symmetric/100.3.in,0.3764000000,0.0430469511,0.6129602024,2.5428839783,-0.1152159261,0.1422000000,0.0277877671,0.3749438884,2.4104594445,0.2832739281,0.4814000000,0.0441026076,0.5376874237,2.1367005825,0.3003344226,0.0986000000,0.0135292276,0.0208282198,3.2519770985,0.5397017817
