Instance,INF_avg,INF_sd,INF_r1,INF_kr,INF_sk,SUP_avg,SUP_sd,SUP_r1,SUP_kr,SUP_sk,INC_avg,INC_sd,INC_r1,INC_kr,INC_sk,IND_avg,IND_sd,IND_r1,IND_kr,IND_sk
instances/A1/asymmetric/10.3.in,0.4443884391,0.0898007771,0.6013794069,1.8424172471,-0.4208041465,0.2158113388,0.1120724082,0.4864450363,1.8453157854,-0.1874624281,0.3398002221,0.0453095689,0.0973209815,1.7949889230,0.1619004999,0.1617047674,0.0350226560,0.2413690607,2.2991244008,0.0656928923
