Instance,INF_avg,INF_sd,INF_r1,INF_kr,INF_sk,SUP_avg,SUP_sd,SUP_r1,SUP_kr,SUP_sk,INC_avg,INC_sd,INC_r1,INC_kr,INC_sk,IND_avg,IND_sd,IND_r1,IND_kr,IND_sk
instances/A1/asymmetric/10.2.in,0.3779793399,0.0611440402,-0.1414117520,1.9472689135,-0.1904584860,0.2446460066,0.0850294410,-0.1269173548,2.3588955933,0.7825872042,0.3773746536,0.0354531645,0.0823464705,2.5009277472,-0.5149567072,0.1255228017,0.0329774332,0.0101458830,3.8501301252,1.2615044930
