Instance,INF_avg,INF_sd,INF_r1,INF_kr,INF_sk,SUP_avg,SUP_sd,SUP_r1,SUP_kr,SUP_sk,INC_avg,INC_sd,INC_r1,INC_kr,INC_sk,IND_avg,IND_sd,IND_r1,IND_kr,IND_sk
instances/A1/asymmetric/10.2.in,0.3877551020,0.0670680683,0.0370370370,1.6769547325,-0.2366702409,0.2244897959,0.0826467622,0.0128205128,2.0597858418,0.7588654218,0.3877551020,0.0288615013,0.1666666667,1.7000000000,0.0000000000,0.1387755102,0.0351115317,-0.1245674740,2.6519357195,1.0179522960
