Instance,INF_avg,INF_sd,INF_r1,INF_kr,INF_sk,SUP_avg,SUP_sd,SUP_r1,SUP_kr,SUP_sk,INC_avg,INC_sd,INC_r1,INC_kr,INC_sk,IND_avg,IND_sd,IND_r1,IND_kr,IND_sk
instances/A3/symmetric/20.2.in,0.5428197421,0.0702344776,0.7970769449,1.8227123880,-0.2009593070,0.0680152074,0.0190834848,0.5925914362,1.7899309416,0.0235937563,0.3891650504,0.0596267831,0.7377650639,1.6292153029,-0.0898287313,0.0703239534,0.0087183616,-0.1496490636,1.7643649071,-0.4993165385
