Instance,INF_avg,INF_sd,INF_r1,INF_kr,INF_sk,SUP_avg,SUP_sd,SUP_r1,SUP_kr,SUP_sk,INC_avg,INC_sd,INC_r1,INC_kr,INC_sk,IND_avg,IND_sd,IND_r1,IND_kr,IND_sk
instances/A1/symmetric/50.4.in,0.4093549223,0.1362038018,0.8859192334,3.7115416670,1.1263048948,0.1659590674,0.0641644605,0.8342381944,2.9231547613,-0.4697204748,0.4246860104,0.0885493120,0.8096287118,3.5409961640,-0.5229969670,0.0599217617,0.0132556349,0.3995953303,2.3545853185,-0.0975050822
