Instance,INF_avg,INF_sd,INF_r1,INF_kr,INF_sk,SUP_avg,SUP_sd,SUP_r1,SUP_kr,SUP_sk,INC_avg,INC_sd,INC_r1,INC_kr,INC_sk,IND_avg,IND_sd,IND_r1,IND_kr,IND_sk
instances/A1/symmetric/50.4.in,0.4556000000,0.0812504769,0.6729021342,1.9668213245,0.1453557216,0.1460000000,0.0464112055,0.6397940884,2.5328494244,0.0751427406,0.3984000000,0.0588255047,0.6480630633,2.6620805073,-0.4201704524,0.0493000000,0.0111807871,0.3146673385,2.6469204566,0.1648152821
