Instance,INF_avg,INF_sd,INF_r1,INF_kr,INF_sk,SUP_avg,SUP_sd,SUP_r1,SUP_kr,SUP_sk,INC_avg,INC_sd,INC_r1,INC_kr,INC_sk,IND_avg,IND_sd,IND_r1,IND_kr,IND_sk
instances/A1/asymmetric/5.6.in,0.2765432099,0.1440587866,0.1492003691,2.4275349661,-0.7574130889,0.2660493827,0.0739556667,0.0711828910,6.1153509785,2.0891262405,0.4574074074,0.1144258645,0.0732768721,4.0910098590,1.2922076663,0.3358024691,0.0821567604,0.1178668743,1.8012070948,-0.0747972666
