Instance,INF_avg,INF_sd,INF_r1,INF_kr,INF_sk,SUP_avg,SUP_sd,SUP_r1,SUP_kr,SUP_sk,INC_avg,INC_sd,INC_r1,INC_kr,INC_sk,IND_avg,IND_sd,IND_r1,IND_kr,IND_sk
instances/A1/symmetric/200.3.in,0.3725000000,0.0384219989,-0.3162173727,2.2667288518,0.2009856198,0.1430000000,0.0166132477,-0.2154377880,2.2595305608,0.5319222748,0.4845000000,0.0367049043,-0.1096259237,2.5109511031,-0.0792001205,0.0815000000,0.0070887234,-0.3253666486,1.5370164105,-0.1179085209
