Instance,INF_avg,INF_sd,INF_r1,INF_kr,INF_sk,SUP_avg,SUP_sd,SUP_r1,SUP_kr,SUP_sk,INC_avg,INC_sd,INC_r1,INC_kr,INC_sk,IND_avg,IND_sd,IND_r1,IND_kr,IND_sk
instances/A2/asymmetric/8.4.in,0.4844723093,0.0885808985,-0.1086731405,2.2837672730,-0.5372183569,0.1591849530,0.0745807957,-0.1037485189,2.9106568175,1.2466745720,0.3563427377,0.0325616932,-1.0309053878,2.2014960104,-0.6646989404,0.2142737722,0.0098120402,0.2870956529,2.9761176375,1.2916263145
