Instance,INF_avg,INF_sd,INF_r1,INF_kr,INF_sk,SUP_avg,SUP_sd,SUP_r1,SUP_kr,SUP_sk,INC_avg,INC_sd,INC_r1,INC_kr,INC_sk,IND_avg,IND_sd,IND_r1,IND_kr,IND_sk
instances/A1/asymmetric/10.1.in,0.3472130383,0.1053384035,0.8415335938,1.5530330257,0.3592554914,0.0970526828,0.0393425148,0.2215906672,2.0153435494,-0.3613328872,0.5557342789,0.0863840299,0.7327738181,1.8764039183,0.2641389998,0.1484360657,0.0267661654,0.0166083947,3.0476993537,-1.0274508041
