Instance,INF_avg,INF_sd,INF_r1,INF_kr,INF_sk,SUP_avg,SUP_sd,SUP_r1,SUP_kr,SUP_sk,INC_avg,INC_sd,INC_r1,INC_kr,INC_sk,IND_avg,IND_sd,IND_r1,IND_kr,IND_sk
instances/A1/asymmetric/10.1.in,0.4288296228,0.0702125264,0.2515741161,2.2293790016,-0.3694618611,0.0823871367,0.0355903250,0.1001281617,1.8894509096,-0.3770235372,0.4887832406,0.0425641202,-0.2240531638,2.0483648075,0.7810028665,0.1364156875,0.0272502266,-0.2148985153,2.1439573792,-0.7609561339
