Instance,INF_avg,INF_sd,INF_r1,INF_kr,INF_sk,SUP_avg,SUP_sd,SUP_r1,SUP_kr,SUP_sk,INC_avg,INC_sd,INC_r1,INC_kr,INC_sk,IND_avg,IND_sd,IND_r1,IND_kr,IND_sk
instances/A3/asymmetric/10.1.in,0.3296691184,0.1044762592,0.5654228318,2.0927940308,-0.4533188482,0.1973557087,0.0668503116,0.6308405659,1.5900904492,0.4602613650,0.4729751730,0.0474145517,0.0465384555,2.2619341797,-0.2248419096,0.2094273892,0.0481071242,0.1269823210,1.7368401076,-0.4848953927
