Instance,INF_avg,INF_sd,INF_r1,INF_kr,INF_sk,SUP_avg,SUP_sd,SUP_r1,SUP_kr,SUP_sk,INC_avg,INC_sd,INC_r1,INC_kr,INC_sk,IND_avg,IND_sd,IND_r1,IND_kr,IND_sk
instances/A2/symmetric/20.2.in,0.5391175380,0.0775356457,0.4671450387,1.2044210267,-0.3380327768,0.1714281862,0.0513033784,0.5714319151,1.7135542553,0.5901995545,0.2894542758,0.0339469571,0.0539023010,1.9496003970,0.4065082171,0.0415242525,0.0105981809,-0.0613141796,1.2953409413,-0.0452225924
