Instance,INF_avg,INF_sd,INF_r1,INF_kr,INF_sk,SUP_avg,SUP_sd,SUP_r1,SUP_kr,SUP_sk,INC_avg,INC_sd,INC_r1,INC_kr,INC_sk,IND_avg,IND_sd,IND_r1,IND_kr,IND_sk
instances/A2/symmetric/100.3.in,0.3970000000,0.0186010752,0.2576243981,2.4073808012,0.7327564471,0.2280000000,0.0183303028,-0.0269773145,2.5245535714,-0.7998075352,0.3750000000,0.0094868330,-0.8888888889,1.7592592593,0.3513641845,0.0690000000,0.0168522995,0.3187066975,2.0052073001,-0.7672292692
