Instance,INF_avg,INF_sd,INF_r1,INF_kr,INF_sk,SUP_avg,SUP_sd,SUP_r1,SUP_kr,SUP_sk,INC_avg,INC_sd,INC_r1,INC_kr,INC_sk,IND_avg,IND_sd,IND_r1,IND_kr,IND_sk
instances/A3/asymmetric/10.3.in,0.6184841188,0.1044229797,-0.1307955331,1.4920857831,-0.0325732783,0.0683293200,0.0138209287,-0.2794777528,1.5382376556,0.0401835155,0.3131865612,0.0907034171,-0.1085919080,1.4814279348,0.0342859064,0.1889347552,0.0299616491,-0.4490051324,1.2963220966,-0.3415974027
