Instance,INF_avg,INF_sd,INF_r1,INF_kr,INF_sk,SUP_avg,SUP_sd,SUP_r1,SUP_kr,SUP_sk,INC_avg,INC_sd,INC_r1,INC_kr,INC_sk,IND_avg,IND_sd,IND_r1,IND_kr,IND_sk
instances/A1/symmetric/10.5.in,0.5209536542,0.0555837731,0.2674711241,2.1185825571,0.7599453742,0.1510041592,0.0376428798,-0.3183989634,1.4612972441,-0.0855967237,0.3280421866,0.0542808216,0.5736205925,1.3450467710,0.0903745044,0.1260071301,0.0474628312,0.2760858023,2.0153635472,0.1832679980
