Instance,INF_avg,INF_sd,INF_r1,INF_kr,INF_sk,SUP_avg,SUP_sd,SUP_r1,SUP_kr,SUP_sk,INC_avg,INC_sd,INC_r1,INC_kr,INC_sk,IND_avg,IND_sd,IND_r1,IND_kr,IND_sk
instances/A1/asymmetric/10.2.in,0.6341105123,0.1380280672,0.4698051709,1.5824584520,-0.2917866005,0.0629453711,0.0789281065,0.0289224135,3.7170380727,1.2993330485,0.3029441166,0.1036754785,0.4422534250,1.6444341202,0.1454883506,0.2147407476,0.0499510712,-0.1405365368,3.1902816414,0.3930852196
