Instance,INF_avg,INF_sd,INF_r1,INF_kr,INF_sk,SUP_avg,SUP_sd,SUP_r1,SUP_kr,SUP_sk,INC_avg,INC_sd,INC_r1,INC_kr,INC_sk,IND_avg,IND_sd,IND_r1,IND_kr,IND_sk
instances/A3/asymmetric/10.4.in,0.3479497679,0.0404168458,-0.5872217229,1.7966903384,-0.1060378573,0.0612667213,0.0242434550,-0.1678929643,1.7410442885,-0.4493014768,0.5907835108,0.0400089155,-0.5123855925,2.9014051292,-1.2691779512,0.1897542998,0.0309115517,0.6996468452,2.3973197965,-0.7199101040
