Instance,INF_avg,INF_sd,INF_r1,INF_kr,INF_sk,SUP_avg,SUP_sd,SUP_r1,SUP_kr,SUP_sk,INC_avg,INC_sd,INC_r1,INC_kr,INC_sk,IND_avg,IND_sd,IND_r1,IND_kr,IND_sk
instances/A2/symmetric/100.5.in,0.3726000000,0.0436089440,0.2498897013,2.9281839749,-0.4542969094,0.1743500000,0.0320753410,0.1718854773,2.6821701438,0.1412193713,0.4530500000,0.0381765307,0.2576191674,2.8884825716,0.1391479600,0.0619000000,0.0161830158,0.2418321857,3.0766189731,0.4218490523
