Instance,INF_avg,INF_sd,INF_r1,INF_kr,INF_sk,SUP_avg,SUP_sd,SUP_r1,SUP_kr,SUP_sk,INC_avg,INC_sd,INC_r1,INC_kr,INC_sk,IND_avg,IND_sd,IND_r1,IND_kr,IND_sk
instances/A2/symmetric/8.3.in,0.3926632499,0.1127382996,0.9976610480,2.3389652146,0.6053991037,0.2277472209,0.1031911625,0.8310478389,1.8731254504,-0.6098207240,0.3795895292,0.0303374194,-0.2020187748,1.8216085371,0.0980078933,0.1980393298,0.0409966666,0.0533343285,2.4981145478,0.5667807904
