Instance,INF_avg,INF_sd,INF_r1,INF_kr,INF_sk,SUP_avg,SUP_sd,SUP_r1,SUP_kr,SUP_sk,INC_avg,INC_sd,INC_r1,INC_kr,INC_sk,IND_avg,IND_sd,IND_r1,IND_kr,IND_sk
instances/A1/asymmetric/8.3.in,0.6523809524,0.0752923252,-0.3595041322,2.8125760000,-0.8743065275,0.0095238095,0.0233284737,-0.1951219512,5.1666666667,2.0412414523,0.3380952381,0.0880630572,-0.0573505654,2.5927464861,0.3102128930,0.3435374150,0.0841285121,0.4947560841,2.2277028153,0.5378418700
