Instance,INF_avg,INF_sd,INF_r1,INF_kr,INF_sk,SUP_avg,SUP_sd,SUP_r1,SUP_kr,SUP_sk,INC_avg,INC_sd,INC_r1,INC_kr,INC_sk,IND_avg,IND_sd,IND_r1,IND_kr,IND_sk
instances/A3/asymmetric/100.6.in,0.2905000000,0.0328214869,0.0622293992,2.8530125869,-0.1874737672,0.1480000000,0.0201494417,-0.3251972387,2.0301511806,-0.4407950126,0.5615000000,0.0272075357,0.4621918091,2.8903879443,0.6555487584,0.0785000000,0.0200062490,-0.2161739891,2.1589009212,-0.3132063232
