Instance,INF_avg,INF_sd,INF_r1,INF_kr,INF_sk,SUP_avg,SUP_sd,SUP_r1,SUP_kr,SUP_sk,INC_avg,INC_sd,INC_r1,INC_kr,INC_sk,IND_avg,IND_sd,IND_r1,IND_kr,IND_sk
instances/A2/symmetric/200.3.in,0.3520000000,0.0320312348,0.2781772626,2.2644118418,0.0919241630,0.2530000000,0.0292061637,0.0645078085,2.5975008555,-0.1840013724,0.3950000000,0.0289482297,-0.1617554859,2.5076041946,-0.1793177286,0.0699000000,0.0122674366,0.0754523457,3.6938068096,-0.2694029862
