Instance,INF_avg,INF_sd,INF_r1,INF_kr,INF_sk,SUP_avg,SUP_sd,SUP_r1,SUP_kr,SUP_sk,INC_avg,INC_sd,INC_r1,INC_kr,INC_sk,IND_avg,IND_sd,IND_r1,IND_kr,IND_sk
instances/A2/asymmetric/5.2.in,0.3722222222,0.1132207138,-0.0181315304,2.3310638989,0.5629078973,0.3024691358,0.1699493815,0.0360469127,1.9130297060,-0.2836729325,0.3253086420,0.0641559695,-0.0162630262,2.1583240549,0.3485568048,0.4179012346,0.0338213025,0.1014659066,4.5206111759,-1.5386690778
