Instance,INF_avg,INF_sd,INF_r1,INF_kr,INF_sk,SUP_avg,SUP_sd,SUP_r1,SUP_kr,SUP_sk,INC_avg,INC_sd,INC_r1,INC_kr,INC_sk,IND_avg,IND_sd,IND_r1,IND_kr,IND_sk
instances/A2/symmetric/200.6.in,0.6689743590,0.1627849749,0.9685875128,2.1457702479,0.1054345115,0.0412393162,0.0549588268,0.9029454951,4.3987465718,1.5301696210,0.2897863248,0.1247996568,0.9649490808,2.2183762353,-0.5044419769,0.0516666667,0.0145590457,0.4376094315,4.3490098205,0.5991545362
