Instance,INF_avg,INF_sd,INF_r1,INF_kr,INF_sk,SUP_avg,SUP_sd,SUP_r1,SUP_kr,SUP_sk,INC_avg,INC_sd,INC_r1,INC_kr,INC_sk,IND_avg,IND_sd,IND_r1,IND_kr,IND_sk
instances/A1/symmetric/50.6.in,0.4218000000,0.0814294787,0.4633812056,5.2244524183,-1.1954527110,0.1713000000,0.0431834459,0.7051968865,2.7575367920,0.5608859900,0.4069000000,0.0928595176,0.6220095059,5.6621707916,1.4409392881,0.0603000000,0.0099201814,0.0750059713,2.5697344716,0.1474056120
