Instance,INF_avg,INF_sd,INF_r1,INF_kr,INF_sk,SUP_avg,SUP_sd,SUP_r1,SUP_kr,SUP_sk,INC_avg,INC_sd,INC_r1,INC_kr,INC_sk,IND_avg,IND_sd,IND_r1,IND_kr,IND_sk
instances/A1/symmetric/200.4.in,0.2936585366,0.0734433944,-0.0906194152,3.0377630217,0.2178119580,0.1434146341,0.0542626744,0.1481427804,3.7526596262,0.2811462731,0.5629268293,0.0758124741,0.1272688307,3.1295722757,-0.3469408668,0.1770731707,0.0496938875,-0.2474777245,2.4537546645,0.4917158777
