Instance,INF_avg,INF_sd,INF_r1,INF_kr,INF_sk,SUP_avg,SUP_sd,SUP_r1,SUP_kr,SUP_sk,INC_avg,INC_sd,INC_r1,INC_kr,INC_sk,IND_avg,IND_sd,IND_r1,IND_kr,IND_sk
instances/A3/symmetric/10.1.in,0.6469135802,0.0382915121,-0.8109932498,1.5000000000,0.5851024021,0.0432098765,0.0314754291,-0.1379310345,1.5000000000,-0.5280049792,0.3098765432,0.0166552316,-0.7489626556,1.5000000000,0.6809718997,0.2481481481,0.0366647961,-0.5000000000,1.5000000000,0.7071067812
