Instance,INF_avg,INF_sd,INF_r1,INF_kr,INF_sk,SUP_avg,SUP_sd,SUP_r1,SUP_kr,SUP_sk,INC_avg,INC_sd,INC_r1,INC_kr,INC_sk,IND_avg,IND_sd,IND_r1,IND_kr,IND_sk
instances/A3/asymmetric/5.2.in,0.2209876543,0.2212444194,0.7040085827,1.6306287630,0.3451573602,0.1722222222,0.1225024845,0.5055825243,1.6132323058,-0.1084433726,0.6067901235,0.2095422174,0.6697597207,2.0173193909,0.3625536814,0.4253086420,0.1023426261,-0.1528213827,2.1892158403,-0.0228017252
