Instance,INF_avg,INF_sd,INF_r1,INF_kr,INF_sk,SUP_avg,SUP_sd,SUP_r1,SUP_kr,SUP_sk,INC_avg,INC_sd,INC_r1,INC_kr,INC_sk,IND_avg,IND_sd,IND_r1,IND_kr,IND_sk
instances/A3/asymmetric/5.2.in,0.3477777778,0.2063079324,0.7980809289,2.0911607895,-0.5727392614,0.2000000000,0.1295767088,0.5149253731,1.6280276817,-0.3631734744,0.4522222222,0.1132897520,0.1769058448,2.8211383651,1.0994654082,0.4188888889,0.1196496945,-0.3355365128,1.9016653992,0.0727277345
