Instance,INF_avg,INF_sd,INF_r1,INF_kr,INF_sk,SUP_avg,SUP_sd,SUP_r1,SUP_kr,SUP_sk,INC_avg,INC_sd,INC_r1,INC_kr,INC_sk,IND_avg,IND_sd,IND_r1,IND_kr,IND_sk
instances/A2/asymmetric/50.4.in,0.4122000000,0.0732881982,0.7706178319,2.1768815779,0.1324988476,0.2024000000,0.0454063872,0.5434522999,2.7345840329,-0.0598545349,0.3854000000,0.0467796965,0.6467590456,2.9206707424,0.0519579387,0.0527000000,0.0107568583,0.3331292466,3.5967803652,0.7014403347
