Instance,INF_avg,INF_sd,INF_r1,INF_kr,INF_sk,SUP_avg,SUP_sd,SUP_r1,SUP_kr,SUP_sk,INC_avg,INC_sd,INC_r1,INC_kr,INC_sk,IND_avg,IND_sd,IND_r1,IND_kr,IND_sk
instances/A2/symmetric/10.3.in,0.4007692308,0.0805090411,-0.3221783613,1.9648160342,0.2201464803,0.1730069930,0.0475228209,-0.1408696908,1.4840503969,-0.1408746339,0.4262237762,0.0386922514,-0.6592276876,1.8673071791,-0.4559109778,0.1248951049,0.0204769765,-0.1123013163,2.7137630554,1.1507975603
