Instance,INF_avg,INF_sd,INF_r1,INF_kr,INF_sk,SUP_avg,SUP_sd,SUP_r1,SUP_kr,SUP_sk,INC_avg,INC_sd,INC_r1,INC_kr,INC_sk,IND_avg,IND_sd,IND_r1,IND_kr,IND_sk
instances/A3/symmetric/50.5.in,0.4333333333,0.0771722460,-0.8679245283,2.9752937737,1.2222287697,0.0283333333,0.0279384244,0.5017895490,2.2490216689,0.8593716528,0.5383333333,0.0654259548,-1.2809767863,2.9022613985,-0.8882373845,0.1800000000,0.0365148372,-0.0312500000,1.5037500000,-0.1026979795
