Instance,INF_avg,INF_sd,INF_r1,INF_kr,INF_sk,SUP_avg,SUP_sd,SUP_r1,SUP_kr,SUP_sk,INC_avg,INC_sd,INC_r1,INC_kr,INC_sk,IND_avg,IND_sd,IND_r1,IND_kr,IND_sk
instances/A1/symmetric/20.1.in,0.1500000000,0.0370135110,0.0755555556,1.2266236880,0.4082155036,0.3310000000,0.0570438428,0.0816631768,1.8446212859,-0.0767048219,0.5190000000,0.0349857114,-0.2141491396,1.3717160067,0.1972794182,0.0540000000,0.0066332496,-0.5656565657,2.2169421488,0.3700366502
