Instance,INF_avg,INF_sd,INF_r1,INF_kr,INF_sk,SUP_avg,SUP_sd,SUP_r1,SUP_kr,SUP_sk,INC_avg,INC_sd,INC_r1,INC_kr,INC_sk,IND_avg,IND_sd,IND_r1,IND_kr,IND_sk
instances/A1/asymmetric/8.6.in,0.2003928171,0.1118049903,0.4640078700,2.0428234120,-0.2719675964,0.3012345679,0.0747634402,0.1822119627,4.0477059153,-1.2663342951,0.4983726150,0.0725523905,0.3100517949,2.2194114969,-0.1813668927,0.2418630752,0.0777768465,0.7572949736,2.0756286823,-0.6023352408
