Instance,INF_avg,INF_sd,INF_r1,INF_kr,INF_sk,SUP_avg,SUP_sd,SUP_r1,SUP_kr,SUP_sk,INC_avg,INC_sd,INC_r1,INC_kr,INC_sk,IND_avg,IND_sd,IND_r1,IND_kr,IND_sk
instances/A1/symmetric/200.3.in,0.2918000000,0.0354367041,0.4339508137,3.7955993014,0.5179340739,0.1400000000,0.0244948974,0.1438356164,3.3108333333,0.5450114678,0.5682000000,0.0367118509,0.2607716953,2.8769934529,-0.7346841532,0.0754000000,0.0189166593,0.2308432256,2.3746261007,-0.3012897933
