Instance,INF_avg,INF_sd,INF_r1,INF_kr,INF_sk,SUP_avg,SUP_sd,SUP_r1,SUP_kr,SUP_sk,INC_avg,INC_sd,INC_r1,INC_kr,INC_sk,IND_avg,IND_sd,IND_r1,IND_kr,IND_sk
instances/A2/asymmetric/8.2.in,0.6107142857,0.0701876332,0.1340798329,2.8608114693,-1.2034742895,0.1314285714,0.0817939450,0.2374971967,1.9736555446,-0.3282451541,0.2578571429,0.0674931759,-0.6825177190,2.1288504327,0.7297299782,0.2521428571,0.0679819237,0.7798237175,2.4049349063,0.8820849169
