Instance,INF_avg,INF_sd,INF_r1,INF_kr,INF_sk,SUP_avg,SUP_sd,SUP_r1,SUP_kr,SUP_sk,INC_avg,INC_sd,INC_r1,INC_kr,INC_sk,IND_avg,IND_sd,IND_r1,IND_kr,IND_sk
instances/A3/asymmetric/50.2.in,0.2680000000,0.0429651021,-0.3903498742,1.9738153062,0.5930132127,0.1780000000,0.0535350353,0.2712923644,1.2241947729,0.3161282274,0.5540000000,0.0377359245,0.3060338374,1.9700262751,0.4056501718,0.0930000000,0.0116619038,0.5268542199,2.0659602076,-0.0794441975
