Instance,INF_avg,INF_sd,INF_r1,INF_kr,INF_sk,SUP_avg,SUP_sd,SUP_r1,SUP_kr,SUP_sk,INC_avg,INC_sd,INC_r1,INC_kr,INC_sk,IND_avg,IND_sd,IND_r1,IND_kr,IND_sk
instances/A2/asymmetric/8.4.in,0.3501683502,0.1116708684,0.2567598017,1.9143570248,0.2481164265,0.2558922559,0.1116708684,0.1727122836,1.3520429752,-0.2214737877,0.3939393939,0.0377945191,0.2000000000,1.7448979592,0.0000000000,0.2121212121,0.0473779370,0.1666666667,1.5247933884,-0.1744369497
