Instance,INF_avg,INF_sd,INF_r1,INF_kr,INF_sk,SUP_avg,SUP_sd,SUP_r1,SUP_kr,SUP_sk,INC_avg,INC_sd,INC_r1,INC_kr,INC_sk,IND_avg,IND_sd,IND_r1,IND_kr,IND_sk
instances/A2/asymmetric/20.5.in,0.7414400244,0.0289756408,0.3510156928,2.9191159035,-1.2139850194,0.0334326684,0.0244971202,0.6480919545,1.5404748830,0.0807315844,0.2251273072,0.0155765529,-0.5889903497,2.2317294882,-0.2377314053,0.1082237733,0.0493896434,-0.0244753783,3.0794764598,1.3551146323
