Instance,INF_avg,INF_sd,INF_r1,INF_kr,INF_sk,SUP_avg,SUP_sd,SUP_r1,SUP_kr,SUP_sk,INC_avg,INC_sd,INC_r1,INC_kr,INC_sk,IND_avg,IND_sd,IND_r1,IND_kr,IND_sk
instances/A2/asymmetric/100.5.in,0.3267000000,0.0495591566,0.5259991666,2.7849558090,0.3176187620,0.1944500000,0.0341166748,0.4267196840,2.7053076210,-0.0362142933,0.4788500000,0.0389605891,0.3302002937,2.7770889650,0.0874565038,0.0629500000,0.0122085011,0.1109923005,3.3759930153,0.1670693939
