Instance,INF_avg,INF_sd,INF_r1,INF_kr,INF_sk,SUP_avg,SUP_sd,SUP_r1,SUP_kr,SUP_sk,INC_avg,INC_sd,INC_r1,INC_kr,INC_sk,IND_avg,IND_sd,IND_r1,IND_kr,IND_sk
instances/A3/asymmetric/100.6.in,0.2930000000,0.0409389790,-0.1805217955,2.4077001726,-0.7744222760,0.1610000000,0.0342636834,-0.7941266442,1.6409790202,-0.2510343900,0.5460000000,0.0292232784,-0.2905500705,1.2743474708,-0.1016962202,0.0530000000,0.0140000000,-0.4355895197,2.9376301541,1.2332361516
