Instance,INF_avg,INF_sd,INF_r1,INF_kr,INF_sk,SUP_avg,SUP_sd,SUP_r1,SUP_kr,SUP_sk,INC_avg,INC_sd,INC_r1,INC_kr,INC_sk,IND_avg,IND_sd,IND_r1,IND_kr,IND_sk
instances/A2/asymmetric/20.5.in,0.5345392390,0.0320028497,0.1141845072,2.4330615489,-0.6912920049,0.1955643022,0.0217587584,-0.7168828392,1.9883053441,0.3317187438,0.2698964588,0.0154266222,0.6807882329,1.6064813919,-0.0101035808,0.0521358138,0.0212647908,0.4002457160,1.7298499546,0.4925928749
