Instance,INF_avg,INF_sd,INF_r1,INF_kr,INF_sk,SUP_avg,SUP_sd,SUP_r1,SUP_kr,SUP_sk,INC_avg,INC_sd,INC_r1,INC_kr,INC_sk,IND_avg,IND_sd,IND_r1,IND_kr,IND_sk
instances/A1/asymmetric/8.2.in,0.3700854701,0.1038946488,0.6047458671,2.2063634251,0.4402052101,0.1985754986,0.0288918119,-0.3696522547,2.2784939355,-0.4492688236,0.4313390313,0.1011127781,0.6411338325,1.7907274638,0.0569149510,0.1799348799,0.0337953983,-0.1745707141,2.4837072394,-0.6354511441
