Instance,INF_avg,INF_sd,INF_r1,INF_kr,INF_sk,SUP_avg,SUP_sd,SUP_r1,SUP_kr,SUP_sk,INC_avg,INC_sd,INC_r1,INC_kr,INC_sk,IND_avg,IND_sd,IND_r1,IND_kr,IND_sk
instances/A2/asymmetric/200.1.in,0.3297000000,0.0342988338,0.2793517383,2.3410520998,0.0273558841,0.2354500000,0.0317261328,0.1933661242,2.8666844513,0.0634849584,0.4348500000,0.0335667618,-0.1425014097,3.1757116353,0.0273866867,0.0586500000,0.0129200426,0.0744817436,3.1641299260,0.0624871794
