Instance,INF_avg,INF_sd,INF_r1,INF_kr,INF_sk,SUP_avg,SUP_sd,SUP_r1,SUP_kr,SUP_sk,INC_avg,INC_sd,INC_r1,INC_kr,INC_sk,IND_avg,IND_sd,IND_r1,IND_kr,IND_sk
instances/A3/symmetric/10.1.in,0.4518789727,0.1774187191,0.8192417762,1.4082830095,-0.0993957639,0.0931352028,0.0800185262,0.5536541605,1.9810171054,0.6628495052,0.4549858245,0.1148460820,0.6708554222,1.6629304745,0.0204873894,0.1838956576,0.0388756202,0.2134705913,1.9698929892,-0.2537344782
