Instance,INF_avg,INF_sd,INF_r1,INF_kr,INF_sk,SUP_avg,SUP_sd,SUP_r1,SUP_kr,SUP_sk,INC_avg,INC_sd,INC_r1,INC_kr,INC_sk,IND_avg,IND_sd,IND_r1,IND_kr,IND_sk
instances/A3/asymmetric/8.4.in,0.3791608392,0.0651555140,-0.4988068296,2.1166051635,-0.3288767990,0.1604662005,0.0162038030,-0.3542576550,2.1894791137,-0.4726195144,0.4603729604,0.0616776345,-0.3077563198,1.8506459752,-0.1673534646,0.2065268065,0.0593627170,-0.2196648585,1.8240988951,0.2847315325
