Instance,INF_avg,INF_sd,INF_r1,INF_kr,INF_sk,SUP_avg,SUP_sd,SUP_r1,SUP_kr,SUP_sk,INC_avg,INC_sd,INC_r1,INC_kr,INC_sk,IND_avg,IND_sd,IND_r1,IND_kr,IND_sk
instances/A2/asymmetric/5.5.in,0.2700000000,0.1271045064,0.1116478798,1.2439251205,0.1165521647,0.3266666667,0.1003327796,0.4414236283,1.6052439221,-0.5997700918,0.4033333333,0.0600000000,-1.0174741859,1.2381115684,-0.1625514403,0.3366666667,0.0476095229,-0.9084628670,2.5291234141,0.3130037835
