Instance,INF_avg,INF_sd,INF_r1,INF_kr,INF_sk,SUP_avg,SUP_sd,SUP_r1,SUP_kr,SUP_sk,INC_avg,INC_sd,INC_r1,INC_kr,INC_sk,IND_avg,IND_sd,IND_r1,IND_kr,IND_sk
instances/A1/asymmetric/100.5.in,0.4455214724,0.1412179857,0.8618943742,6.2996221080,1.6244239067,0.0692024540,0.0671321524,0.7065533633,2.7061514062,0.8374060421,0.4852760736,0.1170565009,0.7454508008,7.0962609072,-1.7685639333,0.1748466258,0.0515091966,0.3108132981,2.9699027146,-0.2181532480
