Instance,INF_avg,INF_sd,INF_r1,INF_kr,INF_sk,SUP_avg,SUP_sd,SUP_r1,SUP_kr,SUP_sk,INC_avg,INC_sd,INC_r1,INC_kr,INC_sk,IND_avg,IND_sd,IND_r1,IND_kr,IND_sk
instances/A1/asymmetric/10.2.in,0.7414975347,0.0520062256,0.5076364581,2.4644420906,-0.8835784446,0.0769751175,0.0502059450,0.0962769246,1.9183352748,-0.1367538943,0.1815273478,0.0249806223,0.0279016698,1.3417578004,-0.1476332725,0.1970530902,0.0914610848,0.1983134174,2.6551418120,1.0870214577
