Instance,INF_avg,INF_sd,INF_r1,INF_kr,INF_sk,SUP_avg,SUP_sd,SUP_r1,SUP_kr,SUP_sk,INC_avg,INC_sd,INC_r1,INC_kr,INC_sk,IND_avg,IND_sd,IND_r1,IND_kr,IND_sk
instances/A1/asymmetric/10.2.in,0.7031195454,0.0584095216,0.6898235219,1.4635897963,0.3886388983,0.0711953267,0.0438129194,0.2128633478,2.0927716711,0.1966300340,0.2256851279,0.0573302918,0.7536875036,1.8990844559,0.3255356799,0.1565327626,0.0822731415,0.3119452686,5.0078341456,1.7873829034
