Instance,INF_avg,INF_sd,INF_r1,INF_kr,INF_sk,SUP_avg,SUP_sd,SUP_r1,SUP_kr,SUP_sk,INC_avg,INC_sd,INC_r1,INC_kr,INC_sk,IND_avg,IND_sd,IND_r1,IND_kr,IND_sk
instances/A1/asymmetric/8.5.in,0.5629304029,0.0244675484,-0.3833030007,1.6878351614,0.1582503011,0.1451282051,0.0460061594,-0.3401685458,2.1028330888,-0.5882533063,0.2919413919,0.0370959382,-0.0060924193,1.5361493428,-0.1028205293,0.2002930403,0.0367575801,-0.0258134095,2.6382158676,0.7664064172
