Instance,INF_avg,INF_sd,INF_r1,INF_kr,INF_sk,SUP_avg,SUP_sd,SUP_r1,SUP_kr,SUP_sk,INC_avg,INC_sd,INC_r1,INC_kr,INC_sk,IND_avg,IND_sd,IND_r1,IND_kr,IND_sk
instances/A2/symmetric/10.2.in,0.6579065219,0.0424071822,0.0178913412,2.2219555057,0.5580049459,0.0654757355,0.0510169349,-0.0525455380,2.0581648034,0.3969150943,0.2766177426,0.0535869148,-0.3042829337,3.5414670377,1.0658468715,0.1924199569,0.0902330323,-0.1691919503,3.4981747331,1.3474232412
