Instance,INF_avg,INF_sd,INF_r1,INF_kr,INF_sk,SUP_avg,SUP_sd,SUP_r1,SUP_kr,SUP_sk,INC_avg,INC_sd,INC_r1,INC_kr,INC_sk,IND_avg,IND_sd,IND_r1,IND_kr,IND_sk
instances/A2/symmetric/10.2.in,0.6494736842,0.0370071491,0.5446336429,1.5109105476,0.1513331592,0.0631578947,0.0613784410,-0.1194029851,1.6280276817,0.3631734744,0.2873684211,0.0631227973,-0.3296142633,2.4755330048,0.7544236901,0.2242105263,0.1091696182,-0.1557535600,1.7273925035,0.5535944356
