Instance,INF_avg,INF_sd,INF_r1,INF_kr,INF_sk,SUP_avg,SUP_sd,SUP_r1,SUP_kr,SUP_sk,INC_avg,INC_sd,INC_r1,INC_kr,INC_sk,IND_avg,IND_sd,IND_r1,IND_kr,IND_sk
instances/A2/asymmetric/8.3.in,0.6242857143,0.0638237369,0.0052626148,3.1171692082,1.3817399060,0.1142857143,0.0792252737,0.0560747664,2.0863543720,0.1250758188,0.2614285714,0.0455851350,-0.0817151049,2.4128230026,0.0282334089,0.2214285714,0.0307871045,-0.5417218543,1.3788889906,0.4562455630
