Instance,INF_avg,INF_sd,INF_r1,INF_kr,INF_sk,SUP_avg,SUP_sd,SUP_r1,SUP_kr,SUP_sk,INC_avg,INC_sd,INC_r1,INC_kr,INC_sk,IND_avg,IND_sd,IND_r1,IND_kr,IND_sk
instances/A2/symmetric/100.5.in,0.3540000000,0.0412795349,-0.3778015613,1.7921109403,0.4423209435,0.1670000000,0.0271293199,0.3393516619,2.7922709416,0.6260774096,0.4790000000,0.0346265794,-0.2615190610,4.7663065065,-1.3609276764,0.0670000000,0.0114455231,-0.3483146067,2.3522521998,0.4041714949
