Instance,INF_avg,INF_sd,INF_r1,INF_kr,INF_sk,SUP_avg,SUP_sd,SUP_r1,SUP_kr,SUP_sk,INC_avg,INC_sd,INC_r1,INC_kr,INC_sk,IND_avg,IND_sd,IND_r1,IND_kr,IND_sk
instances/A2/asymmetric/8.5.in,0.5783882784,0.0467010222,0.2785304282,1.4161539855,-0.3974578396,0.0763939764,0.0397698340,-0.1728557209,2.5546428162,-0.2263836831,0.3452177452,0.0725340729,0.2068254065,2.9791648379,0.6637820751,0.2899063899,0.0809414430,0.0036994667,5.1540112830,1.8125951552
