Instance,INF_avg,INF_sd,INF_r1,INF_kr,INF_sk,SUP_avg,SUP_sd,SUP_r1,SUP_kr,SUP_sk,INC_avg,INC_sd,INC_r1,INC_kr,INC_sk,IND_avg,IND_sd,IND_r1,IND_kr,IND_sk
instances/A3/symmetric/8.5.in,0.5293956044,0.1593132266,0.3059268318,1.4715396773,-0.2206289596,0.1221978022,0.0771138747,-0.5380359168,1.6507287649,-0.5124618273,0.3484065934,0.1321389618,0.4184350721,1.5197482703,0.0747008432,0.2985164835,0.0525330280,-0.2060387973,1.4378844251,0.3729063080
