Instance,INF_avg,INF_sd,INF_r1,INF_kr,INF_sk,SUP_avg,SUP_sd,SUP_r1,SUP_kr,SUP_sk,INC_avg,INC_sd,INC_r1,INC_kr,INC_sk,IND_avg,IND_sd,IND_r1,IND_kr,IND_sk
instances/A2/asymmetric/20.4.in,0.6045378121,0.0534815214,-1.1952744709,2.1760493677,0.7454141443,0.1230174406,0.0460012630,0.1631837753,1.9259006327,0.2210995017,0.2724447473,0.0384225886,-0.2906611031,1.8550623072,0.1504099799,0.0466614035,0.0092934227,-0.6921615943,1.4809524809,-0.2697485446
