Instance,INF_avg,INF_sd,INF_r1,INF_kr,INF_sk,SUP_avg,SUP_sd,SUP_r1,SUP_kr,SUP_sk,INC_avg,INC_sd,INC_r1,INC_kr,INC_sk,IND_avg,IND_sd,IND_r1,IND_kr,IND_sk
instances/A3/asymmetric/8.4.in,0.1494949495,0.1268008730,-0.6080784392,1.1791002402,0.3883670791,0.1297979798,0.0325591141,-0.8950595023,1.5098532127,-0.0419669617,0.7207070707,0.1059836180,-0.4927750497,1.2824709102,-0.3589307221,0.1989898990,0.0389052832,0.0161883163,2.7714101834,1.1316254215
