Instance,INF_avg,INF_sd,INF_r1,INF_kr,INF_sk,SUP_avg,SUP_sd,SUP_r1,SUP_kr,SUP_sk,INC_avg,INC_sd,INC_r1,INC_kr,INC_sk,IND_avg,IND_sd,IND_r1,IND_kr,IND_sk
instances/A3/asymmetric/8.4.in,0.1417829084,0.1219947062,-0.4237094968,1.3684240469,0.4465270399,0.1221099888,0.0547481259,-0.3627322315,1.8515489407,-0.3087138894,0.7361071028,0.0881775699,-0.2977751321,1.9701245735,-0.7508217903,0.2191037358,0.0485877604,0.2532857450,1.7340229530,0.4190426196
