Instance,INF_avg,INF_sd,INF_r1,INF_kr,INF_sk,SUP_avg,SUP_sd,SUP_r1,SUP_kr,SUP_sk,INC_avg,INC_sd,INC_r1,INC_kr,INC_sk,IND_avg,IND_sd,IND_r1,IND_kr,IND_sk
instances/A3/symmetric/20.6.in,0.4621058444,0.0339340780,0.3453993522,1.8658824548,-0.3607854825,0.0835214438,0.0151415156,0.0593182543,2.0347163440,0.7544582173,0.4543727119,0.0394487319,0.4980845576,2.1440104410,0.1758232664,0.0731071506,0.0116695211,0.1555236449,4.0399218685,1.4075034530
