Instance,INF_avg,INF_sd,INF_r1,INF_kr,INF_sk,SUP_avg,SUP_sd,SUP_r1,SUP_kr,SUP_sk,INC_avg,INC_sd,INC_r1,INC_kr,INC_sk,IND_avg,IND_sd,IND_r1,IND_kr,IND_sk
instances/A2/asymmetric/100.4.in,0.3410000000,0.0253771551,0.2217558587,1.6624840863,0.3788804065,0.1320000000,0.0136381817,-0.5678627145,1.3747832119,0.1088026982,0.5270000000,0.0203960781,0.1594412331,2.5224898299,-0.8549437766,0.0760000000,0.0091651514,0.3143812709,1.2091836735,-0.2961528510
