Instance,INF_avg,INF_sd,INF_r1,INF_kr,INF_sk,SUP_avg,SUP_sd,SUP_r1,SUP_kr,SUP_sk,INC_avg,INC_sd,INC_r1,INC_kr,INC_sk,IND_avg,IND_sd,IND_r1,IND_kr,IND_sk
instances/A3/asymmetric/20.4.in,0.4489360432,0.1727176115,0.8921276674,1.7163482467,-0.3561589118,0.0910486395,0.0619084008,0.7549836539,2.6928500235,0.4954352555,0.4600153173,0.1160724366,0.9237746190,1.5022275099,0.3433494959,0.0606762856,0.0127091052,-0.0170553852,3.7601582192,0.8726570718
