Instance,INF_avg,INF_sd,INF_r1,INF_kr,INF_sk,SUP_avg,SUP_sd,SUP_r1,SUP_kr,SUP_sk,INC_avg,INC_sd,INC_r1,INC_kr,INC_sk,IND_avg,IND_sd,IND_r1,IND_kr,IND_sk
instances/A2/symmetric/20.5.in,0.4457762207,0.0904726784,0.7636733839,1.8323419698,0.2738194193,0.2114114985,0.0657856652,0.6121289744,2.1692454224,-0.3262200234,0.3428122808,0.0502930151,1.1500049814,4.6564082473,1.5270427355,0.0401824682,0.0065714005,0.0501356836,2.9519169335,0.6319854660
