Instance,INF_avg,INF_sd,INF_r1,INF_kr,INF_sk,SUP_avg,SUP_sd,SUP_r1,SUP_kr,SUP_sk,INC_avg,INC_sd,INC_r1,INC_kr,INC_sk,IND_avg,IND_sd,IND_r1,IND_kr,IND_sk
instances/A2/symmetric/200.1.in,0.3040000000,0.0255734237,0.0049487451,1.5622562635,0.1158743071,0.1940000000,0.0139283883,-0.5763546798,1.3296312042,-0.2931045678,0.5020000000,0.0323419233,-0.0715652507,2.3125536963,-0.1665402897,0.0710000000,0.0120000000,-0.2754303599,1.6151620370,0.5451388889
