Instance,INF_avg,INF_sd,INF_r1,INF_kr,INF_sk,SUP_avg,SUP_sd,SUP_r1,SUP_kr,SUP_sk,INC_avg,INC_sd,INC_r1,INC_kr,INC_sk,IND_avg,IND_sd,IND_r1,IND_kr,IND_sk
instances/A3/symmetric/100.4.in,0.3150000000,0.0652916534,0.3707403055,3.1031915787,0.3919510639,0.1284000000,0.0385154514,0.4039129921,4.0085614897,1.1696715745,0.5566000000,0.0526729532,0.2391520771,4.6197510977,-0.4126676794,0.0780000000,0.0130384048,-0.0579658606,1.9373010381,-0.0121812086
