Instance,INF_avg,INF_sd,INF_r1,INF_kr,INF_sk,SUP_avg,SUP_sd,SUP_r1,SUP_kr,SUP_sk,INC_avg,INC_sd,INC_r1,INC_kr,INC_sk,IND_avg,IND_sd,IND_r1,IND_kr,IND_sk
instances/A3/asymmetric/20.6.in,0.5484802517,0.1789885160,0.8296984534,1.6261388461,-0.4578554151,0.0620767164,0.0513302226,0.7306320072,1.9570547164,0.6377345600,0.3894430318,0.1288788599,0.8493615569,1.5811141642,0.3930793285,0.0771491959,0.0160200351,0.2812062146,3.8781034763,-0.9506050832
