Instance,INF_avg,INF_sd,INF_r1,INF_kr,INF_sk,SUP_avg,SUP_sd,SUP_r1,SUP_kr,SUP_sk,INC_avg,INC_sd,INC_r1,INC_kr,INC_sk,IND_avg,IND_sd,IND_r1,IND_kr,IND_sk
instances/A3/asymmetric/8.4.in,0.6866666667,0.0571547607,0.5528967254,1.6664584201,-0.1702026400,0.0361904762,0.0303569094,0.2455621302,1.2183334367,-0.2623456949,0.2771428571,0.0310292087,0.8528606625,2.3887602285,0.9164758702,0.2926190476,0.0527390358,-0.0726785156,1.5872544983,0.5039182555
