Instance,INF_avg,INF_sd,INF_r1,INF_kr,INF_sk,SUP_avg,SUP_sd,SUP_r1,SUP_kr,SUP_sk,INC_avg,INC_sd,INC_r1,INC_kr,INC_sk,IND_avg,IND_sd,IND_r1,IND_kr,IND_sk
instances/A1/symmetric/10.2.in,0.3635439218,0.0593501559,0.4343812448,2.1303904785,0.3107814890,0.1632462814,0.0520104321,0.6660107357,1.6227310985,0.4413255254,0.4732097967,0.0397059811,0.3367701643,1.7680794727,0.2171191548,0.1021812571,0.0174293146,0.2439745540,2.3876856492,0.1303787235
