Instance,INF_avg,INF_sd,INF_r1,INF_kr,INF_sk,SUP_avg,SUP_sd,SUP_r1,SUP_kr,SUP_sk,INC_avg,INC_sd,INC_r1,INC_kr,INC_sk,IND_avg,IND_sd,IND_r1,IND_kr,IND_sk
instances/A1/symmetric/5.2.in,0.4533333333,0.0850272288,-0.0131434830,2.5641404640,0.4635823444,0.1388888889,0.0895806416,-0.4186046512,1.7825443787,-0.2146755022,0.4077777778,0.0409154503,0.3343518114,2.4505377607,-0.9161036294,0.3911111111,0.0498887652,-0.6811279826,1.2422524565,-0.1315095000
