Instance,INF_avg,INF_sd,INF_r1,INF_kr,INF_sk,SUP_avg,SUP_sd,SUP_r1,SUP_kr,SUP_sk,INC_avg,INC_sd,INC_r1,INC_kr,INC_sk,IND_avg,IND_sd,IND_r1,IND_kr,IND_sk
instances/A2/asymmetric/200.6.in,0.3115000000,0.0310684728,0.1908531223,1.9304432366,-0.0511690292,0.2155000000,0.0288487435,-0.2125034491,1.9245725661,-0.1451933337,0.4730000000,0.0313209195,-0.0309107024,1.4744643642,0.0168913300,0.0575000000,0.0153704261,-0.7135278515,1.3063744016,-0.2065396980
