Instance,INF_avg,INF_sd,INF_r1,INF_kr,INF_sk,SUP_avg,SUP_sd,SUP_r1,SUP_kr,SUP_sk,INC_avg,INC_sd,INC_r1,INC_kr,INC_sk,IND_avg,IND_sd,IND_r1,IND_kr,IND_sk
instances/A2/asymmetric/8.4.in,0.3688271605,0.0993661724,0.5625366341,1.7756420386,0.2709400224,0.2028268799,0.0724592244,0.3345885413,3.8526546789,-1.2677537852,0.4283459596,0.0571058313,0.2261719957,1.9844084353,0.3559534614,0.1687710438,0.0351412074,0.3702949864,1.7708601005,-0.3781015836
