Instance,INF_avg,INF_sd,INF_r1,INF_kr,INF_sk,SUP_avg,SUP_sd,SUP_r1,SUP_kr,SUP_sk,INC_avg,INC_sd,INC_r1,INC_kr,INC_sk,IND_avg,IND_sd,IND_r1,IND_kr,IND_sk
instances/A2/asymmetric/8.4.in,0.4250000000,0.0962493963,0.0032088201,2.6781910935,-0.8034474852,0.1676136364,0.0760411360,-0.0374934133,2.4442603435,-0.8607322228,0.4073863636,0.0531802534,0.0077305463,2.2800276441,0.6716185956,0.1876262626,0.0267408623,-0.4973961793,2.4884912257,-0.9034073188
