Instance,INF_avg,INF_sd,INF_r1,INF_kr,INF_sk,SUP_avg,SUP_sd,SUP_r1,SUP_kr,SUP_sk,INC_avg,INC_sd,INC_r1,INC_kr,INC_sk,IND_avg,IND_sd,IND_r1,IND_kr,IND_sk
instances/A2/asymmetric/5.1.in,0.3666666667,0.0952579344,-0.5384615385,1.1666666667,-0.4082482905,0.1722222222,0.0566557724,-0.2907268170,1.3731508876,0.1527442976,0.4611111111,0.0816496581,-0.1671335201,2.2147633745,-0.0774915737,0.3555555556,0.0984446953,-0.3380281690,1.2329303420,-0.4011434619
