Instance,INF_avg,INF_sd,INF_r1,INF_kr,INF_sk,SUP_avg,SUP_sd,SUP_r1,SUP_kr,SUP_sk,INC_avg,INC_sd,INC_r1,INC_kr,INC_sk,IND_avg,IND_sd,IND_r1,IND_kr,IND_sk
instances/A3/symmetric/20.4.in,0.6739014723,0.0830388370,0.8164642848,1.7013453110,-0.3508177651,0.0412148181,0.0283198270,0.5758470479,1.6215619033,-0.0602040324,0.2848837096,0.0581323059,0.6550636333,2.0465564885,0.2740621050,0.1228541902,0.0441324502,-0.4780803250,2.1796972077,0.7566654554
