Instance,INF_avg,INF_sd,INF_r1,INF_kr,INF_sk,SUP_avg,SUP_sd,SUP_r1,SUP_kr,SUP_sk,INC_avg,INC_sd,INC_r1,INC_kr,INC_sk,IND_avg,IND_sd,IND_r1,IND_kr,IND_sk
instances/A1/symmetric/20.2.in,0.6855912062,0.0276022556,-0.0024662610,1.7310334734,-0.1738950946,0.0766641202,0.0219394016,0.2182096527,1.7695823399,0.3254897315,0.2377446736,0.0155160981,0.0859212379,2.6628805860,1.0252853157,0.0878966132,0.0122439650,0.2765654435,1.3095042452,0.3095260043
