Instance,INF_avg,INF_sd,INF_r1,INF_kr,INF_sk,SUP_avg,SUP_sd,SUP_r1,SUP_kr,SUP_sk,INC_avg,INC_sd,INC_r1,INC_kr,INC_sk,IND_avg,IND_sd,IND_r1,IND_kr,IND_sk
instances/A3/asymmetric/100.3.in,0.9199326599,0.0468180335,0.5726001424,1.7493147624,0.0946971318,0.0083333333,0.0089752747,0.6778523490,1.3234244946,0.3329709512,0.0717340067,0.0396687049,0.4539464603,1.7403209806,-0.1685513233,0.0367340067,0.0148319460,0.6827862007,1.6377577993,0.2871504889
