Instance,INF_avg,INF_sd,INF_r1,INF_kr,INF_sk,SUP_avg,SUP_sd,SUP_r1,SUP_kr,SUP_sk,INC_avg,INC_sd,INC_r1,INC_kr,INC_sk,IND_avg,IND_sd,IND_r1,IND_kr,IND_sk
instances/A3/symmetric/10.5.in,0.6478454306,0.1219671218,0.4171338490,2.1900225094,-0.5081826276,0.0535145052,0.0299786272,0.2403214207,2.4349182358,-0.7624345249,0.2986400642,0.0973238552,0.3823554772,2.2943025448,0.7474158786,0.2329503497,0.0422496771,0.3522583852,1.6971465206,0.5009786088
