Instance,INF_avg,INF_sd,INF_r1,INF_kr,INF_sk,SUP_avg,SUP_sd,SUP_r1,SUP_kr,SUP_sk,INC_avg,INC_sd,INC_r1,INC_kr,INC_sk,IND_avg,IND_sd,IND_r1,IND_kr,IND_sk
instances/A1/symmetric/10.3.in,0.2589510490,0.1182359292,0.2531247032,1.4218229519,0.0795049362,0.2883916084,0.1260370740,0.4111612760,1.3027929300,-0.4315711962,0.4526573427,0.0374316009,0.6224253938,2.4359937638,-0.9304167308,0.1188811189,0.0278599152,-0.3311808118,1.6967239936,-0.1316263530
