Instance,INF_avg,INF_sd,INF_r1,INF_kr,INF_sk,SUP_avg,SUP_sd,SUP_r1,SUP_kr,SUP_sk,INC_avg,INC_sd,INC_r1,INC_kr,INC_sk,IND_avg,IND_sd,IND_r1,IND_kr,IND_sk
instances/A2/asymmetric/20.3.in,0.6450266081,0.0254132636,0.2100443098,1.4652743224,-0.0967057400,0.1377184552,0.0169754022,-0.1141693062,1.3480062972,-0.0991722234,0.2172549367,0.0142696595,0.5238411249,1.2113212628,-0.3820795756,0.0566777352,0.0036378775,0.0626647617,1.4732999145,0.0176461367
