Instance,INF_avg,INF_sd,INF_r1,INF_kr,INF_sk,SUP_avg,SUP_sd,SUP_r1,SUP_kr,SUP_sk,INC_avg,INC_sd,INC_r1,INC_kr,INC_sk,IND_avg,IND_sd,IND_r1,IND_kr,IND_sk
instances/A3/asymmetric/10.6.in,0.1818181818,0.1094270914,0.5419354839,2.2063871429,0.0978579432,0.1090909091,0.0353391024,0.4000000000,2.8806228374,0.5447602116,0.7090909091,0.0813115628,0.5454545455,1.8633333333,-0.2236067977,0.1616161616,0.0325747788,0.3870826011,2.1427810651,0.1669698350
