Instance,INF_avg,INF_sd,INF_r1,INF_kr,INF_sk,SUP_avg,SUP_sd,SUP_r1,SUP_kr,SUP_sk,INC_avg,INC_sd,INC_r1,INC_kr,INC_sk,IND_avg,IND_sd,IND_r1,IND_kr,IND_sk
instances/A2/symmetric/5.1.in,0.1000000000,0.0421637021,-0.5714285714,1.5625000000,0.5929270613,0.3966666667,0.1156623438,-0.4014225383,1.2798230704,-0.2731631000,0.5033333333,0.0763034876,-0.2844294547,1.4508624206,0.0960407513,0.3200000000,0.0266666667,-0.3157894737,3.2500000000,-1.5000000000
