Instance,INF_avg,INF_sd,INF_r1,INF_kr,INF_sk,SUP_avg,SUP_sd,SUP_r1,SUP_kr,SUP_sk,INC_avg,INC_sd,INC_r1,INC_kr,INC_sk,IND_avg,IND_sd,IND_r1,IND_kr,IND_sk
instances/A3/asymmetric/100.6.in,0.2692500000,0.0817843964,0.7116974064,4.3609009303,-1.4729464259,0.1550000000,0.0372625818,0.6156756757,2.5293873786,-0.1575694363,0.5757500000,0.0627151298,0.6824679475,4.1431454417,1.3068499616,0.0811500000,0.0179979860,0.1080139307,3.4103157907,0.4471972890
