Instance,INF_avg,INF_sd,INF_r1,INF_kr,INF_sk,SUP_avg,SUP_sd,SUP_r1,SUP_kr,SUP_sk,INC_avg,INC_sd,INC_r1,INC_kr,INC_sk,IND_avg,IND_sd,IND_r1,IND_kr,IND_sk
instances/A2/asymmetric/20.4.in,0.3515000000,0.0833606622,0.6843123116,1.8682345537,0.0730892124,0.2877500000,0.0778215105,0.7256646068,2.1934080838,0.3691837337,0.3607500000,0.0481994554,0.6229777721,2.7795785337,0.1862326474,0.0460000000,0.0090277350,0.0582959641,2.5995709285,0.3374060332
