Instance,INF_avg,INF_sd,INF_r1,INF_kr,INF_sk,SUP_avg,SUP_sd,SUP_r1,SUP_kr,SUP_sk,INC_avg,INC_sd,INC_r1,INC_kr,INC_sk,IND_avg,IND_sd,IND_r1,IND_kr,IND_sk
instances/A3/asymmetric/50.6.in,0.2790000000,0.0455411901,-0.4998658438,2.0548579139,0.4737623031,0.1420000000,0.0235796522,-0.5168539326,2.0117100564,-0.2169288953,0.5790000000,0.0233238076,-0.5423431330,2.0081774438,-0.5234805159,0.0860000000,0.0096953597,0.4708029197,1.4081032141,0.3752617726
