Instance,INF_avg,INF_sd,INF_r1,INF_kr,INF_sk,SUP_avg,SUP_sd,SUP_r1,SUP_kr,SUP_sk,INC_avg,INC_sd,INC_r1,INC_kr,INC_sk,IND_avg,IND_sd,IND_r1,IND_kr,IND_sk
instances/A1/asymmetric/8.2.in,0.6112332112,0.1222310348,0.9945726744,2.4780448130,-0.6380817651,0.0836792837,0.0675632199,0.2341088052,3.2646938564,0.8561169416,0.3050875051,0.0799634053,0.7299718641,2.5108923209,0.7172139364,0.2144892145,0.0354144500,-0.3547535513,3.3519140324,-1.0892313120
