Instance,INF_avg,INF_sd,INF_r1,INF_kr,INF_sk,SUP_avg,SUP_sd,SUP_r1,SUP_kr,SUP_sk,INC_avg,INC_sd,INC_r1,INC_kr,INC_sk,IND_avg,IND_sd,IND_r1,IND_kr,IND_sk
instances/A1/asymmetric/8.2.in,0.6935531136,0.0626360131,0.6139371944,1.1818945471,-0.3813496169,0.0572893773,0.0535899314,0.3740724581,1.8261992696,0.3363799457,0.2491575092,0.0345443969,-0.0568600896,2.4710571059,0.3901735910,0.2127472527,0.0450386522,-0.4217853030,2.1489612634,-0.8530772868
