Instance,INF_avg,INF_sd,INF_r1,INF_kr,INF_sk,SUP_avg,SUP_sd,SUP_r1,SUP_kr,SUP_sk,INC_avg,INC_sd,INC_r1,INC_kr,INC_sk,IND_avg,IND_sd,IND_r1,IND_kr,IND_sk
instances/A2/symmetric/10.1.in,0.5382835704,0.1016385419,0.8746612853,1.3366468714,-0.3288059341,0.1573767742,0.0846241667,0.6769272328,1.7561884488,0.4492837921,0.3043396554,0.0436639724,0.5141142660,2.0513387460,0.3847892428,0.1498633811,0.0532466119,0.4966093411,2.9468207139,0.6323110912
