Instance,INF_avg,INF_sd,INF_r1,INF_kr,INF_sk,SUP_avg,SUP_sd,SUP_r1,SUP_kr,SUP_sk,INC_avg,INC_sd,INC_r1,INC_kr,INC_sk,IND_avg,IND_sd,IND_r1,IND_kr,IND_sk
instances/A3/asymmetric/10.6.in,0.1416522693,0.0779396081,0.6394024426,1.5712971252,-0.0376885013,0.2824598930,0.0294033046,0.4821729892,1.6794949997,0.1870739992,0.5758878377,0.0531537157,0.4663385794,1.5170446959,-0.0267641770,0.1769079940,0.0323536408,0.0061686620,2.7436548446,-1.1885368853
