Instance,INF_avg,INF_sd,INF_r1,INF_kr,INF_sk,SUP_avg,SUP_sd,SUP_r1,SUP_kr,SUP_sk,INC_avg,INC_sd,INC_r1,INC_kr,INC_sk,IND_avg,IND_sd,IND_r1,IND_kr,IND_sk
instances/A2/asymmetric/5.4.in,0.3709876543,0.1527475341,0.7406753465,1.8783336461,0.2274972420,0.1746913580,0.1080158727,-0.7586026978,2.1288208038,-0.4771519508,0.4543209877,0.1189165128,0.4667263321,2.2681565252,-0.5105882544,0.3709876543,0.0598224269,0.0412784412,2.4348975641,-0.5528319694
