Instance,INF_avg,INF_sd,INF_r1,INF_kr,INF_sk,SUP_avg,SUP_sd,SUP_r1,SUP_kr,SUP_sk,INC_avg,INC_sd,INC_r1,INC_kr,INC_sk,IND_avg,IND_sd,IND_r1,IND_kr,IND_sk
instances/A1/symmetric/5.4.in,0.1472663139,0.1632560715,0.5267192414,1.8311560813,0.7211029229,0.3059964727,0.1110393514,0.3201468168,2.3308523540,0.0712832727,0.5467372134,0.1023364712,0.6202929890,1.6677543760,0.0970487553,0.4118165785,0.0563925913,0.3208697247,3.5557984739,-0.8883834124
