Instance,INF_avg,INF_sd,INF_r1,INF_kr,INF_sk,SUP_avg,SUP_sd,SUP_r1,SUP_kr,SUP_sk,INC_avg,INC_sd,INC_r1,INC_kr,INC_sk,IND_avg,IND_sd,IND_r1,IND_kr,IND_sk
instances/A1/asymmetric/50.4.in,0.4550000000,0.0378153408,0.5258126195,3.6066555822,1.0623948991,0.1825000000,0.0287445647,0.1355034065,1.8196996711,-0.3157868598,0.3625000000,0.0521176554,0.6772803447,1.9812125511,-0.6527056352,0.0585000000,0.0045000000,0.0013140604,2.2583447645,-0.1975308642
