Instance,INF_avg,INF_sd,INF_r1,INF_kr,INF_sk,SUP_avg,SUP_sd,SUP_r1,SUP_kr,SUP_sk,INC_avg,INC_sd,INC_r1,INC_kr,INC_sk,IND_avg,IND_sd,IND_r1,IND_kr,IND_sk
instances/A1/symmetric/50.4.in,0.7736868687,0.1383279398,0.8648753853,1.7082181790,-0.2975773244,0.0143750000,0.0309169755,0.7755576985,6.9405388515,2.3029730164,0.2119381313,0.1214628783,0.8600860849,1.7076894063,0.1901233172,0.0853851010,0.0239899314,0.4066998620,2.3739935692,-0.0305095485
