Instance,INF_avg,INF_sd,INF_r1,INF_kr,INF_sk,SUP_avg,SUP_sd,SUP_r1,SUP_kr,SUP_sk,INC_avg,INC_sd,INC_r1,INC_kr,INC_sk,IND_avg,IND_sd,IND_r1,IND_kr,IND_sk
instances/A3/symmetric/10.3.in,0.5641194945,0.0897289378,0.6896392629,2.6279432374,-0.7788948042,0.1177881614,0.0535791554,0.4192282778,3.1546946601,-1.0916349932,0.3180923442,0.0903838156,0.5623215010,1.9643186815,0.4631047473,0.2191071360,0.0668842965,0.0083572770,6.0954634844,2.0420799553
