Instance,INF_avg,INF_sd,INF_r1,INF_kr,INF_sk,SUP_avg,SUP_sd,SUP_r1,SUP_kr,SUP_sk,INC_avg,INC_sd,INC_r1,INC_kr,INC_sk,IND_avg,IND_sd,IND_r1,IND_kr,IND_sk
instances/A3/asymmetric/20.4.in,0.6861538462,0.1427137225,0.8761347849,2.6233287130,-0.7124284689,0.0286557887,0.0461746923,0.8033809855,4.2415194975,1.6078844287,0.2851903652,0.1046349417,0.8383166877,2.6607450031,0.2906826050,0.1750738151,0.0501672042,0.1624448100,2.5944377597,0.3139972531
