Instance,INF_avg,INF_sd,INF_r1,INF_kr,INF_sk,SUP_avg,SUP_sd,SUP_r1,SUP_kr,SUP_sk,INC_avg,INC_sd,INC_r1,INC_kr,INC_sk,IND_avg,IND_sd,IND_r1,IND_kr,IND_sk
instances/A1/asymmetric/20.4.in,0.4974852441,0.0921238718,0.4472081732,3.0411563141,1.3450839253,0.1327426328,0.0506773858,0.5426131200,3.0502741012,-1.3675895183,0.3697721230,0.0423190554,0.2782844835,2.9022013892,-1.1573228511,0.0643395299,0.0156653837,-0.6133392251,2.8914140075,1.2198499614
