Instance,INF_avg,INF_sd,INF_r1,INF_kr,INF_sk,SUP_avg,SUP_sd,SUP_r1,SUP_kr,SUP_sk,INC_avg,INC_sd,INC_r1,INC_kr,INC_sk,IND_avg,IND_sd,IND_r1,IND_kr,IND_sk
instances/A2/asymmetric/200.1.in,0.3896000000,0.0294591242,0.1895369979,2.3952388608,0.1881995010,0.1772000000,0.0361408356,0.5037504950,2.8051095193,0.5275568138,0.4332000000,0.0296607485,0.4915801514,2.3315621704,-0.1218066443,0.0490000000,0.0124096736,0.2465575474,1.9262101535,-0.2574447392
