Instance,INF_avg,INF_sd,INF_r1,INF_kr,INF_sk,SUP_avg,SUP_sd,SUP_r1,SUP_kr,SUP_sk,INC_avg,INC_sd,INC_r1,INC_kr,INC_sk,IND_avg,IND_sd,IND_r1,IND_kr,IND_sk
instances/A1/asymmetric/100.3.in,0.4068000000,0.0499675895,0.3960408254,2.0321844099,-0.1409405877,0.1931000000,0.0318259328,0.5430340046,3.2161822401,0.1080411258,0.4001000000,0.0416832100,0.3365610677,2.9079133542,0.3923587343,0.0439000000,0.0099141313,0.3968986876,4.0853729200,0.6754387265
