Instance,INF_avg,INF_sd,INF_r1,INF_kr,INF_sk,SUP_avg,SUP_sd,SUP_r1,SUP_kr,SUP_sk,INC_avg,INC_sd,INC_r1,INC_kr,INC_sk,IND_avg,IND_sd,IND_r1,IND_kr,IND_sk
instances/A2/symmetric/100.2.in,0.4531250000,0.1363230882,0.3594924280,2.5550886409,-0.2322222312,0.1031250000,0.1037857619,0.3400567667,2.2468459464,0.6713761357,0.4437500000,0.0916429894,-0.0127527216,1.6506435911,0.1846142817,0.2312500000,0.0704339229,-0.2624798712,2.2179304359,0.0125767064
