Instance,INF_avg,INF_sd,INF_r1,INF_kr,INF_sk,SUP_avg,SUP_sd,SUP_r1,SUP_kr,SUP_sk,INC_avg,INC_sd,INC_r1,INC_kr,INC_sk,IND_avg,IND_sd,IND_r1,IND_kr,IND_sk
instances/A3/asymmetric/5.5.in,0.1655555556,0.1624047679,0.2925610977,2.0248245206,0.7387523761,0.0833333333,0.0494413232,-0.1714285714,2.0351239669,-0.5516180693,0.7511111111,0.1220402686,0.3573581803,1.6910728986,-0.5367044719,0.4766666667,0.1331665624,0.6044690915,1.4480326757,0.1848176328
