Instance,INF_avg,INF_sd,INF_r1,INF_kr,INF_sk,SUP_avg,SUP_sd,SUP_r1,SUP_kr,SUP_sk,INC_avg,INC_sd,INC_r1,INC_kr,INC_sk,IND_avg,IND_sd,IND_r1,IND_kr,IND_sk
instances/A2/symmetric/50.6.in,0.3757281553,0.1731860324,0.1838522949,2.7373607592,0.0288271728,0.0883495146,0.0937886188,0.0746467418,2.4771078374,0.7276267239,0.5359223301,0.1587905557,0.1005925466,2.9965933905,0.3306195688,0.4611650485,0.1271288695,-0.0759896958,2.7974946136,-0.2080383129
