Instance,INF_avg,INF_sd,INF_r1,INF_kr,INF_sk,SUP_avg,SUP_sd,SUP_r1,SUP_kr,SUP_sk,INC_avg,INC_sd,INC_r1,INC_kr,INC_sk,IND_avg,IND_sd,IND_r1,IND_kr,IND_sk
instances/A2/asymmetric/20.1.in,0.4797366994,0.0464572762,0.5628476705,2.8443048960,-0.4227389065,0.2092206872,0.0328419036,0.5323330017,1.7393835322,-0.5839673855,0.3110426133,0.0211450270,-0.1344260062,5.7555340167,2.1011431901,0.0624873352,0.0080465480,0.3344427351,2.9268703712,0.8069615247
