Instance,INF_avg,INF_sd,INF_r1,INF_kr,INF_sk,SUP_avg,SUP_sd,SUP_r1,SUP_kr,SUP_sk,INC_avg,INC_sd,INC_r1,INC_kr,INC_sk,IND_avg,IND_sd,IND_r1,IND_kr,IND_sk
instances/A2/symmetric/8.3.in,0.6080179080,0.0347024118,0.4873069214,2.1612949812,0.7317580020,0.1355718356,0.0638919604,0.4154324467,2.7004987108,-0.8789471061,0.2564102564,0.0435416637,0.0333184590,2.2013581208,0.1545743321,0.2235246235,0.0835425021,0.3390795272,1.2809253631,0.0769225873
