Instance,INF_avg,INF_sd,INF_r1,INF_kr,INF_sk,SUP_avg,SUP_sd,SUP_r1,SUP_kr,SUP_sk,INC_avg,INC_sd,INC_r1,INC_kr,INC_sk,IND_avg,IND_sd,IND_r1,IND_kr,IND_sk
instances/A2/symmetric/8.2.in,0.6320512821,0.0857729676,0.5505904341,1.8834624701,-0.2365477996,0.1021245421,0.0562002656,-0.2268563718,2.5482853103,-0.8606268663,0.2658241758,0.0482960608,0.6379074320,1.5906600662,0.1253018425,0.2669413919,0.0610874916,-0.0148713628,2.4675229629,0.6814636461
