Instance,INF_avg,INF_sd,INF_r1,INF_kr,INF_sk,SUP_avg,SUP_sd,SUP_r1,SUP_kr,SUP_sk,INC_avg,INC_sd,INC_r1,INC_kr,INC_sk,IND_avg,IND_sd,IND_r1,IND_kr,IND_sk
instances/A3/symmetric/10.5.in,0.0733610616,0.0742486052,0.5256949409,1.4150762721,0.3170704076,0.2419885126,0.1356612060,0.6922043372,1.3971553609,0.2768037392,0.6846504258,0.0775073153,0.6675996349,2.3703889973,-0.1590024250,0.1590017825,0.0159354700,0.1266285861,2.4930050170,-0.5301617768
