Instance,INF_avg,INF_sd,INF_r1,INF_kr,INF_sk,SUP_avg,SUP_sd,SUP_r1,SUP_kr,SUP_sk,INC_avg,INC_sd,INC_r1,INC_kr,INC_sk,IND_avg,IND_sd,IND_r1,IND_kr,IND_sk
instances/A3/asymmetric/100.2.in,0.4160000000,0.0404227659,0.8897411314,2.1847109091,-0.7892107356,0.0860000000,0.0239582971,0.7055674518,2.5122376137,0.9672730883,0.4980000000,0.0201494417,0.6041506533,1.5460336334,-0.1474206282,0.0850000000,0.0181659021,-0.1000000000,1.3980716253,0.1000876150
