Instance,INF_avg,INF_sd,INF_r1,INF_kr,INF_sk,SUP_avg,SUP_sd,SUP_r1,SUP_kr,SUP_sk,INC_avg,INC_sd,INC_r1,INC_kr,INC_sk,IND_avg,IND_sd,IND_r1,IND_kr,IND_sk
instances/A1/symmetric/8.1.in,0.5486263736,0.0734184986,0.0500943332,2.2600458789,-1.0713706542,0.1123626374,0.0824718482,0.5356151786,1.3069015620,-0.2346344739,0.3390109890,0.0632764666,-0.3558487900,1.9005928959,-0.6968560843,0.1790293040,0.0266234794,-0.5549464206,2.2899106948,-1.0910321214
