Instance,INF_avg,INF_sd,INF_r1,INF_kr,INF_sk,SUP_avg,SUP_sd,SUP_r1,SUP_kr,SUP_sk,INC_avg,INC_sd,INC_r1,INC_kr,INC_sk,IND_avg,IND_sd,IND_r1,IND_kr,IND_sk
instances/A1/symmetric/100.2.in,0.3610000000,0.0545068803,0.3099303769,4.2485402195,-0.5778623804,0.1555000000,0.0436147911,0.5713971175,2.5145702927,0.4721679775,0.4835000000,0.0380952753,-0.0801240101,2.8451184602,-0.2748175611,0.0653000000,0.0141566239,0.2879248288,3.3689667209,0.3355871383
