Instance,INF_avg,INF_sd,INF_r1,INF_kr,INF_sk,SUP_avg,SUP_sd,SUP_r1,SUP_kr,SUP_sk,INC_avg,INC_sd,INC_r1,INC_kr,INC_sk,IND_avg,IND_sd,IND_r1,IND_kr,IND_sk
instances/A1/asymmetric/8.1.in,0.3166666667,0.0942809042,-0.5000000000,1.5000000000,0.7071067812,0.0833333333,0.0623609564,-0.0588235294,1.5000000000,-0.3818017742,0.6000000000,0.0408248290,-1.0000000000,1.5000000000,0.0000000000,0.3166666667,0.1027402334,-0.4336283186,1.5000000000,0.2390631469
