Instance,INF_avg,INF_sd,INF_r1,INF_kr,INF_sk,SUP_avg,SUP_sd,SUP_r1,SUP_kr,SUP_sk,INC_avg,INC_sd,INC_r1,INC_kr,INC_sk,IND_avg,IND_sd,IND_r1,IND_kr,IND_sk
instances/A1/asymmetric/8.5.in,0.6132275132,0.0811067709,0.2508254407,2.0642442643,0.3791645358,0.0476190476,0.0468724542,-0.1658031088,1.8434054373,0.3523127125,0.3391534392,0.0889870568,0.4582421787,2.0801713575,0.1210048625,0.3054232804,0.1164655311,-0.0306967094,2.0084520772,0.7681447252
