Instance,INF_avg,INF_sd,INF_r1,INF_kr,INF_sk,SUP_avg,SUP_sd,SUP_r1,SUP_kr,SUP_sk,INC_avg,INC_sd,INC_r1,INC_kr,INC_sk,IND_avg,IND_sd,IND_r1,IND_kr,IND_sk
instances/A1/asymmetric/20.5.in,0.5717997541,0.1092498357,0.1137371455,2.8859905803,1.1826142258,0.0794704979,0.0272071530,-0.1715101918,2.7642109611,-1.0130040434,0.3487297480,0.0832577296,0.1875028451,2.7857484819,-1.1603399994,0.0609818023,0.0062784049,-0.8781943148,1.4077903687,0.2145430207
