Instance,INF_avg,INF_sd,INF_r1,INF_kr,INF_sk,SUP_avg,SUP_sd,SUP_r1,SUP_kr,SUP_sk,INC_avg,INC_sd,INC_r1,INC_kr,INC_sk,IND_avg,IND_sd,IND_r1,IND_kr,IND_sk
instances/A3/asymmetric/5.5.in,0.5012345679,0.1308874892,-0.0870028065,2.7498397943,-1.1130765836,0.1234567901,0.1222159869,0.1858190709,1.5712203249,0.2803688695,0.3753086420,0.0657921610,-0.1815911523,3.5735171593,-1.1760952399,0.4666666667,0.1026400479,-0.4551282051,1.6025390625,0.2097405275
