Instance,INF_avg,INF_sd,INF_r1,INF_kr,INF_sk,SUP_avg,SUP_sd,SUP_r1,SUP_kr,SUP_sk,INC_avg,INC_sd,INC_r1,INC_kr,INC_sk,IND_avg,IND_sd,IND_r1,IND_kr,IND_sk
instances/A1/symmetric/5.3.in,0.2253968254,0.1755386197,0.3209093972,1.6787317088,0.6789537157,0.2306878307,0.1162282251,0.5004663797,1.6971998286,0.2443979304,0.5439153439,0.0888755029,-0.4786147831,1.5269191522,-0.2377346954,0.3595238095,0.0640058576,-0.1216261808,1.5157626530,-0.2038394089
