Instance,INF_avg,INF_sd,INF_r1,INF_kr,INF_sk,SUP_avg,SUP_sd,SUP_r1,SUP_kr,SUP_sk,INC_avg,INC_sd,INC_r1,INC_kr,INC_sk,IND_avg,IND_sd,IND_r1,IND_kr,IND_sk
instances/A3/asymmetric/50.5.in,0.3074000000,0.0924350583,0.7877568621,2.5693841563,-0.7310035697,0.1583000000,0.0377572510,0.5498688305,2.6562844911,0.4643203377,0.5343000000,0.0744110879,0.7668198223,2.0268558832,0.1075824198,0.0783000000,0.0208233043,0.5967086441,2.0548038468,-0.0732264781
