Instance,INF_avg,INF_sd,INF_r1,INF_kr,INF_sk,SUP_avg,SUP_sd,SUP_r1,SUP_kr,SUP_sk,INC_avg,INC_sd,INC_r1,INC_kr,INC_sk,IND_avg,IND_sd,IND_r1,IND_kr,IND_sk
instances/A3/asymmetric/20.3.in,0.6037763721,0.1337912425,0.7257062359,1.8730647385,0.6863335166,0.0511872108,0.0293999210,0.8211193372,1.5662618563,0.0905435556,0.3450364171,0.1072850398,0.6704552778,2.0448198639,-0.8317353935,0.0669469479,0.0181659106,0.5721609074,1.8817454173,-0.2995684521
