Instance,INF_avg,INF_sd,INF_r1,INF_kr,INF_sk,SUP_avg,SUP_sd,SUP_r1,SUP_kr,SUP_sk,INC_avg,INC_sd,INC_r1,INC_kr,INC_sk,IND_avg,IND_sd,IND_r1,IND_kr,IND_sk
instances/A2/asymmetric/200.5.in,0.3214500000,0.0408613203,0.2722365959,2.7439315112,-0.1396101821,0.1999500000,0.0312449596,0.2430306674,3.8692630177,0.1631058466,0.4786000000,0.0328563540,0.1789612786,2.6944625026,-0.2033616905,0.0637000000,0.0125023998,-0.1180915856,3.0172760847,0.3501629588
