Instance,INF_avg,INF_sd,INF_r1,INF_kr,INF_sk,SUP_avg,SUP_sd,SUP_r1,SUP_kr,SUP_sk,INC_avg,INC_sd,INC_r1,INC_kr,INC_sk,IND_avg,IND_sd,IND_r1,IND_kr,IND_sk
instances/A2/symmetric/8.2.in,0.3858585859,0.0877306309,0.0895654533,1.6879027932,-0.3075503654,0.1494949495,0.0596601264,-0.0215610439,1.9749087015,0.6406499187,0.4646464646,0.0407810692,0.0677419355,2.0573789002,-0.7818149530,0.1954545455,0.0200499326,-0.3865193679,1.6236456106,-0.0641568523
