Instance,INF_avg,INF_sd,INF_r1,INF_kr,INF_sk,SUP_avg,SUP_sd,SUP_r1,SUP_kr,SUP_sk,INC_avg,INC_sd,INC_r1,INC_kr,INC_sk,IND_avg,IND_sd,IND_r1,IND_kr,IND_sk
instances/A1/asymmetric/100.2.in,0.3660000000,0.0220000000,-0.5245759026,2.0615565877,-0.4158527423,0.1640000000,0.0135646600,-0.1620977354,2.8158081285,1.2332237528,0.4700000000,0.0304959014,-0.4529411765,2.5000000000,-0.8144933767,0.0540000000,0.0135646600,0.4576877235,1.5398156900,0.5120402716
