Instance,INF_avg,INF_sd,INF_r1,INF_kr,INF_sk,SUP_avg,SUP_sd,SUP_r1,SUP_kr,SUP_sk,INC_avg,INC_sd,INC_r1,INC_kr,INC_sk,IND_avg,IND_sd,IND_r1,IND_kr,IND_sk
instances/A3/asymmetric/10.5.in,0.4547157292,0.0872675938,0.4336762104,2.6607499582,-0.5765958110,0.0965903822,0.0628982370,0.8851210849,1.6497877340,-0.0917395254,0.4486938886,0.0396723099,-0.1948516460,2.9921980432,0.9671022169,0.2495385957,0.0638223752,1.0046973168,2.3270378088,0.5100889565
