Instance,INF_avg,INF_sd,INF_r1,INF_kr,INF_sk,SUP_avg,SUP_sd,SUP_r1,SUP_kr,SUP_sk,INC_avg,INC_sd,INC_r1,INC_kr,INC_sk,IND_avg,IND_sd,IND_r1,IND_kr,IND_sk
instances/A1/symmetric/100.4.in,0.3730000000,0.0833426661,0.0473456408,2.7216786665,-0.8647738677,0.1100000000,0.0266458252,-0.7380952381,2.6269589367,1.1179512056,0.5170000000,0.0612045750,0.3405984485,2.4240700670,0.3699356005,0.0750000000,0.0094868330,-0.8888888889,1.7592592593,0.3513641845
