Instance,INF_avg,INF_sd,INF_r1,INF_kr,INF_sk,SUP_avg,SUP_sd,SUP_r1,SUP_kr,SUP_sk,INC_avg,INC_sd,INC_r1,INC_kr,INC_sk,IND_avg,IND_sd,IND_r1,IND_kr,IND_sk
instances/A1/asymmetric/100.4.in,0.4175000000,0.0682074043,0.6399529138,2.4408083150,-0.0235883323,0.1820500000,0.0479848674,0.4308145999,2.6849046764,-0.1470577359,0.4004500000,0.0499103947,0.6552879105,2.8235928025,0.1862856953,0.0594000000,0.0128701204,0.5227457352,2.3343325627,0.1962504342
