Instance,INF_avg,INF_sd,INF_r1,INF_kr,INF_sk,SUP_avg,SUP_sd,SUP_r1,SUP_kr,SUP_sk,INC_avg,INC_sd,INC_r1,INC_kr,INC_sk,IND_avg,IND_sd,IND_r1,IND_kr,IND_sk
instances/A3/asymmetric/8.1.in,0.0611111111,0.0477906959,-0.2874251497,1.9945215486,0.3958703373,0.1833333333,0.0283278862,-0.0714285714,1.9556213018,-0.2715454179,0.7555555556,0.0323941772,-0.6233766234,2.6660899654,-1.1500493357,0.2222222222,0.0175682092,-0.5000000000,2.5000000000,-0.0000000000
