Instance,INF_avg,INF_sd,INF_r1,INF_kr,INF_sk,SUP_avg,SUP_sd,SUP_r1,SUP_kr,SUP_sk,INC_avg,INC_sd,INC_r1,INC_kr,INC_sk,IND_avg,IND_sd,IND_r1,IND_kr,IND_sk
instances/A2/symmetric/10.2.in,0.5335729847,0.0599889554,0.3245520853,2.0940573158,0.2601232845,0.1678104575,0.0351646743,-0.5521477469,1.7916496206,-0.4705506846,0.2986165577,0.0436250452,0.4025605395,1.4532489997,-0.3502025949,0.1399782135,0.0292956637,-0.1717377798,1.8986136453,0.1488954697
