Instance,INF_avg,INF_sd,INF_r1,INF_kr,INF_sk,SUP_avg,SUP_sd,SUP_r1,SUP_kr,SUP_sk,INC_avg,INC_sd,INC_r1,INC_kr,INC_sk,IND_avg,IND_sd,IND_r1,IND_kr,IND_sk
instances/A2/asymmetric/50.3.in,0.7419621699,0.1202422161,0.9013855163,1.8421438286,-0.4374463795,0.0615177479,0.0721911334,0.9053554737,1.9723603889,0.7426669254,0.1965200823,0.0562269369,0.8178491837,2.1767361827,-0.0019155771,0.0476657119,0.0091051562,0.4364480314,2.4812790164,0.2584586310
