Instance,INF_avg,INF_sd,INF_r1,INF_kr,INF_sk,SUP_avg,SUP_sd,SUP_r1,SUP_kr,SUP_sk,INC_avg,INC_sd,INC_r1,INC_kr,INC_sk,IND_avg,IND_sd,IND_r1,IND_kr,IND_sk
instances/A2/asymmetric/50.3.in,0.7905578896,0.1325028669,0.9250666224,2.1277176282,-0.6383513841,0.0458666062,0.0675795136,0.9076557487,2.8511422746,1.1920711211,0.1635755042,0.0742865181,0.9025428052,1.8350518244,0.0562343193,0.0450413876,0.0109865088,0.3437192400,2.2821356636,-0.0012568282
