Instance,INF_avg,INF_sd,INF_r1,INF_kr,INF_sk,SUP_avg,SUP_sd,SUP_r1,SUP_kr,SUP_sk,INC_avg,INC_sd,INC_r1,INC_kr,INC_sk,IND_avg,IND_sd,IND_r1,IND_kr,IND_sk
instances/A1/asymmetric/5.1.in,0.5066666667,0.0762063476,0.0384615385,1.1666666667,0.4082482905,0.0222222222,0.0444444444,-0.2500000000,3.2500000000,1.5000000000,0.4711111111,0.0708327887,0.3314424635,1.2183334367,0.2623456949,0.3600000000,0.0326598632,0.0384615385,1.1666666667,0.4082482905
