Instance,INF_avg,INF_sd,INF_r1,INF_kr,INF_sk,SUP_avg,SUP_sd,SUP_r1,SUP_kr,SUP_sk,INC_avg,INC_sd,INC_r1,INC_kr,INC_sk,IND_avg,IND_sd,IND_r1,IND_kr,IND_sk
instances/A2/asymmetric/200.6.in,0.3812500000,0.1628601778,-0.0099971437,3.2539513839,-0.3041858669,0.1687500000,0.1210307296,0.1925630810,2.7944746667,1.0385792141,0.4500000000,0.1322875656,-0.0630630631,2.2244897959,-0.0000000000,0.4250000000,0.1391941091,0.0545454545,2.6607700312,0.6604840139
