Instance,INF_avg,INF_sd,INF_r1,INF_kr,INF_sk,SUP_avg,SUP_sd,SUP_r1,SUP_kr,SUP_sk,INC_avg,INC_sd,INC_r1,INC_kr,INC_sk,IND_avg,IND_sd,IND_r1,IND_kr,IND_sk
instances/A3/asymmetric/100.1.in,0.3250000000,0.0126491106,-0.7500000000,1.2695312500,0.2223476480,0.1200000000,0.0114017543,-0.5909090909,1.4349112426,0.0000000000,0.5550000000,0.0144913767,-0.9615384615,2.5000000000,-0.4929039710,0.0920000000,0.0196468827,-0.3665594855,1.6615345378,-0.0427232274
