Instance,INF_avg,INF_sd,INF_r1,INF_kr,INF_sk,SUP_avg,SUP_sd,SUP_r1,SUP_kr,SUP_sk,INC_avg,INC_sd,INC_r1,INC_kr,INC_sk,IND_avg,IND_sd,IND_r1,IND_kr,IND_sk
instances/A1/asymmetric/8.5.in,0.2725200725,0.1404804273,0.5741167380,2.8593318652,0.8033444951,0.2501942502,0.0779112902,0.3054975359,4.3959888196,0.8558113219,0.4772856773,0.1295124936,0.7742167456,1.3980148434,-0.0161939578,0.2101528102,0.0387551461,0.5842651123,1.7900430108,-0.3421661892
