Instance,INF_avg,INF_sd,INF_r1,INF_kr,INF_sk,SUP_avg,SUP_sd,SUP_r1,SUP_kr,SUP_sk,INC_avg,INC_sd,INC_r1,INC_kr,INC_sk,IND_avg,IND_sd,IND_r1,IND_kr,IND_sk
instances/A2/symmetric/10.6.in,0.2545454545,0.0680301343,-0.1764705882,1.8469387755,-0.3436215967,0.2218181818,0.0436363636,-0.2500000000,3.2500000000,1.5000000000,0.5236363636,0.0420939524,-0.6246056782,1.1963689018,-0.3365218792,0.1418181818,0.0072727273,-0.2500000000,3.2500000000,-1.5000000000
