Instance,INF_avg,INF_sd,INF_r1,INF_kr,INF_sk,SUP_avg,SUP_sd,SUP_r1,SUP_kr,SUP_sk,INC_avg,INC_sd,INC_r1,INC_kr,INC_sk,IND_avg,IND_sd,IND_r1,IND_kr,IND_sk
instances/A1/symmetric/5.2.in,0.3629629630,0.1532456360,0.3921433494,4.1599484671,-1.0182355357,0.1345679012,0.0757576173,-0.0807580045,2.3881682354,0.0800218901,0.5024691358,0.1116686970,0.3790233936,2.7706615793,0.5631037619,0.3858024691,0.0573841716,0.1959091021,2.4902205239,-0.8734464272
