Instance,INF_avg,INF_sd,INF_r1,INF_kr,INF_sk,SUP_avg,SUP_sd,SUP_r1,SUP_kr,SUP_sk,INC_avg,INC_sd,INC_r1,INC_kr,INC_sk,IND_avg,IND_sd,IND_r1,IND_kr,IND_sk
instances/A2/asymmetric/20.1.in,0.6113685299,0.0601934302,0.4453164408,1.6367702066,0.0779746753,0.1773317732,0.0516398561,0.6139127140,1.9151924556,-0.2868111086,0.2112996969,0.0436306622,0.8233747451,1.2639355478,-0.1092320807,0.0716006017,0.0157701079,-0.0106309219,2.9884874439,1.1427985942
