Instance,INF_avg,INF_sd,INF_r1,INF_kr,INF_sk,SUP_avg,SUP_sd,SUP_r1,SUP_kr,SUP_sk,INC_avg,INC_sd,INC_r1,INC_kr,INC_sk,IND_avg,IND_sd,IND_r1,IND_kr,IND_sk
instances/A3/asymmetric/100.2.in,0.3706250000,0.1613679317,0.8654383565,7.8077416672,2.0472213619,0.0503750000,0.0483720929,0.6194329456,4.0634893471,1.0876556714,0.5790000000,0.1450999655,0.8395968447,8.1853525599,-2.0736080064,0.2282500000,0.0733616896,0.4999042825,3.1090372892,-0.1237613980
