Instance,INF_avg,INF_sd,INF_r1,INF_kr,INF_sk,SUP_avg,SUP_sd,SUP_r1,SUP_kr,SUP_sk,INC_avg,INC_sd,INC_r1,INC_kr,INC_sk,IND_avg,IND_sd,IND_r1,IND_kr,IND_sk
instances/A2/asymmetric/100.3.in,0.7250000000,0.0714492827,0.6460989291,1.9861603678,-0.3094597310,0.0890000000,0.0282665881,0.6892739767,1.5946043318,-0.1074606857,0.1860000000,0.0464112055,0.5836245864,2.5023949742,0.6978311865,0.0310000000,0.0066332496,0.2618384401,1.6745867769,-0.1130667542
