Instance,INF_avg,INF_sd,INF_r1,INF_kr,INF_sk,SUP_avg,SUP_sd,SUP_r1,SUP_kr,SUP_sk,INC_avg,INC_sd,INC_r1,INC_kr,INC_sk,IND_avg,IND_sd,IND_r1,IND_kr,IND_sk
instances/A2/symmetric/5.2.in,0.3611111111,0.0745355992,-0.9629629630,1.6203703704,-0.1242259987,0.2222222222,0.1097134314,0.1282051282,2.5000000000,0.6816514971,0.4166666667,0.1054092553,0.4285714286,1.5625000000,0.5929270613,0.4111111111,0.0408248290,-0.6880341880,2.8127572016,-1.1642636432
