Instance,INF_avg,INF_sd,INF_r1,INF_kr,INF_sk,SUP_avg,SUP_sd,SUP_r1,SUP_kr,SUP_sk,INC_avg,INC_sd,INC_r1,INC_kr,INC_sk,IND_avg,IND_sd,IND_r1,IND_kr,IND_sk
instances/A2/symmetric/5.2.in,0.3858024691,0.0698377068,-0.3838003296,1.9710388184,-0.6294217100,0.2006172840,0.0951298457,-0.0015292319,3.3976088643,0.9226471396,0.4135802469,0.0842993845,0.2755879430,2.3186287546,0.6545115964,0.4197530864,0.0514609012,-0.4655455291,2.4479323016,-0.5820693771
