Instance,INF_avg,INF_sd,INF_r1,INF_kr,INF_sk,SUP_avg,SUP_sd,SUP_r1,SUP_kr,SUP_sk,INC_avg,INC_sd,INC_r1,INC_kr,INC_sk,IND_avg,IND_sd,IND_r1,IND_kr,IND_sk
instances/A1/symmetric/20.5.in,0.4704925507,0.0597161889,0.3759028522,4.0233129438,1.3576463202,0.1111433061,0.0230463372,0.1696924691,1.5676762340,0.3753577482,0.4183641432,0.0583375259,0.5260149746,2.6628690702,-0.4125882964,0.0614316347,0.0157271400,0.3026871063,2.3945292442,-0.6120483230
