Instance,INF_avg,INF_sd,INF_r1,INF_kr,INF_sk,SUP_avg,SUP_sd,SUP_r1,SUP_kr,SUP_sk,INC_avg,INC_sd,INC_r1,INC_kr,INC_sk,IND_avg,IND_sd,IND_r1,IND_kr,IND_sk
instances/A3/symmetric/100.3.in,0.5855818182,0.1345914553,0.8562850471,2.4532230160,0.4433733254,0.0853000000,0.0450822582,0.8543122496,2.0329833989,0.0672115853,0.3291181818,0.0969536572,0.7748409645,2.4990228262,-0.4636115529,0.0486070707,0.0160888199,0.6713061904,2.7102570867,0.8654011243
