Instance,INF_avg,INF_sd,INF_r1,INF_kr,INF_sk,SUP_avg,SUP_sd,SUP_r1,SUP_kr,SUP_sk,INC_avg,INC_sd,INC_r1,INC_kr,INC_sk,IND_avg,IND_sd,IND_r1,IND_kr,IND_sk
instances/A2/symmetric/20.6.in,0.7279879880,0.0475713591,0.2377334761,2.4325436972,0.6085944740,0.0322775407,0.0133285587,-0.4936202191,1.8228981224,0.5516553686,0.2397344713,0.0489457771,0.4546930841,2.1728263631,0.0712870171,0.0876086613,0.0140734095,0.2435630030,2.0571263772,0.5358660265
