Instance,INF_avg,INF_sd,INF_r1,INF_kr,INF_sk,SUP_avg,SUP_sd,SUP_r1,SUP_kr,SUP_sk,INC_avg,INC_sd,INC_r1,INC_kr,INC_sk,IND_avg,IND_sd,IND_r1,IND_kr,IND_sk
instances/A2/asymmetric/50.5.in,0.3954500000,0.0603990687,0.6216800758,2.5907794071,-0.0392518716,0.2085500000,0.0469003998,0.6959365905,2.7037270577,0.0177654907,0.3960000000,0.0366401419,0.2594952365,3.6658589516,0.3225085700,0.0521500000,0.0123946561,0.4927581120,3.2878953131,0.5266964087
