Instance,INF_avg,INF_sd,INF_r1,INF_kr,INF_sk,SUP_avg,SUP_sd,SUP_r1,SUP_kr,SUP_sk,INC_avg,INC_sd,INC_r1,INC_kr,INC_sk,IND_avg,IND_sd,IND_r1,IND_kr,IND_sk
instances/A1/asymmetric/50.5.in,0.5183585934,0.1415473539,0.8028976077,2.5500348907,-0.0356489230,0.1335123711,0.0732820634,0.8314141723,2.2059479462,0.0788058471,0.3481290354,0.0875715449,0.7050396054,3.5334292143,0.4750685461,0.0619885468,0.0148999027,0.7000595753,2.9767150524,0.4518022538
