Instance,INF_avg,INF_sd,INF_r1,INF_kr,INF_sk,SUP_avg,SUP_sd,SUP_r1,SUP_kr,SUP_sk,INC_avg,INC_sd,INC_r1,INC_kr,INC_sk,IND_avg,IND_sd,IND_r1,IND_kr,IND_sk
instances/A1/asymmetric/20.1.in,0.5050877371,0.0409568278,-0.2011541529,1.8512485558,0.2524120943,0.1772554086,0.0470830245,0.1210825124,3.0449649863,-1.3614029349,0.3176568543,0.0330279994,0.2806485472,1.4431178832,-0.5201675417,0.0613011096,0.0086672100,-0.3051287861,3.1340111048,1.4132271936
