Instance,INF_avg,INF_sd,INF_r1,INF_kr,INF_sk,SUP_avg,SUP_sd,SUP_r1,SUP_kr,SUP_sk,INC_avg,INC_sd,INC_r1,INC_kr,INC_sk,IND_avg,IND_sd,IND_r1,IND_kr,IND_sk
instances/A1/symmetric/100.5.in,0.2398500000,0.0728850293,0.6682507047,3.0289664614,-0.5167875007,0.1820500000,0.0331367998,0.4714993070,5.8234696397,1.3444027456,0.5781000000,0.0576011285,0.5561628673,2.4492011247,0.2722002331,0.0625500000,0.0169778532,-0.0532678668,2.7532028655,0.2609565273
