Instance,INF_avg,INF_sd,INF_r1,INF_kr,INF_sk,SUP_avg,SUP_sd,SUP_r1,SUP_kr,SUP_sk,INC_avg,INC_sd,INC_r1,INC_kr,INC_sk,IND_avg,IND_sd,IND_r1,IND_kr,IND_sk
instances/A2/asymmetric/100.1.in,0.4092000000,0.0470463601,0.5346827104,2.8784704029,-0.2827933704,0.2135000000,0.0333354166,0.4308247427,2.6214357457,0.2263930500,0.3773000000,0.0290552921,0.4247840405,3.1524814793,-0.5487318366,0.0554000000,0.0133356665,0.2178942649,2.8668104827,0.0027525548
