Instance,INF_avg,INF_sd,INF_r1,INF_kr,INF_sk,SUP_avg,SUP_sd,SUP_r1,SUP_kr,SUP_sk,INC_avg,INC_sd,INC_r1,INC_kr,INC_sk,IND_avg,IND_sd,IND_r1,IND_kr,IND_sk
instances/A3/asymmetric/20.1.in,0.4718125749,0.0322087514,0.0708952670,2.0083861554,0.1157227136,0.1309876611,0.0445883678,0.3469690886,1.4260951424,0.0168757734,0.3971997641,0.0222039176,-0.1286565380,1.9393532548,-0.6618822252,0.0781600457,0.0045162030,-0.6779074679,2.3816669018,0.7732055539
