Instance,INF_avg,INF_sd,INF_r1,INF_kr,INF_sk,SUP_avg,SUP_sd,SUP_r1,SUP_kr,SUP_sk,INC_avg,INC_sd,INC_r1,INC_kr,INC_sk,IND_avg,IND_sd,IND_r1,IND_kr,IND_sk
instances/A2/asymmetric/8.1.in,0.6468253968,0.0934016055,-0.0253549696,1.5000000000,-0.3090582912,0.0539682540,0.0399041431,-0.0864864865,1.5000000000,-0.4451092653,0.2992063492,0.0582022607,-0.1367778682,1.5000000000,0.6638677538,0.2198412698,0.0548595862,-0.2700543057,1.5000000000,-0.6584732313
