Instance,INF_avg,INF_sd,INF_r1,INF_kr,INF_sk,SUP_avg,SUP_sd,SUP_r1,SUP_kr,SUP_sk,INC_avg,INC_sd,INC_r1,INC_kr,INC_sk,IND_avg,IND_sd,IND_r1,IND_kr,IND_sk
instances/A2/symmetric/200.3.in,0.3718000000,0.0274910895,0.2318981142,2.7088500089,-0.5237575710,0.1946000000,0.0288416366,-0.0868691896,3.6670309895,0.3863127755,0.4336000000,0.0317653900,-0.2153349662,2.6427833399,-0.3199211385,0.0626000000,0.0083809307,0.0647366856,2.0356149563,-0.0347355422
