Instance,INF_avg,INF_sd,INF_r1,INF_kr,INF_sk,SUP_avg,SUP_sd,SUP_r1,SUP_kr,SUP_sk,INC_avg,INC_sd,INC_r1,INC_kr,INC_sk,IND_avg,IND_sd,IND_r1,IND_kr,IND_sk
instances/A3/symmetric/20.4.in,0.6848911751,0.0719517695,0.1954119894,1.2472443835,0.2495589266,0.0428150592,0.0345790341,-0.1849472677,1.6886666541,0.3324526705,0.2722937657,0.0427662656,0.4145669746,1.3204111054,-0.4598181867,0.1106961159,0.0354181415,0.0605422661,2.9750936370,1.2914298765
