Instance,INF_avg,INF_sd,INF_r1,INF_kr,INF_sk,SUP_avg,SUP_sd,SUP_r1,SUP_kr,SUP_sk,INC_avg,INC_sd,INC_r1,INC_kr,INC_sk,IND_avg,IND_sd,IND_r1,IND_kr,IND_sk
instances/A1/asymmetric/200.1.in,0.4039175258,0.1211845036,0.7080230212,8.0609732469,1.7323451375,0.0599312715,0.0559454393,0.6247778366,3.7446486692,1.1094448272,0.5361512027,0.1031278749,0.6261077668,9.1639696002,-1.8291248313,0.1933333333,0.0527285295,0.1780498764,3.1607343754,-0.0194192933
