Instance,INF_avg,INF_sd,INF_r1,INF_kr,INF_sk,SUP_avg,SUP_sd,SUP_r1,SUP_kr,SUP_sk,INC_avg,INC_sd,INC_r1,INC_kr,INC_sk,IND_avg,IND_sd,IND_r1,IND_kr,IND_sk
instances/A3/asymmetric/10.2.in,0.3837901827,0.1455114615,0.4491376191,1.8553157039,0.4528834838,0.0323789516,0.0087541726,-0.8826547538,1.3602688027,0.2627707397,0.5838308657,0.1415678310,0.4724302050,1.8983249270,-0.4992723753,0.2142510337,0.0352830897,0.0166343739,1.4624262612,0.3921425283
