Instance,INF_avg,INF_sd,INF_r1,INF_kr,INF_sk,SUP_avg,SUP_sd,SUP_r1,SUP_kr,SUP_sk,INC_avg,INC_sd,INC_r1,INC_kr,INC_sk,IND_avg,IND_sd,IND_r1,IND_kr,IND_sk
instances/A2/asymmetric/10.2.in,0.6795722968,0.0715694065,0.4105625092,1.4661041786,0.5421708679,0.1014631350,0.0574609726,0.2846626363,2.1511934473,0.6083896223,0.2189645683,0.0467017287,0.0055309455,1.3404495694,-0.0806068141,0.1689101021,0.0129464773,-0.3924726165,1.5476748865,-0.2884593979
