Instance,INF_avg,INF_sd,INF_r1,INF_kr,INF_sk,SUP_avg,SUP_sd,SUP_r1,SUP_kr,SUP_sk,INC_avg,INC_sd,INC_r1,INC_kr,INC_sk,IND_avg,IND_sd,IND_r1,IND_kr,IND_sk
instances/A1/symmetric/50.2.in,0.2418000000,0.0745235533,0.4178892345,1.9278887093,-0.1484011212,0.2228000000,0.0394988607,0.2303594668,4.2541200516,1.2193632741,0.5354000000,0.0571650243,0.4603685912,2.0875269295,0.0124649427,0.0656000000,0.0157047763,0.0006012911,3.5772401445,-0.0178570597
