Instance,INF_avg,INF_sd,INF_r1,INF_kr,INF_sk,SUP_avg,SUP_sd,SUP_r1,SUP_kr,SUP_sk,INC_avg,INC_sd,INC_r1,INC_kr,INC_sk,IND_avg,IND_sd,IND_r1,IND_kr,IND_sk
instances/A1/symmetric/8.5.in,0.5497619048,0.0377994469,-0.0417122982,3.2051994087,1.4632110345,0.0228571429,0.0286348502,-0.5868886576,1.4512099616,0.5403933775,0.4273809524,0.0362812146,0.2961447340,1.4837154774,-0.1800022467,0.3114285714,0.1045712551,-0.2513872845,2.4866502495,0.8337743770
