Instance,INF_avg,INF_sd,INF_r1,INF_kr,INF_sk,SUP_avg,SUP_sd,SUP_r1,SUP_kr,SUP_sk,INC_avg,INC_sd,INC_r1,INC_kr,INC_sk,IND_avg,IND_sd,IND_r1,IND_kr,IND_sk
instances/A2/symmetric/20.1.in,0.8302148302,0.0586974194,0.4573896616,1.2038441779,-0.0699455743,0.0378141299,0.0313543384,0.4424648073,1.4915446474,0.1772206273,0.1319710399,0.0281141461,0.3812588439,1.0160662764,0.0051732814,0.1275622789,0.0466728420,-1.0175310046,2.1021006828,0.9036221251
