Instance,INF_avg,INF_sd,INF_r1,INF_kr,INF_sk,SUP_avg,SUP_sd,SUP_r1,SUP_kr,SUP_sk,INC_avg,INC_sd,INC_r1,INC_kr,INC_sk,IND_avg,IND_sd,IND_r1,IND_kr,IND_sk
instances/A1/symmetric/10.6.in,0.4562418301,0.0311941871,0.3962219290,1.2849513722,-0.4628195214,0.1436710240,0.0696028856,0.6976912230,2.7540020932,1.1026027419,0.4000871460,0.0524985938,-0.8403538610,2.8192514199,-1.1682560572,0.1922875817,0.0088952944,0.3247990692,1.4480022654,0.5388866363
