Instance,INF_avg,INF_sd,INF_r1,INF_kr,INF_sk,SUP_avg,SUP_sd,SUP_r1,SUP_kr,SUP_sk,INC_avg,INC_sd,INC_r1,INC_kr,INC_sk,IND_avg,IND_sd,IND_r1,IND_kr,IND_sk
instances/A3/asymmetric/10.1.in,0.5866666667,0.0266666667,-0.3157894737,3.2500000000,-1.5000000000,0.0433333333,0.0161589329,0.5415472779,1.5439112721,0.0460847791,0.3700000000,0.0187082869,-0.7391304348,1.8469387755,0.3436215967,0.1661111111,0.0192770573,0.7020443671,2.1324626660,0.8398831801
