Instance,INF_avg,INF_sd,INF_r1,INF_kr,INF_sk,SUP_avg,SUP_sd,SUP_r1,SUP_kr,SUP_sk,INC_avg,INC_sd,INC_r1,INC_kr,INC_sk,IND_avg,IND_sd,IND_r1,IND_kr,IND_sk
instances/A2/asymmetric/8.2.in,0.6293240093,0.0290586905,-0.5017719337,2.6611347887,-0.7444510922,0.0891508492,0.0250509172,0.3545834687,2.0730141848,-0.4828742709,0.2815251415,0.0351136647,0.0794765532,2.6156196966,0.9409039954,0.1644222444,0.0376898809,-0.7455982143,2.1361938136,0.8486951860
