Instance,INF_avg,INF_sd,INF_r1,INF_kr,INF_sk,SUP_avg,SUP_sd,SUP_r1,SUP_kr,SUP_sk,INC_avg,INC_sd,INC_r1,INC_kr,INC_sk,IND_avg,IND_sd,IND_r1,IND_kr,IND_sk
instances/A3/asymmetric/20.3.in,0.5731052890,0.0465534729,0.2406025550,2.2315654920,-0.2927956288,0.1394188011,0.0236519815,0.3846084387,1.9939863118,-0.5636112026,0.2874759099,0.0252046000,-0.0150973253,2.8530892488,1.1284337052,0.0927094834,0.0068061911,0.2325871139,2.2844765027,-0.7117106790
