Instance,INF_avg,INF_sd,INF_r1,INF_kr,INF_sk,SUP_avg,SUP_sd,SUP_r1,SUP_kr,SUP_sk,INC_avg,INC_sd,INC_r1,INC_kr,INC_sk,IND_avg,IND_sd,IND_r1,IND_kr,IND_sk
instances/A3/asymmetric/5.2.in,0.3148148148,0.1141558149,-0.0153846154,1.5000000000,-0.2390631469,0.0833333333,0.0680413817,0.0000000000,1.5000000000,0.0000000000,0.6018518519,0.0472131436,-0.0754716981,1.5000000000,0.5280049792,0.3611111111,0.0392837101,-0.8000000000,1.5000000000,0.7071067812
