Instance,INF_avg,INF_sd,INF_r1,INF_kr,INF_sk,SUP_avg,SUP_sd,SUP_r1,SUP_kr,SUP_sk,INC_avg,INC_sd,INC_r1,INC_kr,INC_sk,IND_avg,IND_sd,IND_r1,IND_kr,IND_sk
instances/A3/symmetric/100.5.in,0.3551754386,0.0525487653,0.6263459772,2.1694794415,-0.1246924293,0.0738596491,0.0410927230,0.8966398583,2.3368604557,0.4820195485,0.5709649123,0.0348611103,0.1859564550,2.4743630575,-0.3828115440,0.0939473684,0.0262534349,0.3846575011,3.1466258059,0.5013795793
