Instance,INF_avg,INF_sd,INF_r1,INF_kr,INF_sk,SUP_avg,SUP_sd,SUP_r1,SUP_kr,SUP_sk,INC_avg,INC_sd,INC_r1,INC_kr,INC_sk,IND_avg,IND_sd,IND_r1,IND_kr,IND_sk
instances/A3/asymmetric/50.5.in,0.4075000000,0.0532094916,0.0642255158,1.9799336286,0.3751260215,0.1125000000,0.0364177155,0.1905451037,2.8398022245,0.9410133662,0.4800000000,0.0403112887,0.4968814969,2.0538224852,-0.2301321383,0.0720000000,0.0116619038,-0.3577421815,2.9742647059,0.1740206232
