Instance,INF_avg,INF_sd,INF_r1,INF_kr,INF_sk,SUP_avg,SUP_sd,SUP_r1,SUP_kr,SUP_sk,INC_avg,INC_sd,INC_r1,INC_kr,INC_sk,IND_avg,IND_sd,IND_r1,IND_kr,IND_sk
instances/A2/asymmetric/5.3.in,0.3555555556,0.0844980337,0.4709748083,1.9869652601,-0.4858133425,0.2567901235,0.0590724938,0.3616023005,1.6626115234,0.1870225150,0.3876543210,0.0924360817,0.6399480605,1.7964413415,-0.1893794526,0.3049382716,0.0676595024,0.2572830850,2.7729537919,0.4532123536
