Instance,INF_avg,INF_sd,INF_r1,INF_kr,INF_sk,SUP_avg,SUP_sd,SUP_r1,SUP_kr,SUP_sk,INC_avg,INC_sd,INC_r1,INC_kr,INC_sk,IND_avg,IND_sd,IND_r1,IND_kr,IND_sk
instances/A2/asymmetric/5.3.in,0.2900000000,0.0553774924,-0.5689512799,1.6747006931,-0.6464196894,0.2566666667,0.0679869268,0.4197292070,1.3575490015,-0.0063643457,0.4533333333,0.0618241233,0.2924528302,2.9694429421,-1.2864700617,0.2600000000,0.0429469958,-0.6138855055,2.4634199448,0.4460527720
