Instance,INF_avg,INF_sd,INF_r1,INF_kr,INF_sk,SUP_avg,SUP_sd,SUP_r1,SUP_kr,SUP_sk,INC_avg,INC_sd,INC_r1,INC_kr,INC_sk,IND_avg,IND_sd,IND_r1,IND_kr,IND_sk
instances/A2/symmetric/50.3.in,0.4116279070,0.1979068401,0.1253399267,2.1725329804,0.5045775454,0.0744186047,0.0809623032,0.0498121037,3.6611851779,1.0232658379,0.5139534884,0.1786010174,0.1595061791,2.3434660852,-0.1123947291,0.4046511628,0.1293157095,0.2771060282,3.4139393234,0.4942855798
