Instance,INF_avg,INF_sd,INF_r1,INF_kr,INF_sk,SUP_avg,SUP_sd,SUP_r1,SUP_kr,SUP_sk,INC_avg,INC_sd,INC_r1,INC_kr,INC_sk,IND_avg,IND_sd,IND_r1,IND_kr,IND_sk
instances/A1/symmetric/20.6.in,0.5040000000,0.0838093074,0.4539587987,1.8487191328,-0.0998035297,0.0720000000,0.0491528229,0.5236087690,2.9843866497,0.6273177258,0.4240000000,0.0488262225,0.1134989926,2.5695689383,0.1797911664,0.1620000000,0.0362767143,0.6073745306,2.0045731285,-0.2493498345
