Instance,INF_avg,INF_sd,INF_r1,INF_kr,INF_sk,SUP_avg,SUP_sd,SUP_r1,SUP_kr,SUP_sk,INC_avg,INC_sd,INC_r1,INC_kr,INC_sk,IND_avg,IND_sd,IND_r1,IND_kr,IND_sk
instances/A3/symmetric/5.3.in,0.2023809524,0.1379218032,-0.0167785235,1.8645810491,-0.2670915512,0.0843915344,0.0621090556,0.3338693029,2.4338518216,0.4153702464,0.7132275132,0.1206093912,-0.1703576547,1.8385423712,0.4365473186,0.4544973545,0.0966394548,0.0489356890,1.9277726723,-0.3426253345
