Instance,INF_avg,INF_sd,INF_r1,INF_kr,INF_sk,SUP_avg,SUP_sd,SUP_r1,SUP_kr,SUP_sk,INC_avg,INC_sd,INC_r1,INC_kr,INC_sk,IND_avg,IND_sd,IND_r1,IND_kr,IND_sk
instances/A3/symmetric/5.3.in,0.1642857143,0.1759973201,0.0524845959,1.3351538032,0.4122827366,0.0852380952,0.0645303985,-0.0286315540,2.6103005530,0.6600834907,0.7504761905,0.1424231503,-0.1452638766,1.3135907529,-0.1630308842,0.4514285714,0.0992214592,0.1859446197,2.0214309877,-0.5588641340
