Instance,INF_avg,INF_sd,INF_r1,INF_kr,INF_sk,SUP_avg,SUP_sd,SUP_r1,SUP_kr,SUP_sk,INC_avg,INC_sd,INC_r1,INC_kr,INC_sk,IND_avg,IND_sd,IND_r1,IND_kr,IND_sk
instances/A1/asymmetric/8.2.in,0.4249398749,0.1987127150,0.6449902525,1.8482198004,0.1642863291,0.2527287527,0.1609108431,0.5139831463,2.1979431742,0.1285065672,0.3223313723,0.0509590906,0.5533834704,1.7246902211,0.2462164379,0.2037795538,0.0453465682,0.3241866571,1.6207176412,-0.2705913038
