Instance,INF_avg,INF_sd,INF_r1,INF_kr,INF_sk,SUP_avg,SUP_sd,SUP_r1,SUP_kr,SUP_sk,INC_avg,INC_sd,INC_r1,INC_kr,INC_sk,IND_avg,IND_sd,IND_r1,IND_kr,IND_sk
instances/A1/asymmetric/8.2.in,0.5709523810,0.1326547357,0.6841341511,1.8591779554,-0.1941256872,0.1470329670,0.1138881033,0.6766611515,2.0422979506,0.3873698991,0.2820146520,0.0212461791,0.5127404602,1.6151587095,-0.2842314524,0.2237728938,0.0468212115,0.4338092829,2.9465708498,-1.2460575218
