Instance,INF_avg,INF_sd,INF_r1,INF_kr,INF_sk,SUP_avg,SUP_sd,SUP_r1,SUP_kr,SUP_sk,INC_avg,INC_sd,INC_r1,INC_kr,INC_sk,IND_avg,IND_sd,IND_r1,IND_kr,IND_sk
instances/A3/symmetric/10.5.in,0.4136752137,0.0505590053,0.0531400966,3.0612915325,1.3570856200,0.1138461538,0.0385825258,0.2330181916,2.0044241356,0.5108678529,0.4724786325,0.0646289499,0.6729526628,1.4596261229,-0.0049550575,0.1818803419,0.0221985410,-0.1854003036,1.1706179855,-0.4100633186
