Instance,INF_avg,INF_sd,INF_r1,INF_kr,INF_sk,SUP_avg,SUP_sd,SUP_r1,SUP_kr,SUP_sk,INC_avg,INC_sd,INC_r1,INC_kr,INC_sk,IND_avg,IND_sd,IND_r1,IND_kr,IND_sk
instances/A3/symmetric/10.5.in,0.3979611218,0.0756097251,-0.0191000001,3.0517648096,-0.1512196311,0.1166928310,0.0441036974,0.0262328429,2.4175172752,0.8623737334,0.4853460473,0.0620309520,0.3111365140,1.5361325773,-0.3891920288,0.1780529876,0.0214540484,0.1413645025,1.1161214108,-0.0976663170
