Instance,INF_avg,INF_sd,INF_r1,INF_kr,INF_sk,SUP_avg,SUP_sd,SUP_r1,SUP_kr,SUP_sk,INC_avg,INC_sd,INC_r1,INC_kr,INC_sk,IND_avg,IND_sd,IND_r1,IND_kr,IND_sk
instances/A1/asymmetric/200.1.in,0.3003000000,0.0361166167,-0.0180088433,2.5253156943,-0.2826628826,0.1723000000,0.0259077209,-0.1887369367,3.9421831814,0.5824762980,0.5274000000,0.0337674399,-0.0059920031,2.7452261321,0.2761200931,0.0792000000,0.0124643492,0.0668911196,3.7143313401,0.5000750633
