Instance,INF_avg,INF_sd,INF_r1,INF_kr,INF_sk,SUP_avg,SUP_sd,SUP_r1,SUP_kr,SUP_sk,INC_avg,INC_sd,INC_r1,INC_kr,INC_sk,IND_avg,IND_sd,IND_r1,IND_kr,IND_sk
instances/A1/symmetric/8.4.in,0.3880652681,0.0941916941,0.5083250499,1.1673019018,-0.4070455541,0.3552447552,0.0788361392,0.3849730748,1.8661418595,-0.2620692218,0.2566899767,0.0478191706,-0.6406053247,1.2278149705,-0.2342435098,0.2303962704,0.0288760670,-1.0666189370,2.5256178146,-0.3217243584
