Instance,INF_avg,INF_sd,INF_r1,INF_kr,INF_sk,SUP_avg,SUP_sd,SUP_r1,SUP_kr,SUP_sk,INC_avg,INC_sd,INC_r1,INC_kr,INC_sk,IND_avg,IND_sd,IND_r1,IND_kr,IND_sk
instances/A2/symmetric/200.3.in,0.3416000000,0.0414540710,0.0449187124,3.6509638814,-0.3603864301,0.2158000000,0.0277373395,-0.1048277170,2.2282287076,-0.0574965337,0.4426000000,0.0395504741,-0.0060328510,4.2196012279,0.3233797529,0.0569000000,0.0117426573,-0.1054806480,2.8519662301,0.3178542400
