Instance,INF_avg,INF_sd,INF_r1,INF_kr,INF_sk,SUP_avg,SUP_sd,SUP_r1,SUP_kr,SUP_sk,INC_avg,INC_sd,INC_r1,INC_kr,INC_sk,IND_avg,IND_sd,IND_r1,IND_kr,IND_sk
instances/A1/symmetric/8.4.in,0.6680952381,0.0603015852,0.6061941655,1.2172825193,0.4315395800,0.0990476190,0.0650414136,0.6321177223,1.9099485420,-0.1143787117,0.2328571429,0.0346148226,-0.3940853367,1.7113542031,0.1989794754,0.2519047619,0.0321701824,0.2885020172,1.8501024671,-0.3915650685
