Instance,INF_avg,INF_sd,INF_r1,INF_kr,INF_sk,SUP_avg,SUP_sd,SUP_r1,SUP_kr,SUP_sk,INC_avg,INC_sd,INC_r1,INC_kr,INC_sk,IND_avg,IND_sd,IND_r1,IND_kr,IND_sk
instances/A3/asymmetric/50.1.in,0.4835979219,0.1325131576,0.9159660928,3.6150700570,1.0580232647,0.1068265714,0.0433786839,0.7627456478,2.5318357827,-0.0903023158,0.4095755067,0.0995793300,0.8784371753,3.7255039102,-1.0226062807,0.0741826346,0.0153168100,0.5144799017,2.3813671482,0.1661198974
