Instance,INF_avg,INF_sd,INF_r1,INF_kr,INF_sk,SUP_avg,SUP_sd,SUP_r1,SUP_kr,SUP_sk,INC_avg,INC_sd,INC_r1,INC_kr,INC_sk,IND_avg,IND_sd,IND_r1,IND_kr,IND_sk
instances/A1/asymmetric/50.1.in,0.6023675067,0.1526387920,0.9607032260,2.3818734646,0.2482104836,0.0448333333,0.0502297499,0.9000018390,5.5315498519,1.6573734534,0.3527991600,0.1148714641,0.9598113132,2.5284321515,-0.8208292094,0.0667723368,0.0159086229,0.5187895715,3.8256793844,0.8262026168
