Instance,INF_avg,INF_sd,INF_r1,INF_kr,INF_sk,SUP_avg,SUP_sd,SUP_r1,SUP_kr,SUP_sk,INC_avg,INC_sd,INC_r1,INC_kr,INC_sk,IND_avg,IND_sd,IND_r1,IND_kr,IND_sk
instances/A2/asymmetric/8.4.in,0.4836829837,0.1071877909,0.1810811710,2.1416570332,-0.4952752882,0.1301165501,0.0783734705,-0.0220835174,1.3057568530,0.2486010286,0.3862004662,0.0653739401,0.3750930724,1.7253371307,0.2523340521,0.1871328671,0.0180717486,-0.5175429242,2.4577341101,-1.0383229812
