Instance,INF_avg,INF_sd,INF_r1,INF_kr,INF_sk,SUP_avg,SUP_sd,SUP_r1,SUP_kr,SUP_sk,INC_avg,INC_sd,INC_r1,INC_kr,INC_sk,IND_avg,IND_sd,IND_r1,IND_kr,IND_sk
instances/A2/asymmetric/50.3.in,0.5956250000,0.1360477283,0.8539041902,1.9370172721,0.3696039512,0.0984375000,0.0720832581,0.8609254465,1.6934073125,0.3255014827,0.3059375000,0.0988720567,0.7505299352,4.1346328664,0.9561765639,0.0543750000,0.0106617013,0.3401353238,3.3989797003,0.8787112320
