Instance,INF_avg,INF_sd,INF_r1,INF_kr,INF_sk,SUP_avg,SUP_sd,SUP_r1,SUP_kr,SUP_sk,INC_avg,INC_sd,INC_r1,INC_kr,INC_sk,IND_avg,IND_sd,IND_r1,IND_kr,IND_sk
instances/A3/symmetric/8.2.in,0.4551707552,0.1703468076,0.7676041733,1.9866447238,-0.0236751251,0.0605210839,0.0553712404,0.8027703918,1.7630747415,0.4062201547,0.4843081610,0.1203263607,0.6739021832,2.2177198389,-0.0812717550,0.2567644701,0.0568066389,0.3495592509,2.1807721165,-0.2793778458
