Instance,INF_avg,INF_sd,INF_r1,INF_kr,INF_sk,SUP_avg,SUP_sd,SUP_r1,SUP_kr,SUP_sk,INC_avg,INC_sd,INC_r1,INC_kr,INC_sk,IND_avg,IND_sd,IND_r1,IND_kr,IND_sk
instances/A2/symmetric/8.4.in,0.5672446072,0.1054571648,0.5768735250,1.6930186542,-0.1017652201,0.1044363044,0.0803057997,0.6169808550,1.6651850828,0.1888040194,0.3283190883,0.0471765308,0.1665688441,1.2698299369,-0.0246684585,0.2500366300,0.0528777046,0.2653673915,4.4960406096,1.3976524200
