Instance,INF_avg,INF_sd,INF_r1,INF_kr,INF_sk,SUP_avg,SUP_sd,SUP_r1,SUP_kr,SUP_sk,INC_avg,INC_sd,INC_r1,INC_kr,INC_sk,IND_avg,IND_sd,IND_r1,IND_kr,IND_sk
instances/A2/symmetric/8.4.in,0.5961172161,0.1073297828,0.6774834285,1.9399439899,-0.3924692702,0.0633699634,0.0708353311,0.7736857125,2.4525512712,0.9190128094,0.3405128205,0.0528801744,0.0489040771,1.2531962055,-0.4457442671,0.2540659341,0.0694869381,0.3048993540,2.4740747232,0.9357122833
