Instance,INF_avg,INF_sd,INF_r1,INF_kr,INF_sk,SUP_avg,SUP_sd,SUP_r1,SUP_kr,SUP_sk,INC_avg,INC_sd,INC_r1,INC_kr,INC_sk,IND_avg,IND_sd,IND_r1,IND_kr,IND_sk
instances/A3/asymmetric/20.1.in,0.7395720883,0.0582419938,0.1772189459,2.3846809136,-0.8172799955,0.0179024013,0.0048756391,0.1466729615,2.6744369874,1.0543949463,0.2425255104,0.0533920679,0.1794398237,2.3574223458,0.7944268375,0.1020830492,0.0051618806,0.1472040933,1.2574267692,-0.2790798722
