Instance,INF_avg,INF_sd,INF_r1,INF_kr,INF_sk,SUP_avg,SUP_sd,SUP_r1,SUP_kr,SUP_sk,INC_avg,INC_sd,INC_r1,INC_kr,INC_sk,IND_avg,IND_sd,IND_r1,IND_kr,IND_sk
instances/A1/asymmetric/200.5.in,0.3453000000,0.0341966373,0.0773224444,2.5553649302,-0.1345339049,0.1714000000,0.0267776026,0.2168119362,2.5717208444,-0.2153218849,0.4833000000,0.0295399729,0.1852114740,3.2433704282,-0.4532075999,0.0755000000,0.0124197423,0.0262926972,3.6283291611,-0.0516770169
