Instance,INF_avg,INF_sd,INF_r1,INF_kr,INF_sk,SUP_avg,SUP_sd,SUP_r1,SUP_kr,SUP_sk,INC_avg,INC_sd,INC_r1,INC_kr,INC_sk,IND_avg,IND_sd,IND_r1,IND_kr,IND_sk
instances/A3/symmetric/100.5.in,0.3252000000,0.0417248128,-0.2278294530,2.6559530254,0.2231572345,0.1220000000,0.0238327506,0.1994223725,2.4637348740,0.0350151377,0.5528000000,0.0424282924,-0.4805609705,1.7750560017,-0.1812478419,0.0724000000,0.0141506184,-0.2924035191,2.4367938657,-0.2172393486
