Instance,INF_avg,INF_sd,INF_r1,INF_kr,INF_sk,SUP_avg,SUP_sd,SUP_r1,SUP_kr,SUP_sk,INC_avg,INC_sd,INC_r1,INC_kr,INC_sk,IND_avg,IND_sd,IND_r1,IND_kr,IND_sk
instances/A3/asymmetric/5.1.in,0.2438271605,0.1191374016,0.2144959822,2.9526480789,-0.3880394413,0.1469135802,0.0776944488,0.0855889403,2.4532192993,-0.1619937523,0.6092592593,0.0798231928,0.1659158683,2.7836470110,-0.4820435119,0.4333333333,0.0711940103,0.6388329980,2.0070579597,0.1149919607
