Instance,INF_avg,INF_sd,INF_r1,INF_kr,INF_sk,SUP_avg,SUP_sd,SUP_r1,SUP_kr,SUP_sk,INC_avg,INC_sd,INC_r1,INC_kr,INC_sk,IND_avg,IND_sd,IND_r1,IND_kr,IND_sk
instances/A2/symmetric/10.2.in,0.5015291773,0.2045608648,0.6319520867,2.8384061457,-0.8343956746,0.1814804508,0.1809550139,0.6651044253,3.1226195808,1.0637960368,0.3169903719,0.0427268227,0.3767975400,1.8141686798,0.0309109086,0.1836580693,0.0816030432,0.9527732504,2.3155109837,0.9892780305
