Instance,INF_avg,INF_sd,INF_r1,INF_kr,INF_sk,SUP_avg,SUP_sd,SUP_r1,SUP_kr,SUP_sk,INC_avg,INC_sd,INC_r1,INC_kr,INC_sk,IND_avg,IND_sd,IND_r1,IND_kr,IND_sk
instances/A2/symmetric/5.3.in,0.2257495591,0.1795480295,0.5381001284,1.3701761106,-0.2002020889,0.2663139330,0.0897025240,0.4315136134,2.0041494021,0.4185921637,0.5079365079,0.1336306210,0.4072551391,1.5643972267,0.0832212646,0.3668430335,0.0729341405,0.2800958076,2.3081503027,0.2240899616
