Instance,INF_avg,INF_sd,INF_r1,INF_kr,INF_sk,SUP_avg,SUP_sd,SUP_r1,SUP_kr,SUP_sk,INC_avg,INC_sd,INC_r1,INC_kr,INC_sk,IND_avg,IND_sd,IND_r1,IND_kr,IND_sk
instances/A2/symmetric/5.3.in,0.0952380952,0.1312766548,0.0810810811,2.3337950139,0.9736654936,0.2904761905,0.1140871291,0.5468831849,1.3139712756,-0.2543618451,0.6142857143,0.0728431359,-0.9135802469,1.9556213018,-0.2715454179,0.3214285714,0.0451753951,-0.8571428571,1.5625000000,-0.5929270613
