Instance,INF_avg,INF_sd,INF_r1,INF_kr,INF_sk,SUP_avg,SUP_sd,SUP_r1,SUP_kr,SUP_sk,INC_avg,INC_sd,INC_r1,INC_kr,INC_sk,IND_avg,IND_sd,IND_r1,IND_kr,IND_sk
instances/A3/symmetric/10.2.in,0.4615037933,0.1841627257,1.0715875593,2.2728756736,-0.5987677259,0.1668013754,0.0805424450,0.7323915834,1.6744035574,0.1572596115,0.3716948313,0.1169641560,0.8299519576,2.4166130439,0.7294755808,0.1735245045,0.0166586947,0.1403634403,2.2380640618,-0.3663428875
