Instance,INF_avg,INF_sd,INF_r1,INF_kr,INF_sk,SUP_avg,SUP_sd,SUP_r1,SUP_kr,SUP_sk,INC_avg,INC_sd,INC_r1,INC_kr,INC_sk,IND_avg,IND_sd,IND_r1,IND_kr,IND_sk
instances/A3/symmetric/10.2.in,0.5997471620,0.0737648980,0.5690998227,1.9327096501,-0.6867506448,0.1110927646,0.0504688999,0.5683913074,2.3441527840,0.7040309499,0.2891600734,0.0413512063,-0.5020667519,1.6706797035,-0.6255109412,0.1809471391,0.0137868512,-0.5101635325,2.2985410813,-0.4023108493
