Instance,INF_avg,INF_sd,INF_r1,INF_kr,INF_sk,SUP_avg,SUP_sd,SUP_r1,SUP_kr,SUP_sk,INC_avg,INC_sd,INC_r1,INC_kr,INC_sk,IND_avg,IND_sd,IND_r1,IND_kr,IND_sk
instances/A2/asymmetric/50.1.in,0.4125000000,0.0406355755,0.6694432267,1.9884833651,-0.1514541970,0.1665000000,0.0225887140,0.2249889495,2.4347176368,-0.5996933174,0.4210000000,0.0266270539,0.5576251455,2.2380137702,0.1190237748,0.0610000000,0.0096953597,-0.6397849462,1.8834314169,0.0460847791
