Instance,INF_avg,INF_sd,INF_r1,INF_kr,INF_sk,SUP_avg,SUP_sd,SUP_r1,SUP_kr,SUP_sk,INC_avg,INC_sd,INC_r1,INC_kr,INC_sk,IND_avg,IND_sd,IND_r1,IND_kr,IND_sk
instances/A1/asymmetric/50.2.in,0.5982617762,0.1760840471,0.9163569992,1.6176834775,0.3919569350,0.1111871817,0.0605605301,0.8353588826,1.7847217498,-0.1285515003,0.2905510421,0.1204849990,0.8990156147,1.6706343300,-0.3305996714,0.0493274440,0.0129350580,0.6722020296,2.5004771818,-0.5926506216
