Instance,INF_avg,INF_sd,INF_r1,INF_kr,INF_sk,SUP_avg,SUP_sd,SUP_r1,SUP_kr,SUP_sk,INC_avg,INC_sd,INC_r1,INC_kr,INC_sk,IND_avg,IND_sd,IND_r1,IND_kr,IND_sk
instances/A1/asymmetric/5.4.in,0.1919753086,0.1239803712,0.3371926504,2.7649247386,0.6538519474,0.2030864198,0.0660003279,-0.0428531153,2.3874876288,0.5239400082,0.6049382716,0.0854040845,0.3587670541,2.2984639346,-0.4437234051,0.3864197531,0.0596118625,-0.1415506023,2.4292663500,-0.6525503876
