Instance,INF_avg,INF_sd,INF_r1,INF_kr,INF_sk,SUP_avg,SUP_sd,SUP_r1,SUP_kr,SUP_sk,INC_avg,INC_sd,INC_r1,INC_kr,INC_sk,IND_avg,IND_sd,IND_r1,IND_kr,IND_sk
instances/A1/asymmetric/5.4.in,0.2155555556,0.1561259384,0.3824803741,1.7327058636,0.1543483756,0.1988888889,0.0821320827,-0.1223205671,1.8128177996,0.5675219755,0.5855555556,0.1055029108,0.7154174729,1.5662696958,0.0553047507,0.4155555556,0.0162541543,0.2677345538,2.3312516377,0.7723882110
