Instance,INF_avg,INF_sd,INF_r1,INF_kr,INF_sk,SUP_avg,SUP_sd,SUP_r1,SUP_kr,SUP_sk,INC_avg,INC_sd,INC_r1,INC_kr,INC_sk,IND_avg,IND_sd,IND_r1,IND_kr,IND_sk
instances/A2/asymmetric/8.1.in,0.3466666667,0.0777460253,0.0584415584,1.6280276817,0.3631734744,0.3200000000,0.0618241233,0.0710382514,1.5091941590,-0.1579875514,0.3333333333,0.0210818511,-0.0000000000,2.5000000000,-0.0000000000,0.1866666667,0.0163299316,-0.6666666667,1.1666666667,-0.4082482905
