Instance,INF_avg,INF_sd,INF_r1,INF_kr,INF_sk,SUP_avg,SUP_sd,SUP_r1,SUP_kr,SUP_sk,INC_avg,INC_sd,INC_r1,INC_kr,INC_sk,IND_avg,IND_sd,IND_r1,IND_kr,IND_sk
instances/A3/symmetric/100.4.in,0.5311710660,0.1765218682,0.9109129681,2.6088649024,0.8478045393,0.0963030457,0.0515197513,0.8988686420,1.6852536448,-0.1857413745,0.3725258883,0.1304392466,0.8872284949,3.0815439471,-0.9467559845,0.0527076142,0.0150263440,0.6832993981,2.5649291466,0.1938348484
