Instance,INF_avg,INF_sd,INF_r1,INF_kr,INF_sk,SUP_avg,SUP_sd,SUP_r1,SUP_kr,SUP_sk,INC_avg,INC_sd,INC_r1,INC_kr,INC_sk,IND_avg,IND_sd,IND_r1,IND_kr,IND_sk
instances/A2/asymmetric/8.4.in,0.4270862471,0.0598944052,0.4973892109,2.6599774814,1.0114484678,0.2917948718,0.0519292494,0.0575033006,2.8583383464,-1.2000509423,0.2811188811,0.0167072875,-0.0032055447,1.1931381222,0.4088580815,0.1467132867,0.0198989520,-0.8619406722,1.6747424484,-0.4351846431
