Instance,INF_avg,INF_sd,INF_r1,INF_kr,INF_sk,SUP_avg,SUP_sd,SUP_r1,SUP_kr,SUP_sk,INC_avg,INC_sd,INC_r1,INC_kr,INC_sk,IND_avg,IND_sd,IND_r1,IND_kr,IND_sk
instances/A2/symmetric/100.2.in,0.2923000000,0.0653085752,0.4713605765,3.1425554010,-0.8565805583,0.2308000000,0.0325631694,0.3332174582,4.3913492029,0.3043737353,0.4769000000,0.0528856313,0.4734021728,3.1477635508,0.6798375320,0.0596000000,0.0133356665,0.0454371898,2.7002442870,0.1110939206
