Instance,INF_avg,INF_sd,INF_r1,INF_kr,INF_sk,SUP_avg,SUP_sd,SUP_r1,SUP_kr,SUP_sk,INC_avg,INC_sd,INC_r1,INC_kr,INC_sk,IND_avg,IND_sd,IND_r1,IND_kr,IND_sk
instances/A3/symmetric/100.1.in,0.3653333333,0.0411285248,0.6346591968,2.1888162263,-0.1194209829,0.0535000000,0.0346205623,0.6832627039,6.8158695648,1.7214945719,0.5811666667,0.0321372923,0.4457971413,2.9091232393,0.4425146952,0.1051666667,0.0230030191,0.7075240671,2.4974213356,-0.0747964974
