Instance,INF_avg,INF_sd,INF_r1,INF_kr,INF_sk,SUP_avg,SUP_sd,SUP_r1,SUP_kr,SUP_sk,INC_avg,INC_sd,INC_r1,INC_kr,INC_sk,IND_avg,IND_sd,IND_r1,IND_kr,IND_sk
instances/A2/asymmetric/8.3.in,0.5877622378,0.1165300164,-0.2492563391,3.2318648888,-0.6372571419,0.1501683502,0.0926564730,-0.2366344425,2.6486594508,0.3326734581,0.2620694121,0.0338541972,-0.3439803976,3.5217549782,0.2648998807,0.2469613720,0.0658797114,0.5427633912,2.4149544224,0.6480302424
