Instance,INF_avg,INF_sd,INF_r1,INF_kr,INF_sk,SUP_avg,SUP_sd,SUP_r1,SUP_kr,SUP_sk,INC_avg,INC_sd,INC_r1,INC_kr,INC_sk,IND_avg,IND_sd,IND_r1,IND_kr,IND_sk
instances/A3/symmetric/10.3.in,0.5227777778,0.0826341035,-0.3413256783,2.3755259838,-0.6811957705,0.1457080610,0.0427746917,-0.3413046260,2.3939837642,0.7948954440,0.3315141612,0.0437878634,-0.3969642171,1.8468846095,0.2546157027,0.2008061002,0.0323108887,-0.0108423787,2.4856831030,-0.1590886169
