Instance,INF_avg,INF_sd,INF_r1,INF_kr,INF_sk,SUP_avg,SUP_sd,SUP_r1,SUP_kr,SUP_sk,INC_avg,INC_sd,INC_r1,INC_kr,INC_sk,IND_avg,IND_sd,IND_r1,IND_kr,IND_sk
instances/A2/asymmetric/20.1.in,0.5605532399,0.0138595686,-0.4366144453,3.2024334860,-1.4642395328,0.1618668688,0.0198403557,-0.5677413272,2.4350646931,0.8804237167,0.2775798914,0.0082306950,-0.1629547567,1.2226409605,0.2444746591,0.0412656309,0.0058904032,-0.1926945688,1.4663007892,-0.0360552118
