Instance,INF_avg,INF_sd,INF_r1,INF_kr,INF_sk,SUP_avg,SUP_sd,SUP_r1,SUP_kr,SUP_sk,INC_avg,INC_sd,INC_r1,INC_kr,INC_sk,IND_avg,IND_sd,IND_r1,IND_kr,IND_sk
instances/A2/symmetric/200.3.in,0.3444000000,0.0314426462,-0.2063048454,2.5672985658,-0.1767782236,0.2039000000,0.0268940514,0.0204751459,2.3582427488,0.1822769808,0.4517000000,0.0302590482,-0.0737753494,3.0633133473,0.4749231056,0.0559000000,0.0096275646,-0.1505439922,3.8281075849,0.6684469550
