Instance,INF_avg,INF_sd,INF_r1,INF_kr,INF_sk,SUP_avg,SUP_sd,SUP_r1,SUP_kr,SUP_sk,INC_avg,INC_sd,INC_r1,INC_kr,INC_sk,IND_avg,IND_sd,IND_r1,IND_kr,IND_sk
instances/A2/symmetric/8.3.in,0.3866248694,0.1031406718,-0.4029232537,1.9291294018,0.1967029943,0.1722048067,0.0950426473,0.4196701625,1.2371698287,0.4321957538,0.4411703239,0.0622042722,-0.5265990293,2.1295582285,0.4698178433,0.1799373041,0.0195310077,-0.4842047306,2.3760111918,0.2674716272
