Instance,INF_avg,INF_sd,INF_r1,INF_kr,INF_sk,SUP_avg,SUP_sd,SUP_r1,SUP_kr,SUP_sk,INC_avg,INC_sd,INC_r1,INC_kr,INC_sk,IND_avg,IND_sd,IND_r1,IND_kr,IND_sk
instances/A2/symmetric/8.3.in,0.3686288169,0.1006006399,-0.3152217140,2.0926661345,0.0595521233,0.2304655753,0.1282106171,0.3798615554,1.6625585953,0.2203733485,0.4009056078,0.0864821152,0.2029397104,2.3341037039,-0.1318288282,0.1853012887,0.0248108726,-0.3098629704,3.4579237921,1.0950851785
