Instance,INF_avg,INF_sd,INF_r1,INF_kr,INF_sk,SUP_avg,SUP_sd,SUP_r1,SUP_kr,SUP_sk,INC_avg,INC_sd,INC_r1,INC_kr,INC_sk,IND_avg,IND_sd,IND_r1,IND_kr,IND_sk
instances/A3/symmetric/20.4.in,0.6405784732,0.0382911041,0.2751878647,2.5038485352,0.9348166146,0.0391528370,0.0130926237,0.0438368290,1.3043689083,-0.1076774588,0.3202686897,0.0384163432,0.5526026677,2.0116615025,-0.0044700791,0.1381476213,0.0115461802,0.2274369619,2.4371138589,0.4700153927
