Instance,INF_avg,INF_sd,INF_r1,INF_kr,INF_sk,SUP_avg,SUP_sd,SUP_r1,SUP_kr,SUP_sk,INC_avg,INC_sd,INC_r1,INC_kr,INC_sk,IND_avg,IND_sd,IND_r1,IND_kr,IND_sk
instances/A3/symmetric/20.4.in,0.6059651130,0.0526296513,0.6391187654,2.9053972886,0.2412247653,0.0376245920,0.0113183629,-0.0316550914,1.7246605672,-0.0457871521,0.3564102950,0.0529025703,0.7970374439,2.2958306165,-0.1285206709,0.1236622587,0.0195585522,0.4670157058,1.9584841715,0.0714762598
