Instance,INF_avg,INF_sd,INF_r1,INF_kr,INF_sk,SUP_avg,SUP_sd,SUP_r1,SUP_kr,SUP_sk,INC_avg,INC_sd,INC_r1,INC_kr,INC_sk,IND_avg,IND_sd,IND_r1,IND_kr,IND_sk
instances/A1/symmetric/50.3.in,0.8895618745,0.0671981425,1.0241801224,1.9554870251,-0.6689633415,0.0295948419,0.0207356378,0.7782371334,2.6165083577,0.7577755842,0.0808432836,0.0480940182,1.0272199204,1.6774081457,0.4925004213,0.0254412419,0.0086327226,0.4362984966,1.7840087249,0.0427656286
