Instance,INF_avg,INF_sd,INF_r1,INF_kr,INF_sk,SUP_avg,SUP_sd,SUP_r1,SUP_kr,SUP_sk,INC_avg,INC_sd,INC_r1,INC_kr,INC_sk,IND_avg,IND_sd,IND_r1,IND_kr,IND_sk
instances/A1/symmetric/50.5.in,0.4580051702,0.1360117665,0.8616861948,4.7052228938,1.4512568454,0.1543859708,0.0533783166,0.7938405439,4.0968265506,-0.6815846454,0.3876088590,0.0922486435,0.8280194778,4.2378912352,-1.2432894178,0.0535798933,0.0153835962,0.1937021618,7.2768291702,1.4457810532
