Instance,INF_avg,INF_sd,INF_r1,INF_kr,INF_sk,SUP_avg,SUP_sd,SUP_r1,SUP_kr,SUP_sk,INC_avg,INC_sd,INC_r1,INC_kr,INC_sk,IND_avg,IND_sd,IND_r1,IND_kr,IND_sk
instances/A3/symmetric/20.5.in,0.4012043230,0.0966106219,0.4620795102,2.0774801585,0.4534730197,0.1710941924,0.0252069941,-0.0636198659,2.0404908861,-0.6769461175,0.4277014846,0.0879090876,0.7037896163,1.8539949869,0.2369207424,0.0391232099,0.0116442815,-0.1913876794,2.6474473630,1.1070512077
