Instance,INF_avg,INF_sd,INF_r1,INF_kr,INF_sk,SUP_avg,SUP_sd,SUP_r1,SUP_kr,SUP_sk,INC_avg,INC_sd,INC_r1,INC_kr,INC_sk,IND_avg,IND_sd,IND_r1,IND_kr,IND_sk
instances/A3/symmetric/20.5.in,0.3150637000,0.1170806683,0.6953265364,2.6766123627,0.6170256819,0.1823419680,0.0326386838,0.3810351229,2.5000203428,0.3726339975,0.5025943320,0.0988711214,0.7426785661,2.1233438980,-0.7456038551,0.0498180152,0.0152395059,0.6360374752,1.7964172796,0.1470923372
