Instance,INF_avg,INF_sd,INF_r1,INF_kr,INF_sk,SUP_avg,SUP_sd,SUP_r1,SUP_kr,SUP_sk,INC_avg,INC_sd,INC_r1,INC_kr,INC_sk,IND_avg,IND_sd,IND_r1,IND_kr,IND_sk
instances/A1/asymmetric/100.2.in,0.5420000000,0.0405709256,-0.0401054677,1.9122915156,0.6433986981,0.0700000000,0.0114017543,-0.2727272727,1.4349112426,-0.0000000000,0.3880000000,0.0323419233,-0.0882848715,2.0591984762,-0.3921411934,0.0560000000,0.0086023253,0.0395480226,1.9945215486,0.3958703373
