Instance,INF_avg,INF_sd,INF_r1,INF_kr,INF_sk,SUP_avg,SUP_sd,SUP_r1,SUP_kr,SUP_sk,INC_avg,INC_sd,INC_r1,INC_kr,INC_sk,IND_avg,IND_sd,IND_r1,IND_kr,IND_sk
instances/A2/symmetric/5.4.in,0.1933333333,0.1078064109,0.2247754886,1.3616490390,-0.1527062720,0.2200000000,0.1142122780,-0.6122189224,1.2134884450,-0.2808661654,0.5866666667,0.0915302015,-0.2932871604,2.6134743789,-1.0137107142,0.3400000000,0.0847217668,0.5492721165,1.5590152307,0.2598196983
