Instance,INF_avg,INF_sd,INF_r1,INF_kr,INF_sk,SUP_avg,SUP_sd,SUP_r1,SUP_kr,SUP_sk,INC_avg,INC_sd,INC_r1,INC_kr,INC_sk,IND_avg,IND_sd,IND_r1,IND_kr,IND_sk
instances/A3/asymmetric/8.3.in,0.4169230769,0.0607340588,-0.2971106959,1.5698846161,-0.0433659473,0.0774358974,0.0632538690,-0.2017384130,2.9241761578,1.2936261641,0.5056410256,0.0554795009,-0.5628667553,1.9064612223,0.7551049188,0.2605128205,0.0550798834,0.1535595509,1.7208643184,0.3902026843
