Instance,INF_avg,INF_sd,INF_r1,INF_kr,INF_sk,SUP_avg,SUP_sd,SUP_r1,SUP_kr,SUP_sk,INC_avg,INC_sd,INC_r1,INC_kr,INC_sk,IND_avg,IND_sd,IND_r1,IND_kr,IND_sk
instances/A1/symmetric/5.5.in,0.5288888889,0.0997775303,-0.8150684932,3.0563114135,-1.3532751773,0.0444444444,0.0544331054,-0.6666666667,1.1666666667,0.4082482905,0.4266666667,0.0735686460,-0.2948960302,2.4098513506,0.6508643867,0.5288888889,0.0708327887,-0.6886688669,1.2183334367,-0.2623456949
