Instance,INF_avg,INF_sd,INF_r1,INF_kr,INF_sk,SUP_avg,SUP_sd,SUP_r1,SUP_kr,SUP_sk,INC_avg,INC_sd,INC_r1,INC_kr,INC_sk,IND_avg,IND_sd,IND_r1,IND_kr,IND_sk
instances/A1/symmetric/5.4.in,0.5688888889,0.0622222222,-0.3157894737,3.2500000000,-1.5000000000,0.0444444444,0.0888888889,-0.3157894737,3.2500000000,1.5000000000,0.3866666667,0.0266666667,-0.3157894737,3.2500000000,-1.5000000000,0.4044444444,0.1195877693,-0.4990328820,2.5082643997,0.1669331881
