Instance,INF_avg,INF_sd,INF_r1,INF_kr,INF_sk,SUP_avg,SUP_sd,SUP_r1,SUP_kr,SUP_sk,INC_avg,INC_sd,INC_r1,INC_kr,INC_sk,IND_avg,IND_sd,IND_r1,IND_kr,IND_sk
instances/A1/symmetric/20.4.in,0.5986070381,0.0633749302,0.5932699197,1.7773048435,0.1047795559,0.1007123515,0.0550446360,0.6420908779,1.7885680882,-0.2234534927,0.3006806103,0.0131867919,-0.2399802988,1.7979941316,0.5264132352,0.0590688744,0.0137892778,0.5270739945,2.4252657642,0.9251870696
