Instance,INF_avg,INF_sd,INF_r1,INF_kr,INF_sk,SUP_avg,SUP_sd,SUP_r1,SUP_kr,SUP_sk,INC_avg,INC_sd,INC_r1,INC_kr,INC_sk,IND_avg,IND_sd,IND_r1,IND_kr,IND_sk
instances/A2/asymmetric/20.4.in,0.4184773869,0.0353741954,0.3387616862,2.0791031168,0.4505247529,0.2021859296,0.0151597055,-0.7012925191,1.4859888571,0.4306460893,0.3793366834,0.0280147333,0.4730012219,1.7048949478,-0.2771294714,0.0550653266,0.0064283437,0.0031411209,2.5006195037,0.0457239662
