Instance,INF_avg,INF_sd,INF_r1,INF_kr,INF_sk,SUP_avg,SUP_sd,SUP_r1,SUP_kr,SUP_sk,INC_avg,INC_sd,INC_r1,INC_kr,INC_sk,IND_avg,IND_sd,IND_r1,IND_kr,IND_sk
instances/A3/symmetric/50.2.in,0.7841666667,0.0440091531,0.9204963719,1.7176047992,0.3088061063,0.0116666667,0.0074535599,0.9154929577,1.6350000000,-0.2795084972,0.2041666667,0.0365623516,0.9207251498,1.7355088548,-0.3156559967,0.0600000000,0.0057735027,0.7500000000,1.8750000000,-0.6495190528
