Instance,INF_avg,INF_sd,INF_r1,INF_kr,INF_sk,SUP_avg,SUP_sd,SUP_r1,SUP_kr,SUP_sk,INC_avg,INC_sd,INC_r1,INC_kr,INC_sk,IND_avg,IND_sd,IND_r1,IND_kr,IND_sk
instances/A2/asymmetric/20.6.in,0.3416279070,0.0869624413,0.6542824384,2.6569308188,0.7203389941,0.2816279070,0.0914528785,0.6773771015,1.8882302077,-0.0248952197,0.3767441860,0.0480779856,0.5760511826,4.6356229785,1.2183428117,0.0440697674,0.0092293650,0.3676277551,4.1153656841,0.7397184697
