Instance,INF_avg,INF_sd,INF_r1,INF_kr,INF_sk,SUP_avg,SUP_sd,SUP_r1,SUP_kr,SUP_sk,INC_avg,INC_sd,INC_r1,INC_kr,INC_sk,IND_avg,IND_sd,IND_r1,IND_kr,IND_sk
instances/A2/symmetric/8.2.in,0.4643820465,0.1314327516,0.5740814205,2.4687645478,-0.6378851942,0.1162599305,0.1162782407,0.3252762266,3.2309602715,1.0658772394,0.4193580229,0.0381259587,-0.2220457555,3.2296282680,1.0024961912,0.2904916512,0.0445643830,0.9812173481,2.4528480629,0.7106958943
