Instance,INF_avg,INF_sd,INF_r1,INF_kr,INF_sk,SUP_avg,SUP_sd,SUP_r1,SUP_kr,SUP_sk,INC_avg,INC_sd,INC_r1,INC_kr,INC_sk,IND_avg,IND_sd,IND_r1,IND_kr,IND_sk
instances/A2/symmetric/8.2.in,0.4051348651,0.1087938220,0.3355046188,2.2965611092,-0.8103247429,0.1627639028,0.1065819541,0.0052517249,2.8047705849,1.0647973226,0.4321012321,0.0374721414,-0.4705036317,2.6728154265,0.7780362866,0.2650216450,0.0183369179,-0.0804011224,2.7660821250,-0.9987278664
