Instance,INF_avg,INF_sd,INF_r1,INF_kr,INF_sk,SUP_avg,SUP_sd,SUP_r1,SUP_kr,SUP_sk,INC_avg,INC_sd,INC_r1,INC_kr,INC_sk,IND_avg,IND_sd,IND_r1,IND_kr,IND_sk
instances/A2/symmetric/5.6.in,0.1566666667,0.1133333333,0.7357791989,1.5115150681,0.5687970690,0.3966666667,0.0991071250,0.6839774557,1.7655914089,-0.1054665715,0.4466666667,0.0487624628,-0.0819009100,2.2264389903,0.8682180139,0.2366666667,0.0520683312,0.8284960422,2.5243886052,1.0736207227
