Instance,INF_avg,INF_sd,INF_r1,INF_kr,INF_sk,SUP_avg,SUP_sd,SUP_r1,SUP_kr,SUP_sk,INC_avg,INC_sd,INC_r1,INC_kr,INC_sk,IND_avg,IND_sd,IND_r1,IND_kr,IND_sk
instances/A3/symmetric/50.2.in,0.2820000000,0.0420475921,0.3718546985,1.9473585205,0.3510082039,0.1500000000,0.0198494332,0.4769230769,3.2173593754,0.9359803868,0.5680000000,0.0377888873,0.3452243627,2.1679554175,-0.3417927154,0.0822000000,0.0234128170,0.4041860874,2.4973355217,0.1025790168
