Instance,INF_avg,INF_sd,INF_r1,INF_kr,INF_sk,SUP_avg,SUP_sd,SUP_r1,SUP_kr,SUP_sk,INC_avg,INC_sd,INC_r1,INC_kr,INC_sk,IND_avg,IND_sd,IND_r1,IND_kr,IND_sk
instances/A3/symmetric/100.2.in,0.3232000000,0.0602516390,0.5307803556,3.0768303026,-0.4696711914,0.1511500000,0.0328394199,0.3670655110,3.9693824231,0.5992289733,0.5256500000,0.0519261736,0.4664354879,3.5505128030,0.3956013765,0.0743500000,0.0212326988,0.5466818703,1.9175996927,0.0102523331
