Instance,INF_avg,INF_sd,INF_r1,INF_kr,INF_sk,SUP_avg,SUP_sd,SUP_r1,SUP_kr,SUP_sk,INC_avg,INC_sd,INC_r1,INC_kr,INC_sk,IND_avg,IND_sd,IND_r1,IND_kr,IND_sk
instances/A1/symmetric/50.2.in,0.7125000000,0.0917537465,0.5130544196,1.3297404279,0.0467262132,0.0125000000,0.0082915620,-1.1052631579,1.6280991736,-0.4933822002,0.2750000000,0.0873212460,0.4839537869,1.1988282720,-0.0000000000,0.0725000000,0.0178535711,-0.3419354839,1.1522491349,-0.1153171834
