Instance,INF_avg,INF_sd,INF_r1,INF_kr,INF_sk,SUP_avg,SUP_sd,SUP_r1,SUP_kr,SUP_sk,INC_avg,INC_sd,INC_r1,INC_kr,INC_sk,IND_avg,IND_sd,IND_r1,IND_kr,IND_sk
instances/A2/symmetric/50.6.in,0.9402614989,0.0219852682,0.0290286632,3.1245317268,-1.3914834967,0.0071965449,0.0076929165,-0.2205540897,2.1644535993,0.7423366962,0.0525419561,0.0154026200,0.0449142109,2.9767264136,1.2969851410,0.0270807832,0.0034527805,0.3202493507,2.1665971212,-0.7466417620
