Instance,INF_avg,INF_sd,INF_r1,INF_kr,INF_sk,SUP_avg,SUP_sd,SUP_r1,SUP_kr,SUP_sk,INC_avg,INC_sd,INC_r1,INC_kr,INC_sk,IND_avg,IND_sd,IND_r1,IND_kr,IND_sk
instances/A3/asymmetric/200.4.in,0.6635000000,0.1149576009,0.8672914412,1.5866939942,-0.0063951698,0.0460000000,0.0203469899,0.8187119675,1.3627039137,0.1581261559,0.2905000000,0.0959283587,0.8692397902,1.7155790100,0.0237143474,0.0770000000,0.0186010752,0.8337070254,1.9212302449,-0.1761971609
