Instance,INF_avg,INF_sd,INF_r1,INF_kr,INF_sk,SUP_avg,SUP_sd,SUP_r1,SUP_kr,SUP_sk,INC_avg,INC_sd,INC_r1,INC_kr,INC_sk,IND_avg,IND_sd,IND_r1,IND_kr,IND_sk
instances/A1/asymmetric/8.2.in,0.6435897436,0.1130588246,0.2478264799,4.6966647554,-1.6261022944,0.0989926740,0.0679824640,0.7191814283,1.8223385929,-0.2600065822,0.2574175824,0.0707136430,-0.0261769488,4.9455863799,1.7422758522,0.2098557692,0.0697721365,0.3417849410,4.1142359189,1.4729399473
