Instance,INF_avg,INF_sd,INF_r1,INF_kr,INF_sk,SUP_avg,SUP_sd,SUP_r1,SUP_kr,SUP_sk,INC_avg,INC_sd,INC_r1,INC_kr,INC_sk,IND_avg,IND_sd,IND_r1,IND_kr,IND_sk
instances/A3/symmetric/20.4.in,0.6035290356,0.0426691025,0.4968899469,1.7370962369,0.0807370083,0.0446434448,0.0256459653,0.6828745300,1.6249440043,0.5284127579,0.3518275195,0.0414891671,0.5882128368,1.9463524746,-0.0227174482,0.0788314556,0.0137935268,0.5058339610,1.6999279390,-0.5180684973
