Instance,INF_avg,INF_sd,INF_r1,INF_kr,INF_sk,SUP_avg,SUP_sd,SUP_r1,SUP_kr,SUP_sk,INC_avg,INC_sd,INC_r1,INC_kr,INC_sk,IND_avg,IND_sd,IND_r1,IND_kr,IND_sk
instances/A1/symmetric/20.1.in,0.3890906495,0.0308996991,-0.7740476008,2.6723008593,0.7205748354,0.2579678337,0.0400369393,-0.3584167240,3.3075914985,0.9892786480,0.3529415168,0.0321895948,0.4026838477,1.8614282349,-0.0584989104,0.0549141060,0.0093579372,0.4145501855,1.9015895514,-0.2050341745
