Instance,INF_avg,INF_sd,INF_r1,INF_kr,INF_sk,SUP_avg,SUP_sd,SUP_r1,SUP_kr,SUP_sk,INC_avg,INC_sd,INC_r1,INC_kr,INC_sk,IND_avg,IND_sd,IND_r1,IND_kr,IND_sk
instances/A2/asymmetric/50.6.in,0.6840977825,0.1576351197,0.9207570485,2.0773896776,-0.4359045229,0.0540867256,0.0582127937,0.9336583242,2.2894956708,0.8168272094,0.2618154918,0.1040891891,0.8736494275,2.2130945342,0.1979125169,0.0530510232,0.0147752421,0.5236802220,3.2279473076,0.7100244872
