Instance,INF_avg,INF_sd,INF_r1,INF_kr,INF_sk,SUP_avg,SUP_sd,SUP_r1,SUP_kr,SUP_sk,INC_avg,INC_sd,INC_r1,INC_kr,INC_sk,IND_avg,IND_sd,IND_r1,IND_kr,IND_sk
instances/A1/symmetric/100.1.in,0.4488500000,0.1091852898,0.8005761669,3.3825737789,0.5692350612,0.1762500000,0.0494842147,0.7634717613,4.5744002501,-0.8485566728,0.3749000000,0.0723117556,0.7346648340,2.5330843961,-0.0432439765,0.0629000000,0.0136414809,0.4123493181,3.1074033029,0.2468455162
