Instance,INF_avg,INF_sd,INF_r1,INF_kr,INF_sk,SUP_avg,SUP_sd,SUP_r1,SUP_kr,SUP_sk,INC_avg,INC_sd,INC_r1,INC_kr,INC_sk,IND_avg,IND_sd,IND_r1,IND_kr,IND_sk
instances/A3/symmetric/20.1.in,0.4671006708,0.1458406409,0.8991062346,1.7548244305,-0.1594728823,0.0757920549,0.0602747937,0.8501714435,1.8500631032,0.6566071562,0.4571072742,0.0922358753,0.7977408750,2.1168844394,-0.0231175216,0.0501129328,0.0086892357,0.5561338004,2.0815072837,0.1782063301
