Instance,INF_avg,INF_sd,INF_r1,INF_kr,INF_sk,SUP_avg,SUP_sd,SUP_r1,SUP_kr,SUP_sk,INC_avg,INC_sd,INC_r1,INC_kr,INC_sk,IND_avg,IND_sd,IND_r1,IND_kr,IND_sk
instances/A3/asymmetric/200.4.in,0.4508000000,0.0778547365,0.8164986973,1.9532870094,0.3151736883,0.0886000000,0.0226503863,0.5498939240,2.5035970178,-0.7570626886,0.4606000000,0.0602547923,0.8193622502,1.8416528744,-0.1314221676,0.0784000000,0.0094572723,0.2227907492,3.3218843706,0.7488345235
