Instance,INF_avg,INF_sd,INF_r1,INF_kr,INF_sk,SUP_avg,SUP_sd,SUP_r1,SUP_kr,SUP_sk,INC_avg,INC_sd,INC_r1,INC_kr,INC_sk,IND_avg,IND_sd,IND_r1,IND_kr,IND_sk
instances/A1/symmetric/10.4.in,0.5988255020,0.1141161212,0.3200801624,2.3656817583,0.7208673965,0.1094753200,0.0611134547,0.2516801407,2.4487054779,-0.7839144821,0.2916991780,0.0558768134,0.2402301611,1.9465216940,-0.4771495583,0.1392189097,0.0343798875,-0.2747642102,2.2388731705,0.8057439260
