Instance,INF_avg,INF_sd,INF_r1,INF_kr,INF_sk,SUP_avg,SUP_sd,SUP_r1,SUP_kr,SUP_sk,INC_avg,INC_sd,INC_r1,INC_kr,INC_sk,IND_avg,IND_sd,IND_r1,IND_kr,IND_sk
instances/A1/asymmetric/50.3.in,0.3543500000,0.0608426454,0.6530529436,2.6785226969,0.0407034136,0.2021000000,0.0451784241,0.6789744237,2.2198724605,0.1869240681,0.4435500000,0.0404678576,0.3631186511,2.8028564000,0.2280834390,0.0716000000,0.0112222992,0.2679267829,2.9457122553,-0.1741326453
