Instance,INF_avg,INF_sd,INF_r1,INF_kr,INF_sk,SUP_avg,SUP_sd,SUP_r1,SUP_kr,SUP_sk,INC_avg,INC_sd,INC_r1,INC_kr,INC_sk,IND_avg,IND_sd,IND_r1,IND_kr,IND_sk
instances/A3/symmetric/100.3.in,0.3875000000,0.0470239301,0.4887860449,2.9747366954,0.5838769727,0.0825000000,0.0334850713,0.3203070482,2.4548383128,-0.3805419676,0.5300000000,0.0413521463,0.5523952096,2.5615574023,0.3987998100,0.0740000000,0.0216564078,0.2088242088,2.8276239879,0.5053729588
