Instance,INF_avg,INF_sd,INF_r1,INF_kr,INF_sk,SUP_avg,SUP_sd,SUP_r1,SUP_kr,SUP_sk,INC_avg,INC_sd,INC_r1,INC_kr,INC_sk,IND_avg,IND_sd,IND_r1,IND_kr,IND_sk
instances/A2/symmetric/200.2.in,0.3372000000,0.0297180080,0.3156099737,2.1584366332,-0.1478145269,0.2176000000,0.0299205615,0.2498230219,3.4796753637,0.7322665153,0.4452000000,0.0316537518,-0.0078748951,2.4662791863,0.2957143770,0.0522000000,0.0137898513,0.0041908529,2.9181170908,0.9168729936
