Instance,INF_avg,INF_sd,INF_r1,INF_kr,INF_sk,SUP_avg,SUP_sd,SUP_r1,SUP_kr,SUP_sk,INC_avg,INC_sd,INC_r1,INC_kr,INC_sk,IND_avg,IND_sd,IND_r1,IND_kr,IND_sk
instances/A2/asymmetric/8.2.in,0.3921522922,0.1451343443,0.3582301099,2.2549385356,0.5469596604,0.3177563178,0.1240203657,0.3275444267,2.6018504374,0.0006363154,0.2900913901,0.0450616817,0.2655244935,1.6522837878,0.1150331601,0.2192474192,0.0253367716,0.1969417563,2.1833741449,0.5801415025
