Instance,INF_avg,INF_sd,INF_r1,INF_kr,INF_sk,SUP_avg,SUP_sd,SUP_r1,SUP_kr,SUP_sk,INC_avg,INC_sd,INC_r1,INC_kr,INC_sk,IND_avg,IND_sd,IND_r1,IND_kr,IND_sk
instances/A1/symmetric/5.2.in,0.2650793651,0.1084255959,-0.6239932964,1.8103199422,0.6356437262,0.1841269841,0.0773392236,-0.3777191826,2.9467862671,1.2328338338,0.5507936508,0.1370605279,-0.7289719626,1.5849041847,-0.5899147435,0.4023809524,0.0631738055,-0.4594998134,1.7175635976,0.2322365435
