Instance,INF_avg,INF_sd,INF_r1,INF_kr,INF_sk,SUP_avg,SUP_sd,SUP_r1,SUP_kr,SUP_sk,INC_avg,INC_sd,INC_r1,INC_kr,INC_sk,IND_avg,IND_sd,IND_r1,IND_kr,IND_sk
instances/A3/asymmetric/200.2.in,0.3161538462,0.1295280464,0.2864230986,6.9455728003,1.3450951027,0.0712820513,0.0682822005,0.2624611165,3.2624050744,0.8569117251,0.6125641026,0.1267284185,0.2835159927,5.0525282441,-0.8102079195,0.3620512821,0.0976435035,0.1869449603,3.0536763230,0.1931686170
