Instance,INF_avg,INF_sd,INF_r1,INF_kr,INF_sk,SUP_avg,SUP_sd,SUP_r1,SUP_kr,SUP_sk,INC_avg,INC_sd,INC_r1,INC_kr,INC_sk,IND_avg,IND_sd,IND_r1,IND_kr,IND_sk
instances/A1/symmetric/200.2.in,0.3660000000,0.0345687720,0.2184404505,2.6725673570,0.3233866533,0.1962000000,0.0276325895,0.4975077911,4.1599915356,0.5855431073,0.4378000000,0.0305149144,0.1153454453,2.9496946847,0.3076378423,0.0654000000,0.0112178429,-0.0575952806,2.0704403093,0.2400929371
