Instance,INF_avg,INF_sd,INF_r1,INF_kr,INF_sk,SUP_avg,SUP_sd,SUP_r1,SUP_kr,SUP_sk,INC_avg,INC_sd,INC_r1,INC_kr,INC_sk,IND_avg,IND_sd,IND_r1,IND_kr,IND_sk
instances/A3/symmetric/8.3.in,0.3726806527,0.1270372233,0.3483742161,2.5644863908,0.7303993805,0.0551981352,0.0382311103,-1.1327374996,2.1206284973,0.1469395544,0.5721212121,0.1126262173,0.4151433478,1.8630648839,-0.2083846199,0.2649976690,0.0123135679,0.0669392617,2.7024484687,-0.8613437031
