Instance,INF_avg,INF_sd,INF_r1,INF_kr,INF_sk,SUP_avg,SUP_sd,SUP_r1,SUP_kr,SUP_sk,INC_avg,INC_sd,INC_r1,INC_kr,INC_sk,IND_avg,IND_sd,IND_r1,IND_kr,IND_sk
instances/A3/symmetric/20.5.in,0.3076579804,0.0917228213,0.7242126421,2.7161247404,-0.7605087669,0.1232552011,0.0508744025,0.6403537780,2.1619121214,0.5838845766,0.5690868185,0.0637968607,0.6447232423,2.2929027323,0.4772072972,0.0594327768,0.0137793797,0.1631659431,4.7695816971,1.1088906393
