Instance,INF_avg,INF_sd,INF_r1,INF_kr,INF_sk,SUP_avg,SUP_sd,SUP_r1,SUP_kr,SUP_sk,INC_avg,INC_sd,INC_r1,INC_kr,INC_sk,IND_avg,IND_sd,IND_r1,IND_kr,IND_sk
instances/A3/symmetric/10.3.in,0.4227091691,0.1258253374,0.6174424676,2.1009986817,-0.2448713971,0.0280277923,0.0152473089,0.7294807565,2.2529847748,-0.6938534197,0.5492630385,0.1138872146,0.5447040849,2.2356492228,0.4352596042,0.1737746381,0.0227767784,-0.0716048047,2.0967827287,-0.6594425981
