Instance,INF_avg,INF_sd,INF_r1,INF_kr,INF_sk,SUP_avg,SUP_sd,SUP_r1,SUP_kr,SUP_sk,INC_avg,INC_sd,INC_r1,INC_kr,INC_sk,IND_avg,IND_sd,IND_r1,IND_kr,IND_sk
instances/A2/asymmetric/20.4.in,0.4547790007,0.0216324953,0.5299556488,1.9106176301,0.3355245441,0.2761453021,0.0290491908,0.2695520412,1.2047104945,0.0428973175,0.2690756972,0.0337011301,0.5817326571,1.9751584057,-0.6639307537,0.0444142836,0.0133868081,0.1832765201,2.0444781708,-0.7494131892
