Instance,INF_avg,INF_sd,INF_r1,INF_kr,INF_sk,SUP_avg,SUP_sd,SUP_r1,SUP_kr,SUP_sk,INC_avg,INC_sd,INC_r1,INC_kr,INC_sk,IND_avg,IND_sd,IND_r1,IND_kr,IND_sk
instances/A3/asymmetric/8.2.in,0.4956857957,0.1006289885,0.5401949712,2.3129083413,-0.3880938265,0.1237281237,0.0513316749,-0.1391940797,3.0158741192,0.5802087473,0.3805860806,0.0787164251,0.5365346648,2.0409354288,-0.6768260974,0.1748066748,0.0313541977,-0.4676533822,3.7727227122,-1.3937353437
