Instance,INF_avg,INF_sd,INF_r1,INF_kr,INF_sk,SUP_avg,SUP_sd,SUP_r1,SUP_kr,SUP_sk,INC_avg,INC_sd,INC_r1,INC_kr,INC_sk,IND_avg,IND_sd,IND_r1,IND_kr,IND_sk
instances/A2/asymmetric/20.6.in,0.3819375781,0.0707252411,0.7784137939,1.9034831334,0.0574093800,0.2664209332,0.0476873190,0.4729351034,5.0680116284,0.8594586606,0.3516414887,0.0439753029,0.5332372314,2.1852761821,-0.0351133299,0.0590195485,0.0159196239,0.6184238151,1.5049202005,-0.0146416327
