Instance,INF_avg,INF_sd,INF_r1,INF_kr,INF_sk,SUP_avg,SUP_sd,SUP_r1,SUP_kr,SUP_sk,INC_avg,INC_sd,INC_r1,INC_kr,INC_sk,IND_avg,IND_sd,IND_r1,IND_kr,IND_sk
instances/A3/symmetric/8.4.in,0.5322853073,0.0855007261,-0.1430945328,1.5988724503,-0.4710499147,0.0890923891,0.0756685454,-0.1605681493,1.4416704673,0.0791057407,0.3786223036,0.0358344386,-0.1942499758,1.5612036857,-0.1127649163,0.3321123321,0.0679331108,-0.0204311643,4.6010125082,1.3127898973
