Instance,INF_avg,INF_sd,INF_r1,INF_kr,INF_sk,SUP_avg,SUP_sd,SUP_r1,SUP_kr,SUP_sk,INC_avg,INC_sd,INC_r1,INC_kr,INC_sk,IND_avg,IND_sd,IND_r1,IND_kr,IND_sk
instances/A2/asymmetric/10.6.in,0.6225248124,0.0538872098,0.3475631146,3.0828716722,0.4129621505,0.0955095618,0.0501797090,0.5145612996,2.0459055779,-0.6243823895,0.2819656258,0.0599385766,0.4381151992,1.6174255669,-0.2291464999,0.1681735657,0.0485069347,-0.0458755364,5.5733942861,1.8679375732
