Instance,INF_avg,INF_sd,INF_r1,INF_kr,INF_sk,SUP_avg,SUP_sd,SUP_r1,SUP_kr,SUP_sk,INC_avg,INC_sd,INC_r1,INC_kr,INC_sk,IND_avg,IND_sd,IND_r1,IND_kr,IND_sk
instances/A2/asymmetric/100.2.in,0.3914000000,0.0431397728,0.4606651775,3.0014143938,-0.0872407761,0.1980000000,0.0301330383,0.0414967193,3.1659356867,-0.1160053850,0.4106000000,0.0318220050,0.1171860557,2.8042297329,-0.4387371167,0.0556000000,0.0142351677,0.4009502169,2.8219364632,-0.1213222820
