Instance,INF_avg,INF_sd,INF_r1,INF_kr,INF_sk,SUP_avg,SUP_sd,SUP_r1,SUP_kr,SUP_sk,INC_avg,INC_sd,INC_r1,INC_kr,INC_sk,IND_avg,IND_sd,IND_r1,IND_kr,IND_sk
instances/A3/symmetric/5.5.in,0.1259259259,0.1488870462,0.5993426950,1.4883099696,0.6182037989,0.1327160494,0.0759234166,0.8818701369,2.3352739157,0.0650943940,0.7413580247,0.1218037480,0.4923327290,1.8666860927,0.0142424790,0.4049382716,0.0561965762,0.2531582859,1.3910570802,-0.2093391786
