Instance,INF_avg,INF_sd,INF_r1,INF_kr,INF_sk,SUP_avg,SUP_sd,SUP_r1,SUP_kr,SUP_sk,INC_avg,INC_sd,INC_r1,INC_kr,INC_sk,IND_avg,IND_sd,IND_r1,IND_kr,IND_sk
instances/A3/symmetric/5.5.in,0.2000000000,0.1632993162,0.5238095238,1.1666666667,-0.4082482905,0.0788888889,0.0455961878,0.0122944011,2.2496671199,-0.6284296950,0.7211111111,0.1520396310,0.5259550870,1.3465564566,0.3031671877,0.3822222222,0.0602873776,-0.2164579606,1.2562618147,0.4495377033
