Instance,INF_avg,INF_sd,INF_r1,INF_kr,INF_sk,SUP_avg,SUP_sd,SUP_r1,SUP_kr,SUP_sk,INC_avg,INC_sd,INC_r1,INC_kr,INC_sk,IND_avg,IND_sd,IND_r1,IND_kr,IND_sk
instances/A2/asymmetric/50.5.in,0.2920000000,0.0596992462,0.7864783118,2.1005150646,0.3446851071,0.1844000000,0.0217402852,0.2107533997,3.0051774466,0.6536013006,0.5236000000,0.0542129136,0.7767936979,2.5149462824,-0.2392352339,0.0586000000,0.0133056379,0.0856016449,2.2412708742,-0.2456616561
