Instance,INF_avg,INF_sd,INF_r1,INF_kr,INF_sk,SUP_avg,SUP_sd,SUP_r1,SUP_kr,SUP_sk,INC_avg,INC_sd,INC_r1,INC_kr,INC_sk,IND_avg,IND_sd,IND_r1,IND_kr,IND_sk
instances/A2/asymmetric/5.1.in,0.4977777778,0.0969663299,-0.7359050445,1.9700762658,-0.6898348774,0.1000000000,0.0888888889,-0.5316901408,1.4189453125,0.0351562500,0.4022222222,0.0645592847,0.5424693520,1.6075166775,0.2647676015,0.4144444444,0.1181963213,0.4057849810,2.0101897781,0.1771152434
