Instance,INF_avg,INF_sd,INF_r1,INF_kr,INF_sk,SUP_avg,SUP_sd,SUP_r1,SUP_kr,SUP_sk,INC_avg,INC_sd,INC_r1,INC_kr,INC_sk,IND_avg,IND_sd,IND_r1,IND_kr,IND_sk
instances/A2/asymmetric/8.4.in,0.7004807692,0.0557902738,0.4367385819,3.7634376916,-1.4523827161,0.0226190476,0.0297142476,0.1399524119,1.4796652659,0.6131166041,0.2769001832,0.0596174550,0.5121620484,2.0849983230,0.3126649108,0.2375801282,0.0579047548,0.8069002955,4.1188291220,1.4912423618
