Instance,INF_avg,INF_sd,INF_r1,INF_kr,INF_sk,SUP_avg,SUP_sd,SUP_r1,SUP_kr,SUP_sk,INC_avg,INC_sd,INC_r1,INC_kr,INC_sk,IND_avg,IND_sd,IND_r1,IND_kr,IND_sk
instances/A2/asymmetric/8.4.in,0.6774358974,0.0593874911,0.3479793498,2.2517008982,-0.8877059580,0.0228571429,0.0286348502,-0.2396006656,1.4512099616,0.5403933775,0.2997069597,0.0617919079,0.5152771676,2.0184498764,-0.3053596368,0.2117948718,0.0217107065,0.1282529725,1.1945929597,0.3450298054
