Instance,INF_avg,INF_sd,INF_r1,INF_kr,INF_sk,SUP_avg,SUP_sd,SUP_r1,SUP_kr,SUP_sk,INC_avg,INC_sd,INC_r1,INC_kr,INC_sk,IND_avg,IND_sd,IND_r1,IND_kr,IND_sk
instances/A2/asymmetric/5.1.in,0.2277777778,0.1257078722,-0.2396986108,1.5096130371,0.0790661391,0.2925925926,0.0909860629,-0.1731377082,1.8253370802,-0.1800080721,0.4796296296,0.0469947316,-0.4954741379,1.8482504533,-0.3082686511,0.3314814815,0.0474305499,0.2117567339,2.3230034206,-0.1768858309
