Instance,INF_avg,INF_sd,INF_r1,INF_kr,INF_sk,SUP_avg,SUP_sd,SUP_r1,SUP_kr,SUP_sk,INC_avg,INC_sd,INC_r1,INC_kr,INC_sk,IND_avg,IND_sd,IND_r1,IND_kr,IND_sk
instances/A2/asymmetric/5.1.in,0.2266666667,0.1436043949,-0.0665137615,1.2285969084,0.3169627324,0.2933333333,0.1083205121,-0.0338345865,1.4421487603,-0.3804646085,0.4800000000,0.0498887652,-0.4814814815,1.8469387755,-0.3436215967,0.3466666667,0.0498887652,0.5588235294,1.8469387755,-0.3436215967
