Instance,INF_avg,INF_sd,INF_r1,INF_kr,INF_sk,SUP_avg,SUP_sd,SUP_r1,SUP_kr,SUP_sk,INC_avg,INC_sd,INC_r1,INC_kr,INC_sk,IND_avg,IND_sd,IND_r1,IND_kr,IND_sk
instances/A3/asymmetric/5.2.in,0.3277777778,0.1088662108,0.0703177823,1.5389811198,-0.2288423034,0.1333333333,0.0272165527,0.0384615385,1.1666666667,0.4082482905,0.5388888889,0.0853460639,0.0740740741,1.6197213444,0.1588746032,0.4500000000,0.0272165527,-0.4705882353,2.7291666667,0.8675276172
