Instance,INF_avg,INF_sd,INF_r1,INF_kr,INF_sk,SUP_avg,SUP_sd,SUP_r1,SUP_kr,SUP_sk,INC_avg,INC_sd,INC_r1,INC_kr,INC_sk,IND_avg,IND_sd,IND_r1,IND_kr,IND_sk
instances/A3/asymmetric/50.1.in,0.6985000000,0.0814877291,0.8162596232,1.7724114427,-0.5063362785,0.0365000000,0.0230271579,0.9382910396,1.8283248208,0.0285008773,0.2650000000,0.0597494770,0.7620504973,1.7717086835,0.5991402960,0.0620000000,0.0155241747,0.3485051316,1.8905838398,0.1258911913
