Instance,INF_avg,INF_sd,INF_r1,INF_kr,INF_sk,SUP_avg,SUP_sd,SUP_r1,SUP_kr,SUP_sk,INC_avg,INC_sd,INC_r1,INC_kr,INC_sk,IND_avg,IND_sd,IND_r1,IND_kr,IND_sk
instances/A3/symmetric/20.1.in,0.5489965097,0.2439369339,0.9357706546,2.2502549906,-0.4045154382,0.0568242433,0.0529078421,0.7721044769,4.5480477418,1.3663972167,0.3941792470,0.1983181830,0.9372843154,2.1158871473,0.2100948743,0.1048725817,0.0277462687,-0.0470965739,5.6090500611,1.5329714957
