Instance,INF_avg,INF_sd,INF_r1,INF_kr,INF_sk,SUP_avg,SUP_sd,SUP_r1,SUP_kr,SUP_sk,INC_avg,INC_sd,INC_r1,INC_kr,INC_sk,IND_avg,IND_sd,IND_r1,IND_kr,IND_sk
instances/A1/asymmetric/5.6.in,0.0666666667,0.0596284794,-0.3333333333,1.2500000000,-0.0000000000,0.2533333333,0.1146976702,-0.3983050847,2.6519357195,1.0179522960,0.6800000000,0.1146976702,-0.0569105691,2.6519357195,-1.0179522960,0.3733333333,0.0326598632,-0.6666666667,1.1666666667,-0.4082482905
