Instance,INF_avg,INF_sd,INF_r1,INF_kr,INF_sk,SUP_avg,SUP_sd,SUP_r1,SUP_kr,SUP_sk,INC_avg,INC_sd,INC_r1,INC_kr,INC_sk,IND_avg,IND_sd,IND_r1,IND_kr,IND_sk
instances/A1/asymmetric/5.6.in,0.1444444444,0.1085823349,0.5690607735,1.9411885639,0.2247485571,0.2907407407,0.1284069320,0.0230796971,1.6813979612,0.4866318629,0.5648148148,0.1795818951,0.8612925219,1.8787352767,-0.4056184945,0.3925925926,0.0509848144,-0.0416353525,2.8079482877,0.5398410908
