Instance,INF_avg,INF_sd,INF_r1,INF_kr,INF_sk,SUP_avg,SUP_sd,SUP_r1,SUP_kr,SUP_sk,INC_avg,INC_sd,INC_r1,INC_kr,INC_sk,IND_avg,IND_sd,IND_r1,IND_kr,IND_sk
instances/A3/asymmetric/50.5.in,0.4474000000,0.0738528266,0.6175016456,5.4881253834,1.8468352953,0.0990000000,0.0347275107,0.7151214549,3.6267625389,0.9804834999,0.4536000000,0.0632853854,0.5716670763,4.1423994391,-1.4048780315,0.0788000000,0.0139484766,0.1511649285,2.7462443936,-0.3271615051
