Instance,INF_avg,INF_sd,INF_r1,INF_kr,INF_sk,SUP_avg,SUP_sd,SUP_r1,SUP_kr,SUP_sk,INC_avg,INC_sd,INC_r1,INC_kr,INC_sk,IND_avg,IND_sd,IND_r1,IND_kr,IND_sk
instances/A1/symmetric/200.2.in,0.2790000000,0.0255734237,-0.2674187127,1.9157618607,-0.1352464823,0.1670000000,0.0193907194,-0.0218978102,2.3587596197,-0.2830922144,0.5540000000,0.0391663121,-0.0010463900,1.2578350097,-0.0136815020,0.1060000000,0.0058309519,0.1044776119,1.6280276817,0.3631734744
