Instance,INF_avg,INF_sd,INF_r1,INF_kr,INF_sk,SUP_avg,SUP_sd,SUP_r1,SUP_kr,SUP_sk,INC_avg,INC_sd,INC_r1,INC_kr,INC_sk,IND_avg,IND_sd,IND_r1,IND_kr,IND_sk
instances/A2/symmetric/20.4.in,0.3300000000,0.0370135110,0.3373493976,1.7540891896,0.5679520050,0.3300000000,0.0556776436,0.6012024048,1.3101456816,-0.2346456365,0.3400000000,0.0277488739,0.0762711864,2.4359082476,0.8424350301,0.0480000000,0.0107703296,-0.2530413625,1.7636741974,0.4034071140
