Instance,INF_avg,INF_sd,INF_r1,INF_kr,INF_sk,SUP_avg,SUP_sd,SUP_r1,SUP_kr,SUP_sk,INC_avg,INC_sd,INC_r1,INC_kr,INC_sk,IND_avg,IND_sd,IND_r1,IND_kr,IND_sk
instances/A3/symmetric/5.4.in,0.0555555556,0.1111111111,-0.2857142857,4.5000000000,1.7500000000,0.2351851852,0.1050967339,0.0528590188,1.9828857215,-0.1488927632,0.7092592593,0.1256098474,0.2124302021,2.1266332680,-0.0189721441,0.4039682540,0.0420560041,-0.0665542347,2.3571450313,-0.6150640679
