Instance,INF_avg,INF_sd,INF_r1,INF_kr,INF_sk,SUP_avg,SUP_sd,SUP_r1,SUP_kr,SUP_sk,INC_avg,INC_sd,INC_r1,INC_kr,INC_sk,IND_avg,IND_sd,IND_r1,IND_kr,IND_sk
instances/A2/symmetric/50.6.in,0.3930000000,0.0352278299,-0.2244155004,2.5189629636,0.0338306624,0.1705000000,0.0212661703,-0.0072903334,2.0665229225,0.3752485465,0.4365000000,0.0202546291,-0.4102798610,2.4921476292,-0.0736509813,0.0580000000,0.0105356538,-0.4104882459,2.8923788654,0.3411838201
