Instance,INF_avg,INF_sd,INF_r1,INF_kr,INF_sk,SUP_avg,SUP_sd,SUP_r1,SUP_kr,SUP_sk,INC_avg,INC_sd,INC_r1,INC_kr,INC_sk,IND_avg,IND_sd,IND_r1,IND_kr,IND_sk
instances/A1/symmetric/20.6.in,0.4069098599,0.0555939360,0.2913888741,1.2073403541,0.3549556103,0.2148612213,0.0464638920,0.2855593230,1.2610960738,-0.3265474723,0.3782289188,0.0106450219,0.1511139709,2.3230318192,-0.9556063147,0.0524134285,0.0088177166,-0.3663391277,1.9765013566,0.3727703450
