Instance,INF_avg,INF_sd,INF_r1,INF_kr,INF_sk,SUP_avg,SUP_sd,SUP_r1,SUP_kr,SUP_sk,INC_avg,INC_sd,INC_r1,INC_kr,INC_sk,IND_avg,IND_sd,IND_r1,IND_kr,IND_sk
instances/A3/symmetric/20.3.in,0.2033185930,0.0856793233,0.6991446437,2.7012998803,-0.0955726900,0.1723170854,0.0633967327,0.6922522773,2.8390168804,0.5611128895,0.6243643216,0.0494897204,0.5165915305,2.8608816237,-0.3689250488,0.0845070352,0.0176365644,0.4772417381,2.5374777849,0.4078266661
