Instance,INF_avg,INF_sd,INF_r1,INF_kr,INF_sk,SUP_avg,SUP_sd,SUP_r1,SUP_kr,SUP_sk,INC_avg,INC_sd,INC_r1,INC_kr,INC_sk,IND_avg,IND_sd,IND_r1,IND_kr,IND_sk
instances/A3/asymmetric/20.4.in,0.5243753896,0.0590870810,0.6010842615,1.6599642220,0.2725740864,0.0529688641,0.0230566036,0.7256100142,1.7297251561,0.1881140917,0.4226557463,0.0367277292,0.5276203909,1.7420166429,-0.5085720540,0.0746080526,0.0074813918,-0.3851433527,1.8446971152,-0.2844811600
