Instance,INF_avg,INF_sd,INF_r1,INF_kr,INF_sk,SUP_avg,SUP_sd,SUP_r1,SUP_kr,SUP_sk,INC_avg,INC_sd,INC_r1,INC_kr,INC_sk,IND_avg,IND_sd,IND_r1,IND_kr,IND_sk
instances/A3/asymmetric/20.4.in,0.4657354494,0.0894900152,0.7898358893,1.7555974506,0.2345212808,0.0952278969,0.0578986789,0.8087259365,1.4448178693,0.2715132652,0.4390366536,0.0370749043,0.5844349251,2.6833550437,-0.8833888656,0.0658863651,0.0128978774,0.4736416509,1.5555774353,-0.0434374256
