Instance,INF_avg,INF_sd,INF_r1,INF_kr,INF_sk,SUP_avg,SUP_sd,SUP_r1,SUP_kr,SUP_sk,INC_avg,INC_sd,INC_r1,INC_kr,INC_sk,IND_avg,IND_sd,IND_r1,IND_kr,IND_sk
instances/A3/symmetric/5.1.in,0.3977777778,0.1333611082,0.3958521190,1.6664584201,0.1702026400,0.1333333333,0.0753592220,-0.4932126697,2.3638941399,-0.7500308204,0.4688888889,0.0999135429,0.6234197378,1.4121194011,0.0331806369,0.4411111111,0.0339934634,-0.2642993327,2.2826402586,0.6120248192
