Instance,INF_avg,INF_sd,INF_r1,INF_kr,INF_sk,SUP_avg,SUP_sd,SUP_r1,SUP_kr,SUP_sk,INC_avg,INC_sd,INC_r1,INC_kr,INC_sk,IND_avg,IND_sd,IND_r1,IND_kr,IND_sk
instances/A3/asymmetric/20.3.in,0.5369110504,0.0347673894,-0.6412853081,2.1376190194,0.3464017018,0.0938866620,0.0207372165,-0.1877457061,2.5245540177,-0.9324794370,0.3692022876,0.0330086765,-0.0658764389,2.0032722632,0.0583500054,0.0900255241,0.0297021532,0.3293162428,3.3033949975,1.3896995023
