Instance,INF_avg,INF_sd,INF_r1,INF_kr,INF_sk,SUP_avg,SUP_sd,SUP_r1,SUP_kr,SUP_sk,INC_avg,INC_sd,INC_r1,INC_kr,INC_sk,IND_avg,IND_sd,IND_r1,IND_kr,IND_sk
instances/A3/asymmetric/200.5.in,0.2922000000,0.0253013834,0.0427870008,3.3905738449,-0.5785480294,0.1506000000,0.0208000000,-0.1501621843,2.3961865270,0.4851733187,0.5572000000,0.0297011784,0.0088610828,2.5825739165,0.2500686270,0.1110000000,0.0238746728,0.1736853280,3.4617359187,0.9871725270
