Instance,INF_avg,INF_sd,INF_r1,INF_kr,INF_sk,SUP_avg,SUP_sd,SUP_r1,SUP_kr,SUP_sk,INC_avg,INC_sd,INC_r1,INC_kr,INC_sk,IND_avg,IND_sd,IND_r1,IND_kr,IND_sk
instances/A1/symmetric/100.1.in,0.3850500000,0.0477571722,0.3574626902,4.3261336632,-0.4814072236,0.1645500000,0.0310732602,0.4241862076,2.8542794297,0.4202897269,0.4504000000,0.0355012676,0.1488580915,4.1170014994,0.4644238866,0.0640000000,0.0104880885,0.2545104863,2.8704958678,-0.2613354279
