Instance,INF_avg,INF_sd,INF_r1,INF_kr,INF_sk,SUP_avg,SUP_sd,SUP_r1,SUP_kr,SUP_sk,INC_avg,INC_sd,INC_r1,INC_kr,INC_sk,IND_avg,IND_sd,IND_r1,IND_kr,IND_sk
instances/A1/symmetric/10.3.in,0.5466359877,0.0958815993,0.6894233992,2.0630509949,-0.4465382628,0.2112671735,0.0525209026,0.2157442478,2.7695573748,-1.2040368757,0.2420968387,0.0665838536,0.6577963553,2.7264704169,1.0838946706,0.1421553066,0.0380240949,0.0228349861,2.3565557915,0.3741148136
