Instance,INF_avg,INF_sd,INF_r1,INF_kr,INF_sk,SUP_avg,SUP_sd,SUP_r1,SUP_kr,SUP_sk,INC_avg,INC_sd,INC_r1,INC_kr,INC_sk,IND_avg,IND_sd,IND_r1,IND_kr,IND_sk
instances/A1/symmetric/10.3.in,0.5189045989,0.0781115113,0.4847047881,2.6172921381,0.4109202662,0.1933595660,0.0461142118,0.4480983954,1.9000877590,-0.2969316967,0.2877358351,0.0729406370,0.7292761006,1.4114774423,-0.2272934105,0.1096630010,0.0463528351,0.4329782789,2.4627216962,0.7635350138
