Instance,INF_avg,INF_sd,INF_r1,INF_kr,INF_sk,SUP_avg,SUP_sd,SUP_r1,SUP_kr,SUP_sk,INC_avg,INC_sd,INC_r1,INC_kr,INC_sk,IND_avg,IND_sd,IND_r1,IND_kr,IND_sk
instances/A1/symmetric/10.5.in,0.2736493136,0.0611295917,-0.7565035253,1.4741835786,-0.2658576527,0.2521600622,0.0869507546,-0.3805847332,2.0957085746,-0.3779376613,0.4741906242,0.0807356777,0.4454651644,1.8599297662,-0.2942908379,0.1612173012,0.0292342593,-0.3162630912,2.1657348643,0.6184349665
