Instance,INF_avg,INF_sd,INF_r1,INF_kr,INF_sk,SUP_avg,SUP_sd,SUP_r1,SUP_kr,SUP_sk,INC_avg,INC_sd,INC_r1,INC_kr,INC_sk,IND_avg,IND_sd,IND_r1,IND_kr,IND_sk
instances/A2/asymmetric/10.3.in,0.3232867133,0.0188857803,-1.1802684357,2.7434633696,-0.8933546350,0.2602097902,0.0488402342,-0.2431711325,1.5852299836,-0.1021439582,0.4165034965,0.0345474363,0.0447893290,1.2303655049,0.3285804319,0.1116083916,0.0329098071,0.1099818711,1.7277837353,0.4582922325
