Instance,INF_avg,INF_sd,INF_r1,INF_kr,INF_sk,SUP_avg,SUP_sd,SUP_r1,SUP_kr,SUP_sk,INC_avg,INC_sd,INC_r1,INC_kr,INC_sk,IND_avg,IND_sd,IND_r1,IND_kr,IND_sk
instances/A3/symmetric/10.6.in,0.3983821734,0.1339480996,0.7426269383,1.4881498528,-0.5293417964,0.1405389848,0.0645485900,0.2784340639,1.2703222738,0.3072711198,0.4610788418,0.0780856227,0.7903297663,2.1650808142,0.6796186542,0.1480795395,0.0223833959,0.4521837172,1.2446245243,0.2948757912
