Instance,INF_avg,INF_sd,INF_r1,INF_kr,INF_sk,SUP_avg,SUP_sd,SUP_r1,SUP_kr,SUP_sk,INC_avg,INC_sd,INC_r1,INC_kr,INC_sk,IND_avg,IND_sd,IND_r1,IND_kr,IND_sk
instances/A2/asymmetric/8.1.in,0.6827472527,0.0552966043,0.2387539831,1.2822436706,-0.0975152759,0.0572893773,0.0325241724,-0.1505424361,2.3254924655,-0.7318115055,0.2599633700,0.0460291938,-0.1231174339,1.9195491804,0.3497928726,0.2198168498,0.0595370963,0.3370675132,1.2499381354,-0.3093679537
