Instance,INF_avg,INF_sd,INF_r1,INF_kr,INF_sk,SUP_avg,SUP_sd,SUP_r1,SUP_kr,SUP_sk,INC_avg,INC_sd,INC_r1,INC_kr,INC_sk,IND_avg,IND_sd,IND_r1,IND_kr,IND_sk
instances/A2/asymmetric/5.3.in,0.3800000000,0.1176204400,-0.0214685529,1.6076523887,0.1588249774,0.2166666667,0.1494847116,0.2434727902,1.6474848143,-0.1053342257,0.4033333333,0.1034944980,-0.4415070774,2.7334799676,1.1871459154,0.4255555556,0.0978535060,-0.2832774137,2.3358696696,0.7995589080
