Instance,INF_avg,INF_sd,INF_r1,INF_kr,INF_sk,SUP_avg,SUP_sd,SUP_r1,SUP_kr,SUP_sk,INC_avg,INC_sd,INC_r1,INC_kr,INC_sk,IND_avg,IND_sd,IND_r1,IND_kr,IND_sk
instances/A3/symmetric/20.3.in,0.6427679312,0.1024738516,0.8785942618,1.7977350214,0.0192929413,0.0738973842,0.0516835788,0.9083199752,2.3913142014,1.0602254165,0.2833346846,0.0657705740,0.5489363300,2.1049368286,-0.6751001052,0.0861151125,0.0222078684,0.7532691877,2.2625669749,0.7558052751
