Instance,INF_avg,INF_sd,INF_r1,INF_kr,INF_sk,SUP_avg,SUP_sd,SUP_r1,SUP_kr,SUP_sk,INC_avg,INC_sd,INC_r1,INC_kr,INC_sk,IND_avg,IND_sd,IND_r1,IND_kr,IND_sk
instances/A2/asymmetric/8.3.in,0.4863003663,0.0759727094,-0.0197557748,1.7531672808,0.1008363464,0.2153113553,0.0606283653,-0.6867996984,1.8343335315,0.1237463377,0.2983882784,0.0405728546,0.1260969876,1.5448779846,-0.2953834517,0.1775824176,0.0571698067,-0.1957755987,1.7447834781,0.2559762659
