Instance,INF_avg,INF_sd,INF_r1,INF_kr,INF_sk,SUP_avg,SUP_sd,SUP_r1,SUP_kr,SUP_sk,INC_avg,INC_sd,INC_r1,INC_kr,INC_sk,IND_avg,IND_sd,IND_r1,IND_kr,IND_sk
instances/A2/asymmetric/10.4.in,0.5640136491,0.0769652813,-0.1699651918,3.4999786254,1.0655280458,0.1667844441,0.0619547045,0.1073828174,3.5070831479,-0.2598983385,0.2692019068,0.0402153312,0.2284892520,1.3609058033,0.1661876191,0.1453391803,0.0204485136,0.3149698802,2.1248908962,0.0371030593
