Instance,INF_avg,INF_sd,INF_r1,INF_kr,INF_sk,SUP_avg,SUP_sd,SUP_r1,SUP_kr,SUP_sk,INC_avg,INC_sd,INC_r1,INC_kr,INC_sk,IND_avg,IND_sd,IND_r1,IND_kr,IND_sk
instances/A1/asymmetric/10.2.in,0.5475732268,0.0719311817,-0.0815684421,1.9605883778,-0.3560588158,0.1767247640,0.0748075831,-0.2466009343,2.5951237255,0.4706183616,0.2757020092,0.0435517033,-0.1543682949,3.5677325782,-1.0566921426,0.1249273784,0.0241849828,-0.4244095393,2.4669221534,-0.7793477971
