Instance,INF_avg,INF_sd,INF_r1,INF_kr,INF_sk,SUP_avg,SUP_sd,SUP_r1,SUP_kr,SUP_sk,INC_avg,INC_sd,INC_r1,INC_kr,INC_sk,IND_avg,IND_sd,IND_r1,IND_kr,IND_sk
instances/A2/symmetric/20.1.in,0.7484774653,0.0963889901,0.5198960105,1.6312326227,0.4999974426,0.0515935369,0.0316616722,0.0514799908,2.5029093956,-0.1505699895,0.1999289978,0.0710766477,0.4970406497,1.2898316180,-0.4184816813,0.0817942639,0.0164218897,-0.5743720596,2.6960647742,-0.9848513349
