Instance,INF_avg,INF_sd,INF_r1,INF_kr,INF_sk,SUP_avg,SUP_sd,SUP_r1,SUP_kr,SUP_sk,INC_avg,INC_sd,INC_r1,INC_kr,INC_sk,IND_avg,IND_sd,IND_r1,IND_kr,IND_sk
instances/A1/asymmetric/5.4.in,0.5377777778,0.1036613670,-0.5562913907,3.1040224913,-1.4035141564,0.0888888889,0.1088662108,-0.6666666667,1.1666666667,0.4082482905,0.3733333333,0.0774915368,-0.2183544304,3.0422437673,-1.3040473294,0.4577777778,0.0738366566,0.1101385850,2.9034341525,1.2352635360
