Instance,INF_avg,INF_sd,INF_r1,INF_kr,INF_sk,SUP_avg,SUP_sd,SUP_r1,SUP_kr,SUP_sk,INC_avg,INC_sd,INC_r1,INC_kr,INC_sk,IND_avg,IND_sd,IND_r1,IND_kr,IND_sk
instances/A2/asymmetric/5.2.in,0.3561728395,0.2282582173,0.8141962256,1.2889867674,-0.2658849347,0.3030864198,0.1953350172,0.4580823804,1.7909741090,-0.3944471271,0.3407407407,0.0895040442,0.0780487805,1.5455995496,-0.3355771822,0.3654320988,0.1143292534,0.4125791139,2.6326515162,0.5512197759
