Instance,INF_avg,INF_sd,INF_r1,INF_kr,INF_sk,SUP_avg,SUP_sd,SUP_r1,SUP_kr,SUP_sk,INC_avg,INC_sd,INC_r1,INC_kr,INC_sk,IND_avg,IND_sd,IND_r1,IND_kr,IND_sk
instances/A3/symmetric/50.2.in,0.8290742950,0.0546846574,0.8955569742,1.5459455911,-0.1165703261,0.0186986392,0.0105586308,0.6669585088,2.1815707214,-0.1375452518,0.1522270657,0.0446584594,0.9208458724,1.5458118291,0.1205029414,0.0631947525,0.0142823060,0.4411406292,2.1259133045,0.3516194410
