Instance,INF_avg,INF_sd,INF_r1,INF_kr,INF_sk,SUP_avg,SUP_sd,SUP_r1,SUP_kr,SUP_sk,INC_avg,INC_sd,INC_r1,INC_kr,INC_sk,IND_avg,IND_sd,IND_r1,IND_kr,IND_sk
instances/A1/symmetric/8.2.in,0.4827838828,0.0212832807,0.0239188210,2.9653028908,1.2156797082,0.0937728938,0.0770659758,0.1569967104,2.4613167650,0.7202235913,0.4234432234,0.0616691443,0.0982448207,2.6964150130,-1.0719846567,0.2842490842,0.0324832224,-0.0156727051,2.5121578534,-0.2024281959
