Instance,INF_avg,INF_sd,INF_r1,INF_kr,INF_sk,SUP_avg,SUP_sd,SUP_r1,SUP_kr,SUP_sk,INC_avg,INC_sd,INC_r1,INC_kr,INC_sk,IND_avg,IND_sd,IND_r1,IND_kr,IND_sk
instances/A2/symmetric/20.2.in,0.6295549569,0.0569466183,0.4351092233,2.8301442427,-1.0847368353,0.0866132001,0.0155580213,-0.0811645283,1.6609151380,0.1532242743,0.2838318430,0.0512161176,0.7309274272,2.2479653935,0.9386739537,0.0586398179,0.0180524118,0.5066288710,2.1603214569,0.2832010373
