Instance,INF_avg,INF_sd,INF_r1,INF_kr,INF_sk,SUP_avg,SUP_sd,SUP_r1,SUP_kr,SUP_sk,INC_avg,INC_sd,INC_r1,INC_kr,INC_sk,IND_avg,IND_sd,IND_r1,IND_kr,IND_sk
instances/A2/symmetric/10.4.in,0.4687062937,0.0463750263,0.1627427437,2.4641201687,0.2551747673,0.1492851593,0.0499422083,-0.3145779536,2.8156090768,1.1691988478,0.3820085470,0.0369326713,0.1206573410,1.6312911495,0.1780737388,0.1069347319,0.0197927356,-0.3270098687,2.0433706723,-0.2947620740
