Instance,INF_avg,INF_sd,INF_r1,INF_kr,INF_sk,SUP_avg,SUP_sd,SUP_r1,SUP_kr,SUP_sk,INC_avg,INC_sd,INC_r1,INC_kr,INC_sk,IND_avg,IND_sd,IND_r1,IND_kr,IND_sk
instances/A1/asymmetric/200.5.in,0.3110000000,0.0421248145,0.4150355620,3.4411250583,0.0555247245,0.1821500000,0.0350446501,0.6419747711,2.4783088685,-0.1225649798,0.5068500000,0.0353670397,0.0480563429,2.6425483532,0.1031990359,0.0655000000,0.0147394030,0.1002049893,3.1865747834,0.7242042530
