Instance,INF_avg,INF_sd,INF_r1,INF_kr,INF_sk,SUP_avg,SUP_sd,SUP_r1,SUP_kr,SUP_sk,INC_avg,INC_sd,INC_r1,INC_kr,INC_sk,IND_avg,IND_sd,IND_r1,IND_kr,IND_sk
instances/A2/asymmetric/50.6.in,0.5630000000,0.0351567917,-0.3138851199,2.3780987841,-0.8279138892,0.1330000000,0.0222710575,-0.3687150838,2.7036940687,1.1210847078,0.3040000000,0.0135646600,-0.3465553236,1.9651465028,0.1514485311,0.0570000000,0.0081240384,-0.8322981366,2.2685950413,0.1790421687
