Instance,INF_avg,INF_sd,INF_r1,INF_kr,INF_sk,SUP_avg,SUP_sd,SUP_r1,SUP_kr,SUP_sk,INC_avg,INC_sd,INC_r1,INC_kr,INC_sk,IND_avg,IND_sd,IND_r1,IND_kr,IND_sk
instances/A1/symmetric/20.6.in,0.5570989590,0.0401113945,-0.4093330721,2.1962406123,-0.1408728825,0.1190176063,0.0525454735,0.0503441131,3.8726767079,1.0913509142,0.3238834347,0.0292700392,0.2608466632,2.0328939412,-0.2235890125,0.0461008951,0.0081839608,-0.6144586836,1.5420899018,0.0251993769
