Instance,INF_avg,INF_sd,INF_r1,INF_kr,INF_sk,SUP_avg,SUP_sd,SUP_r1,SUP_kr,SUP_sk,INC_avg,INC_sd,INC_r1,INC_kr,INC_sk,IND_avg,IND_sd,IND_r1,IND_kr,IND_sk
instances/A2/asymmetric/5.3.in,0.4763888889,0.0722622752,-0.1819745442,2.2762724778,1.0670249695,0.0277777778,0.0481125224,-0.4545454545,2.3333333333,1.1547005384,0.4958333333,0.0759075746,-0.9585362460,1.2248435330,-0.0759694344,0.4055555556,0.0907785258,-0.1958762887,2.0640070698,0.8760397058
