Instance,INF_avg,INF_sd,INF_r1,INF_kr,INF_sk,SUP_avg,SUP_sd,SUP_r1,SUP_kr,SUP_sk,INC_avg,INC_sd,INC_r1,INC_kr,INC_sk,IND_avg,IND_sd,IND_r1,IND_kr,IND_sk
instances/A2/asymmetric/200.4.in,0.4900000000,0.0327108545,-0.5185185185,1.8798585029,0.1157122549,0.1750000000,0.0089442719,-0.1333333333,1.9531250000,-0.6288941187,0.3350000000,0.0344963766,-0.7673267327,1.7910105219,-0.4055961237,0.0660000000,0.0066332496,-0.2328767123,2.2169421488,-0.3700366502
