Instance,INF_avg,INF_sd,INF_r1,INF_kr,INF_sk,SUP_avg,SUP_sd,SUP_r1,SUP_kr,SUP_sk,INC_avg,INC_sd,INC_r1,INC_kr,INC_sk,IND_avg,IND_sd,IND_r1,IND_kr,IND_sk
instances/A2/asymmetric/100.6.in,0.5117391304,0.0766973446,0.8122425196,2.7341183542,-0.0639899281,0.0847101449,0.0493573487,0.8887139590,2.5051238134,0.2896543365,0.4035507246,0.0383169604,0.4698727368,3.3002625714,0.3105381959,0.0565217391,0.0119874435,0.3796013518,2.6139266349,-0.2219728263
