Instance,INF_avg,INF_sd,INF_r1,INF_kr,INF_sk,SUP_avg,SUP_sd,SUP_r1,SUP_kr,SUP_sk,INC_avg,INC_sd,INC_r1,INC_kr,INC_sk,IND_avg,IND_sd,IND_r1,IND_kr,IND_sk
instances/A3/asymmetric/20.5.in,0.7075055622,0.1163719742,0.4336546519,1.1674281870,0.4068861850,0.0315935369,0.0258109077,0.4467847210,1.1685943234,-0.4047161213,0.2609009009,0.0905651439,0.4298937865,1.1672342304,-0.4072330302,0.1353328227,0.0157950762,-0.1220758657,2.0729537170,-0.7158114124
