Instance,INF_avg,INF_sd,INF_r1,INF_kr,INF_sk,SUP_avg,SUP_sd,SUP_r1,SUP_kr,SUP_sk,INC_avg,INC_sd,INC_r1,INC_kr,INC_sk,IND_avg,IND_sd,IND_r1,IND_kr,IND_sk
instances/A1/asymmetric/200.6.in,0.2935000000,0.0284648907,-0.1169008405,2.3654670028,-0.2271103542,0.1875000000,0.0251246891,0.2142088267,2.9627879620,-0.3901333934,0.5190000000,0.0267207784,0.0172864614,1.7304215804,0.0009434637,0.0645000000,0.0205487226,-0.2492126811,1.6560809837,-0.0235112479
