Instance,INF_avg,INF_sd,INF_r1,INF_kr,INF_sk,SUP_avg,SUP_sd,SUP_r1,SUP_kr,SUP_sk,INC_avg,INC_sd,INC_r1,INC_kr,INC_sk,IND_avg,IND_sd,IND_r1,IND_kr,IND_sk
instances/A3/asymmetric/50.2.in,0.3391304348,0.1661302015,0.2887021809,3.8534734472,0.6363185755,0.1000000000,0.0978019294,0.2307692308,2.9462809917,0.7436179755,0.5608695652,0.1729684493,0.1936568441,2.7182253478,-0.0911013808,0.4898550725,0.1475843434,-0.0164712351,2.9440279383,0.0667815486
