Instance,INF_avg,INF_sd,INF_r1,INF_kr,INF_sk,SUP_avg,SUP_sd,SUP_r1,SUP_kr,SUP_sk,INC_avg,INC_sd,INC_r1,INC_kr,INC_sk,IND_avg,IND_sd,IND_r1,IND_kr,IND_sk
instances/A3/symmetric/20.3.in,0.6219593466,0.1621160305,0.8902876730,1.6618411897,-0.0938970020,0.0709588160,0.0602422488,0.9359833349,1.4541045887,0.2422860413,0.3070818375,0.1052247309,0.8357378786,1.8853197648,0.0479086080,0.1174798483,0.0256444780,0.4383273066,2.5562522181,0.3883530908
