Instance,INF_avg,INF_sd,INF_r1,INF_kr,INF_sk,SUP_avg,SUP_sd,SUP_r1,SUP_kr,SUP_sk,INC_avg,INC_sd,INC_r1,INC_kr,INC_sk,IND_avg,IND_sd,IND_r1,IND_kr,IND_sk
instances/A1/asymmetric/20.1.in,0.8059926217,0.0723271473,0.1182780836,1.5655469208,-0.2691722166,0.0502565895,0.0231016690,-0.3617053989,2.9739777121,-0.7808553910,0.1437507888,0.0577172243,0.3274918604,1.8143001842,0.6066622629,0.0595142528,0.0154075354,-0.0479109611,5.4251707323,1.8850300118
