Instance,INF_avg,INF_sd,INF_r1,INF_kr,INF_sk,SUP_avg,SUP_sd,SUP_r1,SUP_kr,SUP_sk,INC_avg,INC_sd,INC_r1,INC_kr,INC_sk,IND_avg,IND_sd,IND_r1,IND_kr,IND_sk
instances/A1/asymmetric/20.1.in,0.8158174369,0.0691573094,0.2051732518,1.6517230993,-0.2506637835,0.0514712283,0.0300553822,-0.4097959897,1.9746261038,-0.7506250327,0.1327113348,0.0469404869,0.6829714382,1.8373083441,0.6844342690,0.0604824257,0.0200322848,-0.0787651009,3.1266966120,1.3947002351
