Instance,INF_avg,INF_sd,INF_r1,INF_kr,INF_sk,SUP_avg,SUP_sd,SUP_r1,SUP_kr,SUP_sk,INC_avg,INC_sd,INC_r1,INC_kr,INC_sk,IND_avg,IND_sd,IND_r1,IND_kr,IND_sk
instances/A3/asymmetric/50.5.in,0.3848275862,0.0537311757,0.4724753053,2.8731609531,0.4037216480,0.0675862069,0.0428030914,0.8848992204,1.8830942194,0.2164083049,0.5475862069,0.0476086903,0.2580783992,2.4120789583,0.3532313989,0.1506896552,0.0258551715,0.1946082797,2.6743960588,-0.1837843412
