Instance,INF_avg,INF_sd,INF_r1,INF_kr,INF_sk,SUP_avg,SUP_sd,SUP_r1,SUP_kr,SUP_sk,INC_avg,INC_sd,INC_r1,INC_kr,INC_sk,IND_avg,IND_sd,IND_r1,IND_kr,IND_sk
instances/A3/symmetric/10.5.in,0.3584210526,0.2221457933,0.9679556483,2.4241297151,0.7751996808,0.0902631579,0.0487808429,0.1074123411,1.9757072655,-0.2386057417,0.5513157895,0.2005644735,0.8094463451,2.0303998224,-0.3865775989,0.2810526316,0.0440630372,0.8848492690,2.4458730384,-0.6366345845
