Instance,INF_avg,INF_sd,INF_r1,INF_kr,INF_sk,SUP_avg,SUP_sd,SUP_r1,SUP_kr,SUP_sk,INC_avg,INC_sd,INC_r1,INC_kr,INC_sk,IND_avg,IND_sd,IND_r1,IND_kr,IND_sk
instances/A2/asymmetric/100.3.in,0.4440000000,0.0608317351,0.7343526026,3.3568683161,1.0064509710,0.2103500000,0.0349374799,0.4882196846,2.6502471575,-0.1258733754,0.3456500000,0.0401039587,0.5291571444,3.3952378504,-0.8270932632,0.0495500000,0.0137676251,0.3738067266,2.5880166978,0.5363734311
