Instance,INF_avg,INF_sd,INF_r1,INF_kr,INF_sk,SUP_avg,SUP_sd,SUP_r1,SUP_kr,SUP_sk,INC_avg,INC_sd,INC_r1,INC_kr,INC_sk,IND_avg,IND_sd,IND_r1,IND_kr,IND_sk
instances/A2/asymmetric/10.4.in,0.4997732426,0.0760196768,0.1154923061,1.6614461609,-0.1789759512,0.1378684807,0.0813444143,0.0077603824,1.2984261605,0.2343676757,0.3623582766,0.0259400916,-0.8256415672,1.5390247459,0.0941961554,0.1229931973,0.0286833642,0.0871351678,1.5408168174,-0.0428680467
