Instance,INF_avg,INF_sd,INF_r1,INF_kr,INF_sk,SUP_avg,SUP_sd,SUP_r1,SUP_kr,SUP_sk,INC_avg,INC_sd,INC_r1,INC_kr,INC_sk,IND_avg,IND_sd,IND_r1,IND_kr,IND_sk
instances/A2/symmetric/20.1.in,0.3984881208,0.0539210175,0.2395570874,3.3491556475,-0.1415844900,0.2803881897,0.0641142290,0.4186610635,3.0021789772,0.5120234308,0.3211236895,0.0295463769,0.5276450682,2.3336279923,0.3823059310,0.0603029105,0.0096900190,0.5487019758,3.0255724303,0.1359729402
