Instance,INF_avg,INF_sd,INF_r1,INF_kr,INF_sk,SUP_avg,SUP_sd,SUP_r1,SUP_kr,SUP_sk,INC_avg,INC_sd,INC_r1,INC_kr,INC_sk,IND_avg,IND_sd,IND_r1,IND_kr,IND_sk
instances/A2/asymmetric/20.5.in,0.4026447455,0.0640196607,0.6770903545,2.0077394821,0.4645174722,0.2965075377,0.0557643181,0.6267365598,2.2722700471,-0.6071318741,0.3008477168,0.0223630183,0.5880587997,3.6351645157,0.8945766084,0.0517740878,0.0063737272,0.0691462933,2.4367801473,-0.0369474818
