Instance,INF_avg,INF_sd,INF_r1,INF_kr,INF_sk,SUP_avg,SUP_sd,SUP_r1,SUP_kr,SUP_sk,INC_avg,INC_sd,INC_r1,INC_kr,INC_sk,IND_avg,IND_sd,IND_r1,IND_kr,IND_sk
instances/A3/asymmetric/8.6.in,0.5291666667,0.2234903055,0.5982973356,3.0727051614,-1.0150886498,0.0861111111,0.0659100584,0.4160483175,2.2385690714,0.3289254370,0.3847222222,0.1782383357,0.4080300076,2.9939402044,0.9067661285,0.3041666667,0.0813300887,0.0488303429,3.3817967636,0.8890892954
