Instance,INF_avg,INF_sd,INF_r1,INF_kr,INF_sk,SUP_avg,SUP_sd,SUP_r1,SUP_kr,SUP_sk,INC_avg,INC_sd,INC_r1,INC_kr,INC_sk,IND_avg,IND_sd,IND_r1,IND_kr,IND_sk
instances/A2/symmetric/20.2.in,0.5273699174,0.0550733353,0.3844644991,2.4922253904,0.2984572618,0.1380195174,0.0446559195,0.1245872928,2.5607740228,0.2616930658,0.3346105652,0.0262400230,0.4010101556,2.5476217767,-0.1441095590,0.0554960674,0.0129753168,0.0888058808,4.1329056836,1.2124032479
