Instance,INF_avg,INF_sd,INF_r1,INF_kr,INF_sk,SUP_avg,SUP_sd,SUP_r1,SUP_kr,SUP_sk,INC_avg,INC_sd,INC_r1,INC_kr,INC_sk,IND_avg,IND_sd,IND_r1,IND_kr,IND_sk
instances/A3/symmetric/5.3.in,0.5666666667,0.0570177938,0.2348993289,3.5970197084,-1.5096331105,0.0370370370,0.0828173325,-0.0344827586,4.2000000000,1.7888543820,0.3962962963,0.0324998681,-0.4446854664,3.1507842807,-0.6689633839,0.4296296296,0.0828173325,-0.1538461538,3.2979840000,1.1670485988
