Instance,INF_avg,INF_sd,INF_r1,INF_kr,INF_sk,SUP_avg,SUP_sd,SUP_r1,SUP_kr,SUP_sk,INC_avg,INC_sd,INC_r1,INC_kr,INC_sk,IND_avg,IND_sd,IND_r1,IND_kr,IND_sk
instances/A3/asymmetric/200.5.in,0.2880000000,0.0335559235,-0.2097491550,2.6905801514,-1.0847457317,0.1370000000,0.0136381817,-0.6401816118,1.9991328477,-0.3642525115,0.5750000000,0.0258843582,0.1846153846,2.2193138784,0.7005902256,0.0970000000,0.0060000000,-0.3358778626,1.3981481481,-0.1111111111
