Instance,INF_avg,INF_sd,INF_r1,INF_kr,INF_sk,SUP_avg,SUP_sd,SUP_r1,SUP_kr,SUP_sk,INC_avg,INC_sd,INC_r1,INC_kr,INC_sk,IND_avg,IND_sd,IND_r1,IND_kr,IND_sk
instances/A1/asymmetric/100.6.in,0.6070000000,0.0560000000,-0.7320347460,1.5939517389,-0.0718841108,0.0920000000,0.0250199920,-0.2138915936,2.8726484908,1.2090012367,0.3010000000,0.0428252262,-0.4491535599,1.4872004510,-0.5376523098,0.0580000000,0.0081240384,-0.4174454829,2.2685950413,-0.1790421687
