Instance,INF_avg,INF_sd,INF_r1,INF_kr,INF_sk,SUP_avg,SUP_sd,SUP_r1,SUP_kr,SUP_sk,INC_avg,INC_sd,INC_r1,INC_kr,INC_sk,IND_avg,IND_sd,IND_r1,IND_kr,IND_sk
instances/A3/asymmetric/100.6.in,0.3469000000,0.0442706449,0.4197897074,2.6216407834,-0.1554271842,0.1212000000,0.0282056732,0.5107580911,2.1992262623,0.1998393412,0.5319000000,0.0398483375,0.0445475007,2.4190609307,-0.1914717467,0.0905000000,0.0150748134,0.3757852278,2.8616620738,-0.0783769668
