Instance,INF_avg,INF_sd,INF_r1,INF_kr,INF_sk,SUP_avg,SUP_sd,SUP_r1,SUP_kr,SUP_sk,INC_avg,INC_sd,INC_r1,INC_kr,INC_sk,IND_avg,IND_sd,IND_r1,IND_kr,IND_sk
instances/A2/symmetric/10.5.in,0.6654970760,0.1257384739,0.7932295632,1.2956896915,-0.0942140826,0.0333333333,0.0408248290,0.7600000000,1.8333333333,0.6804138174,0.3011695906,0.0960284846,0.6118711266,1.3967042001,0.1872709761,0.2350877193,0.0551028027,0.4795069883,1.6445564282,0.1906754817
