Instance,INF_avg,INF_sd,INF_r1,INF_kr,INF_sk,SUP_avg,SUP_sd,SUP_r1,SUP_kr,SUP_sk,INC_avg,INC_sd,INC_r1,INC_kr,INC_sk,IND_avg,IND_sd,IND_r1,IND_kr,IND_sk
instances/A1/symmetric/8.3.in,0.2391423817,0.1099325427,0.5889726790,1.5057883550,-0.4123332039,0.0981229924,0.0466492193,0.8365556321,1.5000213347,-0.1283669082,0.6627346260,0.0768685903,0.1237862854,1.4368525112,0.2486724832,0.2093018306,0.0274936801,-0.4058412057,1.3843330490,-0.1794213349
