Instance,INF_avg,INF_sd,INF_r1,INF_kr,INF_sk,SUP_avg,SUP_sd,SUP_r1,SUP_kr,SUP_sk,INC_avg,INC_sd,INC_r1,INC_kr,INC_sk,IND_avg,IND_sd,IND_r1,IND_kr,IND_sk
instances/A1/symmetric/100.2.in,0.5586000000,0.0504483895,0.3782976115,2.7129955226,0.4227398729,0.1064000000,0.0265902238,0.4636480931,2.5655952118,-0.3557014287,0.3350000000,0.0461952378,0.4790276454,2.3840041494,-0.3685307875,0.0620000000,0.0110453610,0.0919693436,4.1901370599,-0.4229948791
