Instance,INF_avg,INF_sd,INF_r1,INF_kr,INF_sk,SUP_avg,SUP_sd,SUP_r1,SUP_kr,SUP_sk,INC_avg,INC_sd,INC_r1,INC_kr,INC_sk,IND_avg,IND_sd,IND_r1,IND_kr,IND_sk
instances/A1/symmetric/8.1.in,0.5763809524,0.0479092112,0.0876307549,2.8179532664,1.0580716771,0.1653333333,0.0260444413,-0.1373198696,1.3685866644,0.1503634400,0.2582857143,0.0337868469,-0.3837638376,1.9962952102,-0.7913774800,0.1721904762,0.0420706673,-0.0767288514,1.7649575626,0.3721335301
