Instance,INF_avg,INF_sd,INF_r1,INF_kr,INF_sk,SUP_avg,SUP_sd,SUP_r1,SUP_kr,SUP_sk,INC_avg,INC_sd,INC_r1,INC_kr,INC_sk,IND_avg,IND_sd,IND_r1,IND_kr,IND_sk
instances/A3/asymmetric/50.5.in,0.3820000000,0.0577581163,0.1414770957,1.4358038749,-0.0966571310,0.1410000000,0.0487237109,0.4064843172,1.2870620290,0.4417909607,0.4770000000,0.0215870331,-0.1291068950,2.9926964947,-1.3026417982,0.0730000000,0.0067823300,-0.6289592760,2.3638941399,0.7500308204
