Instance,INF_avg,INF_sd,INF_r1,INF_kr,INF_sk,SUP_avg,SUP_sd,SUP_r1,SUP_kr,SUP_sk,INC_avg,INC_sd,INC_r1,INC_kr,INC_sk,IND_avg,IND_sd,IND_r1,IND_kr,IND_sk
instances/A3/symmetric/100.1.in,0.3694000000,0.0458763556,0.6982595731,2.7661201154,0.2053123598,0.1321000000,0.0365115050,0.6551396122,2.6505653463,0.6471697427,0.4985000000,0.0377259857,0.3182138075,3.3977605356,0.6410551389,0.0797000000,0.0185313248,0.5765472883,2.2851436227,-0.1458873369
