Instance,INF_avg,INF_sd,INF_r1,INF_kr,INF_sk,SUP_avg,SUP_sd,SUP_r1,SUP_kr,SUP_sk,INC_avg,INC_sd,INC_r1,INC_kr,INC_sk,IND_avg,IND_sd,IND_r1,IND_kr,IND_sk
instances/A3/asymmetric/10.3.in,0.2109090909,0.1523805588,0.5058433127,1.4540099418,-0.0591971916,0.1527272727,0.0686107719,-0.0343822844,2.1453414973,0.7824928170,0.6363636364,0.0982491352,0.6185567010,1.6443047476,-0.2129438002,0.1490909091,0.0479669308,-0.2622149837,1.2063020214,-0.3476794476
