Instance,INF_avg,INF_sd,INF_r1,INF_kr,INF_sk,SUP_avg,SUP_sd,SUP_r1,SUP_kr,SUP_sk,INC_avg,INC_sd,INC_r1,INC_kr,INC_sk,IND_avg,IND_sd,IND_r1,IND_kr,IND_sk
instances/A3/symmetric/100.6.in,0.2380000000,0.0329545141,0.3746001280,1.5604275409,-0.2717624989,0.1600000000,0.0178885438,0.3928571429,2.3486328125,0.3930588242,0.6020000000,0.0220454077,-0.0422602089,1.9338261444,-0.6322528394,0.0950000000,0.0070710678,-0.7000000000,1.7000000000,0.0000000000
