Instance,INF_avg,INF_sd,INF_r1,INF_kr,INF_sk,SUP_avg,SUP_sd,SUP_r1,SUP_kr,SUP_sk,INC_avg,INC_sd,INC_r1,INC_kr,INC_sk,IND_avg,IND_sd,IND_r1,IND_kr,IND_sk
instances/A2/symmetric/20.1.in,0.4082592752,0.1012398854,0.8397269508,2.4650157490,-0.3304281601,0.2623016272,0.0890321216,0.7754321627,2.0235275073,0.1805593579,0.3294390976,0.0370681982,0.6696657065,4.2706259511,0.9047213575,0.0452355814,0.0128829785,0.6675589433,2.5143892721,0.2034937506
