Instance,INF_avg,INF_sd,INF_r1,INF_kr,INF_sk,SUP_avg,SUP_sd,SUP_r1,SUP_kr,SUP_sk,INC_avg,INC_sd,INC_r1,INC_kr,INC_sk,IND_avg,IND_sd,IND_r1,IND_kr,IND_sk
instances/A1/asymmetric/10.6.in,0.4412952274,0.0768564973,0.5711950545,2.5030545097,-0.9979952550,0.1937171951,0.0601989536,0.5685347611,2.9964447072,0.9679713952,0.3649875775,0.0278233086,-0.1298800989,2.7165636511,0.5185616482,0.1581694182,0.0316917912,-0.2700369155,1.6671972082,0.1389213518
