Instance,INF_avg,INF_sd,INF_r1,INF_kr,INF_sk,SUP_avg,SUP_sd,SUP_r1,SUP_kr,SUP_sk,INC_avg,INC_sd,INC_r1,INC_kr,INC_sk,IND_avg,IND_sd,IND_r1,IND_kr,IND_sk
instances/A1/asymmetric/10.6.in,0.4937037037,0.0167016095,0.1996507567,1.6118368991,0.1156251359,0.1490413943,0.0158586585,-0.0704286080,2.4921771013,0.1799670681,0.3572549020,0.0159578212,0.3345635800,1.6311653882,-0.1464471553,0.1732135076,0.0309564208,-0.1685285453,1.6046962906,-0.4637155615
