Instance,INF_avg,INF_sd,INF_r1,INF_kr,INF_sk,SUP_avg,SUP_sd,SUP_r1,SUP_kr,SUP_sk,INC_avg,INC_sd,INC_r1,INC_kr,INC_sk,IND_avg,IND_sd,IND_r1,IND_kr,IND_sk
instances/A3/asymmetric/100.2.in,0.3666666667,0.0942809042,-0.2000000000,1.5000000000,0.7071067812,0.1000000000,0.0816496581,0.0000000000,1.5000000000,-0.0000000000,0.5333333333,0.1699673171,-0.0754716981,1.5000000000,-0.5280049792,0.5000000000,0.1414213562,-0.5000000000,1.5000000000,0.7071067812
