Instance,INF_avg,INF_sd,INF_r1,INF_kr,INF_sk,SUP_avg,SUP_sd,SUP_r1,SUP_kr,SUP_sk,INC_avg,INC_sd,INC_r1,INC_kr,INC_sk,IND_avg,IND_sd,IND_r1,IND_kr,IND_sk
instances/A2/asymmetric/100.5.in,0.3594000000,0.0314108262,0.4784283601,3.1847506230,0.2417193730,0.1726000000,0.0432462715,0.4266626453,2.9743124233,-0.3188694218,0.4680000000,0.0328937684,0.1759308612,3.3504105152,-0.2267423501,0.0694000000,0.0171650808,0.5059416172,2.6593313246,0.1256679308
