Instance,INF_avg,INF_sd,INF_r1,INF_kr,INF_sk,SUP_avg,SUP_sd,SUP_r1,SUP_kr,SUP_sk,INC_avg,INC_sd,INC_r1,INC_kr,INC_sk,IND_avg,IND_sd,IND_r1,IND_kr,IND_sk
instances/A1/symmetric/20.1.in,0.6848154036,0.0490705163,0.6280693153,1.6040461680,0.2040710342,0.0536356525,0.0097969033,0.5990655719,1.5531962406,-0.0699071433,0.2615489439,0.0394559120,0.6155645571,1.6252886246,-0.2317873082,0.0676362076,0.0120108804,0.1205470771,1.5974318920,0.2482093708
