Instance,INF_avg,INF_sd,INF_r1,INF_kr,INF_sk,SUP_avg,SUP_sd,SUP_r1,SUP_kr,SUP_sk,INC_avg,INC_sd,INC_r1,INC_kr,INC_sk,IND_avg,IND_sd,IND_r1,IND_kr,IND_sk
instances/A1/symmetric/20.1.in,0.6621851985,0.0485506036,0.5793197638,2.3814669961,0.5896454453,0.0670192639,0.0169531554,0.7875217671,1.6738586271,-0.1856227991,0.2707955376,0.0372103630,0.5387157371,1.9524220094,-0.3569424740,0.0673184391,0.0093400528,0.1064158551,2.5057173199,0.3536887139
