Instance,INF_avg,INF_sd,INF_r1,INF_kr,INF_sk,SUP_avg,SUP_sd,SUP_r1,SUP_kr,SUP_sk,INC_avg,INC_sd,INC_r1,INC_kr,INC_sk,IND_avg,IND_sd,IND_r1,IND_kr,IND_sk
instances/A2/asymmetric/50.5.in,0.3708000000,0.0462315909,0.4592112409,4.5250398471,-0.2202144878,0.1642000000,0.0222566844,0.0172675902,2.3311103005,-0.1469944251,0.4650000000,0.0413279566,0.5095693780,2.6313011095,0.5656756840,0.0522000000,0.0129676521,0.3393960192,1.8183405139,-0.0208672648
