Instance,INF_avg,INF_sd,INF_r1,INF_kr,INF_sk,SUP_avg,SUP_sd,SUP_r1,SUP_kr,SUP_sk,INC_avg,INC_sd,INC_r1,INC_kr,INC_sk,IND_avg,IND_sd,IND_r1,IND_kr,IND_sk
instances/A1/asymmetric/100.6.in,0.4152000000,0.0659769657,0.1685323899,2.5965275829,-0.2110996517,0.1412000000,0.0375307874,0.4510780657,2.2550166868,0.2275153746,0.4436000000,0.0424386616,-0.0518419977,5.2428653693,1.2312903681,0.0616000000,0.0119766439,0.2632060821,2.1912430413,-0.0131600255
