Instance,INF_avg,INF_sd,INF_r1,INF_kr,INF_sk,SUP_avg,SUP_sd,SUP_r1,SUP_kr,SUP_sk,INC_avg,INC_sd,INC_r1,INC_kr,INC_sk,IND_avg,IND_sd,IND_r1,IND_kr,IND_sk
instances/A3/asymmetric/20.4.in,0.4910708280,0.0331868174,0.0105440567,2.3746901921,-0.6615168597,0.0874337663,0.0126499073,-0.3875142409,2.0766880323,-0.0715019220,0.4214954057,0.0312533885,0.1270236514,2.4356210551,1.0062015381,0.0772631611,0.0095703650,0.4097776062,1.7422590097,-0.6055571357
