Instance,INF_avg,INF_sd,INF_r1,INF_kr,INF_sk,SUP_avg,SUP_sd,SUP_r1,SUP_kr,SUP_sk,INC_avg,INC_sd,INC_r1,INC_kr,INC_sk,IND_avg,IND_sd,IND_r1,IND_kr,IND_sk
instances/A1/symmetric/8.6.in,0.5373626374,0.0536551895,-0.2031210672,1.7714102124,0.0341747544,0.1475457875,0.0256968518,0.6628268052,2.3517685882,0.6329049532,0.3150915751,0.0501258463,-0.5974162782,1.2681658614,0.4048922801,0.1570695971,0.0184963913,-0.0755593717,2.6711597898,0.7524759672
