Instance,INF_avg,INF_sd,INF_r1,INF_kr,INF_sk,SUP_avg,SUP_sd,SUP_r1,SUP_kr,SUP_sk,INC_avg,INC_sd,INC_r1,INC_kr,INC_sk,IND_avg,IND_sd,IND_r1,IND_kr,IND_sk
instances/A3/asymmetric/10.2.in,0.4238980890,0.0839578188,0.8388635493,1.3513957317,-0.1834670700,0.1190196056,0.0192112757,-0.2857644364,2.1045167414,-0.3746275670,0.4570823054,0.0869298422,0.8259384734,1.7173763991,0.2341854341,0.2017477586,0.0758886560,0.6359924495,2.0157931181,0.2377501898
