Instance,INF_avg,INF_sd,INF_r1,INF_kr,INF_sk,SUP_avg,SUP_sd,SUP_r1,SUP_kr,SUP_sk,INC_avg,INC_sd,INC_r1,INC_kr,INC_sk,IND_avg,IND_sd,IND_r1,IND_kr,IND_sk
instances/A3/asymmetric/10.2.in,0.4874074074,0.0444814661,0.1853385290,3.0802826312,-1.3715973560,0.1180283224,0.0194495547,-0.2181742960,2.2579338767,0.0241285110,0.3945642702,0.0474330066,0.6172857219,2.2271328470,0.5246468841,0.2491612200,0.0580894199,0.5812514851,1.5619720555,0.2137242497
