Instance,INF_avg,INF_sd,INF_r1,INF_kr,INF_sk,SUP_avg,SUP_sd,SUP_r1,SUP_kr,SUP_sk,INC_avg,INC_sd,INC_r1,INC_kr,INC_sk,IND_avg,IND_sd,IND_r1,IND_kr,IND_sk
instances/A3/asymmetric/100.3.in,0.3093500000,0.0452860630,0.4167147541,2.5253059898,-0.1645711142,0.1595000000,0.0338710791,0.4911672111,2.4394363320,-0.1135270059,0.5311500000,0.0337331810,-0.0958007106,2.5176539381,-0.1041038313,0.0767000000,0.0179334882,0.1833574563,3.3241547665,0.1096430387
