Instance,INF_avg,INF_sd,INF_r1,INF_kr,INF_sk,SUP_avg,SUP_sd,SUP_r1,SUP_kr,SUP_sk,INC_avg,INC_sd,INC_r1,INC_kr,INC_sk,IND_avg,IND_sd,IND_r1,IND_kr,IND_sk
instances/A1/symmetric/200.2.in,0.3656603774,0.0678930745,0.1941293016,2.7712035738,-0.2637180421,0.0856603774,0.0521792785,0.3816314924,3.7688424463,0.8303236458,0.5486792453,0.0746826679,0.1022550301,3.3716910936,-0.4701596870,0.2086792453,0.0529163718,0.1344400385,2.4500308602,-0.0818582099
