Instance,INF_avg,INF_sd,INF_r1,INF_kr,INF_sk,SUP_avg,SUP_sd,SUP_r1,SUP_kr,SUP_sk,INC_avg,INC_sd,INC_r1,INC_kr,INC_sk,IND_avg,IND_sd,IND_r1,IND_kr,IND_sk
instances/A2/symmetric/20.1.in,0.5893939394,0.0056691779,-0.0869565217,1.8469387755,0.3436215967,0.1727272727,0.0205525151,-0.2327909887,1.5398156900,0.5120402716,0.2378787879,0.0217465153,-0.0665914221,1.4902912621,-0.5053005453,0.0651515152,0.0077257871,-0.4393939394,1.9556213018,-0.2715454179
