Instance,INF_avg,INF_sd,INF_r1,INF_kr,INF_sk,SUP_avg,SUP_sd,SUP_r1,SUP_kr,SUP_sk,INC_avg,INC_sd,INC_r1,INC_kr,INC_sk,IND_avg,IND_sd,IND_r1,IND_kr,IND_sk
instances/A1/asymmetric/10.6.in,0.2775510204,0.1021405140,0.4768558947,1.2130661481,-0.3381993049,0.2641287284,0.0570870870,-0.2995951417,1.7080009478,-0.5078967100,0.4583202512,0.0696464593,0.5786247922,1.3146723293,-0.2380189128,0.1201726845,0.0499781232,0.1663722453,2.4287472689,0.9832199022
