Instance,INF_avg,INF_sd,INF_r1,INF_kr,INF_sk,SUP_avg,SUP_sd,SUP_r1,SUP_kr,SUP_sk,INC_avg,INC_sd,INC_r1,INC_kr,INC_sk,IND_avg,IND_sd,IND_r1,IND_kr,IND_sk
instances/A1/asymmetric/10.6.in,0.2699866271,0.0836848728,0.2895076190,1.6136513761,-0.2847390410,0.2675991337,0.0660959925,-0.0640863420,1.4870657083,-0.0864615812,0.4624142392,0.0621263801,0.6059795620,1.5543468359,-0.4003291726,0.1410874179,0.0476742744,0.3129423650,1.5105899930,0.0297005845
