Instance,INF_avg,INF_sd,INF_r1,INF_kr,INF_sk,SUP_avg,SUP_sd,SUP_r1,SUP_kr,SUP_sk,INC_avg,INC_sd,INC_r1,INC_kr,INC_sk,IND_avg,IND_sd,IND_r1,IND_kr,IND_sk
instances/A3/symmetric/200.5.in,0.3235000000,0.0485309180,0.5600955746,2.4851361397,0.3472760373,0.1424500000,0.0342015716,0.5975545397,2.2568137488,-0.1338783985,0.5340500000,0.0332918534,0.1137148934,3.0591676820,0.0699450331,0.0713000000,0.0209716475,0.6494159818,2.2900079978,0.0945996843
