Instance,INF_avg,INF_sd,INF_r1,INF_kr,INF_sk,SUP_avg,SUP_sd,SUP_r1,SUP_kr,SUP_sk,INC_avg,INC_sd,INC_r1,INC_kr,INC_sk,IND_avg,IND_sd,IND_r1,IND_kr,IND_sk
instances/A2/asymmetric/8.1.in,0.2975222309,0.1200483017,0.1072283330,2.5308241428,-0.5932601236,0.2762496762,0.1185272063,-0.2161510319,1.9541630519,0.8439209833,0.4262280929,0.0490875137,0.2728206848,1.5867539080,-0.2764522206,0.1469006302,0.0226475384,-0.0448800460,3.8559958259,-0.1154122477
