Instance,INF_avg,INF_sd,INF_r1,INF_kr,INF_sk,SUP_avg,SUP_sd,SUP_r1,SUP_kr,SUP_sk,INC_avg,INC_sd,INC_r1,INC_kr,INC_sk,IND_avg,IND_sd,IND_r1,IND_kr,IND_sk
instances/A2/asymmetric/8.1.in,0.3244289044,0.1128621549,0.6000430036,1.3149675281,-0.0621959346,0.2820979021,0.1041690907,0.4392969973,1.2239049938,0.4317929237,0.3934731935,0.0407809507,-0.0792830351,2.4752224490,0.7870630437,0.1457342657,0.0299376937,-0.0542664674,2.2670951991,0.0286384872
