Instance,INF_avg,INF_sd,INF_r1,INF_kr,INF_sk,SUP_avg,SUP_sd,SUP_r1,SUP_kr,SUP_sk,INC_avg,INC_sd,INC_r1,INC_kr,INC_sk,IND_avg,IND_sd,IND_r1,IND_kr,IND_sk
instances/A1/asymmetric/10.3.in,0.5120181406,0.0665249083,-0.7018659881,1.4758583376,-0.1367465839,0.1663492063,0.0467691349,0.4882905189,1.9793342562,-0.5155638305,0.3216326531,0.0561768398,-0.2621464332,1.8886325974,0.2152232825,0.1400453515,0.0310853175,-0.3154570174,2.9391113573,1.2333451418
