Instance,INF_avg,INF_sd,INF_r1,INF_kr,INF_sk,SUP_avg,SUP_sd,SUP_r1,SUP_kr,SUP_sk,INC_avg,INC_sd,INC_r1,INC_kr,INC_sk,IND_avg,IND_sd,IND_r1,IND_kr,IND_sk
instances/A1/symmetric/8.2.in,0.5047619048,0.0095238095,-0.0526315789,3.2500000000,1.5000000000,0.1126007326,0.0393500033,0.1335759774,2.2176396877,-0.3591599170,0.3826373626,0.0319413919,0.2379173190,2.0207226334,-0.1335825057,0.2597069597,0.0511966846,0.2512271597,2.0372274078,0.6171383481
