Instance,INF_avg,INF_sd,INF_r1,INF_kr,INF_sk,SUP_avg,SUP_sd,SUP_r1,SUP_kr,SUP_sk,INC_avg,INC_sd,INC_r1,INC_kr,INC_sk,IND_avg,IND_sd,IND_r1,IND_kr,IND_sk
instances/A1/symmetric/8.2.in,0.4656084656,0.0571622073,0.2096897945,3.4259324588,-1.2426874805,0.1312989480,0.0399954409,0.3287249464,2.9468503713,-0.5368414843,0.4030925864,0.0429777162,-0.2452413703,1.9035806993,0.0518065133,0.2393994894,0.0513774167,0.3237442480,3.1433166689,0.4559370440
