Instance,INF_avg,INF_sd,INF_r1,INF_kr,INF_sk,SUP_avg,SUP_sd,SUP_r1,SUP_kr,SUP_sk,INC_avg,INC_sd,INC_r1,INC_kr,INC_sk,IND_avg,IND_sd,IND_r1,IND_kr,IND_sk
instances/A3/asymmetric/50.2.in,0.4878000000,0.0906650980,0.7589255734,2.8799913735,0.9468349849,0.0816000000,0.0271926461,0.6294520564,2.1222456370,0.0699541901,0.4306000000,0.0716005587,0.6334914160,2.7803498973,-0.7876234537,0.0876000000,0.0142912561,0.4722800115,1.7959463832,-0.0978633290
