Instance,INF_avg,INF_sd,INF_r1,INF_kr,INF_sk,SUP_avg,SUP_sd,SUP_r1,SUP_kr,SUP_sk,INC_avg,INC_sd,INC_r1,INC_kr,INC_sk,IND_avg,IND_sd,IND_r1,IND_kr,IND_sk
instances/A1/symmetric/8.2.in,0.4151048951,0.0480958485,-0.3969051794,2.2476763866,0.7977027182,0.1253146853,0.0316898374,-0.3161505495,2.5719337961,-1.0059394539,0.4595804196,0.0480572412,-0.0527395917,2.9252229938,-1.2682662772,0.2728671329,0.0436430872,0.7929312913,1.8495009249,0.7106608062
