Instance,INF_avg,INF_sd,INF_r1,INF_kr,INF_sk,SUP_avg,SUP_sd,SUP_r1,SUP_kr,SUP_sk,INC_avg,INC_sd,INC_r1,INC_kr,INC_sk,IND_avg,IND_sd,IND_r1,IND_kr,IND_sk
instances/A2/asymmetric/5.4.in,0.5703703704,0.0209513120,-0.5000000000,1.5000000000,0.7071067812,0.1111111111,0.0907218423,0.0000000000,1.5000000000,0.0000000000,0.3185185185,0.0733295921,-0.0231213873,1.5000000000,-0.2947996201,0.4592592593,0.1093690597,-0.9863481229,1.5000000000,0.2007001872
