Instance,INF_avg,INF_sd,INF_r1,INF_kr,INF_sk,SUP_avg,SUP_sd,SUP_r1,SUP_kr,SUP_sk,INC_avg,INC_sd,INC_r1,INC_kr,INC_sk,IND_avg,IND_sd,IND_r1,IND_kr,IND_sk
instances/A3/symmetric/5.4.in,0.3944444444,0.1761733153,0.1383322560,2.7698705863,-0.9608646212,0.1833333333,0.1160034057,0.5141281875,1.8612280111,-0.3598439117,0.4222222222,0.0983819716,-0.6176470588,2.4000416493,0.8850689661,0.4577777778,0.0850272288,-0.0323110624,2.4835169757,0.3076267313
