Instance,INF_avg,INF_sd,INF_r1,INF_kr,INF_sk,SUP_avg,SUP_sd,SUP_r1,SUP_kr,SUP_sk,INC_avg,INC_sd,INC_r1,INC_kr,INC_sk,IND_avg,IND_sd,IND_r1,IND_kr,IND_sk
instances/A3/asymmetric/5.2.in,0.4666666667,0.1088662108,0.5238095238,1.1666666667,-0.4082482905,0.1888888889,0.0444444444,-0.7605633803,2.0781250000,-0.8437500000,0.3444444444,0.1133115447,-0.0136674260,1.3731508876,0.1527442976,0.4000000000,0.0544331054,0.5238095238,1.1666666667,-0.4082482905
