Instance,INF_avg,INF_sd,INF_r1,INF_kr,INF_sk,SUP_avg,SUP_sd,SUP_r1,SUP_kr,SUP_sk,INC_avg,INC_sd,INC_r1,INC_kr,INC_sk,IND_avg,IND_sd,IND_r1,IND_kr,IND_sk
instances/A2/asymmetric/5.4.in,0.5144444444,0.0709372876,0.4866248248,1.3798652395,-0.2871961323,0.1833333333,0.1160034057,0.4176430048,1.8612280111,-0.3598439117,0.3022222222,0.0697083873,-0.5452538631,1.4839381321,-0.0171057167,0.3688888889,0.0838576101,0.0107310530,2.1453414973,-0.7824928170
