Instance,INF_avg,INF_sd,INF_r1,INF_kr,INF_sk,SUP_avg,SUP_sd,SUP_r1,SUP_kr,SUP_sk,INC_avg,INC_sd,INC_r1,INC_kr,INC_sk,IND_avg,IND_sd,IND_r1,IND_kr,IND_sk
instances/A1/symmetric/50.6.in,0.3786500000,0.0459067261,0.3884090218,3.0364394386,0.2716291840,0.1597000000,0.0316529619,0.4308777530,3.3587234791,0.1644176550,0.4616500000,0.0409087705,0.1086428918,2.7599898448,0.0590882470,0.0619000000,0.0122837291,0.2857327520,2.6049462082,0.0637003060
