Instance,INF_avg,INF_sd,INF_r1,INF_kr,INF_sk,SUP_avg,SUP_sd,SUP_r1,SUP_kr,SUP_sk,INC_avg,INC_sd,INC_r1,INC_kr,INC_sk,IND_avg,IND_sd,IND_r1,IND_kr,IND_sk
instances/A2/symmetric/8.1.in,0.5648351648,0.0862604309,0.1549590297,1.2657613245,-0.2679562097,0.1303296703,0.0411995268,-0.3689148940,1.7154915990,0.1589106908,0.3048351648,0.0623478949,0.2439167502,2.1752571757,-0.4792958258,0.1685714286,0.0230045962,-0.6385635601,1.3028006680,0.3454523907
