Instance,INF_avg,INF_sd,INF_r1,INF_kr,INF_sk,SUP_avg,SUP_sd,SUP_r1,SUP_kr,SUP_sk,INC_avg,INC_sd,INC_r1,INC_kr,INC_sk,IND_avg,IND_sd,IND_r1,IND_kr,IND_sk
instances/A2/symmetric/8.1.in,0.5850223850,0.0695103554,0.2909338887,2.4691903889,-0.9878762761,0.1091575092,0.0433178470,0.1967518105,2.5029810635,0.3482065448,0.3058201058,0.0501198155,0.1492578350,3.0241932151,-0.5583282705,0.1714285714,0.0225028902,-0.1665590704,1.1966113219,0.1929283519
