Instance,INF_avg,INF_sd,INF_r1,INF_kr,INF_sk,SUP_avg,SUP_sd,SUP_r1,SUP_kr,SUP_sk,INC_avg,INC_sd,INC_r1,INC_kr,INC_sk,IND_avg,IND_sd,IND_r1,IND_kr,IND_sk
instances/A2/symmetric/20.2.in,0.6226951968,0.1100615041,0.8148037180,2.1465016115,-0.7065810051,0.0801662356,0.0688099087,0.7388485649,2.6485796710,1.0873360039,0.2971385675,0.0455379559,0.8336599768,1.7069525645,0.1833609451,0.0584055288,0.0146188655,0.2955426422,2.0500826236,-0.1929534840
