Instance,INF_avg,INF_sd,INF_r1,INF_kr,INF_sk,SUP_avg,SUP_sd,SUP_r1,SUP_kr,SUP_sk,INC_avg,INC_sd,INC_r1,INC_kr,INC_sk,IND_avg,IND_sd,IND_r1,IND_kr,IND_sk
instances/A3/symmetric/10.5.in,0.6926953748,0.0746821954,0.4025513288,2.0820020637,-0.1419954786,0.0569909623,0.0520927856,0.7132772453,1.2680243378,0.0751201951,0.2503136629,0.0489280138,-0.1801475004,1.2437338515,0.3665671124,0.2236718058,0.0516263565,0.0734736849,1.6133692720,0.2370829622
