Instance,INF_avg,INF_sd,INF_r1,INF_kr,INF_sk,SUP_avg,SUP_sd,SUP_r1,SUP_kr,SUP_sk,INC_avg,INC_sd,INC_r1,INC_kr,INC_sk,IND_avg,IND_sd,IND_r1,IND_kr,IND_sk
instances/A1/asymmetric/8.3.in,0.5014245014,0.0467005256,0.0131945082,2.1262954202,0.0976311545,0.0608465608,0.0573466318,0.3574196116,1.9637539220,0.5465374313,0.4377289377,0.0475485531,0.1163303375,2.3698148262,-0.4239327655,0.2566137566,0.0497432094,0.0126745157,2.6106506600,-0.9368375846
