Instance,INF_avg,INF_sd,INF_r1,INF_kr,INF_sk,SUP_avg,SUP_sd,SUP_r1,SUP_kr,SUP_sk,INC_avg,INC_sd,INC_r1,INC_kr,INC_sk,IND_avg,IND_sd,IND_r1,IND_kr,IND_sk
instances/A3/symmetric/200.2.in,0.3000000000,0.0207364414,-0.4675324675,1.5265008112,0.1514018163,0.1210000000,0.0131909060,-0.0392902408,1.2063020214,-0.3476794476,0.5790000000,0.0159373775,-0.6714697406,1.4415338831,-0.4846725550,0.1010000000,0.0205912603,-0.3331665833,2.8077830189,1.1112518204
