Instance,INF_avg,INF_sd,INF_r1,INF_kr,INF_sk,SUP_avg,SUP_sd,SUP_r1,SUP_kr,SUP_sk,INC_avg,INC_sd,INC_r1,INC_kr,INC_sk,IND_avg,IND_sd,IND_r1,IND_kr,IND_sk
instances/A3/symmetric/20.1.in,0.3327487437,0.0350359010,0.6113855164,1.2399177813,0.2549076543,0.1242361809,0.0071441241,-0.5444518197,1.5849443087,0.3650447874,0.5430150754,0.0313437392,0.6691101789,1.2611473760,-0.0388804152,0.0691608040,0.0117292999,0.1514126154,1.1995579741,-0.3271051124
