Instance,INF_avg,INF_sd,INF_r1,INF_kr,INF_sk,SUP_avg,SUP_sd,SUP_r1,SUP_kr,SUP_sk,INC_avg,INC_sd,INC_r1,INC_kr,INC_sk,IND_avg,IND_sd,IND_r1,IND_kr,IND_sk
instances/A2/symmetric/10.3.in,0.2465745013,0.1769266531,0.7188363067,1.6707179393,0.4637905786,0.3049424121,0.1604290124,0.6082158613,1.9590309935,0.0120303280,0.4484830866,0.0565782332,-0.3440567291,2.7821780547,0.3924726026,0.1237326166,0.0386308308,-0.3639083393,2.6271518510,0.4510055766
