Instance,INF_avg,INF_sd,INF_r1,INF_kr,INF_sk,SUP_avg,SUP_sd,SUP_r1,SUP_kr,SUP_sk,INC_avg,INC_sd,INC_r1,INC_kr,INC_sk,IND_avg,IND_sd,IND_r1,IND_kr,IND_sk
instances/A3/symmetric/5.1.in,0.2988888889,0.0730634765,-0.6292890783,3.2130314549,1.4699200826,0.2144444444,0.0465607263,0.2366281067,2.2284455249,-0.6911231351,0.4866666667,0.0884433277,0.1310541311,2.3622159091,-0.5936004596,0.2966666667,0.0733333333,-0.1331013484,2.0615565877,0.4158527423
