Instance,INF_avg,INF_sd,INF_r1,INF_kr,INF_sk,SUP_avg,SUP_sd,SUP_r1,SUP_kr,SUP_sk,INC_avg,INC_sd,INC_r1,INC_kr,INC_sk,IND_avg,IND_sd,IND_r1,IND_kr,IND_sk
instances/A2/asymmetric/50.2.in,0.6710000000,0.0464650406,0.0914858904,2.9530523905,0.0530512849,0.1090000000,0.0518073354,0.9323819486,2.8794415102,0.8824323354,0.2200000000,0.0336154726,0.1078167116,1.5792152870,-0.4995329259,0.0380000000,0.0097979590,0.4866071429,3.0384114583,0.8069282616
