Instance,INF_avg,INF_sd,INF_r1,INF_kr,INF_sk,SUP_avg,SUP_sd,SUP_r1,SUP_kr,SUP_sk,INC_avg,INC_sd,INC_r1,INC_kr,INC_sk,IND_avg,IND_sd,IND_r1,IND_kr,IND_sk
instances/A3/asymmetric/50.1.in,0.4640000000,0.1835397972,0.8952683252,3.4622202604,1.1922013448,0.0602857143,0.0488136816,0.5686265484,2.8389119799,0.6319247055,0.4757142857,0.1553206033,0.8012213304,3.6541820574,-1.2153260535,0.1831428571,0.0495275640,0.4708137262,2.8747801567,-0.3778249651
