Instance,INF_avg,INF_sd,INF_r1,INF_kr,INF_sk,SUP_avg,SUP_sd,SUP_r1,SUP_kr,SUP_sk,INC_avg,INC_sd,INC_r1,INC_kr,INC_sk,IND_avg,IND_sd,IND_r1,IND_kr,IND_sk
instances/A3/symmetric/20.3.in,0.2137000000,0.0620951689,0.4705948303,1.9684244312,-0.2250063904,0.1254000000,0.0326165602,0.6388855598,3.4055281445,0.1666722701,0.6609000000,0.0581694937,0.6871176822,2.1783116719,-0.4443442954,0.0753000000,0.0196827335,0.7075178798,1.9486343536,0.4824478884
