Instance,INF_avg,INF_sd,INF_r1,INF_kr,INF_sk,SUP_avg,SUP_sd,SUP_r1,SUP_kr,SUP_sk,INC_avg,INC_sd,INC_r1,INC_kr,INC_sk,IND_avg,IND_sd,IND_r1,IND_kr,IND_sk
instances/A1/asymmetric/100.2.in,0.3835000000,0.0716746120,0.7041482887,2.6002823995,-0.9042153609,0.1625000000,0.0293640937,0.6636005256,2.6189702395,0.5029781796,0.4540000000,0.0542770670,0.5417383672,2.5999587967,0.6411435057,0.0554000000,0.0122816937,0.4265325173,3.7708870632,0.4663401029
