Instance,INF_avg,INF_sd,INF_r1,INF_kr,INF_sk,SUP_avg,SUP_sd,SUP_r1,SUP_kr,SUP_sk,INC_avg,INC_sd,INC_r1,INC_kr,INC_sk,IND_avg,IND_sd,IND_r1,IND_kr,IND_sk
instances/A2/asymmetric/8.4.in,0.4301648968,0.0926579175,0.1474551054,3.7106013853,-1.3714097063,0.2206423206,0.0944634272,0.1014939921,4.5082850200,1.4196204754,0.3491927825,0.0566414937,0.3343588233,1.7610169578,0.0033673746,0.1845031512,0.0470778247,0.1638317214,1.1209648806,0.2035143453
