Instance,INF_avg,INF_sd,INF_r1,INF_kr,INF_sk,SUP_avg,SUP_sd,SUP_r1,SUP_kr,SUP_sk,INC_avg,INC_sd,INC_r1,INC_kr,INC_sk,IND_avg,IND_sd,IND_r1,IND_kr,IND_sk
instances/A1/asymmetric/50.2.in,0.3750000000,0.1030776406,-0.2835820896,2.2179930796,1.0272097060,0.1000000000,0.0935414347,-0.3000000000,2.0000000000,0.6872431935,0.5250000000,0.1299038106,-1.0240963855,1.2798353909,-0.2138334330,0.3500000000,0.0790569415,-0.2222222222,1.3600000000,0.0000000000
