Instance,INF_avg,INF_sd,INF_r1,INF_kr,INF_sk,SUP_avg,SUP_sd,SUP_r1,SUP_kr,SUP_sk,INC_avg,INC_sd,INC_r1,INC_kr,INC_sk,IND_avg,IND_sd,IND_r1,IND_kr,IND_sk
instances/A2/asymmetric/20.1.in,0.6069687356,0.0413950143,0.1622737863,1.8463324292,-0.0573587401,0.0894118128,0.0427524550,0.5103877980,1.5173720554,0.0340771730,0.3036194517,0.0237183115,0.3460865446,2.2923583217,0.5914512002,0.0820157662,0.0133163304,0.2546319980,2.2416304577,0.0679633903
