Instance,INF_avg,INF_sd,INF_r1,INF_kr,INF_sk,SUP_avg,SUP_sd,SUP_r1,SUP_kr,SUP_sk,INC_avg,INC_sd,INC_r1,INC_kr,INC_sk,IND_avg,IND_sd,IND_r1,IND_kr,IND_sk
instances/A1/asymmetric/10.4.in,0.2624550053,0.0943083877,0.1847901634,1.7809006491,0.1653665556,0.2081640582,0.0481835897,0.2688915355,2.9174799714,0.4838987347,0.5293809365,0.0720700399,0.4685848708,1.6332126294,0.0640591210,0.1444460302,0.0287835713,-0.1585984681,2.2883553186,0.5696205722
