Instance,INF_avg,INF_sd,INF_r1,INF_kr,INF_sk,SUP_avg,SUP_sd,SUP_r1,SUP_kr,SUP_sk,INC_avg,INC_sd,INC_r1,INC_kr,INC_sk,IND_avg,IND_sd,IND_r1,IND_kr,IND_sk
instances/A1/symmetric/200.6.in,0.3140000000,0.0395474399,0.3142093358,2.7440918100,-0.2761745115,0.1674000000,0.0283943656,0.3067200639,2.6420101320,-0.3957052923,0.5186000000,0.0380662580,-0.0529908563,2.9065666769,-0.3922493138,0.0692000000,0.0130904545,0.0710563670,2.3309722582,0.3351384655
