Instance,INF_avg,INF_sd,INF_r1,INF_kr,INF_sk,SUP_avg,SUP_sd,SUP_r1,SUP_kr,SUP_sk,INC_avg,INC_sd,INC_r1,INC_kr,INC_sk,IND_avg,IND_sd,IND_r1,IND_kr,IND_sk
instances/A2/symmetric/20.4.in,0.4055555556,0.1809610831,0.3917621114,2.8521534199,-0.0265046698,0.0944444444,0.0970236066,0.0655643146,2.7433593120,0.8410624714,0.5000000000,0.1490711985,0.3225806452,4.2300000000,0.8049844719,0.3833333333,0.1118033989,-0.3323657475,2.3037037037,-0.1457585052
