Instance,INF_avg,INF_sd,INF_r1,INF_kr,INF_sk,SUP_avg,SUP_sd,SUP_r1,SUP_kr,SUP_sk,INC_avg,INC_sd,INC_r1,INC_kr,INC_sk,IND_avg,IND_sd,IND_r1,IND_kr,IND_sk
instances/A3/symmetric/10.2.in,0.6189792663,0.1028459597,0.2572684300,1.2559819609,0.0862081640,0.1108330266,0.0331180080,0.1188106050,2.4807961076,-0.6359934294,0.2701877070,0.0783315363,0.1794867865,1.4940167039,-0.1555815959,0.1938044412,0.0416377975,0.4226066049,1.9702308748,0.5180847149
