Instance,INF_avg,INF_sd,INF_r1,INF_kr,INF_sk,SUP_avg,SUP_sd,SUP_r1,SUP_kr,SUP_sk,INC_avg,INC_sd,INC_r1,INC_kr,INC_sk,IND_avg,IND_sd,IND_r1,IND_kr,IND_sk
instances/A1/asymmetric/200.6.in,0.3984709480,0.1167400661,0.7029476359,7.2498517356,1.2853099670,0.0582262997,0.0586955878,0.7033196766,4.5134904959,1.3712930122,0.5433027523,0.1031793224,0.6004606723,8.0989111586,-1.1965344765,0.1894801223,0.0488087957,0.1157910808,3.4185257595,0.0119407398
