Instance,INF_avg,INF_sd,INF_r1,INF_kr,INF_sk,SUP_avg,SUP_sd,SUP_r1,SUP_kr,SUP_sk,INC_avg,INC_sd,INC_r1,INC_kr,INC_sk,IND_avg,IND_sd,IND_r1,IND_kr,IND_sk
instances/A2/asymmetric/200.1.in,0.4567000000,0.0581945874,0.7326992965,1.9898613724,-0.0104226674,0.2085000000,0.0457083143,0.7430540560,2.3935864815,0.1924947806,0.3348000000,0.0284949118,0.3986016680,2.5087326774,0.4889275486,0.0566000000,0.0112000000,0.4661584602,3.5599447089,0.3336768859
