Instance,INF_avg,INF_sd,INF_r1,INF_kr,INF_sk,SUP_avg,SUP_sd,SUP_r1,SUP_kr,SUP_sk,INC_avg,INC_sd,INC_r1,INC_kr,INC_sk,IND_avg,IND_sd,IND_r1,IND_kr,IND_sk
instances/A2/asymmetric/100.2.in,0.4367816092,0.1661704861,0.0168704945,2.4602985371,0.2169123889,0.0793103448,0.0898759439,0.1612859167,3.8823824277,1.0827869998,0.4839080460,0.1596501658,0.0891167587,2.6397379638,-0.0242560875,0.4126436782,0.1191971203,0.1981166509,3.2556804274,0.4475263372
