Instance,INF_avg,INF_sd,INF_r1,INF_kr,INF_sk,SUP_avg,SUP_sd,SUP_r1,SUP_kr,SUP_sk,INC_avg,INC_sd,INC_r1,INC_kr,INC_sk,IND_avg,IND_sd,IND_r1,IND_kr,IND_sk
instances/A2/symmetric/50.6.in,0.4440000000,0.0190787840,-0.7098293114,1.9367528076,0.4561766982,0.1720000000,0.0163095064,-0.5271493213,2.3048504720,-0.3236269296,0.3840000000,0.0231084400,-0.2726921591,1.7516096452,0.3709914517,0.0430000000,0.0024494897,0.0384615385,1.1666666667,-0.4082482905
