Instance,INF_avg,INF_sd,INF_r1,INF_kr,INF_sk,SUP_avg,SUP_sd,SUP_r1,SUP_kr,SUP_sk,INC_avg,INC_sd,INC_r1,INC_kr,INC_sk,IND_avg,IND_sd,IND_r1,IND_kr,IND_sk
instances/A1/symmetric/8.2.in,0.3793939394,0.0653141030,0.2323268814,1.7027035535,-0.6512500222,0.1375757576,0.0545319849,0.6745513531,1.6239423484,-0.0102050893,0.4830303030,0.0309980893,-0.3314185571,1.7980581741,-0.4084748698,0.1884848485,0.0337657898,-0.4530164296,2.0945757553,-0.3373408751
