Instance,INF_avg,INF_sd,INF_r1,INF_kr,INF_sk,SUP_avg,SUP_sd,SUP_r1,SUP_kr,SUP_sk,INC_avg,INC_sd,INC_r1,INC_kr,INC_sk,IND_avg,IND_sd,IND_r1,IND_kr,IND_sk
instances/A1/symmetric/10.2.in,0.6228460039,0.0437840197,-0.7299101576,2.5583017904,1.0028289597,0.0717348928,0.0606284824,0.2310675846,1.3259957374,-0.1944936852,0.3054191033,0.0943597369,0.2172555329,1.9552351907,-0.5408926063,0.2560623782,0.0520739502,-0.1760231939,2.7287347143,-1.0990764683
