Instance,INF_avg,INF_sd,INF_r1,INF_kr,INF_sk,SUP_avg,SUP_sd,SUP_r1,SUP_kr,SUP_sk,INC_avg,INC_sd,INC_r1,INC_kr,INC_sk,IND_avg,IND_sd,IND_r1,IND_kr,IND_sk
instances/A1/asymmetric/10.2.in,0.1829059829,0.0859475433,1.0188586855,3.7570371973,1.1871954407,0.2729992230,0.0688342221,0.5865190410,2.5201321337,-0.4583931623,0.5440947941,0.0562227046,0.3472819573,2.8287420124,-0.9796647046,0.1649961150,0.0327173613,0.3372571999,2.9378420807,0.4343887132
