Instance,INF_avg,INF_sd,INF_r1,INF_kr,INF_sk,SUP_avg,SUP_sd,SUP_r1,SUP_kr,SUP_sk,INC_avg,INC_sd,INC_r1,INC_kr,INC_sk,IND_avg,IND_sd,IND_r1,IND_kr,IND_sk
instances/A1/symmetric/50.4.in,0.5700000000,0.1749285568,0.1823056300,2.4482250417,0.0851888397,0.0600000000,0.0374165739,-0.1764705882,1.8469387755,-0.3436215967,0.3700000000,0.1435270009,0.2032967033,2.4234612122,0.1034952924,0.2700000000,0.0871779789,0.4703389831,1.7957063712,0.0543353054
