Instance,INF_avg,INF_sd,INF_r1,INF_kr,INF_sk,SUP_avg,SUP_sd,SUP_r1,SUP_kr,SUP_sk,INC_avg,INC_sd,INC_r1,INC_kr,INC_sk,IND_avg,IND_sd,IND_r1,IND_kr,IND_sk
instances/A1/symmetric/100.4.in,0.4076000000,0.0409663276,0.4495346922,2.6430687967,0.4604587597,0.1490000000,0.0244540385,0.5772100384,2.5081542712,0.8246991213,0.4434000000,0.0316139210,0.3126784819,3.9902809225,-0.5196379017,0.0664000000,0.0107256701,0.3333428502,2.5988266039,0.2423961285
