Instance,INF_avg,INF_sd,INF_r1,INF_kr,INF_sk,SUP_avg,SUP_sd,SUP_r1,SUP_kr,SUP_sk,INC_avg,INC_sd,INC_r1,INC_kr,INC_sk,IND_avg,IND_sd,IND_r1,IND_kr,IND_sk
instances/A2/asymmetric/200.4.in,0.4275000000,0.0211246302,-0.0917647059,2.4808747028,-0.4932710292,0.1975000000,0.0273175768,0.2803493450,4.0830197891,1.2140838640,0.3750000000,0.0299165506,0.3273273273,3.4772635061,-0.9803807039,0.0580000000,0.0124899960,0.1264063534,1.9987672584,0.2663670251
