Instance,INF_avg,INF_sd,INF_r1,INF_kr,INF_sk,SUP_avg,SUP_sd,SUP_r1,SUP_kr,SUP_sk,INC_avg,INC_sd,INC_r1,INC_kr,INC_sk,IND_avg,IND_sd,IND_r1,IND_kr,IND_sk
instances/A1/symmetric/5.1.in,0.2936507937,0.0718133376,0.0344065098,2.6025721112,-0.7243002588,0.1130952381,0.0527941853,-0.7001594896,2.7384372307,-0.7825399537,0.5932539683,0.0656862911,-0.2260392316,2.3631053865,0.2253331312,0.3683862434,0.0665463557,0.0279139819,2.9003219814,0.2697177303
