Instance,INF_avg,INF_sd,INF_r1,INF_kr,INF_sk,SUP_avg,SUP_sd,SUP_r1,SUP_kr,SUP_sk,INC_avg,INC_sd,INC_r1,INC_kr,INC_sk,IND_avg,IND_sd,IND_r1,IND_kr,IND_sk
instances/A3/symmetric/10.6.in,0.4845238095,0.1115165563,0.5340511582,1.4714330025,-0.2133893557,0.0129705215,0.0176103925,-0.0740577632,2.2235261149,0.9171021571,0.5025056689,0.1114844508,0.4808731535,1.5633159383,0.4486350692,0.2502040816,0.0447151734,-0.1950380786,1.7969800608,-0.5147979832
