Instance,INF_avg,INF_sd,INF_r1,INF_kr,INF_sk,SUP_avg,SUP_sd,SUP_r1,SUP_kr,SUP_sk,INC_avg,INC_sd,INC_r1,INC_kr,INC_sk,IND_avg,IND_sd,IND_r1,IND_kr,IND_sk
instances/A1/symmetric/10.1.in,0.4923850530,0.1085063559,0.8468327265,1.5382614268,-0.4878053189,0.1635399459,0.0567099784,0.9847422905,2.0640833363,0.7304341223,0.3440750011,0.0593483563,0.6670956856,1.6402439616,0.4034920313,0.1541491733,0.0250431519,0.1087827449,2.4150925731,0.9640318682
