Instance,INF_avg,INF_sd,INF_r1,INF_kr,INF_sk,SUP_avg,SUP_sd,SUP_r1,SUP_kr,SUP_sk,INC_avg,INC_sd,INC_r1,INC_kr,INC_sk,IND_avg,IND_sd,IND_r1,IND_kr,IND_sk
instances/A1/symmetric/200.2.in,0.4304000000,0.0634731439,0.7320752242,2.6458039525,0.3207290026,0.1749500000,0.0344927166,0.6258782553,2.8165947315,0.0196700536,0.3946500000,0.0420907056,0.5806030675,2.7853404170,-0.1594293879,0.0887500000,0.0184577220,0.5256939502,2.4607457423,0.5431949844
