Instance,INF_avg,INF_sd,INF_r1,INF_kr,INF_sk,SUP_avg,SUP_sd,SUP_r1,SUP_kr,SUP_sk,INC_avg,INC_sd,INC_r1,INC_kr,INC_sk,IND_avg,IND_sd,IND_r1,IND_kr,IND_sk
instances/A1/asymmetric/10.6.in,0.4728322440,0.1182088097,0.6830189262,1.2822649938,0.0226073940,0.1477559913,0.0552361101,0.5513533604,1.2376418556,-0.3584191277,0.3794117647,0.0673722751,0.6947931936,1.3660065304,0.1825503307,0.1751742919,0.0236456320,0.0523719815,2.5361250876,-0.6548369847
