Instance,INF_avg,INF_sd,INF_r1,INF_kr,INF_sk,SUP_avg,SUP_sd,SUP_r1,SUP_kr,SUP_sk,INC_avg,INC_sd,INC_r1,INC_kr,INC_sk,IND_avg,IND_sd,IND_r1,IND_kr,IND_sk
instances/A1/asymmetric/10.1.in,0.6957573673,0.1206572722,0.5928643505,1.4470402298,-0.4571702609,0.0210084034,0.0407368055,0.2148499210,4.5751471254,1.8104734642,0.2832342294,0.0934560766,0.6089557532,1.1287279335,0.3059151284,0.2099300539,0.0688698503,-0.2123597504,4.1987812183,1.5279865165
