Instance,INF_avg,INF_sd,INF_r1,INF_kr,INF_sk,SUP_avg,SUP_sd,SUP_r1,SUP_kr,SUP_sk,INC_avg,INC_sd,INC_r1,INC_kr,INC_sk,IND_avg,IND_sd,IND_r1,IND_kr,IND_sk
instances/A1/asymmetric/10.1.in,0.6540603142,0.1195666903,0.5106507687,1.3565234108,0.1658305758,0.0294117647,0.0455645100,0.1818181818,2.9166666667,1.2909944487,0.3165279211,0.0913674387,0.4628287097,1.1950164447,-0.3808295740,0.2139020755,0.0811483792,-0.2253784295,2.8077704614,1.1614345244
