Instance,INF_avg,INF_sd,INF_r1,INF_kr,INF_sk,SUP_avg,SUP_sd,SUP_r1,SUP_kr,SUP_sk,INC_avg,INC_sd,INC_r1,INC_kr,INC_sk,IND_avg,IND_sd,IND_r1,IND_kr,IND_sk
instances/A1/symmetric/8.5.in,0.2188552189,0.1184687683,0.2776081882,2.5176296648,0.4020265931,0.1144781145,0.0681766220,-0.3842351002,3.7546579417,0.9802613973,0.6666666667,0.1039962641,0.3428571429,1.5555357779,0.1814288686,0.2255892256,0.0624486094,-0.0148275862,2.1720186587,-0.0730378958
