Instance,INF_avg,INF_sd,INF_r1,INF_kr,INF_sk,SUP_avg,SUP_sd,SUP_r1,SUP_kr,SUP_sk,INC_avg,INC_sd,INC_r1,INC_kr,INC_sk,IND_avg,IND_sd,IND_r1,IND_kr,IND_sk
instances/A1/symmetric/20.4.in,0.2595238095,0.0575057919,0.5239158673,3.3758611516,-0.1259333467,0.2309523810,0.0535772484,0.4373807038,3.5943646348,0.3664442910,0.5095238095,0.0526535117,0.7240245028,2.7559914329,-0.4452621009,0.0636904762,0.0132314346,0.4270500574,2.5381236158,0.3531283737
