Instance,INF_avg,INF_sd,INF_r1,INF_kr,INF_sk,SUP_avg,SUP_sd,SUP_r1,SUP_kr,SUP_sk,INC_avg,INC_sd,INC_r1,INC_kr,INC_sk,IND_avg,IND_sd,IND_r1,IND_kr,IND_sk
instances/A3/symmetric/200.5.in,0.3084000000,0.0323950614,0.1606038748,2.1316800421,0.4242005658,0.1408000000,0.0232671442,-0.0416018536,3.1412427429,0.1603874125,0.5508000000,0.0251268780,0.2854114727,2.3141843903,-0.0432281537,0.0908000000,0.0152761252,-0.0658577650,2.9988369222,0.3196286781
