Instance,INF_avg,INF_sd,INF_r1,INF_kr,INF_sk,SUP_avg,SUP_sd,SUP_r1,SUP_kr,SUP_sk,INC_avg,INC_sd,INC_r1,INC_kr,INC_sk,IND_avg,IND_sd,IND_r1,IND_kr,IND_sk
instances/A1/symmetric/50.1.in,0.3285714286,0.0880630572,-0.4851351351,1.7761426593,0.1953060531,0.1571428571,0.0863074712,-0.3141263941,2.6870895102,-0.2210728059,0.5142857143,0.1273753893,-0.6773162939,3.8118547526,1.3902917179,0.3571428571,0.1424995525,-0.9447963801,2.9769829045,0.8554075303
