Instance,INF_avg,INF_sd,INF_r1,INF_kr,INF_sk,SUP_avg,SUP_sd,SUP_r1,SUP_kr,SUP_sk,INC_avg,INC_sd,INC_r1,INC_kr,INC_sk,IND_avg,IND_sd,IND_r1,IND_kr,IND_sk
instances/A2/symmetric/20.5.in,0.5005660954,0.0362243702,-0.7994917183,2.8983127009,-1.2431081245,0.1749281796,0.0251542009,0.0653104144,2.6391939875,0.7945903584,0.3245057250,0.0155281251,-0.5144973513,1.8640332088,0.2244597785,0.0508731441,0.0137345660,-0.6040843953,2.5048252180,-0.9778292873
