Instance,INF_avg,INF_sd,INF_r1,INF_kr,INF_sk,SUP_avg,SUP_sd,SUP_r1,SUP_kr,SUP_sk,INC_avg,INC_sd,INC_r1,INC_kr,INC_sk,IND_avg,IND_sd,IND_r1,IND_kr,IND_sk
instances/A3/symmetric/5.5.in,0.3092592593,0.1719133032,-0.1638976857,1.5000000000,-0.6932859751,0.0722222222,0.0549971941,-0.0320000000,1.5000000000,-0.2947996201,0.6185185185,0.1303156451,-0.2989781022,1.5000000000,0.6119472856,0.4055555556,0.0549971941,-0.0320000000,1.5000000000,-0.2947996201
