Instance,INF_avg,INF_sd,INF_r1,INF_kr,INF_sk,SUP_avg,SUP_sd,SUP_r1,SUP_kr,SUP_sk,INC_avg,INC_sd,INC_r1,INC_kr,INC_sk,IND_avg,IND_sd,IND_r1,IND_kr,IND_sk
instances/A3/symmetric/10.1.in,0.0444444444,0.0485689506,0.6523714854,2.1327510446,0.8136117716,0.1595959596,0.0329484978,0.6642170718,2.1125840918,0.3323860630,0.7959595960,0.0268010084,0.3155120482,2.3239927686,-0.4462710526,0.2020202020,0.0233855291,0.1374321881,1.3937402540,0.4190406542
