Instance,INF_avg,INF_sd,INF_r1,INF_kr,INF_sk,SUP_avg,SUP_sd,SUP_r1,SUP_kr,SUP_sk,INC_avg,INC_sd,INC_r1,INC_kr,INC_sk,IND_avg,IND_sd,IND_r1,IND_kr,IND_sk
instances/A1/symmetric/200.5.in,0.3401000000,0.0339188738,0.2320625283,3.0408263050,0.0286969907,0.1689500000,0.0264603005,0.0530696849,2.4307788031,-0.0300725653,0.4909500000,0.0337245830,0.1298125265,3.2995600296,-0.0168432096,0.0570000000,0.0115758369,0.0362930326,3.3965805302,-0.0802624022
