Instance,INF_avg,INF_sd,INF_r1,INF_kr,INF_sk,SUP_avg,SUP_sd,SUP_r1,SUP_kr,SUP_sk,INC_avg,INC_sd,INC_r1,INC_kr,INC_sk,IND_avg,IND_sd,IND_r1,IND_kr,IND_sk
instances/A2/symmetric/20.3.in,0.4475209129,0.0933603595,0.6786927411,1.8622914820,-0.4598632908,0.2233840244,0.0706717917,0.6187377230,1.8856365140,0.4620979384,0.3290950627,0.0318255065,0.4933787769,1.8795482217,0.0844150169,0.0442619113,0.0042482983,0.0367946054,2.9591747199,-0.4393930437
