Instance,INF_avg,INF_sd,INF_r1,INF_kr,INF_sk,SUP_avg,SUP_sd,SUP_r1,SUP_kr,SUP_sk,INC_avg,INC_sd,INC_r1,INC_kr,INC_sk,IND_avg,IND_sd,IND_r1,IND_kr,IND_sk
instances/A2/symmetric/20.3.in,0.4270910280,0.0794272745,0.6332384790,2.0513761849,0.0243777370,0.2314435461,0.0671246875,0.5618523434,1.9976776406,0.4669989988,0.3414654259,0.0337453351,0.5193594909,2.7418755947,0.2068815946,0.0510799439,0.0108891343,0.9492753939,2.8203037257,0.9571421146
