Instance,INF_avg,INF_sd,INF_r1,INF_kr,INF_sk,SUP_avg,SUP_sd,SUP_r1,SUP_kr,SUP_sk,INC_avg,INC_sd,INC_r1,INC_kr,INC_sk,IND_avg,IND_sd,IND_r1,IND_kr,IND_sk
instances/A2/asymmetric/8.2.in,0.5733333333,0.0410298271,0.2749529190,1.2285969084,-0.3169627324,0.0971428571,0.0368363421,-0.4931846344,1.4078326518,-0.0273752306,0.3295238095,0.0364402409,-0.0131434830,2.5641404640,-0.4635823444,0.2704761905,0.0734260391,0.6593944791,2.6492041467,-1.0504627763
