Instance,INF_avg,INF_sd,INF_r1,INF_kr,INF_sk,SUP_avg,SUP_sd,SUP_r1,SUP_kr,SUP_sk,INC_avg,INC_sd,INC_r1,INC_kr,INC_sk,IND_avg,IND_sd,IND_r1,IND_kr,IND_sk
instances/A1/asymmetric/5.4.in,0.4677777778,0.1470869399,0.1088226085,1.3873208926,-0.4688118356,0.0555555556,0.0702728369,-0.0000000000,1.5625000000,0.5929270613,0.4766666667,0.0779680213,0.1960823808,1.2900214866,0.3248639685,0.3822222222,0.0430904876,0.0859030837,1.5439112721,0.0460847791
