Instance,INF_avg,INF_sd,INF_r1,INF_kr,INF_sk,SUP_avg,SUP_sd,SUP_r1,SUP_kr,SUP_sk,INC_avg,INC_sd,INC_r1,INC_kr,INC_sk,IND_avg,IND_sd,IND_r1,IND_kr,IND_sk
instances/A2/symmetric/50.4.in,0.5820833333,0.1610959643,0.8761202694,1.8991864405,-0.2907225375,0.0927083333,0.0639820803,0.8600175927,2.3209075868,0.5024321737,0.3252083333,0.1119382193,0.7668368964,3.7050351723,1.0134620978,0.0570833333,0.0129836970,0.3716152710,2.6594059868,0.6662214265
