Instance,INF_avg,INF_sd,INF_r1,INF_kr,INF_sk,SUP_avg,SUP_sd,SUP_r1,SUP_kr,SUP_sk,INC_avg,INC_sd,INC_r1,INC_kr,INC_sk,IND_avg,IND_sd,IND_r1,IND_kr,IND_sk
instances/A1/asymmetric/50.3.in,0.3463000000,0.0381288605,0.2952835146,2.8157813363,-0.1796712131,0.1609000000,0.0299781587,0.5453332473,2.7493213374,0.5515856347,0.4928000000,0.0382251226,0.3403441997,2.4087962316,0.0542370670,0.0737000000,0.0130694300,0.2753088545,3.1383296422,0.5200060679
