Instance,INF_avg,INF_sd,INF_r1,INF_kr,INF_sk,SUP_avg,SUP_sd,SUP_r1,SUP_kr,SUP_sk,INC_avg,INC_sd,INC_r1,INC_kr,INC_sk,IND_avg,IND_sd,IND_r1,IND_kr,IND_sk
instances/A2/symmetric/8.3.in,0.2666666667,0.1054092553,-0.0243902439,3.4200000000,0.6957010852,0.1666666667,0.0942809042,0.2978723404,2.0625000000,-0.0883883476,0.5666666667,0.1054092553,-0.5348837209,1.9800000000,-0.4427188724,0.4111111111,0.1099943882,-0.2314578005,2.6845064556,-0.2205843312
