Instance,INF_avg,INF_sd,INF_r1,INF_kr,INF_sk,SUP_avg,SUP_sd,SUP_r1,SUP_kr,SUP_sk,INC_avg,INC_sd,INC_r1,INC_kr,INC_sk,IND_avg,IND_sd,IND_r1,IND_kr,IND_sk
instances/A3/symmetric/5.1.in,0.1901234568,0.2281129389,0.4341442495,1.7065263830,0.5877333389,0.1950617284,0.0787611749,0.1251500086,4.4132488575,-1.4431856882,0.6148148148,0.1752325517,0.2317890660,1.5194063131,-0.4611146108,0.3419753086,0.0827805166,0.5842896353,2.0676611713,0.6870674241
