Instance,INF_avg,INF_sd,INF_r1,INF_kr,INF_sk,SUP_avg,SUP_sd,SUP_r1,SUP_kr,SUP_sk,INC_avg,INC_sd,INC_r1,INC_kr,INC_sk,IND_avg,IND_sd,IND_r1,IND_kr,IND_sk
instances/A1/symmetric/20.4.in,0.6076664869,0.0308296212,0.7026544153,4.2963967570,-1.3780865973,0.0940579144,0.0396031267,0.6105445050,2.1020899254,0.7091272433,0.2982755987,0.0357039626,0.1182229293,2.7812641891,-1.0167738406,0.0528832892,0.0137750537,0.2027451218,1.4696915413,-0.0112125869
