Instance,INF_avg,INF_sd,INF_r1,INF_kr,INF_sk,SUP_avg,SUP_sd,SUP_r1,SUP_kr,SUP_sk,INC_avg,INC_sd,INC_r1,INC_kr,INC_sk,IND_avg,IND_sd,IND_r1,IND_kr,IND_sk
instances/A1/symmetric/20.4.in,0.6202867384,0.0162007168,0.6679657112,1.6920971401,0.3566491579,0.0656003584,0.0100964790,0.4208100685,1.4351095810,-0.0503630706,0.3141129032,0.0111103162,0.0815128790,2.9325764129,1.2091393280,0.0551792115,0.0147433868,0.8319479870,1.6496341274,-0.3859914023
