Instance,INF_avg,INF_sd,INF_r1,INF_kr,INF_sk,SUP_avg,SUP_sd,SUP_r1,SUP_kr,SUP_sk,INC_avg,INC_sd,INC_r1,INC_kr,INC_sk,IND_avg,IND_sd,IND_r1,IND_kr,IND_sk
instances/A2/symmetric/8.3.in,0.5125000000,0.1103970108,0.6058931860,1.5547337278,-0.4311362553,0.0895833333,0.0639756356,0.7906935909,1.3792098726,-0.3006430189,0.3979166667,0.0619069082,0.0972202218,2.0909118892,0.8504256945,0.2614583333,0.1131108033,1.0511853320,2.8570082313,1.0194511307
