Instance,INF_avg,INF_sd,INF_r1,INF_kr,INF_sk,SUP_avg,SUP_sd,SUP_r1,SUP_kr,SUP_sk,INC_avg,INC_sd,INC_r1,INC_kr,INC_sk,IND_avg,IND_sd,IND_r1,IND_kr,IND_sk
instances/A1/asymmetric/8.4.in,0.6447619048,0.0903181577,0.4638591457,1.4047058501,0.1037498768,0.0952380952,0.0810363710,0.6068702290,1.3553462959,-0.1558344181,0.2600000000,0.0429469958,-0.5225334957,2.4634199448,0.4460527720,0.2314285714,0.0303195379,0.2772947891,1.3177920715,-0.3096903421
