Instance,INF_avg,INF_sd,INF_r1,INF_kr,INF_sk,SUP_avg,SUP_sd,SUP_r1,SUP_kr,SUP_sk,INC_avg,INC_sd,INC_r1,INC_kr,INC_sk,IND_avg,IND_sd,IND_r1,IND_kr,IND_sk
instances/A3/symmetric/200.6.in,0.2942000000,0.0397537420,0.1570418160,3.2598101381,-0.3420063273,0.1274000000,0.0175567651,0.4312974027,4.4383315969,0.7847534313,0.5784000000,0.0358530333,0.0125789178,2.8035205713,0.2994169940,0.0943000000,0.0191052349,0.4571580540,2.1128986701,-0.0388086398
