Instance,INF_avg,INF_sd,INF_r1,INF_kr,INF_sk,SUP_avg,SUP_sd,SUP_r1,SUP_kr,SUP_sk,INC_avg,INC_sd,INC_r1,INC_kr,INC_sk,IND_avg,IND_sd,IND_r1,IND_kr,IND_sk
instances/A3/asymmetric/10.5.in,0.5257107651,0.1040579981,0.7638021854,1.7222280204,0.1217661836,0.1148603106,0.0677406237,0.0502482616,2.2646678687,-0.7093430538,0.3594289243,0.0676650098,0.2204157091,1.4326957843,-0.3053147536,0.2419898499,0.0435139270,0.6506368826,1.6576979162,-0.1355457627
