Instance,INF_avg,INF_sd,INF_r1,INF_kr,INF_sk,SUP_avg,SUP_sd,SUP_r1,SUP_kr,SUP_sk,INC_avg,INC_sd,INC_r1,INC_kr,INC_sk,IND_avg,IND_sd,IND_r1,IND_kr,IND_sk
instances/A3/symmetric/8.1.in,0.0850168350,0.0696062293,-0.2233551018,1.9694414102,0.3951831109,0.1916386083,0.0465549013,-0.2389341842,2.3288674997,-0.8205531535,0.7233445567,0.0942092650,0.2920227595,1.9789093172,-0.7829945550,0.2443883277,0.0392797017,0.4819704231,1.7999921235,-0.1458517697
