Instance,INF_avg,INF_sd,INF_r1,INF_kr,INF_sk,SUP_avg,SUP_sd,SUP_r1,SUP_kr,SUP_sk,INC_avg,INC_sd,INC_r1,INC_kr,INC_sk,IND_avg,IND_sd,IND_r1,IND_kr,IND_sk
instances/A1/asymmetric/10.1.in,0.3635415378,0.0323100712,-0.2035771575,1.4937380577,-0.0066522561,0.1126942898,0.0276259837,0.5004926973,1.6225318430,0.4364843697,0.5237641723,0.0488813157,0.1718416044,1.3683640068,0.3112162815,0.1428179757,0.0319793319,0.3468481515,2.2540579229,0.9007149012
