Instance,INF_avg,INF_sd,INF_r1,INF_kr,INF_sk,SUP_avg,SUP_sd,SUP_r1,SUP_kr,SUP_sk,INC_avg,INC_sd,INC_r1,INC_kr,INC_sk,IND_avg,IND_sd,IND_r1,IND_kr,IND_sk
instances/A1/symmetric/200.1.in,0.3178000000,0.0278596482,-0.0874182181,2.9506957615,-0.8334293176,0.2000000000,0.0269814751,-0.1649484536,2.2459168579,0.5024815079,0.4822000000,0.0249431353,0.0087138145,3.8432805137,-0.1360883799,0.0534000000,0.0136908729,0.1282225862,2.1275477722,0.2547750039
