Instance,INF_avg,INF_sd,INF_r1,INF_kr,INF_sk,SUP_avg,SUP_sd,SUP_r1,SUP_kr,SUP_sk,INC_avg,INC_sd,INC_r1,INC_kr,INC_sk,IND_avg,IND_sd,IND_r1,IND_kr,IND_sk
instances/A2/symmetric/10.4.in,0.6393099548,0.0601547026,0.1113461049,2.1621476757,-0.9466791210,0.0573717949,0.0584380224,0.1295439459,2.1110151214,0.8477483341,0.3033182504,0.0149241260,-0.7747807224,1.8742422246,-0.0989367461,0.1279128959,0.0551169354,-0.4363826484,1.4088654529,0.3146230637
