Instance,INF_avg,INF_sd,INF_r1,INF_kr,INF_sk,SUP_avg,SUP_sd,SUP_r1,SUP_kr,SUP_sk,INC_avg,INC_sd,INC_r1,INC_kr,INC_sk,IND_avg,IND_sd,IND_r1,IND_kr,IND_sk
instances/A2/asymmetric/200.4.in,0.4458762887,0.1359711353,0.3969503924,4.4892702436,0.6005587107,0.0716494845,0.0749251229,0.3518983102,3.2256435719,0.9656740379,0.4824742268,0.1262139480,0.3402862008,3.7314852146,-0.2947549146,0.2886597938,0.1001301099,0.1135259577,2.5113685135,0.4362063648
