Instance,INF_avg,INF_sd,INF_r1,INF_kr,INF_sk,SUP_avg,SUP_sd,SUP_r1,SUP_kr,SUP_sk,INC_avg,INC_sd,INC_r1,INC_kr,INC_sk,IND_avg,IND_sd,IND_r1,IND_kr,IND_sk
instances/A3/symmetric/5.4.in,0.5066666667,0.1036613670,-0.5752523036,1.8621999351,-0.6653451543,0.0222222222,0.0444444444,-0.3157894737,3.2500000000,1.5000000000,0.4711111111,0.1220402686,-0.5338645418,1.7353988278,0.5222146104,0.4666666667,0.0688530373,-0.2051282051,2.9947916667,1.2506508722
