Instance,INF_avg,INF_sd,INF_r1,INF_kr,INF_sk,SUP_avg,SUP_sd,SUP_r1,SUP_kr,SUP_sk,INC_avg,INC_sd,INC_r1,INC_kr,INC_sk,IND_avg,IND_sd,IND_r1,IND_kr,IND_sk
instances/A1/symmetric/5.5.in,0.4311111111,0.0979795897,-0.1176772867,2.1624498298,0.6277727484,0.1611111111,0.0936238864,-0.4819587629,2.0052073001,-0.7672292692,0.4077777778,0.0409154503,-0.2544669446,2.4505377607,-0.9161036294,0.4633333333,0.0939923821,-0.6348067673,1.4901302788,0.0131428417
