Instance,INF_avg,INF_sd,INF_r1,INF_kr,INF_sk,SUP_avg,SUP_sd,SUP_r1,SUP_kr,SUP_sk,INC_avg,INC_sd,INC_r1,INC_kr,INC_sk,IND_avg,IND_sd,IND_r1,IND_kr,IND_sk
instances/A3/symmetric/200.1.in,0.3000000000,0.0350713558,-0.6680672269,2.1569502280,-0.5285391718,0.0930000000,0.0105356538,-0.1231884058,2.0036523009,-0.1077422590,0.6070000000,0.0391279951,-0.7212655747,1.7511029407,0.3418915534,0.0990000000,0.0223383079,0.1464656753,2.2853201393,-0.3859398179
