Instance,INF_avg,INF_sd,INF_r1,INF_kr,INF_sk,SUP_avg,SUP_sd,SUP_r1,SUP_kr,SUP_sk,INC_avg,INC_sd,INC_r1,INC_kr,INC_sk,IND_avg,IND_sd,IND_r1,IND_kr,IND_sk
instances/A1/symmetric/50.6.in,0.4100000000,0.1110341003,0.5351426583,2.0890249191,0.5460099560,0.0628571429,0.0439851552,0.5776287932,4.1394541473,0.9866883075,0.5271428571,0.0830170870,0.1099800735,2.1356953258,-0.7032058831,0.1600000000,0.0362530787,0.3111111111,3.0037807183,0.1439158133
