Instance,INF_avg,INF_sd,INF_r1,INF_kr,INF_sk,SUP_avg,SUP_sd,SUP_r1,SUP_kr,SUP_sk,INC_avg,INC_sd,INC_r1,INC_kr,INC_sk,IND_avg,IND_sd,IND_r1,IND_kr,IND_sk
instances/A1/asymmetric/100.1.in,0.4430000000,0.0268514432,-0.1221913658,2.5510242555,0.6203030945,0.1395000000,0.0279687325,0.2747559275,2.1017803635,0.6392565199,0.4175000000,0.0295169443,0.5277989337,1.6956149433,0.1531109955,0.0725000000,0.0145344419,0.1988130564,2.3047162214,-0.3053347261
