Instance,INF_avg,INF_sd,INF_r1,INF_kr,INF_sk,SUP_avg,SUP_sd,SUP_r1,SUP_kr,SUP_sk,INC_avg,INC_sd,INC_r1,INC_kr,INC_sk,IND_avg,IND_sd,IND_r1,IND_kr,IND_sk
instances/A3/symmetric/20.5.in,0.1414140247,0.0680686720,0.7339749688,2.1709377072,0.0102789115,0.1742559972,0.0464933363,0.7008860800,1.8473584304,0.0519174243,0.6843299782,0.0418613299,0.6074998418,3.6446765092,0.5719125811,0.0694358307,0.0163071952,0.5965445320,3.3736170237,0.2045551228
