Instance,INF_avg,INF_sd,INF_r1,INF_kr,INF_sk,SUP_avg,SUP_sd,SUP_r1,SUP_kr,SUP_sk,INC_avg,INC_sd,INC_r1,INC_kr,INC_sk,IND_avg,IND_sd,IND_r1,IND_kr,IND_sk
instances/A3/symmetric/5.4.in,0.1092592593,0.1063162970,-0.0122876266,2.7932555790,1.0295202668,0.2481481481,0.0605756564,-0.1294858342,4.5671220194,1.5335159426,0.6425925926,0.1136137900,0.1364998368,2.5157564081,-0.6873432147,0.3870370370,0.0428734700,0.2215706806,2.1718924037,0.1057271804
