Instance,INF_avg,INF_sd,INF_r1,INF_kr,INF_sk,SUP_avg,SUP_sd,SUP_r1,SUP_kr,SUP_sk,INC_avg,INC_sd,INC_r1,INC_kr,INC_sk,IND_avg,IND_sd,IND_r1,IND_kr,IND_sk
instances/A3/asymmetric/50.2.in,0.4808000000,0.0569153758,0.5633295129,2.8801276155,0.8084586202,0.0846000000,0.0276376555,0.7735414038,3.8060836070,1.2878119526,0.4346000000,0.0620793041,0.5852576973,1.9023369481,-0.3338241559,0.0788000000,0.0117711512,0.3450555359,1.9625828049,-0.0793716433
