Instance,INF_avg,INF_sd,INF_r1,INF_kr,INF_sk,SUP_avg,SUP_sd,SUP_r1,SUP_kr,SUP_sk,INC_avg,INC_sd,INC_r1,INC_kr,INC_sk,IND_avg,IND_sd,IND_r1,IND_kr,IND_sk
instances/A1/asymmetric/100.6.in,0.4972222222,0.0874122135,0.7640128402,2.0671335969,-0.1680605129,0.0788888889,0.0465342035,0.8005696780,2.5498616170,0.3523407609,0.4238888889,0.0495270845,0.4966760169,2.0166438747,0.2845310346,0.0615277778,0.0134277617,0.3416679817,2.9171796337,0.4302049902
