Instance,INF_avg,INF_sd,INF_r1,INF_kr,INF_sk,SUP_avg,SUP_sd,SUP_r1,SUP_kr,SUP_sk,INC_avg,INC_sd,INC_r1,INC_kr,INC_sk,IND_avg,IND_sd,IND_r1,IND_kr,IND_sk
instances/A3/symmetric/20.4.in,0.1538320621,0.0623753447,0.6362539026,2.5711253006,-0.1340698342,0.2251970481,0.0564780116,0.3307744930,1.9452527691,0.5793848677,0.6209708898,0.0658566114,0.7085770190,1.7025656265,-0.2726662315,0.0727879295,0.0167532338,0.4233442193,2.4240547659,-0.2160895300
