Instance,INF_avg,INF_sd,INF_r1,INF_kr,INF_sk,SUP_avg,SUP_sd,SUP_r1,SUP_kr,SUP_sk,INC_avg,INC_sd,INC_r1,INC_kr,INC_sk,IND_avg,IND_sd,IND_r1,IND_kr,IND_sk
instances/A3/symmetric/20.4.in,0.1713242092,0.0786626725,0.6622975868,3.8918666585,0.7476695750,0.2051401745,0.0648946977,0.5559440247,2.4241259596,0.3716367409,0.6235356163,0.0661862627,0.6824632451,1.6509359011,-0.3251839110,0.0726426726,0.0163470920,0.2460663777,2.4507338844,-0.2751654375
