Instance,INF_avg,INF_sd,INF_r1,INF_kr,INF_sk,SUP_avg,SUP_sd,SUP_r1,SUP_kr,SUP_sk,INC_avg,INC_sd,INC_r1,INC_kr,INC_sk,IND_avg,IND_sd,IND_r1,IND_kr,IND_sk
instances/A1/symmetric/20.1.in,0.5348717949,0.0981874767,0.7572089908,1.5005898988,-0.1515229777,0.1055361305,0.0555283310,0.6193255872,2.7533238414,0.8186716071,0.3595920746,0.0497849004,0.7571864071,1.1684377486,-0.1680552631,0.0767365967,0.0185717994,0.4688046141,3.3285853161,-1.2408869646
