Instance,INF_avg,INF_sd,INF_r1,INF_kr,INF_sk,SUP_avg,SUP_sd,SUP_r1,SUP_kr,SUP_sk,INC_avg,INC_sd,INC_r1,INC_kr,INC_sk,IND_avg,IND_sd,IND_r1,IND_kr,IND_sk
instances/A1/symmetric/20.1.in,0.5655231499,0.0984559702,0.7743880847,1.8168021247,-0.6360041864,0.0859679039,0.0576772145,0.6794611845,3.1637527580,1.0287734426,0.3485089461,0.0467377747,0.7760625717,1.3270942588,0.3533015621,0.0772406961,0.0179477976,0.4760580042,3.2548348941,-1.0512008496
