Instance,INF_avg,INF_sd,INF_r1,INF_kr,INF_sk,SUP_avg,SUP_sd,SUP_r1,SUP_kr,SUP_sk,INC_avg,INC_sd,INC_r1,INC_kr,INC_sk,IND_avg,IND_sd,IND_r1,IND_kr,IND_sk
instances/A2/asymmetric/10.3.in,0.4526500629,0.0887578457,0.7088664848,1.9420712640,-0.0819364478,0.2371430624,0.0939068861,0.5492405143,1.7238930712,0.3419046422,0.3102068748,0.0422824194,0.1612269455,1.9562131431,0.3649178663,0.1400700736,0.0202622388,0.4175813300,1.9387399098,-0.4959473440
