Instance,INF_avg,INF_sd,INF_r1,INF_kr,INF_sk,SUP_avg,SUP_sd,SUP_r1,SUP_kr,SUP_sk,INC_avg,INC_sd,INC_r1,INC_kr,INC_sk,IND_avg,IND_sd,IND_r1,IND_kr,IND_sk
instances/A2/symmetric/20.6.in,0.7135735736,0.0620625335,-0.7636517503,2.4012689536,0.7738230584,0.0911711712,0.0354799944,-0.6558780768,1.4517867593,0.4643371794,0.1952552553,0.0462881133,-0.0682362198,2.6744499970,-1.1226761733,0.0802402402,0.0180114102,-0.4702634738,1.9114150082,0.1784600478
