Instance,INF_avg,INF_sd,INF_r1,INF_kr,INF_sk,SUP_avg,SUP_sd,SUP_r1,SUP_kr,SUP_sk,INC_avg,INC_sd,INC_r1,INC_kr,INC_sk,IND_avg,IND_sd,IND_r1,IND_kr,IND_sk
instances/A2/symmetric/50.1.in,0.3017000000,0.0709655550,0.7172862559,3.5015790081,-0.6331006965,0.2591000000,0.0535508170,0.6865233714,2.7800295172,0.3264109186,0.4392000000,0.0424306493,0.3815396985,2.6513725583,0.0604313285,0.0586500000,0.0096139222,0.1730787852,2.9617376736,0.3354094506
