Instance,INF_avg,INF_sd,INF_r1,INF_kr,INF_sk,SUP_avg,SUP_sd,SUP_r1,SUP_kr,SUP_sk,INC_avg,INC_sd,INC_r1,INC_kr,INC_sk,IND_avg,IND_sd,IND_r1,IND_kr,IND_sk
instances/A1/symmetric/10.3.in,0.5406162180,0.1056050374,0.7909050186,1.6617690666,-0.2135829708,0.1286271489,0.0762176840,1.0178069459,1.6812545052,-0.5064319165,0.3307566331,0.0477757952,0.3525140687,2.5556418925,0.8634349065,0.1513551264,0.0443288619,-0.5771843131,6.2896416899,2.2009447952
