Instance,INF_avg,INF_sd,INF_r1,INF_kr,INF_sk,SUP_avg,SUP_sd,SUP_r1,SUP_kr,SUP_sk,INC_avg,INC_sd,INC_r1,INC_kr,INC_sk,IND_avg,IND_sd,IND_r1,IND_kr,IND_sk
instances/A1/symmetric/8.3.in,0.3253647587,0.1171218250,0.1114229351,3.4599774293,-1.1114517504,0.1696969697,0.0724602280,0.2134529148,3.3125756288,0.9243033612,0.5049382716,0.0646980792,0.2818896308,1.9596622162,-0.2015911700,0.1664983165,0.0438693535,0.7396773663,2.3423307689,0.3390110207
