Instance,INF_avg,INF_sd,INF_r1,INF_kr,INF_sk,SUP_avg,SUP_sd,SUP_r1,SUP_kr,SUP_sk,INC_avg,INC_sd,INC_r1,INC_kr,INC_sk,IND_avg,IND_sd,IND_r1,IND_kr,IND_sk
instances/A1/symmetric/8.3.in,0.3806060606,0.0740684418,-0.4787859184,2.7893109511,-0.9765547519,0.1539393939,0.0501018247,0.1851502955,1.2770736772,-0.1758942202,0.4654545455,0.0551681627,-0.3634530052,1.4583567757,0.3430861967,0.1345454545,0.0232050784,0.2575618698,1.7956267484,-0.0891489732
