Instance,INF_avg,INF_sd,INF_r1,INF_kr,INF_sk,SUP_avg,SUP_sd,SUP_r1,SUP_kr,SUP_sk,INC_avg,INC_sd,INC_r1,INC_kr,INC_sk,IND_avg,IND_sd,IND_r1,IND_kr,IND_sk
instances/A2/symmetric/8.4.in,0.4600192400,0.0718709612,0.4120053224,3.0568994898,-1.1650293599,0.2074266474,0.0672461807,0.3428535314,2.1834897015,0.7125386438,0.3325541126,0.0399099036,0.4416999473,2.1222156456,0.4469417165,0.1500817701,0.0335211965,0.1957059889,1.8000845197,0.2239716912
