Instance,INF_avg,INF_sd,INF_r1,INF_kr,INF_sk,SUP_avg,SUP_sd,SUP_r1,SUP_kr,SUP_sk,INC_avg,INC_sd,INC_r1,INC_kr,INC_sk,IND_avg,IND_sd,IND_r1,IND_kr,IND_sk
instances/A2/symmetric/8.4.in,0.4413679654,0.0910651046,0.8158206599,1.5044882116,-0.4418697634,0.2400346320,0.0728207521,0.4951619482,1.6157247263,-0.1421187861,0.3185974026,0.0419773405,0.0323176130,2.3044907972,0.8960149184,0.1368138528,0.0343813612,0.2600300036,2.5645313221,0.9549232700
