Instance,INF_avg,INF_sd,INF_r1,INF_kr,INF_sk,SUP_avg,SUP_sd,SUP_r1,SUP_kr,SUP_sk,INC_avg,INC_sd,INC_r1,INC_kr,INC_sk,IND_avg,IND_sd,IND_r1,IND_kr,IND_sk
instances/A2/symmetric/200.6.in,0.4718000000,0.0968130157,0.7809262591,5.3321803067,1.3725222404,0.2045000000,0.0500824320,0.5941826971,4.3232625965,-0.4001376853,0.3237000000,0.0635044093,0.8142740700,3.6054014862,-0.9716269491,0.0441500000,0.0096450765,0.3648128033,2.8909759167,0.1160026718
