Instance,INF_avg,INF_sd,INF_r1,INF_kr,INF_sk,SUP_avg,SUP_sd,SUP_r1,SUP_kr,SUP_sk,INC_avg,INC_sd,INC_r1,INC_kr,INC_sk,IND_avg,IND_sd,IND_r1,IND_kr,IND_sk
instances/A3/symmetric/100.1.in,0.3108000000,0.0359911100,0.3680994793,2.2663716716,0.0244656513,0.1144000000,0.0219690692,0.2880066524,3.7789504402,0.7482650765,0.5748000000,0.0374294002,-0.0749209268,3.1383685756,0.3826601178,0.0810000000,0.0167928556,0.3221960553,2.1431266033,-0.0342090766
