Instance,INF_avg,INF_sd,INF_r1,INF_kr,INF_sk,SUP_avg,SUP_sd,SUP_r1,SUP_kr,SUP_sk,INC_avg,INC_sd,INC_r1,INC_kr,INC_sk,IND_avg,IND_sd,IND_r1,IND_kr,IND_sk
instances/A1/asymmetric/10.4.in,0.2843014129,0.0390431152,-0.9135546586,1.9949546139,0.2915784995,0.2530612245,0.0533679236,-0.7035378604,2.6479122931,-1.0097649672,0.4626373626,0.0309160547,-0.4798860322,1.3049941558,-0.2529105750,0.1634222920,0.0086006196,-0.3242590706,1.2499167291,0.0136873615
