Instance,INF_avg,INF_sd,INF_r1,INF_kr,INF_sk,SUP_avg,SUP_sd,SUP_r1,SUP_kr,SUP_sk,INC_avg,INC_sd,INC_r1,INC_kr,INC_sk,IND_avg,IND_sd,IND_r1,IND_kr,IND_sk
instances/A1/asymmetric/10.4.in,0.2557696272,0.0712899002,-0.1156127681,5.1460685031,-1.6161993897,0.2347620633,0.0585493494,-0.6470385454,1.3532835508,-0.0499897199,0.5094683095,0.0606034858,0.5513278199,2.0682938032,0.1553443656,0.1688010402,0.0144143287,-0.5875747554,1.9638997438,0.5859144546
