Instance,INF_avg,INF_sd,INF_r1,INF_kr,INF_sk,SUP_avg,SUP_sd,SUP_r1,SUP_kr,SUP_sk,INC_avg,INC_sd,INC_r1,INC_kr,INC_sk,IND_avg,IND_sd,IND_r1,IND_kr,IND_sk
instances/A2/symmetric/100.5.in,0.3020000000,0.0183303028,-0.5559545183,2.5245535714,0.7998075352,0.2270000000,0.0211187121,-0.5902964960,2.5065957490,-0.5981561255,0.4710000000,0.0037416574,-0.5217391304,1.8469387755,-0.3436215967,0.0710000000,0.0048989795,0.0384615385,1.1666666667,-0.4082482905
