Instance,INF_avg,INF_sd,INF_r1,INF_kr,INF_sk,SUP_avg,SUP_sd,SUP_r1,SUP_kr,SUP_sk,INC_avg,INC_sd,INC_r1,INC_kr,INC_sk,IND_avg,IND_sd,IND_r1,IND_kr,IND_sk
instances/A1/symmetric/10.3.in,0.1827272727,0.1718063272,0.8929206564,2.0596125420,0.7889514508,0.3858041958,0.1771459389,0.7321763508,1.5474225415,-0.1993607036,0.4314685315,0.0514183398,-0.3187685756,1.4577016445,-0.0334682521,0.1336363636,0.0281414450,-0.1217450401,1.6148279937,-0.2699673981
