Instance,INF_avg,INF_sd,INF_r1,INF_kr,INF_sk,SUP_avg,SUP_sd,SUP_r1,SUP_kr,SUP_sk,INC_avg,INC_sd,INC_r1,INC_kr,INC_sk,IND_avg,IND_sd,IND_r1,IND_kr,IND_sk
instances/A1/symmetric/10.3.in,0.2617715618,0.1580475448,0.6813257860,1.6131906476,-0.3344064584,0.2848484848,0.1742669409,0.7379057949,2.0080346584,0.8071411133,0.4533799534,0.0481195333,-0.1266362498,2.3117107483,-0.6353530347,0.1276612277,0.0244457830,-0.0238252154,1.9328425505,0.0723121048
