Instance,INF_avg,INF_sd,INF_r1,INF_kr,INF_sk,SUP_avg,SUP_sd,SUP_r1,SUP_kr,SUP_sk,INC_avg,INC_sd,INC_r1,INC_kr,INC_sk,IND_avg,IND_sd,IND_r1,IND_kr,IND_sk
instances/A2/symmetric/100.4.in,0.4000000000,0.0988631025,0.8185941043,2.8206393029,0.6371368309,0.1339130435,0.0706331078,0.4799590746,3.4775201704,0.3707074489,0.4660869565,0.0576148479,0.3362546480,2.7902581452,0.1420022846,0.1826086957,0.0365010293,-0.1994718266,3.5160507936,0.4933071358
