Instance,INF_avg,INF_sd,INF_r1,INF_kr,INF_sk,SUP_avg,SUP_sd,SUP_r1,SUP_kr,SUP_sk,INC_avg,INC_sd,INC_r1,INC_kr,INC_sk,IND_avg,IND_sd,IND_r1,IND_kr,IND_sk
instances/A3/asymmetric/10.2.in,0.6126516455,0.0951848859,0.6392465095,1.6170082687,-0.0441536352,0.1452648779,0.1033539974,0.3493130686,1.4692189592,-0.2156606261,0.2420834767,0.0404030648,-0.1407786500,1.7254805662,-0.0281567998,0.2044364178,0.0515470780,0.2446644065,2.6325753567,0.9967909763
