Instance,INF_avg,INF_sd,INF_r1,INF_kr,INF_sk,SUP_avg,SUP_sd,SUP_r1,SUP_kr,SUP_sk,INC_avg,INC_sd,INC_r1,INC_kr,INC_sk,IND_avg,IND_sd,IND_r1,IND_kr,IND_sk
instances/A2/asymmetric/10.1.in,0.5270748299,0.0643066629,-0.1922556878,3.1422876425,-1.4072081318,0.1215419501,0.0969177020,-0.1579623571,3.0404417713,1.3384928814,0.3513832200,0.0345319834,-0.0936096102,2.4599078183,-0.8625207724,0.1341496599,0.0405467540,-0.2080610343,1.9919899280,0.4100756703
