Instance,INF_avg,INF_sd,INF_r1,INF_kr,INF_sk,SUP_avg,SUP_sd,SUP_r1,SUP_kr,SUP_sk,INC_avg,INC_sd,INC_r1,INC_kr,INC_sk,IND_avg,IND_sd,IND_r1,IND_kr,IND_sk
instances/A1/symmetric/200.2.in,0.3003000000,0.0304287693,-0.0153744595,2.4983129723,0.1359981884,0.1915500000,0.0295439926,0.1638799911,2.4124521022,0.3273414620,0.5081500000,0.0315646559,-0.0293521546,2.5078636601,-0.1493001483,0.0946000000,0.0184753890,0.1324445184,3.5393413505,0.2893370382
