Instance,INF_avg,INF_sd,INF_r1,INF_kr,INF_sk,SUP_avg,SUP_sd,SUP_r1,SUP_kr,SUP_sk,INC_avg,INC_sd,INC_r1,INC_kr,INC_sk,IND_avg,IND_sd,IND_r1,IND_kr,IND_sk
instances/A3/symmetric/5.5.in,0.2455555556,0.1596446672,0.6581456422,1.2876049321,0.0050206766,0.1488888889,0.0898833263,0.4479612735,2.1228546577,-0.4355914033,0.6055555556,0.0964813038,0.2206200433,2.2031481964,-0.4183454149,0.4466666667,0.0933333333,-0.5735767991,1.9380466472,0.5160349854
