Instance,INF_avg,INF_sd,INF_r1,INF_kr,INF_sk,SUP_avg,SUP_sd,SUP_r1,SUP_kr,SUP_sk,INC_avg,INC_sd,INC_r1,INC_kr,INC_sk,IND_avg,IND_sd,IND_r1,IND_kr,IND_sk
instances/A3/symmetric/5.5.in,0.1438271605,0.1657266587,0.7057740150,2.0607495171,0.8512298420,0.1641975309,0.0783537366,0.4854183625,2.8312788633,-0.5524340840,0.6919753086,0.1244772639,0.6674022144,2.3950007149,-0.5328491457,0.4037037037,0.0922214785,-0.1904535740,3.0299063476,0.7346865829
