Instance,INF_avg,INF_sd,INF_r1,INF_kr,INF_sk,SUP_avg,SUP_sd,SUP_r1,SUP_kr,SUP_sk,INC_avg,INC_sd,INC_r1,INC_kr,INC_sk,IND_avg,IND_sd,IND_r1,IND_kr,IND_sk
instances/A3/symmetric/10.3.in,0.5411178815,0.0411579528,0.2699132777,1.5952614283,0.5106983792,0.0214970215,0.0348834026,0.5373119057,3.5130065678,1.3968951894,0.4373850970,0.0340130958,-0.0175266787,1.3253664699,0.2594229621,0.2452980851,0.0684084643,0.7805435022,1.4246093855,-0.5107773760
