Instance,INF_avg,INF_sd,INF_r1,INF_kr,INF_sk,SUP_avg,SUP_sd,SUP_r1,SUP_kr,SUP_sk,INC_avg,INC_sd,INC_r1,INC_kr,INC_sk,IND_avg,IND_sd,IND_r1,IND_kr,IND_sk
instances/A3/symmetric/20.3.in,0.5280461683,0.0497134419,0.5013442033,1.7700013601,0.3413068654,0.0766583410,0.0155056462,0.5008318788,2.3299824547,-0.9537689540,0.3952954907,0.0404250771,0.4143835585,1.6432199965,-0.0777667079,0.0825472813,0.0234834861,0.0845400547,3.2356478500,-0.2310398489
