Instance,INF_avg,INF_sd,INF_r1,INF_kr,INF_sk,SUP_avg,SUP_sd,SUP_r1,SUP_kr,SUP_sk,INC_avg,INC_sd,INC_r1,INC_kr,INC_sk,IND_avg,IND_sd,IND_r1,IND_kr,IND_sk
instances/A2/asymmetric/50.6.in,0.3148500000,0.1055899025,0.8643856965,1.8809193843,-0.0991395254,0.2193500000,0.0637520784,0.7463165900,2.4259200685,0.4854590357,0.4658000000,0.0556988330,0.6389189687,2.5405335125,0.0086304555,0.0657000000,0.0151825558,0.5176166210,2.5707872279,-0.0026899211
