Instance,INF_avg,INF_sd,INF_r1,INF_kr,INF_sk,SUP_avg,SUP_sd,SUP_r1,SUP_kr,SUP_sk,INC_avg,INC_sd,INC_r1,INC_kr,INC_sk,IND_avg,IND_sd,IND_r1,IND_kr,IND_sk
instances/A3/asymmetric/8.4.in,0.2586695712,0.0912766012,0.4475622792,3.8384341398,1.3986305755,0.1756225256,0.0787754268,0.7613200042,1.6025600688,-0.3565012568,0.5657079032,0.0463865647,0.0198852612,4.0432498468,0.3322915926,0.2342840030,0.0487145836,0.4654411004,2.9984773012,0.3977721115
