Instance,INF_avg,INF_sd,INF_r1,INF_kr,INF_sk,SUP_avg,SUP_sd,SUP_r1,SUP_kr,SUP_sk,INC_avg,INC_sd,INC_r1,INC_kr,INC_sk,IND_avg,IND_sd,IND_r1,IND_kr,IND_sk
instances/A3/asymmetric/8.4.in,0.3129537130,0.0907797240,0.2684505858,2.2992817831,0.9173716429,0.1146053946,0.0516689077,0.6583049839,1.4017052557,0.1269273424,0.5724408924,0.0603441318,-0.0314522293,2.4834833503,-0.0502055814,0.2442490842,0.0474289811,0.0056546529,2.8220719380,1.0243264794
