Instance,INF_avg,INF_sd,INF_r1,INF_kr,INF_sk,SUP_avg,SUP_sd,SUP_r1,SUP_kr,SUP_sk,INC_avg,INC_sd,INC_r1,INC_kr,INC_sk,IND_avg,IND_sd,IND_r1,IND_kr,IND_sk
instances/A1/asymmetric/50.2.in,0.3510000000,0.0182756669,-0.8198307134,1.4045143246,-0.2585159233,0.1850000000,0.0126491106,0.3478260870,1.2695312500,0.2223476480,0.4640000000,0.0168522995,-0.4069877243,2.6300833168,0.9251882364,0.0490000000,0.0091651514,-0.3126843658,1.2091836735,0.2961528510
