Instance,INF_avg,INF_sd,INF_r1,INF_kr,INF_sk,SUP_avg,SUP_sd,SUP_r1,SUP_kr,SUP_sk,INC_avg,INC_sd,INC_r1,INC_kr,INC_sk,IND_avg,IND_sd,IND_r1,IND_kr,IND_sk
instances/A2/asymmetric/5.4.in,0.5377777778,0.0762063476,0.4230769231,1.1666666667,-0.4082482905,0.0666666667,0.0888888889,0.1549295775,2.0781250000,0.8437500000,0.3955555556,0.0355555556,-0.5203761755,2.5908203125,-0.5507812500,0.4577777778,0.0738366566,-0.5589887640,2.9034341525,1.2352635360
