Instance,INF_avg,INF_sd,INF_r1,INF_kr,INF_sk,SUP_avg,SUP_sd,SUP_r1,SUP_kr,SUP_sk,INC_avg,INC_sd,INC_r1,INC_kr,INC_sk,IND_avg,IND_sd,IND_r1,IND_kr,IND_sk
instances/A2/symmetric/10.3.in,0.4913538096,0.1289982214,0.7258081330,1.2583812873,-0.3329288803,0.2416806070,0.0993459077,0.5220526759,1.4617141223,0.0219200711,0.2669655834,0.0544755565,0.3714530551,2.4629220143,0.7068553365,0.1819724393,0.0184635163,0.3969554151,1.7112466688,-0.1714318558
