Instance,INF_avg,INF_sd,INF_r1,INF_kr,INF_sk,SUP_avg,SUP_sd,SUP_r1,SUP_kr,SUP_sk,INC_avg,INC_sd,INC_r1,INC_kr,INC_sk,IND_avg,IND_sd,IND_r1,IND_kr,IND_sk
instances/A1/symmetric/8.4.in,0.5984981685,0.1229497642,0.6142200988,1.2546663503,0.1625129912,0.1701098901,0.1164566974,0.4632350493,1.4710877063,-0.3541440160,0.2313919414,0.0345170027,0.2301687443,1.7755017090,0.3273553029,0.2486080586,0.0292484822,-0.3174804404,2.0964904126,-0.4487875201
