Instance,INF_avg,INF_sd,INF_r1,INF_kr,INF_sk,SUP_avg,SUP_sd,SUP_r1,SUP_kr,SUP_sk,INC_avg,INC_sd,INC_r1,INC_kr,INC_sk,IND_avg,IND_sd,IND_r1,IND_kr,IND_sk
instances/A1/symmetric/8.4.in,0.3265412748,0.0950015101,0.7106476439,2.4696367022,0.9381125368,0.2454754441,0.0679314002,-0.2968008306,2.0697310503,-0.4599427361,0.4279832811,0.0502196749,-0.0235906953,1.2785398011,0.0345340990,0.2086520376,0.0335371044,-0.1688707287,2.8297763682,1.1864802055
