Instance,INF_avg,INF_sd,INF_r1,INF_kr,INF_sk,SUP_avg,SUP_sd,SUP_r1,SUP_kr,SUP_sk,INC_avg,INC_sd,INC_r1,INC_kr,INC_sk,IND_avg,IND_sd,IND_r1,IND_kr,IND_sk
instances/A1/asymmetric/20.2.in,0.6470210580,0.0354067425,-0.0606993203,1.2631619554,-0.3831592188,0.0578732238,0.0121171271,0.0731123224,1.4792582021,0.4796011720,0.2951057182,0.0244238805,-0.1249012525,1.5969194836,0.4960582121,0.0951699195,0.0102829894,-0.3415834531,2.5119922924,-0.9244813175
