Instance,INF_avg,INF_sd,INF_r1,INF_kr,INF_sk,SUP_avg,SUP_sd,SUP_r1,SUP_kr,SUP_sk,INC_avg,INC_sd,INC_r1,INC_kr,INC_sk,IND_avg,IND_sd,IND_r1,IND_kr,IND_sk
instances/A3/symmetric/20.1.in,0.2484747475,0.0285404644,-0.1009272598,3.1535648654,1.4282251027,0.1002323232,0.0117126254,0.1105709977,2.4704374855,-0.5142825017,0.6512929293,0.0197693722,-0.2825583506,2.4864896705,-0.9871237062,0.0731111111,0.0167943259,0.6832285883,1.2610379740,-0.4043457699
