Instance,INF_avg,INF_sd,INF_r1,INF_kr,INF_sk,SUP_avg,SUP_sd,SUP_r1,SUP_kr,SUP_sk,INC_avg,INC_sd,INC_r1,INC_kr,INC_sk,IND_avg,IND_sd,IND_r1,IND_kr,IND_sk
instances/A1/asymmetric/20.2.in,0.7678078078,0.0358827571,0.0266798131,2.7340438711,-1.1233107869,0.0331831832,0.0230786203,0.2995107025,1.8085327915,0.0684451509,0.1990090090,0.0322267978,-0.6005151179,1.9735929745,0.2369366831,0.0977237237,0.0212661503,0.1167970666,2.4992871136,0.6310201951
