Instance,INF_avg,INF_sd,INF_r1,INF_kr,INF_sk,SUP_avg,SUP_sd,SUP_r1,SUP_kr,SUP_sk,INC_avg,INC_sd,INC_r1,INC_kr,INC_sk,IND_avg,IND_sd,IND_r1,IND_kr,IND_sk
instances/A2/asymmetric/100.4.in,0.5986927609,0.1669421598,0.9608489110,2.5656835346,0.6803006591,0.0358055556,0.0457989686,0.9316322907,4.5543655215,1.5316875935,0.3655016835,0.1387083623,0.9498371258,3.0295225177,-1.0813751509,0.0656689113,0.0178573703,0.5179024926,2.9499521769,-0.2668225551
