Instance,INF_avg,INF_sd,INF_r1,INF_kr,INF_sk,SUP_avg,SUP_sd,SUP_r1,SUP_kr,SUP_sk,INC_avg,INC_sd,INC_r1,INC_kr,INC_sk,IND_avg,IND_sd,IND_r1,IND_kr,IND_sk
instances/A2/symmetric/100.4.in,0.7417759075,0.1509918968,0.9228295610,2.5210663817,-0.4621419203,0.0262601626,0.0371636323,0.8329655655,8.0351741518,2.1118993476,0.2319639299,0.1207321607,0.9224979449,1.9863136452,0.1183950930,0.0493951547,0.0150201444,0.4662625368,2.4506783927,0.1606156069
