Instance,INF_avg,INF_sd,INF_r1,INF_kr,INF_sk,SUP_avg,SUP_sd,SUP_r1,SUP_kr,SUP_sk,INC_avg,INC_sd,INC_r1,INC_kr,INC_sk,IND_avg,IND_sd,IND_r1,IND_kr,IND_sk
instances/A2/symmetric/100.5.in,0.2500000000,0.1258305739,-0.1034482759,1.3545706371,-0.0000000000,0.1500000000,0.1118033989,0.3333333333,1.6400000000,0.3577708764,0.6000000000,0.1914854216,0.1363636364,1.6115702479,-0.4272815192,0.4500000000,0.0500000000,-0.6000000000,1.0000000000,0.0000000000
