Instance,INF_avg,INF_sd,INF_r1,INF_kr,INF_sk,SUP_avg,SUP_sd,SUP_r1,SUP_kr,SUP_sk,INC_avg,INC_sd,INC_r1,INC_kr,INC_sk,IND_avg,IND_sd,IND_r1,IND_kr,IND_sk
instances/A2/asymmetric/8.6.in,0.4979822646,0.1419415902,0.5033911555,2.1329969339,-0.7082014595,0.0969160469,0.0638920789,0.2445145543,3.9536169199,1.2984363673,0.4051016884,0.1198457970,0.6034505644,1.8490304843,0.1634323035,0.1915559749,0.0500559125,0.4311746624,2.2618220927,0.3337106401
