Instance,INF_avg,INF_sd,INF_r1,INF_kr,INF_sk,SUP_avg,SUP_sd,SUP_r1,SUP_kr,SUP_sk,INC_avg,INC_sd,INC_r1,INC_kr,INC_sk,IND_avg,IND_sd,IND_r1,IND_kr,IND_sk
instances/A1/symmetric/8.2.in,0.5372812373,0.0948625666,0.4918933369,2.5044180407,-1.0738249387,0.0847781848,0.0835036497,0.6167100318,2.4774332896,0.9875560122,0.3779405779,0.0368717211,0.4125309382,3.3272365709,0.9971565279,0.1916564917,0.0588874035,0.1388643171,3.1347441458,-0.6453834389
