Instance,INF_avg,INF_sd,INF_r1,INF_kr,INF_sk,SUP_avg,SUP_sd,SUP_r1,SUP_kr,SUP_sk,INC_avg,INC_sd,INC_r1,INC_kr,INC_sk,IND_avg,IND_sd,IND_r1,IND_kr,IND_sk
instances/A3/asymmetric/10.6.in,0.6120211112,0.1218700154,0.3714582187,1.6791468131,-0.0672315865,0.0842627629,0.0703980747,0.4051289104,1.6479053597,0.0798422076,0.3037161258,0.1012420194,0.3593807148,2.1261599192,0.6706520187,0.2180047523,0.0906271188,0.5371141579,2.7463563393,0.4021631650
