Instance,INF_avg,INF_sd,INF_r1,INF_kr,INF_sk,SUP_avg,SUP_sd,SUP_r1,SUP_kr,SUP_sk,INC_avg,INC_sd,INC_r1,INC_kr,INC_sk,IND_avg,IND_sd,IND_r1,IND_kr,IND_sk
instances/A2/symmetric/5.3.in,0.2622222222,0.1635410622,0.6534960695,1.2339400300,-0.2712012207,0.3277777778,0.1939199275,0.4269251875,1.9640307364,-0.6671405847,0.4100000000,0.1190704740,-0.0187161386,1.9933790942,0.2953915661,0.4155555556,0.1313932933,0.2706489108,1.4706945237,0.0264431076
