Instance,INF_avg,INF_sd,INF_r1,INF_kr,INF_sk,SUP_avg,SUP_sd,SUP_r1,SUP_kr,SUP_sk,INC_avg,INC_sd,INC_r1,INC_kr,INC_sk,IND_avg,IND_sd,IND_r1,IND_kr,IND_sk
instances/A2/symmetric/8.5.in,0.4402338402,0.0923883161,-0.0515033585,1.7324971292,-0.2480241031,0.1390128390,0.0943417783,0.4815677860,2.7140995159,1.0104492150,0.4207533208,0.0450574945,-0.5247960054,1.8478548767,0.2985776947,0.1839863840,0.0659735684,0.1994485287,1.4606374004,0.2875030635
