Instance,INF_avg,INF_sd,INF_r1,INF_kr,INF_sk,SUP_avg,SUP_sd,SUP_r1,SUP_kr,SUP_sk,INC_avg,INC_sd,INC_r1,INC_kr,INC_sk,IND_avg,IND_sd,IND_r1,IND_kr,IND_sk
instances/A2/asymmetric/5.1.in,0.3851851852,0.1199565536,0.4516058792,2.1530862386,-0.0445617916,0.3098765432,0.1352429551,0.1721423031,3.5855751828,-0.9784159094,0.3049382716,0.0668436152,-0.3841489872,1.5423538264,0.1202659379,0.4061728395,0.0829598397,-0.0650478219,3.5851370949,1.1385329364
