Instance,INF_avg,INF_sd,INF_r1,INF_kr,INF_sk,SUP_avg,SUP_sd,SUP_r1,SUP_kr,SUP_sk,INC_avg,INC_sd,INC_r1,INC_kr,INC_sk,IND_avg,IND_sd,IND_r1,IND_kr,IND_sk
instances/A2/asymmetric/5.1.in,0.3488888889,0.1509394450,0.4224590689,1.8272558803,0.6672155890,0.3300000000,0.1733333333,0.1414048906,2.8304621030,-1.1532914201,0.3211111111,0.0740703703,-0.6102957405,1.3201332960,-0.1687483116,0.4033333333,0.1034944980,-0.0917985012,2.7334799676,1.1871459154
