Instance,INF_avg,INF_sd,INF_r1,INF_kr,INF_sk,SUP_avg,SUP_sd,SUP_r1,SUP_kr,SUP_sk,INC_avg,INC_sd,INC_r1,INC_kr,INC_sk,IND_avg,IND_sd,IND_r1,IND_kr,IND_sk
instances/A3/asymmetric/5.2.in,0.4977777778,0.0850272288,0.5080707148,1.2472901550,0.2922025498,0.1266666667,0.1195877693,0.5966521236,1.4677384123,0.2352695370,0.3755555556,0.0518306835,0.1996921893,1.6351238106,-0.2161071326,0.4177777778,0.0217732422,0.0384615385,1.1666666667,0.4082482905
