Instance,INF_avg,INF_sd,INF_r1,INF_kr,INF_sk,SUP_avg,SUP_sd,SUP_r1,SUP_kr,SUP_sk,INC_avg,INC_sd,INC_r1,INC_kr,INC_sk,IND_avg,IND_sd,IND_r1,IND_kr,IND_sk
instances/A3/symmetric/20.2.in,0.2200000000,0.0879204186,0.8273504274,2.1516319710,0.8514991945,0.1100000000,0.0347850543,0.2981366460,2.3524690936,0.5559526465,0.6700000000,0.0615629759,0.7627737226,2.2978293106,-0.8556782629,0.0570000000,0.0198997487,-0.0684704583,1.7884144475,0.6745935639
