Instance,INF_avg,INF_sd,INF_r1,INF_kr,INF_sk,SUP_avg,SUP_sd,SUP_r1,SUP_kr,SUP_sk,INC_avg,INC_sd,INC_r1,INC_kr,INC_sk,IND_avg,IND_sd,IND_r1,IND_kr,IND_sk
instances/A1/asymmetric/8.5.in,0.3671384171,0.2199381072,0.7992358954,1.7243202995,-0.2554192058,0.2526066526,0.1485744989,0.8449535925,2.5526862310,0.8519988749,0.3802549303,0.1124602769,0.5096147724,1.8060605214,-0.3099228973,0.1699602866,0.0350079147,0.3039794831,1.6340751852,0.0844255735
