Instance,INF_avg,INF_sd,INF_r1,INF_kr,INF_sk,SUP_avg,SUP_sd,SUP_r1,SUP_kr,SUP_sk,INC_avg,INC_sd,INC_r1,INC_kr,INC_sk,IND_avg,IND_sd,IND_r1,IND_kr,IND_sk
instances/A2/asymmetric/20.4.in,0.7660972802,0.0776494145,0.5530681755,3.1472731991,-1.0014795547,0.0579902525,0.0538667600,1.1157581178,3.9108970770,1.4499886510,0.1759124672,0.0578874579,0.4925406384,1.9680820815,0.6016049567,0.0729437353,0.0475093402,0.7107667364,1.9699947576,0.7823822109
