Instance,INF_avg,INF_sd,INF_r1,INF_kr,INF_sk,SUP_avg,SUP_sd,SUP_r1,SUP_kr,SUP_sk,INC_avg,INC_sd,INC_r1,INC_kr,INC_sk,IND_avg,IND_sd,IND_r1,IND_kr,IND_sk
instances/A2/asymmetric/10.5.in,0.6673248481,0.0724488613,0.1933258754,2.8167172425,-1.1592358966,0.1199633070,0.0758699307,0.3401443630,2.3221335595,-0.0796189378,0.2127118450,0.0502981717,-0.6241863614,2.1401826003,0.7389383929,0.2262882697,0.0467765101,-0.1796104557,1.6617825802,0.4677202111
