Instance,INF_avg,INF_sd,INF_r1,INF_kr,INF_sk,SUP_avg,SUP_sd,SUP_r1,SUP_kr,SUP_sk,INC_avg,INC_sd,INC_r1,INC_kr,INC_sk,IND_avg,IND_sd,IND_r1,IND_kr,IND_sk
instances/A3/symmetric/8.4.in,0.1214365881,0.1410483306,0.1285003336,4.1545790679,1.4598698467,0.0930415264,0.0296714751,-0.6282236046,1.7609032699,0.4031207463,0.7855218855,0.1356507533,0.0406474246,5.2010338861,-1.7748145103,0.2905723906,0.0253968937,0.1425554268,2.4696055289,-0.2759785502
