Instance,INF_avg,INF_sd,INF_r1,INF_kr,INF_sk,SUP_avg,SUP_sd,SUP_r1,SUP_kr,SUP_sk,INC_avg,INC_sd,INC_r1,INC_kr,INC_sk,IND_avg,IND_sd,IND_r1,IND_kr,IND_sk
instances/A2/asymmetric/20.6.in,0.4120000000,0.0809279515,0.4571380921,3.4269912678,-0.6986549834,0.1013333333,0.0567881052,0.6703835028,3.4133214773,0.7187657775,0.4866666667,0.0504204544,0.0818639798,4.5460658223,-0.1784527550,0.2026666667,0.0555537777,-0.6936282602,5.2107153475,1.1126070326
