Instance,INF_avg,INF_sd,INF_r1,INF_kr,INF_sk,SUP_avg,SUP_sd,SUP_r1,SUP_kr,SUP_sk,INC_avg,INC_sd,INC_r1,INC_kr,INC_sk,IND_avg,IND_sd,IND_r1,IND_kr,IND_sk
instances/A1/symmetric/20.3.in,0.5975310174,0.0210570435,-0.8573426653,1.6104616637,0.2516801552,0.0702293406,0.0200667387,0.2878293462,1.3627442002,-0.2948517062,0.3322396421,0.0225980805,0.2703572288,2.6089334374,1.0124052560,0.0748136451,0.0206251489,-0.1610802748,2.8333316316,1.0394346286
