Instance,INF_avg,INF_sd,INF_r1,INF_kr,INF_sk,SUP_avg,SUP_sd,SUP_r1,SUP_kr,SUP_sk,INC_avg,INC_sd,INC_r1,INC_kr,INC_sk,IND_avg,IND_sd,IND_r1,IND_kr,IND_sk
instances/A2/symmetric/5.2.in,0.1542328042,0.1155560885,0.6987838247,1.7901736633,0.4875343457,0.3613756614,0.1243110405,0.4043673982,1.6684928176,0.0831561853,0.4843915344,0.0920574102,0.0786722374,2.1778000231,0.1816936829,0.3939153439,0.0517410543,-0.0509421976,2.6165491314,0.4659704443
