Instance,INF_avg,INF_sd,INF_r1,INF_kr,INF_sk,SUP_avg,SUP_sd,SUP_r1,SUP_kr,SUP_sk,INC_avg,INC_sd,INC_r1,INC_kr,INC_sk,IND_avg,IND_sd,IND_r1,IND_kr,IND_sk
instances/A3/asymmetric/5.3.in,0.2259259259,0.1736993603,0.7607890118,1.3885534288,0.1628463733,0.1364197531,0.0886227153,0.8716902977,1.8709540647,-0.3568084950,0.6376543210,0.1054670772,0.4972458823,2.1164468433,-0.2273215858,0.3820987654,0.0460942091,0.5097176905,1.3407267568,0.0834825334
