Instance,INF_avg,INF_sd,INF_r1,INF_kr,INF_sk,SUP_avg,SUP_sd,SUP_r1,SUP_kr,SUP_sk,INC_avg,INC_sd,INC_r1,INC_kr,INC_sk,IND_avg,IND_sd,IND_r1,IND_kr,IND_sk
instances/A3/asymmetric/100.2.in,0.3378000000,0.0392703450,0.4437429310,2.6148714734,0.2802770837,0.0980000000,0.0204939015,0.0020122652,4.2264625850,1.0651252225,0.5642000000,0.0333670496,0.6354597125,3.4519783805,0.2918630077,0.1062000000,0.0195079471,0.3800597343,1.7547982463,0.1829561129
