Instance,INF_avg,INF_sd,INF_r1,INF_kr,INF_sk,SUP_avg,SUP_sd,SUP_r1,SUP_kr,SUP_sk,INC_avg,INC_sd,INC_r1,INC_kr,INC_sk,IND_avg,IND_sd,IND_r1,IND_kr,IND_sk
instances/A3/asymmetric/20.6.in,0.3511655064,0.0210055466,-0.2761219944,1.8792702133,-0.5237153529,0.1112145380,0.0262292512,-0.2735627236,2.7878068705,1.2058742631,0.5376199556,0.0332345960,0.0380739084,2.4203161398,-0.1488020618,0.0778675405,0.0091840881,0.1952090080,1.7402297179,0.0477405967
