Instance,INF_avg,INF_sd,INF_r1,INF_kr,INF_sk,SUP_avg,SUP_sd,SUP_r1,SUP_kr,SUP_sk,INC_avg,INC_sd,INC_r1,INC_kr,INC_sk,IND_avg,IND_sd,IND_r1,IND_kr,IND_sk
instances/A2/asymmetric/20.6.in,0.4797870035,0.0434929417,-0.5065859964,1.8863202946,0.4141270268,0.1465137821,0.0362128412,-0.8132614516,1.5069587047,0.1585749403,0.3736992144,0.0155926569,0.3792368812,1.8630334747,-0.4310363974,0.0545566885,0.0098334444,0.0073542039,2.3682080970,0.2528001944
