Instance,INF_avg,INF_sd,INF_r1,INF_kr,INF_sk,SUP_avg,SUP_sd,SUP_r1,SUP_kr,SUP_sk,INC_avg,INC_sd,INC_r1,INC_kr,INC_sk,IND_avg,IND_sd,IND_r1,IND_kr,IND_sk
instances/A1/asymmetric/100.3.in,0.3502325581,0.0566296977,0.4426866310,3.2454672454,0.1529998625,0.0776744186,0.0361416599,0.4868648730,2.0586704254,-0.0835441290,0.5720930233,0.0442276426,0.0111158849,3.7424251689,0.4071072383,0.1183720930,0.0210127572,0.0456776723,2.3963997123,0.1852568223
