Instance,INF_avg,INF_sd,INF_r1,INF_kr,INF_sk,SUP_avg,SUP_sd,SUP_r1,SUP_kr,SUP_sk,INC_avg,INC_sd,INC_r1,INC_kr,INC_sk,IND_avg,IND_sd,IND_r1,IND_kr,IND_sk
instances/A1/asymmetric/5.6.in,0.1888888889,0.1293382970,-0.4314884471,1.3008605547,-0.1396390785,0.2740740741,0.0816916481,-0.0953911461,1.8637440070,0.1272994222,0.5370370370,0.1288069131,0.0036230009,1.6996190418,0.0066268336,0.3851851852,0.0579721327,-0.1994773519,2.5559725115,-0.7268850714
