Instance,INF_avg,INF_sd,INF_r1,INF_kr,INF_sk,SUP_avg,SUP_sd,SUP_r1,SUP_kr,SUP_sk,INC_avg,INC_sd,INC_r1,INC_kr,INC_sk,IND_avg,IND_sd,IND_r1,IND_kr,IND_sk
instances/A3/symmetric/8.2.in,0.6571428571,0.0466569475,-0.1309523810,2.7291666667,-0.8675276172,0.0476190476,0.0602338602,-0.8571428571,1.5625000000,0.5929270613,0.2952380952,0.0356348323,-0.3768115942,1.8469387755,-0.3436215967,0.2590476190,0.0184673518,0.5415472779,1.5439112721,0.0460847791
