Instance,INF_avg,INF_sd,INF_r1,INF_kr,INF_sk,SUP_avg,SUP_sd,SUP_r1,SUP_kr,SUP_sk,INC_avg,INC_sd,INC_r1,INC_kr,INC_sk,IND_avg,IND_sd,IND_r1,IND_kr,IND_sk
instances/A1/asymmetric/100.4.in,0.6126818521,0.1880200517,0.9755995844,1.9985617322,0.4875663537,0.0348332316,0.0441711731,0.8964325998,4.1161666899,1.3720484522,0.3524849163,0.1593150141,0.9724570418,2.1710492153,-0.7445774369,0.0652711681,0.0208144184,0.5041345965,3.0483355208,0.1186538302
