Instance,INF_avg,INF_sd,INF_r1,INF_kr,INF_sk,SUP_avg,SUP_sd,SUP_r1,SUP_kr,SUP_sk,INC_avg,INC_sd,INC_r1,INC_kr,INC_sk,IND_avg,IND_sd,IND_r1,IND_kr,IND_sk
instances/A2/symmetric/50.1.in,0.8660606061,0.0321597983,-0.0414968114,2.3356591634,0.3096992525,0.0293737374,0.0133198719,-0.0581268026,2.8526940354,1.2535361660,0.1045656566,0.0229826916,-0.1553335122,2.8341804728,-1.1998152292,0.0305189394,0.0054677817,-0.2087341536,2.3379044124,-0.7454243016
