Instance,INF_avg,INF_sd,INF_r1,INF_kr,INF_sk,SUP_avg,SUP_sd,SUP_r1,SUP_kr,SUP_sk,INC_avg,INC_sd,INC_r1,INC_kr,INC_sk,IND_avg,IND_sd,IND_r1,IND_kr,IND_sk
instances/A3/asymmetric/5.5.in,0.3388888889,0.1102746291,-0.1591050342,1.3324357752,0.4848685282,0.0666666667,0.0623609564,-0.1111111111,1.8469387755,0.3436215967,0.5944444444,0.1444444444,0.0078054638,2.4307009558,-0.8855257169,0.4555555556,0.0647883544,-0.1612426036,3.1040224913,1.4035141564
