Instance,INF_avg,INF_sd,INF_r1,INF_kr,INF_sk,SUP_avg,SUP_sd,SUP_r1,SUP_kr,SUP_sk,INC_avg,INC_sd,INC_r1,INC_kr,INC_sk,IND_avg,IND_sd,IND_r1,IND_kr,IND_sk
instances/A3/symmetric/5.1.in,0.1904761905,0.1277753130,-0.8500000000,1.6203703704,-0.1242259987,0.1128571429,0.0893107901,-0.9129012872,2.2834775474,0.5984046016,0.6966666667,0.0683063660,-0.1910140174,2.1183055245,-0.4529866810,0.4223809524,0.1547260032,-0.2060073500,1.7686636209,0.3319410636
