Instance,INF_avg,INF_sd,INF_r1,INF_kr,INF_sk,SUP_avg,SUP_sd,SUP_r1,SUP_kr,SUP_sk,INC_avg,INC_sd,INC_r1,INC_kr,INC_sk,IND_avg,IND_sd,IND_r1,IND_kr,IND_sk
instances/A1/symmetric/50.3.in,0.3075000000,0.0352313781,0.3350331464,2.3964579854,0.7606169431,0.1490000000,0.0227815715,-0.2443070917,2.5241850156,0.4975626952,0.5435000000,0.0277533782,0.4605068196,1.5677136023,-0.4429051078,0.0725000000,0.0081394103,0.2592592593,2.9138483446,1.1126854946
