Instance,INF_avg,INF_sd,INF_r1,INF_kr,INF_sk,SUP_avg,SUP_sd,SUP_r1,SUP_kr,SUP_sk,INC_avg,INC_sd,INC_r1,INC_kr,INC_sk,IND_avg,IND_sd,IND_r1,IND_kr,IND_sk
instances/A3/symmetric/20.5.in,0.4418994753,0.0566560090,0.3664555754,2.1734973173,-0.7158659744,0.1389149582,0.0315724300,0.1043381102,2.3275249861,0.1648996531,0.4191855665,0.0301284674,0.5006590943,1.8026471596,0.3908891468,0.0607083373,0.0068462396,-0.3242311439,1.9482446675,-0.4730435944
