Instance,INF_avg,INF_sd,INF_r1,INF_kr,INF_sk,SUP_avg,SUP_sd,SUP_r1,SUP_kr,SUP_sk,INC_avg,INC_sd,INC_r1,INC_kr,INC_sk,IND_avg,IND_sd,IND_r1,IND_kr,IND_sk
instances/A1/asymmetric/50.1.in,0.3460000000,0.0165529454,-0.1775818640,1.5467259843,0.2539958582,0.2340000000,0.0281780056,-0.1348949919,1.5659670450,0.0852800835,0.4200000000,0.0334664011,-0.1000000000,1.2755102041,0.2561204163,0.0590000000,0.0086023253,0.0119760479,1.9945215486,-0.3958703373
