Instance,INF_avg,INF_sd,INF_r1,INF_kr,INF_sk,SUP_avg,SUP_sd,SUP_r1,SUP_kr,SUP_sk,INC_avg,INC_sd,INC_r1,INC_kr,INC_sk,IND_avg,IND_sd,IND_r1,IND_kr,IND_sk
instances/A1/asymmetric/100.6.in,0.4405000000,0.0715349565,0.6574503132,2.0554601584,0.5162687408,0.1365000000,0.0232432786,0.4277094009,2.7482985258,0.4362443995,0.4230000000,0.0602992537,0.6110790352,2.1035188090,-0.2773159892,0.0485000000,0.0097596106,0.4204888767,2.9003451340,0.7470931829
