Instance,INF_avg,INF_sd,INF_r1,INF_kr,INF_sk,SUP_avg,SUP_sd,SUP_r1,SUP_kr,SUP_sk,INC_avg,INC_sd,INC_r1,INC_kr,INC_sk,IND_avg,IND_sd,IND_r1,IND_kr,IND_sk
instances/A3/symmetric/10.4.in,0.1782517483,0.0569045175,0.1196362046,1.1864094434,-0.3636588064,0.1537062937,0.0518693537,0.4471243536,2.6747439693,-0.9580797080,0.6680419580,0.0602672257,-0.4129585944,1.4455137879,-0.4963722608,0.1810489510,0.0379240253,-0.4854291585,2.4040143293,0.9487152041
