Instance,INF_avg,INF_sd,INF_r1,INF_kr,INF_sk,SUP_avg,SUP_sd,SUP_r1,SUP_kr,SUP_sk,INC_avg,INC_sd,INC_r1,INC_kr,INC_sk,IND_avg,IND_sd,IND_r1,IND_kr,IND_sk
instances/A1/asymmetric/8.3.in,0.5007326007,0.0816499868,-0.8982263945,2.2176196676,0.2832668943,0.0631501832,0.0504152809,0.0686750288,2.5907187644,0.7597196710,0.4361172161,0.0682922214,0.0014349468,3.2157102141,-1.4745989852,0.3083516484,0.0711220624,-0.9963773021,1.2559234886,0.2405976560
