Instance,INF_avg,INF_sd,INF_r1,INF_kr,INF_sk,SUP_avg,SUP_sd,SUP_r1,SUP_kr,SUP_sk,INC_avg,INC_sd,INC_r1,INC_kr,INC_sk,IND_avg,IND_sd,IND_r1,IND_kr,IND_sk
instances/A1/symmetric/10.5.in,0.4414172336,0.1223293570,0.5508882872,2.1047432587,0.5881944688,0.1432086168,0.0628774757,0.1521859009,2.3133297706,0.1840942425,0.4153741497,0.0684576556,0.4676373188,2.3569748996,-0.4125229125,0.1646825397,0.0151085766,-0.8845100426,1.3185493966,-0.4623102418
