Instance,INF_avg,INF_sd,INF_r1,INF_kr,INF_sk,SUP_avg,SUP_sd,SUP_r1,SUP_kr,SUP_sk,INC_avg,INC_sd,INC_r1,INC_kr,INC_sk,IND_avg,IND_sd,IND_r1,IND_kr,IND_sk
instances/A2/asymmetric/8.4.in,0.6479395604,0.0978090893,0.6483386595,1.9412589836,-0.4898048060,0.0269230769,0.0380749805,0.6272108844,2.2252186589,0.9493372383,0.3251373626,0.0666029078,0.5717050989,1.5252969214,0.2484040512,0.1940018315,0.0501027696,0.7524512142,1.3666180365,0.3153375592
