Instance,INF_avg,INF_sd,INF_r1,INF_kr,INF_sk,SUP_avg,SUP_sd,SUP_r1,SUP_kr,SUP_sk,INC_avg,INC_sd,INC_r1,INC_kr,INC_sk,IND_avg,IND_sd,IND_r1,IND_kr,IND_sk
instances/A1/symmetric/200.1.in,0.3001000000,0.0290773107,-0.0611618955,4.9936218095,1.1368450127,0.1900000000,0.0246779254,0.0370675453,4.6338987438,0.8164293780,0.5099000000,0.0279372511,-0.2672917699,2.6624104929,-0.4207043901,0.0733000000,0.0145811522,0.0953258502,3.0295815995,-0.3010471821
