Instance,INF_avg,INF_sd,INF_r1,INF_kr,INF_sk,SUP_avg,SUP_sd,SUP_r1,SUP_kr,SUP_sk,INC_avg,INC_sd,INC_r1,INC_kr,INC_sk,IND_avg,IND_sd,IND_r1,IND_kr,IND_sk
instances/A2/symmetric/50.1.in,0.7651800374,0.1115617920,0.9411616708,1.7443783587,0.0804740406,0.0810314847,0.0547412715,0.9517205482,1.6397536798,0.1532670651,0.1537884780,0.0593244296,0.8755937196,1.9285081384,-0.3328915147,0.0449708177,0.0122506050,0.1237134462,5.9128221034,1.7218869569
