Instance,INF_avg,INF_sd,INF_r1,INF_kr,INF_sk,SUP_avg,SUP_sd,SUP_r1,SUP_kr,SUP_sk,INC_avg,INC_sd,INC_r1,INC_kr,INC_sk,IND_avg,IND_sd,IND_r1,IND_kr,IND_sk
instances/A2/symmetric/5.3.in,0.4493827160,0.0823374420,0.4728108756,2.4282807567,0.2960506682,0.1944444444,0.0888116949,-0.1428571429,3.3260869565,-0.7955278188,0.3561728395,0.0891371704,0.2185465300,2.0247798107,-0.1371211274,0.3870370370,0.0499656947,-0.4640168097,1.1882170028,-0.0211785519
