Instance,INF_avg,INF_sd,INF_r1,INF_kr,INF_sk,SUP_avg,SUP_sd,SUP_r1,SUP_kr,SUP_sk,INC_avg,INC_sd,INC_r1,INC_kr,INC_sk,IND_avg,IND_sd,IND_r1,IND_kr,IND_sk
instances/A2/symmetric/5.3.in,0.4000000000,0.0544331054,0.4230769231,1.1666666667,-0.4082482905,0.1944444444,0.0496903995,-0.6000000000,1.9531250000,-0.6288941187,0.4055555556,0.0647883544,-0.7221135029,1.5469290657,0.1097086537,0.3722222222,0.0484322105,-0.8882175227,1.3801939058,0.5071295170
