Instance,INF_avg,INF_sd,INF_r1,INF_kr,INF_sk,SUP_avg,SUP_sd,SUP_r1,SUP_kr,SUP_sk,INC_avg,INC_sd,INC_r1,INC_kr,INC_sk,IND_avg,IND_sd,IND_r1,IND_kr,IND_sk
instances/A2/symmetric/5.5.in,0.3487654321,0.1191757753,0.2581901548,3.6695625275,-1.3608348502,0.1055555556,0.1030402055,0.1345521024,3.0509058951,0.8833510316,0.5456790123,0.0810077888,0.2031898256,2.0611093189,-0.4464790464,0.3858024691,0.0573841716,0.3274184399,2.4902205239,-0.8734464272
