Instance,INF_avg,INF_sd,INF_r1,INF_kr,INF_sk,SUP_avg,SUP_sd,SUP_r1,SUP_kr,SUP_sk,INC_avg,INC_sd,INC_r1,INC_kr,INC_sk,IND_avg,IND_sd,IND_r1,IND_kr,IND_sk
instances/A3/asymmetric/20.3.in,0.4224498624,0.0645285612,0.0592322942,3.2615750118,-0.3964800198,0.0914800576,0.0140330349,-0.0896649517,2.7634304554,0.6122216929,0.4860700800,0.0590716915,0.2092869758,2.7355438262,-0.1206023854,0.0731734641,0.0134705512,0.0667773429,2.1244686000,0.5157901002
