Instance,INF_avg,INF_sd,INF_r1,INF_kr,INF_sk,SUP_avg,SUP_sd,SUP_r1,SUP_kr,SUP_sk,INC_avg,INC_sd,INC_r1,INC_kr,INC_sk,IND_avg,IND_sd,IND_r1,IND_kr,IND_sk
instances/A3/asymmetric/20.3.in,0.4010048649,0.0580326830,-0.0680253576,2.6660144254,-1.1366776799,0.0919651177,0.0161193156,-0.0494030601,2.3544343345,0.5735976205,0.5070300174,0.0453366473,-0.0551512471,2.3002621856,0.9174863706,0.0701506156,0.0153043111,0.0353115738,2.4913902662,1.0228229337
