Instance,INF_avg,INF_sd,INF_r1,INF_kr,INF_sk,SUP_avg,SUP_sd,SUP_r1,SUP_kr,SUP_sk,INC_avg,INC_sd,INC_r1,INC_kr,INC_sk,IND_avg,IND_sd,IND_r1,IND_kr,IND_sk
instances/A1/symmetric/5.3.in,0.2888888889,0.2494438258,0.6399176955,1.2422524565,-0.1315095000,0.2246031746,0.2003649983,0.4502415912,1.3143898600,0.3421507606,0.4865079365,0.0916520637,0.6332098807,1.9657980447,-0.5573968150,0.4412698413,0.0611883659,-0.4368435228,2.2764111519,-0.7458715156
