Instance,INF_avg,INF_sd,INF_r1,INF_kr,INF_sk,SUP_avg,SUP_sd,SUP_r1,SUP_kr,SUP_sk,INC_avg,INC_sd,INC_r1,INC_kr,INC_sk,IND_avg,IND_sd,IND_r1,IND_kr,IND_sk
instances/A3/symmetric/8.5.in,0.4538910642,0.1140412737,0.3322052368,2.4282014990,0.0995649497,0.1523332351,0.0779522502,0.0399691190,2.1678304769,-0.6278733957,0.3937757007,0.0941695549,0.3013830744,1.3243661983,0.0964997083,0.2599034427,0.0888899032,0.0813828632,6.0037149994,2.0634588804
