Instance,INF_avg,INF_sd,INF_r1,INF_kr,INF_sk,SUP_avg,SUP_sd,SUP_r1,SUP_kr,SUP_sk,INC_avg,INC_sd,INC_r1,INC_kr,INC_sk,IND_avg,IND_sd,IND_r1,IND_kr,IND_sk
instances/A3/symmetric/8.5.in,0.5124542125,0.0879609144,-0.6072647417,2.2219378158,0.7354505580,0.1316483516,0.0943189231,-0.0550482630,1.4532609789,-0.0352877541,0.3558974359,0.0772539891,-0.3547438449,2.7801386631,0.9794702510,0.2870329670,0.1091168398,0.1037953576,3.0321126438,1.3187062661
