Instance,INF_avg,INF_sd,INF_r1,INF_kr,INF_sk,SUP_avg,SUP_sd,SUP_r1,SUP_kr,SUP_sk,INC_avg,INC_sd,INC_r1,INC_kr,INC_sk,IND_avg,IND_sd,IND_r1,IND_kr,IND_sk
instances/A2/symmetric/200.3.in,0.3446000000,0.0310779665,-0.2484660123,2.8173682814,0.4320670223,0.2110000000,0.0320312348,-0.2813398680,3.2492561814,0.8071434450,0.4444000000,0.0319787429,-0.1666896420,5.4631639747,-1.2018573973,0.0572000000,0.0158795466,-0.0136692522,2.5889575992,-0.2622015753
