Instance,INF_avg,INF_sd,INF_r1,INF_kr,INF_sk,SUP_avg,SUP_sd,SUP_r1,SUP_kr,SUP_sk,INC_avg,INC_sd,INC_r1,INC_kr,INC_sk,IND_avg,IND_sd,IND_r1,IND_kr,IND_sk
instances/A2/symmetric/100.2.in,0.3972000000,0.0373518407,0.3493846551,2.2321929138,-0.0143672659,0.1934000000,0.0252277625,0.1563333294,2.9677890325,0.5252883972,0.4094000000,0.0335654584,0.2987009666,2.5570831934,0.1813553493,0.0526000000,0.0118000000,0.0153221112,2.2086423768,0.0342975669
