Instance,INF_avg,INF_sd,INF_r1,INF_kr,INF_sk,SUP_avg,SUP_sd,SUP_r1,SUP_kr,SUP_sk,INC_avg,INC_sd,INC_r1,INC_kr,INC_sk,IND_avg,IND_sd,IND_r1,IND_kr,IND_sk
instances/A2/asymmetric/100.5.in,0.3920000000,0.0325729949,0.5284790319,2.3427536663,-0.7971366243,0.1645000000,0.0256368875,0.0383810719,2.1549697098,0.1690520072,0.4435000000,0.0225887140,-0.0017638830,1.6373450103,0.1572112690,0.0610000000,0.0058309519,-0.5296803653,2.6660899654,-1.1500493357
