Instance,INF_avg,INF_sd,INF_r1,INF_kr,INF_sk,SUP_avg,SUP_sd,SUP_r1,SUP_kr,SUP_sk,INC_avg,INC_sd,INC_r1,INC_kr,INC_sk,IND_avg,IND_sd,IND_r1,IND_kr,IND_sk
instances/A1/symmetric/8.1.in,0.5202116402,0.0781052746,0.2704453352,2.2812135058,0.3218430639,0.1822222222,0.0331863729,0.2434464796,2.0123995421,-0.0850994432,0.2975661376,0.0685289567,0.1391258011,4.2437297089,-1.1302435464,0.2220105820,0.0391196766,0.2877800086,1.8417862856,-0.5787841286
