Instance,INF_avg,INF_sd,INF_r1,INF_kr,INF_sk,SUP_avg,SUP_sd,SUP_r1,SUP_kr,SUP_sk,INC_avg,INC_sd,INC_r1,INC_kr,INC_sk,IND_avg,IND_sd,IND_r1,IND_kr,IND_sk
instances/A2/symmetric/200.3.in,0.3570000000,0.0252190404,0.1942639835,2.1556752106,0.8261577486,0.2250000000,0.0252982213,0.0121457490,2.0147705078,-0.0231612133,0.4180000000,0.0231516738,0.1909351928,1.5404391290,0.0925918676,0.0610000000,0.0091651514,-0.0786650775,2.6760204082,0.9702902619
