Instance,INF_avg,INF_sd,INF_r1,INF_kr,INF_sk,SUP_avg,SUP_sd,SUP_r1,SUP_kr,SUP_sk,INC_avg,INC_sd,INC_r1,INC_kr,INC_sk,IND_avg,IND_sd,IND_r1,IND_kr,IND_sk
instances/A2/asymmetric/5.6.in,0.3469135802,0.0783537366,-0.0376945120,1.4070290396,-0.0903710828,0.2283950617,0.1427114571,0.0063416156,2.4209405991,0.2208421524,0.4246913580,0.1000723713,-0.1378625940,2.3041839564,-0.0664312576,0.3969135802,0.0858712754,0.5484459608,3.6642119299,1.2833294201
