Instance,INF_avg,INF_sd,INF_r1,INF_kr,INF_sk,SUP_avg,SUP_sd,SUP_r1,SUP_kr,SUP_sk,INC_avg,INC_sd,INC_r1,INC_kr,INC_sk,IND_avg,IND_sd,IND_r1,IND_kr,IND_sk
instances/A1/asymmetric/8.6.in,0.4402930403,0.0909841740,-0.1448755326,3.0640527883,1.3787891939,0.1783882784,0.0677170403,-0.2135260511,2.9251467186,-1.2522908303,0.3813186813,0.0285244283,-0.0098706996,2.5204386500,-0.3240438119,0.2336996337,0.0487826280,-0.0499232644,2.4945775143,-0.1790738644
