Instance,INF_avg,INF_sd,INF_r1,INF_kr,INF_sk,SUP_avg,SUP_sd,SUP_r1,SUP_kr,SUP_sk,INC_avg,INC_sd,INC_r1,INC_kr,INC_sk,IND_avg,IND_sd,IND_r1,IND_kr,IND_sk
instances/A3/asymmetric/10.3.in,0.4056054422,0.1616668783,0.5879477539,1.6229201530,-0.3326249728,0.0932607710,0.0926579763,0.4952317723,1.6180528210,0.5502934841,0.5011337868,0.0718153155,0.6815027297,1.6292401423,-0.0676671267,0.2058253968,0.0319781636,-0.0341439313,1.7467566684,-0.4180694299
