Instance,INF_avg,INF_sd,INF_r1,INF_kr,INF_sk,SUP_avg,SUP_sd,SUP_r1,SUP_kr,SUP_sk,INC_avg,INC_sd,INC_r1,INC_kr,INC_sk,IND_avg,IND_sd,IND_r1,IND_kr,IND_sk
instances/A1/symmetric/8.5.in,0.1470258137,0.0778314871,0.2311641484,1.9916189093,0.5070666585,0.3156565657,0.0922706371,0.4272750403,2.0454373640,-0.5014500538,0.5373176207,0.1122074886,0.6442342956,2.2546308083,-0.7198014920,0.1860269360,0.0765576902,0.5603048821,1.7435318723,0.0183559933
