Instance,INF_avg,INF_sd,INF_r1,INF_kr,INF_sk,SUP_avg,SUP_sd,SUP_r1,SUP_kr,SUP_sk,INC_avg,INC_sd,INC_r1,INC_kr,INC_sk,IND_avg,IND_sd,IND_r1,IND_kr,IND_sk
instances/A1/symmetric/8.5.in,0.1646464646,0.0971273970,0.2453381214,1.2498918802,-0.0155962563,0.3515151515,0.0960711738,0.0852567924,2.9284059918,-1.2142065886,0.4838383838,0.1232323232,0.7041455628,1.6179756253,0.1430339984,0.2237373737,0.0458623680,-0.7506339250,2.2375058452,0.8921411487
