Instance,INF_avg,INF_sd,INF_r1,INF_kr,INF_sk,SUP_avg,SUP_sd,SUP_r1,SUP_kr,SUP_sk,INC_avg,INC_sd,INC_r1,INC_kr,INC_sk,IND_avg,IND_sd,IND_r1,IND_kr,IND_sk
instances/A1/asymmetric/200.1.in,0.3736421725,0.1192367624,0.2980291534,4.3097068433,0.5206040433,0.0773162939,0.0690868252,0.4626653214,4.3065905958,1.0882263870,0.5490415335,0.1126887832,0.1193421073,3.5290019783,-0.2725370326,0.3142172524,0.0913028389,-0.0149979631,2.8516673545,0.1865300906
