Instance,INF_avg,INF_sd,INF_r1,INF_kr,INF_sk,SUP_avg,SUP_sd,SUP_r1,SUP_kr,SUP_sk,INC_avg,INC_sd,INC_r1,INC_kr,INC_sk,IND_avg,IND_sd,IND_r1,IND_kr,IND_sk
instances/A1/asymmetric/20.1.in,0.7180575733,0.0630509393,0.1254144472,2.5026611595,0.9259924369,0.0492440140,0.0377777031,0.6571250450,1.3086817521,-0.1653735575,0.2326984127,0.0379823219,-0.5118374823,2.2505592924,-0.6811684218,0.0683777240,0.0269157927,0.5942462363,1.3427132742,0.1584360636
