Instance,INF_avg,INF_sd,INF_r1,INF_kr,INF_sk,SUP_avg,SUP_sd,SUP_r1,SUP_kr,SUP_sk,INC_avg,INC_sd,INC_r1,INC_kr,INC_sk,IND_avg,IND_sd,IND_r1,IND_kr,IND_sk
instances/A3/symmetric/10.6.in,0.3064751827,0.0188895259,0.3864708706,1.1346177293,-0.0002811883,0.1807508188,0.0365698463,0.0988835059,2.1551829665,0.2204931509,0.5127739985,0.0246608992,-0.2874982268,1.9893069365,-0.2220947247,0.2007558579,0.0358541256,0.1642999965,1.9956585197,-0.6565544939
