Instance,INF_avg,INF_sd,INF_r1,INF_kr,INF_sk,SUP_avg,SUP_sd,SUP_r1,SUP_kr,SUP_sk,INC_avg,INC_sd,INC_r1,INC_kr,INC_sk,IND_avg,IND_sd,IND_r1,IND_kr,IND_sk
instances/A3/asymmetric/5.5.in,0.4988888889,0.1382608020,0.8471223022,2.2765983016,-0.9442193396,0.1277777778,0.1681416217,0.8267590618,1.9628391907,0.7864895614,0.3733333333,0.0326598632,0.5238095238,1.1666666667,-0.4082482905,0.3955555556,0.0355555556,-1.1370967742,2.5908203125,-0.5507812500
