Instance,INF_avg,INF_sd,INF_r1,INF_kr,INF_sk,SUP_avg,SUP_sd,SUP_r1,SUP_kr,SUP_sk,INC_avg,INC_sd,INC_r1,INC_kr,INC_sk,IND_avg,IND_sd,IND_r1,IND_kr,IND_sk
instances/A3/asymmetric/100.1.in,0.3632407407,0.0544854500,0.7080832352,1.9106834730,-0.3048861392,0.0764814815,0.0509504991,0.8724898350,2.2468899210,0.4254635918,0.5602777778,0.0286811441,-0.0544450773,3.0005374596,0.5422563717,0.1035185185,0.0277827156,0.5218018063,3.1682305230,0.3811892736
