Instance,INF_avg,INF_sd,INF_r1,INF_kr,INF_sk,SUP_avg,SUP_sd,SUP_r1,SUP_kr,SUP_sk,INC_avg,INC_sd,INC_r1,INC_kr,INC_sk,IND_avg,IND_sd,IND_r1,IND_kr,IND_sk
instances/A1/asymmetric/100.1.in,0.3283500000,0.0431628023,0.5398425449,2.8846053186,0.0455797697,0.1829000000,0.0370687200,0.7134590122,3.2646438789,0.6327780254,0.4887500000,0.0312119769,0.2008608091,2.5114453600,-0.1178568804,0.0654500000,0.0176223580,0.4111866542,2.7119879395,0.3982436192
