Instance,INF_avg,INF_sd,INF_r1,INF_kr,INF_sk,SUP_avg,SUP_sd,SUP_r1,SUP_kr,SUP_sk,INC_avg,INC_sd,INC_r1,INC_kr,INC_sk,IND_avg,IND_sd,IND_r1,IND_kr,IND_sk
instances/A3/symmetric/100.1.in,0.3015000000,0.0365957648,0.2272277246,2.1539963709,-0.0249434422,0.1369000000,0.0241844992,0.2777237629,2.4052153870,0.1340920159,0.5616000000,0.0347913782,-0.1743648868,2.7284620071,0.0691188132,0.0886000000,0.0244752937,0.4789890956,2.0904932133,-0.1590055173
