Instance,INF_avg,INF_sd,INF_r1,INF_kr,INF_sk,SUP_avg,SUP_sd,SUP_r1,SUP_kr,SUP_sk,INC_avg,INC_sd,INC_r1,INC_kr,INC_sk,IND_avg,IND_sd,IND_r1,IND_kr,IND_sk
instances/A2/symmetric/8.6.in,0.4619780220,0.0947718653,0.4027401953,1.3294088035,-0.2775574729,0.1262271062,0.0396455468,-0.2347389484,2.0971086165,0.4482363308,0.4117948718,0.0897597055,0.6324494735,1.3391137395,0.2351477458,0.2057875458,0.0600385855,-0.1778792839,2.1270023986,0.5822190517
