Instance,INF_avg,INF_sd,INF_r1,INF_kr,INF_sk,SUP_avg,SUP_sd,SUP_r1,SUP_kr,SUP_sk,INC_avg,INC_sd,INC_r1,INC_kr,INC_sk,IND_avg,IND_sd,IND_r1,IND_kr,IND_sk
instances/A1/symmetric/5.1.in,0.1906766073,0.1538730905,0.5023011820,1.7115008057,-0.0106143920,0.2150072150,0.0671560049,0.2435136140,3.0457854791,0.7035683619,0.5943161776,0.1082984508,0.5774591557,2.0845221029,0.1749203210,0.3858826359,0.0680424443,-0.0989606828,3.9424952784,-1.3165866915
