Instance,INF_avg,INF_sd,INF_r1,INF_kr,INF_sk,SUP_avg,SUP_sd,SUP_r1,SUP_kr,SUP_sk,INC_avg,INC_sd,INC_r1,INC_kr,INC_sk,IND_avg,IND_sd,IND_r1,IND_kr,IND_sk
instances/A2/asymmetric/20.6.in,0.4250000000,0.1299038106,0.1111111111,1.2798353909,0.2138334330,0.1500000000,0.1118033989,0.4545454545,1.6400000000,0.0000000000,0.4250000000,0.0829156198,-0.9428571429,1.6280991736,-0.4933822002,0.3750000000,0.0829156198,-0.4736842105,1.6280991736,0.4933822002
