Instance,INF_avg,INF_sd,INF_r1,INF_kr,INF_sk,SUP_avg,SUP_sd,SUP_r1,SUP_kr,SUP_sk,INC_avg,INC_sd,INC_r1,INC_kr,INC_sk,IND_avg,IND_sd,IND_r1,IND_kr,IND_sk
instances/A3/symmetric/200.1.in,0.2929292929,0.1327658570,0.0486903127,2.7752504575,0.1815031592,0.0585858586,0.0816621533,0.0103075967,5.6191487800,1.5591105771,0.6484848485,0.1343624199,0.0793516202,2.3259764936,-0.0301933023,0.5464646465,0.1157436486,-0.1068252584,2.9197057836,0.1641350718
