Instance,INF_avg,INF_sd,INF_r1,INF_kr,INF_sk,SUP_avg,SUP_sd,SUP_r1,SUP_kr,SUP_sk,INC_avg,INC_sd,INC_r1,INC_kr,INC_sk,IND_avg,IND_sd,IND_r1,IND_kr,IND_sk
instances/A2/asymmetric/10.4.in,0.6100340136,0.0492598745,0.1402089517,1.8713764287,-0.2011778956,0.1346825397,0.0499934488,-0.0292771961,2.3328653590,0.6675729794,0.2552834467,0.0089815958,0.2414204928,1.2982670070,0.2521466413,0.1039342404,0.0309390800,-0.0135756279,2.0898383741,-0.8049123552
