Instance,INF_avg,INF_sd,INF_r1,INF_kr,INF_sk,SUP_avg,SUP_sd,SUP_r1,SUP_kr,SUP_sk,INC_avg,INC_sd,INC_r1,INC_kr,INC_sk,IND_avg,IND_sd,IND_r1,IND_kr,IND_sk
instances/A2/asymmetric/50.1.in,0.5224489796,0.1587776087,0.8067057460,3.3936894483,1.0171440178,0.0377551020,0.0500312272,0.3556563340,3.8616428249,1.2377749525,0.4397959184,0.1442714250,0.7157436903,3.4301239414,-0.8714470193,0.2693877551,0.0946617644,0.2137880641,2.0184088905,-0.1147744323
