Instance,INF_avg,INF_sd,INF_r1,INF_kr,INF_sk,SUP_avg,SUP_sd,SUP_r1,SUP_kr,SUP_sk,INC_avg,INC_sd,INC_r1,INC_kr,INC_sk,IND_avg,IND_sd,IND_r1,IND_kr,IND_sk
instances/A1/symmetric/10.1.in,0.6479314299,0.0639346706,0.5787679904,2.0198431257,-0.0916994551,0.0856352483,0.0236051142,0.3725357996,2.3226559696,0.3579444829,0.2664333219,0.0465004297,0.2682460178,2.3924484703,-0.6251289670,0.1888481825,0.0271656706,0.0601979537,1.8370614739,-0.1744663366
