Instance,INF_avg,INF_sd,INF_r1,INF_kr,INF_sk,SUP_avg,SUP_sd,SUP_r1,SUP_kr,SUP_sk,INC_avg,INC_sd,INC_r1,INC_kr,INC_sk,IND_avg,IND_sd,IND_r1,IND_kr,IND_sk
instances/A1/symmetric/10.1.in,0.5158663185,0.1580766863,0.9368587861,1.4526571337,-0.0750627774,0.1375464541,0.0614917982,0.7350813356,1.3597664283,0.0787518756,0.3465872274,0.1011979585,0.9555105775,1.8053099868,0.1199848084,0.1639152112,0.0386151815,0.5266845518,1.6511167118,0.0748189697
