Instance,INF_avg,INF_sd,INF_r1,INF_kr,INF_sk,SUP_avg,SUP_sd,SUP_r1,SUP_kr,SUP_sk,INC_avg,INC_sd,INC_r1,INC_kr,INC_sk,IND_avg,IND_sd,IND_r1,IND_kr,IND_sk
instances/A2/asymmetric/10.4.in,0.4762811791,0.0459778960,-1.1996008544,2.3619147408,0.2091568284,0.1619954649,0.0280203119,0.0217688889,1.5280130872,0.3397504891,0.3617233560,0.0488968815,-0.4588485072,3.1194127925,-1.3931087240,0.1582766440,0.0161670213,0.1171535115,2.3533308485,0.0447663970
