Instance,INF_avg,INF_sd,INF_r1,INF_kr,INF_sk,SUP_avg,SUP_sd,SUP_r1,SUP_kr,SUP_sk,INC_avg,INC_sd,INC_r1,INC_kr,INC_sk,IND_avg,IND_sd,IND_r1,IND_kr,IND_sk
instances/A2/asymmetric/200.1.in,0.3670000000,0.0335559235,-0.6882140710,1.3106344785,0.4416158513,0.1970000000,0.0273130006,0.5851382872,1.4177525893,0.1431130635,0.4360000000,0.0418807832,-0.0259334854,1.7928728471,0.2656179397,0.0590000000,0.0152970585,-0.0890652557,2.8322375630,-1.1096485595
