Instance,INF_avg,INF_sd,INF_r1,INF_kr,INF_sk,SUP_avg,SUP_sd,SUP_r1,SUP_kr,SUP_sk,INC_avg,INC_sd,INC_r1,INC_kr,INC_sk,IND_avg,IND_sd,IND_r1,IND_kr,IND_sk
instances/A2/symmetric/5.4.in,0.3055555556,0.0765780486,-0.2941176471,2.3337950139,0.9736654936,0.3055555556,0.1469861839,0.3652173913,1.4500000000,-0.0809923871,0.3888888889,0.1521451549,0.6930693069,1.2520000000,0.2556038602,0.3388888889,0.0968644210,-0.1026991442,2.3637898199,-0.7618262610
