Instance,INF_avg,INF_sd,INF_r1,INF_kr,INF_sk,SUP_avg,SUP_sd,SUP_r1,SUP_kr,SUP_sk,INC_avg,INC_sd,INC_r1,INC_kr,INC_sk,IND_avg,IND_sd,IND_r1,IND_kr,IND_sk
instances/A1/asymmetric/8.3.in,0.0907196970,0.0855599567,-0.5594185048,1.5593325088,0.2649307091,0.4243055556,0.0729794703,-0.6886553012,1.2438925277,-0.2058453665,0.4849747475,0.0274904794,0.8661181046,2.1142535443,-0.7201895082,0.1957070707,0.0434314070,0.8485611511,1.7682562638,-0.5828499143
