Instance,INF_avg,INF_sd,INF_r1,INF_kr,INF_sk,SUP_avg,SUP_sd,SUP_r1,SUP_kr,SUP_sk,INC_avg,INC_sd,INC_r1,INC_kr,INC_sk,IND_avg,IND_sd,IND_r1,IND_kr,IND_sk
instances/A3/symmetric/10.5.in,0.3002215245,0.0830879234,0.2360594803,1.6145289138,0.2458837047,0.2016274202,0.0766875479,-0.0724725034,2.6915297543,1.1245077661,0.4981510553,0.0507585972,0.6435902747,1.5650440417,0.4993235037,0.1682086168,0.0085986780,-0.7196147423,1.9264566323,-0.6217701530
