Instance,INF_avg,INF_sd,INF_r1,INF_kr,INF_sk,SUP_avg,SUP_sd,SUP_r1,SUP_kr,SUP_sk,INC_avg,INC_sd,INC_r1,INC_kr,INC_sk,IND_avg,IND_sd,IND_r1,IND_kr,IND_sk
instances/A1/asymmetric/200.4.in,0.4870000000,0.0163095064,-0.5761689291,1.5925433885,0.0912793904,0.0990000000,0.0237486842,-0.3782402337,2.0805417233,0.7292677274,0.4140000000,0.0101980390,-0.2406015038,2.7045118343,-1.0013237284,0.0610000000,0.0058309519,0.1011235955,1.6280276817,0.3631734744
