Instance,INF_avg,INF_sd,INF_r1,INF_kr,INF_sk,SUP_avg,SUP_sd,SUP_r1,SUP_kr,SUP_sk,INC_avg,INC_sd,INC_r1,INC_kr,INC_sk,IND_avg,IND_sd,IND_r1,IND_kr,IND_sk
instances/A1/asymmetric/10.1.in,0.3351831502,0.0511569773,0.1411375961,2.2505676050,0.7226717432,0.1762053026,0.0337486232,0.0995602782,1.9367641412,-0.1347756537,0.4886115472,0.0299849804,-0.5128018623,1.5161279887,0.0599118594,0.1527420199,0.0169699750,-0.0184402406,2.5729003737,0.8715947479
