Instance,INF_avg,INF_sd,INF_r1,INF_kr,INF_sk,SUP_avg,SUP_sd,SUP_r1,SUP_kr,SUP_sk,INC_avg,INC_sd,INC_r1,INC_kr,INC_sk,IND_avg,IND_sd,IND_r1,IND_kr,IND_sk
instances/A2/symmetric/5.4.in,0.2304761905,0.1099824764,-0.1166394200,1.4246594592,-0.4461013407,0.2585714286,0.0974691067,-0.2030493688,1.5111910841,0.1988031478,0.5109523810,0.0671681816,-0.5196904141,1.5637276140,0.0006178747,0.3871428571,0.0945882592,0.7125030952,1.2979423983,-0.1952196598
