Instance,INF_avg,INF_sd,INF_r1,INF_kr,INF_sk,SUP_avg,SUP_sd,SUP_r1,SUP_kr,SUP_sk,INC_avg,INC_sd,INC_r1,INC_kr,INC_sk,IND_avg,IND_sd,IND_r1,IND_kr,IND_sk
instances/A2/symmetric/5.4.in,0.2700176367,0.1072553318,-0.3150198108,2.5467756841,-0.4418319204,0.2794532628,0.0916241451,-0.0360743902,1.7416359795,0.0615339000,0.4505291005,0.0885536321,0.2208713747,1.9877361115,0.3033757478,0.3477954145,0.1077020341,0.4062106456,1.7111080032,-0.1083976034
