Instance,INF_avg,INF_sd,INF_r1,INF_kr,INF_sk,SUP_avg,SUP_sd,SUP_r1,SUP_kr,SUP_sk,INC_avg,INC_sd,INC_r1,INC_kr,INC_sk,IND_avg,IND_sd,IND_r1,IND_kr,IND_sk
instances/A3/symmetric/8.4.in,0.0949494949,0.0762208060,0.3672534933,1.6877631345,0.3664700915,0.1540404040,0.0386949117,0.3078324226,1.8972760173,-0.4252499703,0.7510101010,0.0618681715,0.1195682665,2.6000210871,-0.9982996115,0.2459595960,0.0555463721,-0.1420261099,1.7495183210,0.3484567712
