Instance,INF_avg,INF_sd,INF_r1,INF_kr,INF_sk,SUP_avg,SUP_sd,SUP_r1,SUP_kr,SUP_sk,INC_avg,INC_sd,INC_r1,INC_kr,INC_sk,IND_avg,IND_sd,IND_r1,IND_kr,IND_sk
instances/A1/symmetric/8.5.in,0.1624579125,0.0519435980,0.0625000000,3.1151153476,0.9807655972,0.2239057239,0.0642052317,0.6046380421,1.4162027354,-0.0883740721,0.6136363636,0.0381304769,0.2150170648,2.8343849390,1.1324364363,0.2084736251,0.0592237505,0.1672460114,2.7051894420,0.7080637088
