Instance,INF_avg,INF_sd,INF_r1,INF_kr,INF_sk,SUP_avg,SUP_sd,SUP_r1,SUP_kr,SUP_sk,INC_avg,INC_sd,INC_r1,INC_kr,INC_sk,IND_avg,IND_sd,IND_r1,IND_kr,IND_sk
instances/A1/symmetric/50.3.in,0.3515000000,0.0376198086,-0.1961270305,2.6428915589,-0.6838564849,0.1910000000,0.0323109888,0.3313845006,1.3531455058,0.1279768159,0.4575000000,0.0448469620,-0.3184096225,2.1461260676,0.4427736727,0.0640000000,0.0170000000,0.0942536790,2.8811556375,-0.2100549562
