Instance,INF_avg,INF_sd,INF_r1,INF_kr,INF_sk,SUP_avg,SUP_sd,SUP_r1,SUP_kr,SUP_sk,INC_avg,INC_sd,INC_r1,INC_kr,INC_sk,IND_avg,IND_sd,IND_r1,IND_kr,IND_sk
instances/A1/symmetric/100.2.in,0.3986842105,0.1493348596,0.6298840823,3.5481663799,0.5277119439,0.0638157895,0.0737165108,0.4602620078,4.3275833787,1.2664741842,0.5375000000,0.1338019452,0.3754555000,3.4807115100,-0.2366224347,0.3226973684,0.0818854334,0.0237258325,3.0336020273,0.0952415852
