Instance,INF_avg,INF_sd,INF_r1,INF_kr,INF_sk,SUP_avg,SUP_sd,SUP_r1,SUP_kr,SUP_sk,INC_avg,INC_sd,INC_r1,INC_kr,INC_sk,IND_avg,IND_sd,IND_r1,IND_kr,IND_sk
instances/A3/asymmetric/10.3.in,0.7183885640,0.0504252828,0.3625276240,1.9191625707,0.5533281077,0.0648689625,0.0404561347,0.4535117903,1.9605054633,-0.4754613825,0.2167424735,0.0275295759,0.2442099290,2.5119561827,0.0990877333,0.1782975958,0.0351247608,-0.2946781390,2.1490357106,-0.4035967273
