Instance,INF_avg,INF_sd,INF_r1,INF_kr,INF_sk,SUP_avg,SUP_sd,SUP_r1,SUP_kr,SUP_sk,INC_avg,INC_sd,INC_r1,INC_kr,INC_sk,IND_avg,IND_sd,IND_r1,IND_kr,IND_sk
instances/A3/asymmetric/10.3.in,0.7486549708,0.0453077134,0.0443607668,1.5024434464,-0.0366359387,0.0538011696,0.0484216176,0.3718592965,1.2572561199,0.0229987339,0.1975438596,0.0161403509,-0.9481664316,2.8463779432,-1.1906797074,0.1876023392,0.0255774258,-0.7775108248,1.4213142233,-0.0852467503
