Instance,INF_avg,INF_sd,INF_r1,INF_kr,INF_sk,SUP_avg,SUP_sd,SUP_r1,SUP_kr,SUP_sk,INC_avg,INC_sd,INC_r1,INC_kr,INC_sk,IND_avg,IND_sd,IND_r1,IND_kr,IND_sk
instances/A2/asymmetric/100.5.in,0.3563000000,0.0417110297,0.4329156011,2.8611951581,-0.3613782697,0.2333000000,0.0284360686,0.2159094088,3.3420148539,0.6937261644,0.4104000000,0.0336428298,0.2706695774,2.8342385075,-0.2071592453,0.0588000000,0.0114699608,0.4863453337,3.3291996383,0.8816133502
