Instance,INF_avg,INF_sd,INF_r1,INF_kr,INF_sk,SUP_avg,SUP_sd,SUP_r1,SUP_kr,SUP_sk,INC_avg,INC_sd,INC_r1,INC_kr,INC_sk,IND_avg,IND_sd,IND_r1,IND_kr,IND_sk
instances/A1/symmetric/20.3.in,0.3430000000,0.0344383507,0.5226032736,2.3153499654,-0.4254247716,0.2580000000,0.0424970587,0.7898187428,1.5055150237,0.2109976003,0.3990000000,0.0159373775,0.0789473684,2.4459358919,0.1823080253,0.0500000000,0.0109544512,0.5333333333,1.5625000000,-0.1141088661
