Instance,INF_avg,INF_sd,INF_r1,INF_kr,INF_sk,SUP_avg,SUP_sd,SUP_r1,SUP_kr,SUP_sk,INC_avg,INC_sd,INC_r1,INC_kr,INC_sk,IND_avg,IND_sd,IND_r1,IND_kr,IND_sk
instances/A1/symmetric/8.4.in,0.2717171717,0.0757328804,0.4674929606,2.1463656737,0.6188861209,0.2101010101,0.0491230675,0.4957878129,1.6305544420,-0.3580854841,0.5181818182,0.0444591089,-0.2819531323,1.5727429168,-0.4233018601,0.1982042649,0.0551151358,0.4390799682,1.9435245153,0.5218186062
