Instance,INF_avg,INF_sd,INF_r1,INF_kr,INF_sk,SUP_avg,SUP_sd,SUP_r1,SUP_kr,SUP_sk,INC_avg,INC_sd,INC_r1,INC_kr,INC_sk,IND_avg,IND_sd,IND_r1,IND_kr,IND_sk
instances/A1/symmetric/20.5.in,0.2474046704,0.0727254784,0.5977479613,2.3934416384,0.2776369311,0.2647398758,0.0601390865,0.4714782523,3.5321228985,0.4062870437,0.4878554537,0.0640106072,0.9263373507,2.3715318763,-0.3328403011,0.0678052025,0.0112002209,0.3469010383,2.8159095782,0.6195931391
