Instance,INF_avg,INF_sd,INF_r1,INF_kr,INF_sk,SUP_avg,SUP_sd,SUP_r1,SUP_kr,SUP_sk,INC_avg,INC_sd,INC_r1,INC_kr,INC_sk,IND_avg,IND_sd,IND_r1,IND_kr,IND_sk
instances/A3/asymmetric/100.4.in,0.7769824121,0.1301514107,0.9154053835,1.7506185312,-0.0900143609,0.0250025126,0.0132249595,0.8691265837,1.4154774394,-0.1938172885,0.1980150754,0.1175837434,0.9133671848,1.7954279580,0.1207131526,0.0430075377,0.0156709413,0.7321921152,2.2841359202,-0.0919520348
