Instance,INF_avg,INF_sd,INF_r1,INF_kr,INF_sk,SUP_avg,SUP_sd,SUP_r1,SUP_kr,SUP_sk,INC_avg,INC_sd,INC_r1,INC_kr,INC_sk,IND_avg,IND_sd,IND_r1,IND_kr,IND_sk
instances/A2/symmetric/100.3.in,0.3680000000,0.0203960781,-0.2716763006,1.3731508876,-0.1527442976,0.1860000000,0.0058309519,-0.3805970149,1.6280276817,0.3631734744,0.4460000000,0.0159373775,-0.1842105263,1.3299336599,-0.1823080253,0.0600000000,0.0094868330,-0.4705882353,1.7592592593,0.3513641845
