Instance,INF_avg,INF_sd,INF_r1,INF_kr,INF_sk,SUP_avg,SUP_sd,SUP_r1,SUP_kr,SUP_sk,INC_avg,INC_sd,INC_r1,INC_kr,INC_sk,IND_avg,IND_sd,IND_r1,IND_kr,IND_sk
instances/A1/asymmetric/200.4.in,0.3240000000,0.0270000000,-0.1079785734,2.8584113759,1.1806127115,0.1590000000,0.0285306852,0.1930401425,1.9006483589,0.4399763079,0.5170000000,0.0347994253,0.6857031478,1.9979850271,-0.4027800793,0.0820000000,0.0151986842,-0.3273314866,1.8096924720,-0.1691875787
