Instance,INF_avg,INF_sd,INF_r1,INF_kr,INF_sk,SUP_avg,SUP_sd,SUP_r1,SUP_kr,SUP_sk,INC_avg,INC_sd,INC_r1,INC_kr,INC_sk,IND_avg,IND_sd,IND_r1,IND_kr,IND_sk
instances/A3/asymmetric/8.4.in,0.2722144522,0.0830358391,0.6219860539,1.3590686518,0.1211415779,0.0788344988,0.0272886213,0.1577811947,2.1369870866,0.1008746718,0.6489510490,0.0618546303,0.6558781473,1.3236004934,-0.1273057038,0.2430303030,0.0267233329,-0.7687073381,1.8431884984,-0.3913512085
