Instance,INF_avg,INF_sd,INF_r1,INF_kr,INF_sk,SUP_avg,SUP_sd,SUP_r1,SUP_kr,SUP_sk,INC_avg,INC_sd,INC_r1,INC_kr,INC_sk,IND_avg,IND_sd,IND_r1,IND_kr,IND_sk
instances/A3/asymmetric/8.4.in,0.2421393421,0.0709766949,0.6032325951,2.5027238844,1.0231928070,0.0740999741,0.0268757918,0.0830694722,2.2350306288,-0.0761453832,0.6837606838,0.0652102271,0.5419000832,2.3683516018,-0.4582171240,0.2595959596,0.0319429546,-0.0421265413,2.2054271363,-0.2605958378
