Instance,INF_avg,INF_sd,INF_r1,INF_kr,INF_sk,SUP_avg,SUP_sd,SUP_r1,SUP_kr,SUP_sk,INC_avg,INC_sd,INC_r1,INC_kr,INC_sk,IND_avg,IND_sd,IND_r1,IND_kr,IND_sk
instances/A3/asymmetric/5.6.in,0.1240740741,0.0939894633,0.6503771552,1.5122282609,-0.3236576082,0.2111111111,0.0444444444,0.2265625000,1.9687500000,-0.0625000000,0.6648148148,0.0721984766,0.2543426431,1.9427389197,0.5184565607,0.3129629630,0.0482903882,0.4299597855,2.7526816609,0.7421514157
