Instance,INF_avg,INF_sd,INF_r1,INF_kr,INF_sk,SUP_avg,SUP_sd,SUP_r1,SUP_kr,SUP_sk,INC_avg,INC_sd,INC_r1,INC_kr,INC_sk,IND_avg,IND_sd,IND_r1,IND_kr,IND_sk
instances/A2/symmetric/8.1.in,0.4861952862,0.0975373862,0.5667873389,2.0752656252,-0.3054062046,0.1760942761,0.0662876516,0.1517933882,2.2886121569,0.4863028599,0.3377104377,0.0557841435,-0.0928316859,4.1069786293,1.2674258480,0.1520763187,0.0334169312,-0.6214524188,2.0559009110,0.5821797998
