Instance,INF_avg,INF_sd,INF_r1,INF_kr,INF_sk,SUP_avg,SUP_sd,SUP_r1,SUP_kr,SUP_sk,INC_avg,INC_sd,INC_r1,INC_kr,INC_sk,IND_avg,IND_sd,IND_r1,IND_kr,IND_sk
instances/A2/symmetric/100.1.in,0.3624000000,0.0450359856,0.4886252415,2.6188105433,0.2506776721,0.2198000000,0.0336743226,0.3653633913,2.9935143364,-0.4148088809,0.4178000000,0.0353434577,0.2558061137,2.3805499894,0.2197097283,0.0557000000,0.0116193804,0.1609415899,2.8811177171,0.4039158893
