Instance,INF_avg,INF_sd,INF_r1,INF_kr,INF_sk,SUP_avg,SUP_sd,SUP_r1,SUP_kr,SUP_sk,INC_avg,INC_sd,INC_r1,INC_kr,INC_sk,IND_avg,IND_sd,IND_r1,IND_kr,IND_sk
instances/A2/asymmetric/20.4.in,0.8108893042,0.0572105857,0.7302653682,2.2275110952,-0.3245272780,0.0249906216,0.0236868588,0.8178522417,1.4758372268,0.3045815603,0.1641200742,0.0369598328,0.5843162282,2.2116124092,0.2247188272,0.0554912131,0.0128905777,-0.2877458687,1.6315288955,0.1638067558
