Instance,INF_avg,INF_sd,INF_r1,INF_kr,INF_sk,SUP_avg,SUP_sd,SUP_r1,SUP_kr,SUP_sk,INC_avg,INC_sd,INC_r1,INC_kr,INC_sk,IND_avg,IND_sd,IND_r1,IND_kr,IND_sk
instances/A3/symmetric/5.3.in,0.3644444444,0.1850458735,0.6280234775,1.2748300366,0.1435368814,0.1277777778,0.0816496581,0.4546979866,2.2147633745,-0.0774915737,0.5077777778,0.1227061128,0.4778728086,1.5315930595,-0.2174550629,0.4577777778,0.0381031738,0.5040577096,1.6664584201,-0.1702026400
