Instance,INF_avg,INF_sd,INF_r1,INF_kr,INF_sk,SUP_avg,SUP_sd,SUP_r1,SUP_kr,SUP_sk,INC_avg,INC_sd,INC_r1,INC_kr,INC_sk,IND_avg,IND_sd,IND_r1,IND_kr,IND_sk
instances/A3/symmetric/5.3.in,0.2104056437,0.2216042189,0.7313287432,2.0142265416,0.7281008823,0.1942680776,0.1122402801,0.6637229028,1.8844297962,-0.0613752673,0.5953262787,0.1516740495,0.6155374019,2.4863626381,-0.0995596064,0.4537918871,0.0382525005,0.3980257482,1.6019662876,-0.0612456021
