Instance,INF_avg,INF_sd,INF_r1,INF_kr,INF_sk,SUP_avg,SUP_sd,SUP_r1,SUP_kr,SUP_sk,INC_avg,INC_sd,INC_r1,INC_kr,INC_sk,IND_avg,IND_sd,IND_r1,IND_kr,IND_sk
instances/A3/symmetric/50.2.in,0.4666666667,0.2360234537,0.9298216089,2.1543556722,0.6638910784,0.0606060606,0.0574160464,0.4580239364,2.2704723737,0.5402024865,0.4727272727,0.2048986849,0.8645329179,2.0769886540,-0.5388769353,0.2984848485,0.1111134068,0.5975685066,2.2398569244,-0.0778204957
