Instance,INF_avg,INF_sd,INF_r1,INF_kr,INF_sk,SUP_avg,SUP_sd,SUP_r1,SUP_kr,SUP_sk,INC_avg,INC_sd,INC_r1,INC_kr,INC_sk,IND_avg,IND_sd,IND_r1,IND_kr,IND_sk
instances/A1/symmetric/100.3.in,0.3221000000,0.0433023094,0.3729454406,2.5122872344,-0.5399277700,0.1790000000,0.0358189894,0.6336467375,2.4452025377,0.5473742172,0.4989000000,0.0355427911,-0.0305468126,2.2866292775,-0.2925849120,0.0912000000,0.0222836263,0.3224184052,2.7970124938,0.1514353506
