Instance,INF_avg,INF_sd,INF_r1,INF_kr,INF_sk,SUP_avg,SUP_sd,SUP_r1,SUP_kr,SUP_sk,INC_avg,INC_sd,INC_r1,INC_kr,INC_sk,IND_avg,IND_sd,IND_r1,IND_kr,IND_sk
instances/A2/asymmetric/100.2.in,0.5655555556,0.1000493705,0.8685137403,1.8058569937,0.2786953836,0.1074074074,0.0659737654,0.7780549048,2.1074688131,-0.0439172525,0.3270370370,0.0499492198,0.4783017895,2.9183711879,0.7178840687,0.0851851852,0.0257294140,0.6667179069,2.3569753317,0.5396835842
