Instance,INF_avg,INF_sd,INF_r1,INF_kr,INF_sk,SUP_avg,SUP_sd,SUP_r1,SUP_kr,SUP_sk,INC_avg,INC_sd,INC_r1,INC_kr,INC_sk,IND_avg,IND_sd,IND_r1,IND_kr,IND_sk
instances/A3/asymmetric/5.1.in,0.2555555556,0.1463548875,-0.0118168390,2.4301381126,-0.6048356481,0.3111111111,0.0689426314,-0.3196286472,1.7794737730,0.1632576395,0.4333333333,0.1224744871,-0.9594594595,2.8127572016,1.1642636432,0.2944444444,0.0484322105,0.4410876133,1.3801939058,-0.5071295170
