Instance,INF_avg,INF_sd,INF_r1,INF_kr,INF_sk,SUP_avg,SUP_sd,SUP_r1,SUP_kr,SUP_sk,INC_avg,INC_sd,INC_r1,INC_kr,INC_sk,IND_avg,IND_sd,IND_r1,IND_kr,IND_sk
instances/A3/symmetric/50.3.in,0.4220000000,0.0900888450,0.5961425755,2.7804758552,0.1314293176,0.0660000000,0.0335261092,0.8954096456,2.4014006915,-0.3515611307,0.5120000000,0.0727736216,0.2759769767,3.6999205922,-0.0009963439,0.2000000000,0.0626099034,0.2096774194,2.2886297376,0.2151319045
