Instance,INF_avg,INF_sd,INF_r1,INF_kr,INF_sk,SUP_avg,SUP_sd,SUP_r1,SUP_kr,SUP_sk,INC_avg,INC_sd,INC_r1,INC_kr,INC_sk,IND_avg,IND_sd,IND_r1,IND_kr,IND_sk
instances/A2/asymmetric/10.4.in,0.6441830065,0.0721461463,0.0199206959,1.6598568685,0.0541185127,0.0872766885,0.0410287375,-0.1181133538,1.7011233863,0.2365960935,0.2685403050,0.0433023403,0.0712570267,1.6011591191,-0.5642281310,0.1410784314,0.0435064907,0.2662380027,2.6278844031,1.0542948779
