Instance,INF_avg,INF_sd,INF_r1,INF_kr,INF_sk,SUP_avg,SUP_sd,SUP_r1,SUP_kr,SUP_sk,INC_avg,INC_sd,INC_r1,INC_kr,INC_sk,IND_avg,IND_sd,IND_r1,IND_kr,IND_sk
instances/A2/asymmetric/10.4.in,0.5386707908,0.1342739770,0.8325876229,1.6677326880,0.0457669787,0.1426236004,0.0754557100,0.4069902174,1.9063192688,0.2266875407,0.3187056088,0.0896870986,0.7937418123,2.1592285235,0.6021268066,0.1623752713,0.0408009872,0.4702573604,1.6400665386,-0.1774737809
