Instance,INF_avg,INF_sd,INF_r1,INF_kr,INF_sk,SUP_avg,SUP_sd,SUP_r1,SUP_kr,SUP_sk,INC_avg,INC_sd,INC_r1,INC_kr,INC_sk,IND_avg,IND_sd,IND_r1,IND_kr,IND_sk
instances/A1/symmetric/100.4.in,0.3360000000,0.0543507130,-0.8484545252,2.5544700529,0.4858986312,0.1580000000,0.0160000000,-0.0775862069,2.4763793945,0.3647460938,0.5060000000,0.0547174561,-0.5035812092,2.2116423897,-0.4163490915,0.0830000000,0.0112249722,-0.3578274760,2.3760393046,-0.1315095000
