Instance,INF_avg,INF_sd,INF_r1,INF_kr,INF_sk,SUP_avg,SUP_sd,SUP_r1,SUP_kr,SUP_sk,INC_avg,INC_sd,INC_r1,INC_kr,INC_sk,IND_avg,IND_sd,IND_r1,IND_kr,IND_sk
instances/A3/symmetric/8.5.in,0.2751877752,0.1608292551,0.7253680431,1.5876727825,0.0373139040,0.1571915739,0.0754432688,0.4767624024,1.5125095336,-0.1761544982,0.5676206510,0.0989316019,0.6564315922,1.8802454164,0.0436565052,0.2090304757,0.0392895757,0.2347049152,1.9371256727,0.0801510456
