Instance,INF_avg,INF_sd,INF_r1,INF_kr,INF_sk,SUP_avg,SUP_sd,SUP_r1,SUP_kr,SUP_sk,INC_avg,INC_sd,INC_r1,INC_kr,INC_sk,IND_avg,IND_sd,IND_r1,IND_kr,IND_sk
instances/A3/symmetric/8.5.in,0.3862470862,0.1165025544,0.9027302225,2.1448808165,-0.8188531438,0.1137529138,0.0702666337,0.1625656585,2.5531393039,0.9205943750,0.5000000000,0.0638236781,0.3452605148,1.2702062232,0.0000000000,0.2237296037,0.0154215845,0.0749177006,1.6560541917,-0.3903368322
