Instance,INF_avg,INF_sd,INF_r1,INF_kr,INF_sk,SUP_avg,SUP_sd,SUP_r1,SUP_kr,SUP_sk,INC_avg,INC_sd,INC_r1,INC_kr,INC_sk,IND_avg,IND_sd,IND_r1,IND_kr,IND_sk
instances/A1/symmetric/5.2.in,0.3640211640,0.1949489550,0.5668697649,1.8435062901,-0.1618349236,0.0930335097,0.1002696302,0.1348127664,3.9451199322,1.3054393765,0.5429453263,0.1844848604,0.6238700829,2.1755351131,0.7795369800,0.4194885362,0.0770083155,-0.1385253484,2.4368603505,0.9469159809
