Instance,INF_avg,INF_sd,INF_r1,INF_kr,INF_sk,SUP_avg,SUP_sd,SUP_r1,SUP_kr,SUP_sk,INC_avg,INC_sd,INC_r1,INC_kr,INC_sk,IND_avg,IND_sd,IND_r1,IND_kr,IND_sk
instances/A2/symmetric/8.5.in,0.3786013986,0.1447495316,0.4054639306,1.9405723172,0.4110930055,0.3286247086,0.1686067595,0.4501832504,1.6944432149,-0.0995798407,0.2927738928,0.0317084868,0.4108669109,1.8584650677,-0.3910423199,0.2337529138,0.0488951618,0.3457972014,1.5960488110,0.2732358594
