Instance,INF_avg,INF_sd,INF_r1,INF_kr,INF_sk,SUP_avg,SUP_sd,SUP_r1,SUP_kr,SUP_sk,INC_avg,INC_sd,INC_r1,INC_kr,INC_sk,IND_avg,IND_sd,IND_r1,IND_kr,IND_sk
instances/A3/symmetric/10.1.in,0.3427096713,0.1921221833,0.7064076409,1.5927670808,-0.2179451156,0.0941219171,0.0769234341,0.5106330480,3.5912334632,1.1116581411,0.5631684116,0.1293389817,0.6652665081,1.7665152253,-0.0108758082,0.2044062544,0.0393991536,0.5689982506,1.8739485370,-0.4285408061
