Instance,INF_avg,INF_sd,INF_r1,INF_kr,INF_sk,SUP_avg,SUP_sd,SUP_r1,SUP_kr,SUP_sk,INC_avg,INC_sd,INC_r1,INC_kr,INC_sk,IND_avg,IND_sd,IND_r1,IND_kr,IND_sk
instances/A1/symmetric/20.1.in,0.5126130948,0.0321166522,-0.1888073770,1.9165917299,0.0552164010,0.1211336239,0.0321357253,-0.6776198079,2.0599392533,0.0013732718,0.3662532813,0.0219621896,0.0991525950,2.6144529696,0.8062737078,0.0733384306,0.0133927498,0.7214012838,1.5422474795,-0.0602991765
