Instance,INF_avg,INF_sd,INF_r1,INF_kr,INF_sk,SUP_avg,SUP_sd,SUP_r1,SUP_kr,SUP_sk,INC_avg,INC_sd,INC_r1,INC_kr,INC_sk,IND_avg,IND_sd,IND_r1,IND_kr,IND_sk
instances/A1/symmetric/20.3.in,0.7121981274,0.1135236865,0.4741045948,1.3739835955,-0.0174560403,0.0799062793,0.0486522526,0.2970943702,2.3009898568,0.2645452695,0.2078955933,0.0804888760,0.4474756597,1.7667163781,-0.4085462192,0.0796989110,0.0485106253,0.3636955972,4.3499103427,1.5468267228
