Instance,INF_avg,INF_sd,INF_r1,INF_kr,INF_sk,SUP_avg,SUP_sd,SUP_r1,SUP_kr,SUP_sk,INC_avg,INC_sd,INC_r1,INC_kr,INC_sk,IND_avg,IND_sd,IND_r1,IND_kr,IND_sk
instances/A3/asymmetric/20.5.in,0.2630970065,0.0820048471,0.4345455129,2.0216953958,0.6238047432,0.1732438521,0.0577602749,0.4855968714,1.6985563280,-0.0170608738,0.5636591414,0.0469533505,0.2059522026,3.0769612644,-0.0681218384,0.0566759335,0.0148215140,0.2892154105,2.1766044404,0.4053645564
