Instance,INF_avg,INF_sd,INF_r1,INF_kr,INF_sk,SUP_avg,SUP_sd,SUP_r1,SUP_kr,SUP_sk,INC_avg,INC_sd,INC_r1,INC_kr,INC_sk,IND_avg,IND_sd,IND_r1,IND_kr,IND_sk
instances/A3/asymmetric/20.6.in,0.5858437446,0.0274586497,0.0673113892,1.5137309992,-0.0633957449,0.0424970074,0.0228887495,0.9014398535,2.3487039347,0.9548291263,0.3716592480,0.0317993771,-0.1890159855,2.0852013243,0.3291550929,0.0903775411,0.0111157432,0.4285505098,3.0228352124,-1.3128860080
