Instance,INF_avg,INF_sd,INF_r1,INF_kr,INF_sk,SUP_avg,SUP_sd,SUP_r1,SUP_kr,SUP_sk,INC_avg,INC_sd,INC_r1,INC_kr,INC_sk,IND_avg,IND_sd,IND_r1,IND_kr,IND_sk
instances/A1/symmetric/100.1.in,0.4101449275,0.1500192524,0.6134078878,4.7463600184,1.2015376189,0.0782608696,0.0818616104,0.4644625360,3.2894131666,1.0729878332,0.5115942029,0.1319159063,0.6203664291,4.1644523062,-0.8862158545,0.3246376812,0.0858137469,0.2651556526,3.3468839906,-0.1510967477
