Instance,INF_avg,INF_sd,INF_r1,INF_kr,INF_sk,SUP_avg,SUP_sd,SUP_r1,SUP_kr,SUP_sk,INC_avg,INC_sd,INC_r1,INC_kr,INC_sk,IND_avg,IND_sd,IND_r1,IND_kr,IND_sk
instances/A1/symmetric/10.4.in,0.4030268673,0.0982002626,0.3875547529,2.9324366803,0.6472493245,0.2323175061,0.1173281079,0.3446736508,1.5735000350,0.1639854720,0.3646556266,0.0573102969,0.3544136091,1.8549926874,0.6559856286,0.1379589546,0.0318568617,-0.6389453107,2.9055730397,0.4663094707
