Instance,INF_avg,INF_sd,INF_r1,INF_kr,INF_sk,SUP_avg,SUP_sd,SUP_r1,SUP_kr,SUP_sk,INC_avg,INC_sd,INC_r1,INC_kr,INC_sk,IND_avg,IND_sd,IND_r1,IND_kr,IND_sk
instances/A3/asymmetric/200.5.in,0.3305882353,0.1204796259,0.7037371574,11.1069313617,2.1029760757,0.0486274510,0.0482566508,0.6080519801,3.9837883880,1.1854795051,0.6207843137,0.1082742186,0.6077267260,11.9197724501,-2.2235138167,0.2515294118,0.0644038584,0.0959859179,3.5611154007,0.2227987834
