Instance,INF_avg,INF_sd,INF_r1,INF_kr,INF_sk,SUP_avg,SUP_sd,SUP_r1,SUP_kr,SUP_sk,INC_avg,INC_sd,INC_r1,INC_kr,INC_sk,IND_avg,IND_sd,IND_r1,IND_kr,IND_sk
instances/A3/asymmetric/5.5.in,0.1733333333,0.1730767331,-0.1952609478,2.7686296437,1.0945214781,0.1633333333,0.0871779789,-0.4150943396,3.0422437673,1.3040473294,0.6633333333,0.1746106780,-0.0840424731,1.3976282204,-0.3029229747,0.4233333333,0.0573488351,-0.1118508655,1.9226168736,-0.2226770648
