Instance,INF_avg,INF_sd,INF_r1,INF_kr,INF_sk,SUP_avg,SUP_sd,SUP_r1,SUP_kr,SUP_sk,INC_avg,INC_sd,INC_r1,INC_kr,INC_sk,IND_avg,IND_sd,IND_r1,IND_kr,IND_sk
instances/A2/symmetric/200.5.in,0.3093500000,0.0388371922,0.2575586795,2.7743935389,0.1258597354,0.2298500000,0.0321516329,0.2437173012,2.7132737078,0.0441217220,0.4608000000,0.0318490188,0.1289545601,2.9613837637,-0.1007533785,0.0597500000,0.0125174878,0.2900649783,2.8619546164,0.2441100206
