Instance,INF_avg,INF_sd,INF_r1,INF_kr,INF_sk,SUP_avg,SUP_sd,SUP_r1,SUP_kr,SUP_sk,INC_avg,INC_sd,INC_r1,INC_kr,INC_sk,IND_avg,IND_sd,IND_r1,IND_kr,IND_sk
instances/A2/asymmetric/50.6.in,0.3625000000,0.1111024302,-0.0939044481,1.7479570582,-0.3161639418,0.1000000000,0.0500000000,0.0000000000,4.0000000000,0.0000000000,0.5375000000,0.1316956719,0.0431154381,1.3165327490,0.2719209393,0.4250000000,0.0829156198,-0.1034482759,3.2148760331,0.8223036670
