Instance,INF_avg,INF_sd,INF_r1,INF_kr,INF_sk,SUP_avg,SUP_sd,SUP_r1,SUP_kr,SUP_sk,INC_avg,INC_sd,INC_r1,INC_kr,INC_sk,IND_avg,IND_sd,IND_r1,IND_kr,IND_sk
instances/A1/symmetric/50.3.in,0.6057052670,0.1530886715,0.9498657834,2.5357120837,0.6235954643,0.0471428571,0.0451866876,0.8947560021,2.6861157128,0.9207654270,0.3471518759,0.1208484118,0.9449228179,3.0652401305,-0.9333798309,0.0985786436,0.0262673562,0.5235216159,2.8483898331,-0.0362067953
