Instance,INF_avg,INF_sd,INF_r1,INF_kr,INF_sk,SUP_avg,SUP_sd,SUP_r1,SUP_kr,SUP_sk,INC_avg,INC_sd,INC_r1,INC_kr,INC_sk,IND_avg,IND_sd,IND_r1,IND_kr,IND_sk
instances/A2/symmetric/200.6.in,0.3070000000,0.0335559235,-0.1432108956,1.5093920857,0.2034195992,0.2190000000,0.0385227206,-0.4076509265,1.2220795403,-0.3318656208,0.4740000000,0.0115758369,-0.9868995633,2.5997995099,0.8238983939,0.0650000000,0.0114017543,-1.2000000000,2.5000000000,0.6071940134
