Instance,INF_avg,INF_sd,INF_r1,INF_kr,INF_sk,SUP_avg,SUP_sd,SUP_r1,SUP_kr,SUP_sk,INC_avg,INC_sd,INC_r1,INC_kr,INC_sk,IND_avg,IND_sd,IND_r1,IND_kr,IND_sk
instances/A3/asymmetric/5.6.in,0.3277777778,0.0952579344,-0.1904761905,1.1666666667,0.4082482905,0.2055555556,0.0333333333,-0.0233918129,1.3981481481,-0.1111111111,0.4666666667,0.1130388331,-0.0542168675,1.2296786389,-0.2115471545,0.3611111111,0.0745355992,-0.3703703704,1.6203703704,-0.1242259987
