Instance,INF_avg,INF_sd,INF_r1,INF_kr,INF_sk,SUP_avg,SUP_sd,SUP_r1,SUP_kr,SUP_sk,INC_avg,INC_sd,INC_r1,INC_kr,INC_sk,IND_avg,IND_sd,IND_r1,IND_kr,IND_sk
instances/A1/symmetric/5.5.in,0.1948853616,0.1307644481,0.3222329470,2.5873745092,0.0618780382,0.2151675485,0.1220775183,0.6390087009,1.6639767284,0.1527058477,0.5899470899,0.2190182226,0.7813339838,1.6838904387,0.5491575747,0.3805114638,0.0904987062,-0.2066559152,2.4155958235,0.6782833578
