Instance,INF_avg,INF_sd,INF_r1,INF_kr,INF_sk,SUP_avg,SUP_sd,SUP_r1,SUP_kr,SUP_sk,INC_avg,INC_sd,INC_r1,INC_kr,INC_sk,IND_avg,IND_sd,IND_r1,IND_kr,IND_sk
instances/A3/symmetric/50.4.in,0.3629000000,0.1151958767,0.8649741747,2.5613062336,0.3549634660,0.1615500000,0.0532385903,0.7947327313,2.7662371572,0.0926648062,0.4755500000,0.0859153508,0.8059043779,2.6354009128,0.2034702548,0.0707500000,0.0171810215,0.6757708650,2.3949977157,0.3192580202
