Instance,INF_avg,INF_sd,INF_r1,INF_kr,INF_sk,SUP_avg,SUP_sd,SUP_r1,SUP_kr,SUP_sk,INC_avg,INC_sd,INC_r1,INC_kr,INC_sk,IND_avg,IND_sd,IND_r1,IND_kr,IND_sk
instances/A2/asymmetric/50.5.in,0.4546500000,0.0805582243,0.7058137846,4.1172716842,0.3400207094,0.1987000000,0.0576047741,0.7613324826,3.7460283572,0.2437142801,0.3466500000,0.0441817553,0.4758054155,3.0442252836,-0.1341342943,0.0514000000,0.0111373246,0.3378651206,3.9842420099,0.5637370970
