Instance,INF_avg,INF_sd,INF_r1,INF_kr,INF_sk,SUP_avg,SUP_sd,SUP_r1,SUP_kr,SUP_sk,INC_avg,INC_sd,INC_r1,INC_kr,INC_sk,IND_avg,IND_sd,IND_r1,IND_kr,IND_sk
instances/A3/asymmetric/8.6.in,0.3391694725,0.1556164921,0.3851038021,1.8997720681,-0.4921364794,0.1508374342,0.0704991928,-0.5313950351,5.0937823371,1.8429719525,0.5099930933,0.1431437515,0.5796413150,2.6087070350,0.9560075313,0.2482215316,0.0518728696,0.5008417869,1.5620195079,-0.2958655821
