Instance,INF_avg,INF_sd,INF_r1,INF_kr,INF_sk,SUP_avg,SUP_sd,SUP_r1,SUP_kr,SUP_sk,INC_avg,INC_sd,INC_r1,INC_kr,INC_sk,IND_avg,IND_sd,IND_r1,IND_kr,IND_sk
instances/A1/asymmetric/50.5.in,0.4320000000,0.0206397674,0.4169096210,2.5817298155,0.9594496139,0.1260000000,0.0203469899,-0.7086015214,1.2996919415,-0.1445928362,0.4420000000,0.0320312348,-0.2679425837,2.2746999077,-0.8478566294,0.0590000000,0.0080000000,-0.0080645161,2.5908203125,-0.5507812500
