Instance,INF_avg,INF_sd,INF_r1,INF_kr,INF_sk,SUP_avg,SUP_sd,SUP_r1,SUP_kr,SUP_sk,INC_avg,INC_sd,INC_r1,INC_kr,INC_sk,IND_avg,IND_sd,IND_r1,IND_kr,IND_sk
instances/A2/asymmetric/20.3.in,0.6739630934,0.0518055058,0.4288954078,1.5870039724,-0.6029554307,0.1236330767,0.0553112961,0.3933356764,1.9519065456,0.7670070383,0.2024038299,0.0072654255,-0.5351282588,2.1416674697,-0.5040955552,0.0475614901,0.0033767914,0.1306590979,1.8781748451,-0.3275512194
