Instance,INF_avg,INF_sd,INF_r1,INF_kr,INF_sk,SUP_avg,SUP_sd,SUP_r1,SUP_kr,SUP_sk,INC_avg,INC_sd,INC_r1,INC_kr,INC_sk,IND_avg,IND_sd,IND_r1,IND_kr,IND_sk
instances/A2/asymmetric/20.3.in,0.6688672012,0.0542537733,0.3572537020,1.6731326025,-0.6668875698,0.1149749802,0.0488734147,0.3793383016,2.7381586163,1.0458539257,0.2161578186,0.0247440568,0.6611328168,4.6364921065,1.6176044714,0.0469894684,0.0045664363,-0.3623500363,2.1417776758,-0.3952972042
