Instance,INF_avg,INF_sd,INF_r1,INF_kr,INF_sk,SUP_avg,SUP_sd,SUP_r1,SUP_kr,SUP_sk,INC_avg,INC_sd,INC_r1,INC_kr,INC_sk,IND_avg,IND_sd,IND_r1,IND_kr,IND_sk
instances/A1/asymmetric/10.2.in,0.6679922027,0.0794559127,0.3340099685,2.0021315004,0.4681662902,0.0822612086,0.0510765886,-0.2405421489,1.9385057640,-0.4087143502,0.2497465887,0.0415811726,0.5091629632,1.8435045007,0.3001407046,0.1569590643,0.0435829086,-0.7200257577,1.2874891289,-0.0026234553
