Instance,INF_avg,INF_sd,INF_r1,INF_kr,INF_sk,SUP_avg,SUP_sd,SUP_r1,SUP_kr,SUP_sk,INC_avg,INC_sd,INC_r1,INC_kr,INC_sk,IND_avg,IND_sd,IND_r1,IND_kr,IND_sk
instances/A3/asymmetric/100.2.in,0.3300000000,0.0141421356,-0.8000000000,2.2625000000,-0.7954951288,0.1340000000,0.0115758369,-0.0950764007,1.3968589886,0.2436882574,0.5360000000,0.0195959179,-0.0143979058,2.1249186198,0.7471262659,0.0640000000,0.0182756669,-0.3301088271,1.3614866076,0.0619258676
