Instance,INF_avg,INF_sd,INF_r1,INF_kr,INF_sk,SUP_avg,SUP_sd,SUP_r1,SUP_kr,SUP_sk,INC_avg,INC_sd,INC_r1,INC_kr,INC_sk,IND_avg,IND_sd,IND_r1,IND_kr,IND_sk
instances/A3/symmetric/20.3.in,0.1360000000,0.0516139516,0.2106089140,2.0459243027,-0.5292234845,0.1210000000,0.0115758369,-0.4077669903,2.1988193362,0.3365218792,0.7430000000,0.0598832197,0.1813320067,2.0790993605,0.6343635205,0.0910000000,0.0048989795,-0.0504201681,2.7291666667,0.8675276172
