Instance,INF_avg,INF_sd,INF_r1,INF_kr,INF_sk,SUP_avg,SUP_sd,SUP_r1,SUP_kr,SUP_sk,INC_avg,INC_sd,INC_r1,INC_kr,INC_sk,IND_avg,IND_sd,IND_r1,IND_kr,IND_sk
instances/A2/symmetric/20.6.in,0.3548837209,0.0728449163,0.6108179690,3.7624480850,0.8903593259,0.2750000000,0.0697837190,0.7081855043,2.9336756266,-0.2910137666,0.3701162791,0.0491496099,0.6607855281,1.9817116659,0.1039861727,0.0665116279,0.0115403682,0.3741478638,3.1416396197,0.5712978778
