Instance,INF_avg,INF_sd,INF_r1,INF_kr,INF_sk,SUP_avg,SUP_sd,SUP_r1,SUP_kr,SUP_sk,INC_avg,INC_sd,INC_r1,INC_kr,INC_sk,IND_avg,IND_sd,IND_r1,IND_kr,IND_sk
instances/A3/asymmetric/10.1.in,0.5701295723,0.0927089101,0.1923275667,2.1142817660,-0.4780335141,0.0197288792,0.0281440692,0.1374011699,4.2032396958,1.4878526126,0.4101415485,0.0753534021,0.2148867788,2.2367314574,0.5264320670,0.2410965231,0.0524692087,0.5203231704,4.0871962384,1.3929668164
