Instance,INF_avg,INF_sd,INF_r1,INF_kr,INF_sk,SUP_avg,SUP_sd,SUP_r1,SUP_kr,SUP_sk,INC_avg,INC_sd,INC_r1,INC_kr,INC_sk,IND_avg,IND_sd,IND_r1,IND_kr,IND_sk
instances/A2/asymmetric/100.4.in,0.3011000000,0.0442299672,0.4646609658,2.6041933094,0.0664582819,0.1704000000,0.0268856839,0.2013499697,2.9651902873,-0.1197625954,0.5285000000,0.0367593526,0.1753518279,3.4347390680,-0.2962186737,0.0705000000,0.0130096118,0.2162249993,2.6547414630,0.3263125345
