Instance,INF_avg,INF_sd,INF_r1,INF_kr,INF_sk,SUP_avg,SUP_sd,SUP_r1,SUP_kr,SUP_sk,INC_avg,INC_sd,INC_r1,INC_kr,INC_sk,IND_avg,IND_sd,IND_r1,IND_kr,IND_sk
instances/A2/symmetric/100.5.in,0.5428571429,0.1709815601,0.8377399493,2.2795336385,0.3254559779,0.1035714286,0.1093230562,0.5769324754,2.9259723293,0.9748275192,0.3535714286,0.1109444612,0.8462628409,3.2496475073,-0.9138947606,0.2464285714,0.0812058357,0.2114450243,2.2540134461,-0.4848853257
