Instance,INF_avg,INF_sd,INF_r1,INF_kr,INF_sk,SUP_avg,SUP_sd,SUP_r1,SUP_kr,SUP_sk,INC_avg,INC_sd,INC_r1,INC_kr,INC_sk,IND_avg,IND_sd,IND_r1,IND_kr,IND_sk
instances/A1/symmetric/8.3.in,0.1611111111,0.1059932446,-0.3947909527,2.7518717546,1.1041549626,0.3166666667,0.1091493484,-0.6143106457,2.2414158769,-0.2800744910,0.5222222222,0.0323941772,0.2696629213,1.6280276817,-0.3631734744,0.2000000000,0.0111111111,-0.3157894737,3.2500000000,1.5000000000
