Instance,INF_avg,INF_sd,INF_r1,INF_kr,INF_sk,SUP_avg,SUP_sd,SUP_r1,SUP_kr,SUP_sk,INC_avg,INC_sd,INC_r1,INC_kr,INC_sk,IND_avg,IND_sd,IND_r1,IND_kr,IND_sk
instances/A3/asymmetric/50.6.in,0.3761538462,0.1893526812,0.6755470525,3.9502055325,1.1732084987,0.0561538462,0.0653438787,0.4020197925,4.4927690560,1.2605740821,0.5676923077,0.1748473552,0.6356151623,3.5336723830,-1.0194514754,0.3400000000,0.1074888187,0.2005874948,2.2907042718,0.0646647013
