Instance,INF_avg,INF_sd,INF_r1,INF_kr,INF_sk,SUP_avg,SUP_sd,SUP_r1,SUP_kr,SUP_sk,INC_avg,INC_sd,INC_r1,INC_kr,INC_sk,IND_avg,IND_sd,IND_r1,IND_kr,IND_sk
instances/A1/symmetric/20.6.in,0.5488930665,0.1166343922,0.9641196186,1.5613264055,0.1720160487,0.1690853412,0.0500320502,1.1158411324,2.7146618196,-0.7184220078,0.2820215923,0.0724018224,0.7638080868,1.6324014247,0.2636423521,0.0540442789,0.0073473651,-0.3410648059,1.7880139949,-0.4154233277
