Instance,INF_avg,INF_sd,INF_r1,INF_kr,INF_sk,SUP_avg,SUP_sd,SUP_r1,SUP_kr,SUP_sk,INC_avg,INC_sd,INC_r1,INC_kr,INC_sk,IND_avg,IND_sd,IND_r1,IND_kr,IND_sk
instances/A2/symmetric/200.3.in,0.3376000000,0.0294659125,0.0580570326,2.9977313700,-0.3859852727,0.2212000000,0.0167499254,0.1978151987,3.0352989487,0.8380410919,0.4412000000,0.0319774921,0.1011029284,2.1625119804,-0.0218032994,0.0606000000,0.0116034478,-0.1333755647,2.6905560798,-0.1840684700
