Instance,INF_avg,INF_sd,INF_r1,INF_kr,INF_sk,SUP_avg,SUP_sd,SUP_r1,SUP_kr,SUP_sk,INC_avg,INC_sd,INC_r1,INC_kr,INC_sk,IND_avg,IND_sd,IND_r1,IND_kr,IND_sk
instances/A1/asymmetric/8.5.in,0.5338461538,0.0875317168,0.6842158704,2.8353991055,-1.1840792116,0.1215384615,0.0416806683,-0.3985032741,2.7884274143,1.0599498319,0.3446153846,0.0498940363,0.8454111833,2.1868951604,0.8984960102,0.1348717949,0.0525634772,0.5187029235,2.7654050015,1.0261798347
