Instance,INF_avg,INF_sd,INF_r1,INF_kr,INF_sk,SUP_avg,SUP_sd,SUP_r1,SUP_kr,SUP_sk,INC_avg,INC_sd,INC_r1,INC_kr,INC_sk,IND_avg,IND_sd,IND_r1,IND_kr,IND_sk
instances/A3/asymmetric/50.3.in,0.3190000000,0.0460543158,0.3751479514,3.2801259314,-0.6318103959,0.1131000000,0.0245538184,0.1758270467,3.7756711978,0.1148958382,0.5679000000,0.0399636084,0.4010697298,3.5568316180,0.8230009157,0.0928000000,0.0285860106,0.1756103741,1.9980916105,0.1840335896
