Instance,INF_avg,INF_sd,INF_r1,INF_kr,INF_sk,SUP_avg,SUP_sd,SUP_r1,SUP_kr,SUP_sk,INC_avg,INC_sd,INC_r1,INC_kr,INC_sk,IND_avg,IND_sd,IND_r1,IND_kr,IND_sk
instances/A1/asymmetric/10.5.in,0.4785662750,0.0514137673,0.0151293258,2.6585803638,0.0203827794,0.1712470510,0.0628892427,0.4734824015,2.2273000441,0.2238595992,0.3501866740,0.0371703012,0.3033986950,2.2779689774,0.2044345654,0.1652706200,0.0192479830,-0.0623720266,2.2919291304,0.0430221314
