Instance,INF_avg,INF_sd,INF_r1,INF_kr,INF_sk,SUP_avg,SUP_sd,SUP_r1,SUP_kr,SUP_sk,INC_avg,INC_sd,INC_r1,INC_kr,INC_sk,IND_avg,IND_sd,IND_r1,IND_kr,IND_sk
instances/A3/symmetric/20.4.in,0.5546527778,0.1677093370,0.8272844252,2.3072923460,0.3690293657,0.0416025641,0.0493731942,0.7798897746,5.3151543787,1.7523691425,0.4037446581,0.1372993699,0.8081844076,2.4146227769,-0.7469704693,0.1784829060,0.0408373025,-0.0205017712,2.9669086901,-0.6855372868
