Instance,INF_avg,INF_sd,INF_r1,INF_kr,INF_sk,SUP_avg,SUP_sd,SUP_r1,SUP_kr,SUP_sk,INC_avg,INC_sd,INC_r1,INC_kr,INC_sk,IND_avg,IND_sd,IND_r1,IND_kr,IND_sk
instances/A3/symmetric/8.4.in,0.3003108003,0.0984432694,0.6673521510,1.7727368279,0.1324498495,0.1539238539,0.0596013791,0.3758339814,1.5081155625,0.4760944574,0.5457653458,0.0656230403,0.7667057699,2.1801656959,-0.5917612937,0.2625226625,0.0775831115,0.0220616540,1.8748950266,-0.6268348636
