Instance,INF_avg,INF_sd,INF_r1,INF_kr,INF_sk,SUP_avg,SUP_sd,SUP_r1,SUP_kr,SUP_sk,INC_avg,INC_sd,INC_r1,INC_kr,INC_sk,IND_avg,IND_sd,IND_r1,IND_kr,IND_sk
instances/A3/symmetric/8.4.in,0.3769230769,0.0547542474,0.0080361627,1.4826292705,0.5551735633,0.1194871795,0.0245726124,0.1072140295,2.8764523061,1.2142178641,0.5035897436,0.0569577164,0.4084982063,1.4595659252,-0.1021611640,0.2543589744,0.0666351010,0.0714257703,1.5147849863,-0.0289569068
