Instance,INF_avg,INF_sd,INF_r1,INF_kr,INF_sk,SUP_avg,SUP_sd,SUP_r1,SUP_kr,SUP_sk,INC_avg,INC_sd,INC_r1,INC_kr,INC_sk,IND_avg,IND_sd,IND_r1,IND_kr,IND_sk
instances/A2/asymmetric/100.6.in,0.5642857143,0.1994891435,0.9256437768,1.5008481262,-0.2376950524,0.1142857143,0.1059456927,0.7818696884,1.6145041322,0.2987931209,0.3214285714,0.1097306535,0.8845307918,1.9373024993,0.3392634756,0.2392857143,0.0783275436,0.3835324930,2.4904499894,0.3571850552
