Instance,INF_avg,INF_sd,INF_r1,INF_kr,INF_sk,SUP_avg,SUP_sd,SUP_r1,SUP_kr,SUP_sk,INC_avg,INC_sd,INC_r1,INC_kr,INC_sk,IND_avg,IND_sd,IND_r1,IND_kr,IND_sk
instances/A3/asymmetric/50.1.in,0.2600000000,0.0374165739,-0.3888888889,1.8469387755,-0.3436215967,0.0700000000,0.0509901951,0.1975308642,1.9556213018,0.2715454179,0.6700000000,0.0509901951,0.2975206612,1.9556213018,0.2715454179,0.3400000000,0.0663324958,-0.0606060606,2.2169421488,0.3700366502
