Instance,INF_avg,INF_sd,INF_r1,INF_kr,INF_sk,SUP_avg,SUP_sd,SUP_r1,SUP_kr,SUP_sk,INC_avg,INC_sd,INC_r1,INC_kr,INC_sk,IND_avg,IND_sd,IND_r1,IND_kr,IND_sk
instances/A1/symmetric/100.2.in,0.3328000000,0.0380809664,0.4696442057,2.4214774296,0.2086377215,0.1892000000,0.0313904444,0.3980622771,2.7934113858,0.2096731247,0.4780000000,0.0255342907,0.1988280771,2.2593671196,-0.3162474133,0.0746000000,0.0189957890,0.1673612344,3.0524629613,-0.3584432600
