Instance,INF_avg,INF_sd,INF_r1,INF_kr,INF_sk,SUP_avg,SUP_sd,SUP_r1,SUP_kr,SUP_sk,INC_avg,INC_sd,INC_r1,INC_kr,INC_sk,IND_avg,IND_sd,IND_r1,IND_kr,IND_sk
instances/A3/asymmetric/100.6.in,0.4050000000,0.0501398045,0.4277643261,4.9034950815,-0.9995916856,0.1038000000,0.0414796336,0.4492470719,11.8791989065,2.8199639161,0.4912000000,0.0296067560,0.2066996405,2.5853718756,0.6701830419,0.0608000000,0.0133176575,0.3771769290,3.1191033367,0.6155003636
