Instance,INF_avg,INF_sd,INF_r1,INF_kr,INF_sk,SUP_avg,SUP_sd,SUP_r1,SUP_kr,SUP_sk,INC_avg,INC_sd,INC_r1,INC_kr,INC_sk,IND_avg,IND_sd,IND_r1,IND_kr,IND_sk
instances/A3/asymmetric/5.3.in,0.2709876543,0.1396590444,-0.2449891966,2.2565306381,-0.5093827865,0.2240740741,0.0624708437,0.5709214613,2.4199378554,-0.1759331438,0.5049382716,0.1105989568,-0.1397804553,1.8208207076,0.2191832773,0.3487654321,0.0572445586,-0.3393031586,2.7223499189,0.4539007430
