Instance,INF_avg,INF_sd,INF_r1,INF_kr,INF_sk,SUP_avg,SUP_sd,SUP_r1,SUP_kr,SUP_sk,INC_avg,INC_sd,INC_r1,INC_kr,INC_sk,IND_avg,IND_sd,IND_r1,IND_kr,IND_sk
instances/A1/asymmetric/200.6.in,0.3520000000,0.0385486705,0.1490529783,1.2438941108,0.2221588941,0.1490000000,0.0146287388,-0.6150870406,2.3050484758,-0.2817396204,0.4990000000,0.0489285193,0.0233785822,1.5925433885,-0.0912793904,0.0510000000,0.0131909060,0.1067146283,2.6331747919,0.8286795856
