Instance,INF_avg,INF_sd,INF_r1,INF_kr,INF_sk,SUP_avg,SUP_sd,SUP_r1,SUP_kr,SUP_sk,INC_avg,INC_sd,INC_r1,INC_kr,INC_sk,IND_avg,IND_sd,IND_r1,IND_kr,IND_sk
instances/A1/asymmetric/200.1.in,0.3282500000,0.0354003884,0.2363991230,2.8810402532,0.3964613573,0.1924500000,0.0231246081,0.1199320039,3.1728361952,0.1317056945,0.4793000000,0.0347060513,0.0317771500,2.9818236596,0.1657700098,0.0712000000,0.0117072627,0.1151310109,2.5326481617,-0.0000897421
