Instance,INF_avg,INF_sd,INF_r1,INF_kr,INF_sk,SUP_avg,SUP_sd,SUP_r1,SUP_kr,SUP_sk,INC_avg,INC_sd,INC_r1,INC_kr,INC_sk,IND_avg,IND_sd,IND_r1,IND_kr,IND_sk
instances/A2/asymmetric/20.6.in,0.6808752217,0.0816192047,0.4052355928,2.1816047929,0.8118557957,0.0828568563,0.0411343923,0.3810448904,2.2695714727,-0.1261211939,0.2362679221,0.0463449445,0.3305184295,2.0376614186,-0.6116220468,0.0843531299,0.0223835152,-0.5332137361,1.8083528108,-0.4860869905
