Instance,INF_avg,INF_sd,INF_r1,INF_kr,INF_sk,SUP_avg,SUP_sd,SUP_r1,SUP_kr,SUP_sk,INC_avg,INC_sd,INC_r1,INC_kr,INC_sk,IND_avg,IND_sd,IND_r1,IND_kr,IND_sk
instances/A2/symmetric/5.2.in,0.3722222222,0.1132207138,0.3349723417,2.3310638989,0.5629078973,0.2919753086,0.1375892555,-0.1451392204,2.8126810698,-1.0577169485,0.3358024691,0.0814861577,-0.0274203216,1.5198534653,-0.2509341987,0.4074074074,0.0651578225,-0.4915112136,3.0922366838,-0.9024477714
