Instance,INF_avg,INF_sd,INF_r1,INF_kr,INF_sk,SUP_avg,SUP_sd,SUP_r1,SUP_kr,SUP_sk,INC_avg,INC_sd,INC_r1,INC_kr,INC_sk,IND_avg,IND_sd,IND_r1,IND_kr,IND_sk
instances/A3/symmetric/100.3.in,0.2162000000,0.0772823395,0.3484215622,2.4564541883,-0.8343265360,0.1656000000,0.0296418623,0.2222859517,2.0066589340,0.1011050081,0.6182000000,0.0734286048,0.4731714645,2.1028752607,0.3976069535,0.0818000000,0.0217200368,-0.3103363589,2.1991508373,0.0509107148
