Instance,INF_avg,INF_sd,INF_r1,INF_kr,INF_sk,SUP_avg,SUP_sd,SUP_r1,SUP_kr,SUP_sk,INC_avg,INC_sd,INC_r1,INC_kr,INC_sk,IND_avg,IND_sd,IND_r1,IND_kr,IND_sk
instances/A1/symmetric/200.1.in,0.3258000000,0.0383843718,0.1360404508,2.7486867843,0.1468229353,0.1612000000,0.0207980768,0.1096103325,3.1642530152,0.7237388663,0.5130000000,0.0332866340,-0.1805983961,2.0630237589,0.0318858267,0.0788000000,0.0157657857,0.2885840376,3.0836740837,0.0220846288
