Instance,INF_avg,INF_sd,INF_r1,INF_kr,INF_sk,SUP_avg,SUP_sd,SUP_r1,SUP_kr,SUP_sk,INC_avg,INC_sd,INC_r1,INC_kr,INC_sk,IND_avg,IND_sd,IND_r1,IND_kr,IND_sk
instances/A3/asymmetric/50.4.in,0.7401996658,0.0919399412,0.8607285811,1.2717580286,0.0934487741,0.0397030970,0.0219919741,0.7294526053,2.3247427934,0.7291592837,0.2200972371,0.0746412556,0.8116932315,1.3923192223,-0.0341485085,0.0631356069,0.0147943324,-0.4627234234,2.3913938360,-0.0974288347
