Instance,INF_avg,INF_sd,INF_r1,INF_kr,INF_sk,SUP_avg,SUP_sd,SUP_r1,SUP_kr,SUP_sk,INC_avg,INC_sd,INC_r1,INC_kr,INC_sk,IND_avg,IND_sd,IND_r1,IND_kr,IND_sk
instances/A2/symmetric/20.5.in,0.8421315590,0.0314799958,0.0296373952,2.5157335210,0.1731965334,0.0451628794,0.0200350858,-0.0392373384,3.3663409699,-0.9874285678,0.1127055616,0.0183862011,-0.3466860278,2.8715996052,1.2099585802,0.0733030400,0.0226362616,0.7638315421,1.6693574364,-0.2762558327
