Instance,INF_avg,INF_sd,INF_r1,INF_kr,INF_sk,SUP_avg,SUP_sd,SUP_r1,SUP_kr,SUP_sk,INC_avg,INC_sd,INC_r1,INC_kr,INC_sk,IND_avg,IND_sd,IND_r1,IND_kr,IND_sk
instances/A1/asymmetric/5.2.in,0.4266666667,0.0217732422,-0.5384615385,1.1666666667,-0.4082482905,0.0000000000,0.0000000000,0.0000000000,0.0000000000,0.0000000000,0.5733333333,0.0217732422,-0.5384615385,1.1666666667,0.4082482905,0.5466666667,0.1402643008,-0.2997079308,2.3016281995,0.9570763229
