Instance,INF_avg,INF_sd,INF_r1,INF_kr,INF_sk,SUP_avg,SUP_sd,SUP_r1,SUP_kr,SUP_sk,INC_avg,INC_sd,INC_r1,INC_kr,INC_sk,IND_avg,IND_sd,IND_r1,IND_kr,IND_sk
instances/A1/asymmetric/5.2.in,0.4222222222,0.0222222222,-0.6000000000,1.0000000000,0.0000000000,0.0000000000,0.0000000000,0.0000000000,0.0000000000,0.0000000000,0.5777777778,0.0222222222,-0.6000000000,1.0000000000,0.0000000000,0.5555555556,0.1295767088,-0.3000000000,2.3858131488,0.8171403174
