Instance,INF_avg,INF_sd,INF_r1,INF_kr,INF_sk,SUP_avg,SUP_sd,SUP_r1,SUP_kr,SUP_sk,INC_avg,INC_sd,INC_r1,INC_kr,INC_sk,IND_avg,IND_sd,IND_r1,IND_kr,IND_sk
instances/A3/symmetric/5.2.in,0.2765432099,0.1571736342,0.7795519144,2.4266785003,-0.9185854570,0.2734567901,0.0740637853,-0.0431775623,1.7290174920,0.2117537339,0.4500000000,0.1222222222,1.0539682540,1.7460897480,0.4783996995,0.4895061728,0.0661733002,0.5518731114,1.3497075827,-0.2602782142
