Instance,INF_avg,INF_sd,INF_r1,INF_kr,INF_sk,SUP_avg,SUP_sd,SUP_r1,SUP_kr,SUP_sk,INC_avg,INC_sd,INC_r1,INC_kr,INC_sk,IND_avg,IND_sd,IND_r1,IND_kr,IND_sk
instances/A3/symmetric/8.4.in,0.2185185185,0.0604787289,0.2493970592,4.1384096407,1.5471480828,0.1481481481,0.0292561401,0.5945321525,2.2132581904,-0.6101138911,0.6333333333,0.0779546722,0.4731359649,2.7544931016,-0.8674287426,0.3252525253,0.0595188681,0.3712160082,3.2329684215,-0.3700795982
