Instance,INF_avg,INF_sd,INF_r1,INF_kr,INF_sk,SUP_avg,SUP_sd,SUP_r1,SUP_kr,SUP_sk,INC_avg,INC_sd,INC_r1,INC_kr,INC_sk,IND_avg,IND_sd,IND_r1,IND_kr,IND_sk
instances/A3/asymmetric/10.1.in,0.4391756703,0.1274968618,0.8204760613,1.4938373784,-0.4697476493,0.1105322129,0.0231085477,0.7561804632,1.3106485837,0.3612975205,0.4502921168,0.1045067033,0.8331924334,1.5451219274,0.4990455247,0.1873229292,0.0106797136,0.1699234922,1.2233637363,0.2413254883
