Instance,INF_avg,INF_sd,INF_r1,INF_kr,INF_sk,SUP_avg,SUP_sd,SUP_r1,SUP_kr,SUP_sk,INC_avg,INC_sd,INC_r1,INC_kr,INC_sk,IND_avg,IND_sd,IND_r1,IND_kr,IND_sk
instances/A3/asymmetric/10.6.in,0.4126543210,0.0592624686,0.5320818870,2.1529422811,0.8033970285,0.1052287582,0.0467366600,-0.3907229127,2.4080316947,0.7319670945,0.4821169208,0.0499435506,0.3487926634,2.2511296151,0.5455371585,0.1230573711,0.0480823274,0.3476079606,2.2607064721,0.3389774939
