Instance,INF_avg,INF_sd,INF_r1,INF_kr,INF_sk,SUP_avg,SUP_sd,SUP_r1,SUP_kr,SUP_sk,INC_avg,INC_sd,INC_r1,INC_kr,INC_sk,IND_avg,IND_sd,IND_r1,IND_kr,IND_sk
instances/A2/symmetric/100.2.in,0.3100000000,0.0189736660,-0.5714285714,1.7592592593,0.3513641845,0.2130000000,0.0211187121,0.3282548476,1.5292987995,0.4070519321,0.4770000000,0.0323419233,0.0654520918,2.8653287220,-1.2040916155,0.0660000000,0.0142828569,-0.5628476085,1.8370818916,0.7248508670
