Instance,INF_avg,INF_sd,INF_r1,INF_kr,INF_sk,SUP_avg,SUP_sd,SUP_r1,SUP_kr,SUP_sk,INC_avg,INC_sd,INC_r1,INC_kr,INC_sk,IND_avg,IND_sd,IND_r1,IND_kr,IND_sk
instances/A2/symmetric/20.3.in,0.3354000000,0.0611542313,0.6401046671,2.4787629646,0.6496613653,0.3028000000,0.0836789101,0.6389949175,2.1717078658,-0.2193938049,0.3618000000,0.0341139268,0.2356387661,3.2171408601,-0.3031488070,0.0696000000,0.0070597450,0.3004288828,3.0957503820,-0.1993078493
