Instance,INF_avg,INF_sd,INF_r1,INF_kr,INF_sk,SUP_avg,SUP_sd,SUP_r1,SUP_kr,SUP_sk,INC_avg,INC_sd,INC_r1,INC_kr,INC_sk,IND_avg,IND_sd,IND_r1,IND_kr,IND_sk
instances/A3/asymmetric/200.3.in,0.2760000000,0.0146287388,0.1176470588,2.3050484758,0.2817396204,0.1410000000,0.0159373775,-0.7161716172,1.3299336599,-0.1823080253,0.5830000000,0.0206397674,-0.2370649106,1.4708391192,-0.0723340392,0.1020000000,0.0299332591,-1.0990035358,1.5207120934,0.1590592157
