Instance,INF_avg,INF_sd,INF_r1,INF_kr,INF_sk,SUP_avg,SUP_sd,SUP_r1,SUP_kr,SUP_sk,INC_avg,INC_sd,INC_r1,INC_kr,INC_sk,IND_avg,IND_sd,IND_r1,IND_kr,IND_sk
instances/A2/symmetric/10.2.in,0.5221608396,0.1267887859,0.6795346726,1.8930041942,0.4039388040,0.2186800646,0.1047024130,0.6605659511,1.7873009632,-0.1340501928,0.2591590957,0.0275832959,0.2810733758,2.8512478486,-0.4910543725,0.1863636813,0.0378871900,0.4526922620,2.2096106863,0.4242503299
