Instance,INF_avg,INF_sd,INF_r1,INF_kr,INF_sk,SUP_avg,SUP_sd,SUP_r1,SUP_kr,SUP_sk,INC_avg,INC_sd,INC_r1,INC_kr,INC_sk,IND_avg,IND_sd,IND_r1,IND_kr,IND_sk
instances/A3/symmetric/100.4.in,0.3480000000,0.0305941171,-0.0594582185,2.5620616919,1.0851340426,0.1300000000,0.0324037035,-0.8484848485,2.6523809524,0.9699067712,0.5220000000,0.0273130006,0.8041709054,1.5341912901,-0.4752767171,0.0910000000,0.0058309519,0.0671641791,1.6280276817,0.3631734744
