Instance,INF_avg,INF_sd,INF_r1,INF_kr,INF_sk,SUP_avg,SUP_sd,SUP_r1,SUP_kr,SUP_sk,INC_avg,INC_sd,INC_r1,INC_kr,INC_sk,IND_avg,IND_sd,IND_r1,IND_kr,IND_sk
instances/A3/symmetric/20.6.in,0.0965116279,0.0901002987,0.7530016981,3.5665087130,1.3984982653,0.2538372093,0.0940919714,0.7311075545,2.8414845465,0.2170659443,0.6496511628,0.0793094861,0.8029964175,2.9445562933,-0.5957149632,0.0774418605,0.0141574244,0.2065414019,2.1795329455,0.0582919939
