Instance,INF_avg,INF_sd,INF_r1,INF_kr,INF_sk,SUP_avg,SUP_sd,SUP_r1,SUP_kr,SUP_sk,INC_avg,INC_sd,INC_r1,INC_kr,INC_sk,IND_avg,IND_sd,IND_r1,IND_kr,IND_sk
instances/A2/asymmetric/8.1.in,0.5970695971,0.0764155593,0.8574969021,2.2581951841,-0.8164423373,0.1528205128,0.0554895608,0.5469539698,1.9866615820,-0.1414682120,0.2501098901,0.0357479132,-0.5127356283,2.1329306667,0.2897025430,0.2079853480,0.0421932232,-0.1905105895,1.9395722693,-0.1364544427
