Instance,INF_avg,INF_sd,INF_r1,INF_kr,INF_sk,SUP_avg,SUP_sd,SUP_r1,SUP_kr,SUP_sk,INC_avg,INC_sd,INC_r1,INC_kr,INC_sk,IND_avg,IND_sd,IND_r1,IND_kr,IND_sk
instances/A2/asymmetric/5.3.in,0.4172839506,0.1476018735,0.0008582887,2.3694522897,-0.6627850919,0.1203703704,0.0807203508,-0.2166910688,2.1315789474,-0.0332049088,0.4623456790,0.0955016277,0.0698564192,3.0250591791,0.9753344042,0.4067901235,0.1004030894,0.0470597270,2.4057279260,-0.0484854355
