Instance,INF_avg,INF_sd,INF_r1,INF_kr,INF_sk,SUP_avg,SUP_sd,SUP_r1,SUP_kr,SUP_sk,INC_avg,INC_sd,INC_r1,INC_kr,INC_sk,IND_avg,IND_sd,IND_r1,IND_kr,IND_sk
instances/A3/symmetric/50.1.in,0.3262195122,0.1399533044,0.6087860304,6.3883788550,1.5172917108,0.0579268293,0.0713414634,0.3929569913,5.9798791465,1.5587136218,0.6158536585,0.1370147866,0.5350035099,4.9369003774,-1.1119974530,0.3786585366,0.1030126939,0.3528680929,2.7877473257,0.2636533761
