Instance,INF_avg,INF_sd,INF_r1,INF_kr,INF_sk,SUP_avg,SUP_sd,SUP_r1,SUP_kr,SUP_sk,INC_avg,INC_sd,INC_r1,INC_kr,INC_sk,IND_avg,IND_sd,IND_r1,IND_kr,IND_sk
instances/A2/symmetric/200.5.in,0.3040000000,0.0228910463,0.1880664653,1.8441961424,0.2791184334,0.1990000000,0.0274590604,0.0471672540,2.3158574253,-0.1599680715,0.4970000000,0.0240000000,0.2770804277,1.3466073495,0.2521701389,0.0630000000,0.0081240384,0.1281138790,1.4421487603,0.3804646085
