Instance,INF_avg,INF_sd,INF_r1,INF_kr,INF_sk,SUP_avg,SUP_sd,SUP_r1,SUP_kr,SUP_sk,INC_avg,INC_sd,INC_r1,INC_kr,INC_sk,IND_avg,IND_sd,IND_r1,IND_kr,IND_sk
instances/A2/symmetric/8.2.in,0.1759259259,0.0692899516,0.5090909091,1.3163265306,-0.0381801774,0.3981481481,0.0838461587,0.7272727273,1.6142177275,0.0673362964,0.4259259259,0.0346449758,0.3606557377,2.2346938776,-0.3054414193,0.1759259259,0.0370370370,0.3203125000,2.3906250000,0.7812500000
