Instance,INF_avg,INF_sd,INF_r1,INF_kr,INF_sk,SUP_avg,SUP_sd,SUP_r1,SUP_kr,SUP_sk,INC_avg,INC_sd,INC_r1,INC_kr,INC_sk,IND_avg,IND_sd,IND_r1,IND_kr,IND_sk
instances/A2/asymmetric/200.3.in,0.5577440052,0.1455129840,0.9654784146,3.7902561521,1.1315234415,0.0510889571,0.0509702915,0.9220802213,3.7622473356,1.1406729282,0.3911670377,0.1143314643,0.9529819941,5.1256351042,-1.6488836126,0.0545409610,0.0158503924,0.3357367347,3.1578408553,0.1477636032
