Instance,INF_avg,INF_sd,INF_r1,INF_kr,INF_sk,SUP_avg,SUP_sd,SUP_r1,SUP_kr,SUP_sk,INC_avg,INC_sd,INC_r1,INC_kr,INC_sk,IND_avg,IND_sd,IND_r1,IND_kr,IND_sk
instances/A2/asymmetric/20.1.in,0.5299714305,0.0443411042,-0.3212739844,1.6521695688,-0.5249608824,0.2326755697,0.0516271403,-0.1053999867,2.1652185556,0.6852809847,0.2373529998,0.0116834235,0.2659791272,1.7619574547,-0.5465284831,0.0541425819,0.0058156891,0.3509233583,1.9920130182,0.2246732247
