Instance,INF_avg,INF_sd,INF_r1,INF_kr,INF_sk,SUP_avg,SUP_sd,SUP_r1,SUP_kr,SUP_sk,INC_avg,INC_sd,INC_r1,INC_kr,INC_sk,IND_avg,IND_sd,IND_r1,IND_kr,IND_sk
instances/A2/symmetric/50.2.in,0.3530000000,0.0224944438,-0.1104513064,2.1123670109,-0.5408450209,0.1710000000,0.0356931366,-0.0151418213,1.5475073256,0.4013805448,0.4760000000,0.0220000000,-0.4516129032,2.2152346151,0.8519909842,0.0510000000,0.0058309519,0.5522388060,1.6280276817,0.3631734744
