Instance,INF_avg,INF_sd,INF_r1,INF_kr,INF_sk,SUP_avg,SUP_sd,SUP_r1,SUP_kr,SUP_sk,INC_avg,INC_sd,INC_r1,INC_kr,INC_sk,IND_avg,IND_sd,IND_r1,IND_kr,IND_sk
instances/A1/symmetric/5.1.in,0.4338888889,0.0873018038,-0.0287631286,2.7456541741,1.1939047981,0.0722222222,0.0591868771,0.0863066538,1.1770168255,-0.3864163712,0.4938888889,0.0755310418,-0.2618492527,2.3301334536,0.6060576645,0.3938888889,0.0270687283,0.8188910560,2.5763026014,1.1013910377
