Instance,INF_avg,INF_sd,INF_r1,INF_kr,INF_sk,SUP_avg,SUP_sd,SUP_r1,SUP_kr,SUP_sk,INC_avg,INC_sd,INC_r1,INC_kr,INC_sk,IND_avg,IND_sd,IND_r1,IND_kr,IND_sk
instances/A1/symmetric/5.1.in,0.5077160494,0.1051060750,0.4053560145,1.1920951233,-0.3192747474,0.0401234568,0.0568689067,0.1651654253,1.5376170449,0.7207696437,0.4521604938,0.0731162352,0.2315080826,3.6541922055,1.3281385270,0.4854938272,0.1043858006,0.8475970277,1.1146512909,0.1235129422
