Instance,INF_avg,INF_sd,INF_r1,INF_kr,INF_sk,SUP_avg,SUP_sd,SUP_r1,SUP_kr,SUP_sk,INC_avg,INC_sd,INC_r1,INC_kr,INC_sk,IND_avg,IND_sd,IND_r1,IND_kr,IND_sk
instances/A3/symmetric/5.4.in,0.2333333333,0.1333333333,0.0725806452,2.5908203125,-0.5507812500,0.2071428571,0.0732312214,-0.8964570173,1.9646559007,-0.6730769156,0.5595238095,0.1121830380,0.6981818182,1.4484416849,0.2265785976,0.4333333333,0.0623609564,-0.0185185185,1.8469387755,-0.3436215967
