Instance,INF_avg,INF_sd,INF_r1,INF_kr,INF_sk,SUP_avg,SUP_sd,SUP_r1,SUP_kr,SUP_sk,INC_avg,INC_sd,INC_r1,INC_kr,INC_sk,IND_avg,IND_sd,IND_r1,IND_kr,IND_sk
instances/A1/symmetric/20.5.in,0.6114495499,0.1317206575,0.6122285295,1.4687811546,0.4591520473,0.0656632827,0.0420429944,0.4470529054,2.7679717337,0.7252279725,0.3228871675,0.0988385779,0.6089392769,1.3893833911,-0.4709637021,0.0630285515,0.0184667500,0.3932446794,2.0926764602,-0.3046055447
