Instance,INF_avg,INF_sd,INF_r1,INF_kr,INF_sk,SUP_avg,SUP_sd,SUP_r1,SUP_kr,SUP_sk,INC_avg,INC_sd,INC_r1,INC_kr,INC_sk,IND_avg,IND_sd,IND_r1,IND_kr,IND_sk
instances/A2/asymmetric/8.2.in,0.5564102564,0.0172387039,0.5724137931,1.3284125617,-0.2843191357,0.1328205128,0.0282004658,-0.6072092159,1.2553749895,0.2817204509,0.3107692308,0.0276828094,-0.1189751575,1.9151576490,-0.2947705167,0.1348717949,0.0377402451,-0.1026006413,1.4793968961,0.4814664656
