Instance,INF_avg,INF_sd,INF_r1,INF_kr,INF_sk,SUP_avg,SUP_sd,SUP_r1,SUP_kr,SUP_sk,INC_avg,INC_sd,INC_r1,INC_kr,INC_sk,IND_avg,IND_sd,IND_r1,IND_kr,IND_sk
instances/A1/symmetric/5.5.in,0.1952380952,0.0743833302,-0.3192612137,2.5243886052,1.0736207227,0.1571428571,0.1309307341,-0.0869565217,1.2091836735,-0.2961528510,0.6476190476,0.0788235493,-0.1447562777,2.2340295168,0.7170091414,0.4261904762,0.0783908459,-0.1778312361,2.5974353563,0.9982688517
