Instance,INF_avg,INF_sd,INF_r1,INF_kr,INF_sk,SUP_avg,SUP_sd,SUP_r1,SUP_kr,SUP_sk,INC_avg,INC_sd,INC_r1,INC_kr,INC_sk,IND_avg,IND_sd,IND_r1,IND_kr,IND_sk
instances/A2/symmetric/50.3.in,0.3983500000,0.0776532517,0.7737965455,3.7443023395,0.8789178549,0.2266000000,0.0532206727,0.6947019568,3.7435566229,-0.5017090320,0.3750500000,0.0368950877,0.5593781572,2.7085996341,-0.4315809080,0.0609000000,0.0113661779,0.1579788577,4.1033314262,0.7068649265
