Instance,INF_avg,INF_sd,INF_r1,INF_kr,INF_sk,SUP_avg,SUP_sd,SUP_r1,SUP_kr,SUP_sk,INC_avg,INC_sd,INC_r1,INC_kr,INC_sk,IND_avg,IND_sd,IND_r1,IND_kr,IND_sk
instances/A2/symmetric/5.4.in,0.2465608466,0.0813103749,0.3511056806,2.9831781776,0.4138816025,0.2441798942,0.1028144576,0.3011918189,3.2096053349,0.7072821292,0.5092592593,0.0583259843,-0.2699555692,2.3779185094,-0.1561896723,0.2891534392,0.0323574283,-0.6258132873,1.5003394078,0.5023025418
