Instance,INF_avg,INF_sd,INF_r1,INF_kr,INF_sk,SUP_avg,SUP_sd,SUP_r1,SUP_kr,SUP_sk,INC_avg,INC_sd,INC_r1,INC_kr,INC_sk,IND_avg,IND_sd,IND_r1,IND_kr,IND_sk
instances/A2/asymmetric/20.2.in,0.6651163685,0.0491983607,0.7386239626,2.0044291424,0.5752673357,0.1222055110,0.0366149433,0.2045325039,2.0763591457,0.0514549622,0.2126781205,0.0414262551,0.5618015790,2.1732933279,0.8498275815,0.0687969506,0.0098659880,0.6810515409,1.7285717179,-0.0458637539
