Instance,INF_avg,INF_sd,INF_r1,INF_kr,INF_sk,SUP_avg,SUP_sd,SUP_r1,SUP_kr,SUP_sk,INC_avg,INC_sd,INC_r1,INC_kr,INC_sk,IND_avg,IND_sd,IND_r1,IND_kr,IND_sk
instances/A2/asymmetric/8.1.in,0.5174358974,0.1032082337,-0.0990482985,2.6356012041,-0.6712193272,0.0876923077,0.0741269590,-0.3513343272,3.0796389840,1.3702978662,0.3948717949,0.0460682968,0.4737991266,2.7593478071,-1.1220715768,0.1917948718,0.0247219914,0.2576813839,2.0234068805,0.5359747884
