Instance,INF_avg,INF_sd,INF_r1,INF_kr,INF_sk,SUP_avg,SUP_sd,SUP_r1,SUP_kr,SUP_sk,INC_avg,INC_sd,INC_r1,INC_kr,INC_sk,IND_avg,IND_sd,IND_r1,IND_kr,IND_sk
instances/A2/asymmetric/8.1.in,0.5378917379,0.0916068502,0.1324317529,3.3630245870,-0.7676223777,0.0786324786,0.0653049624,-0.2869004946,3.8126294149,1.2325256347,0.3834757835,0.0438172563,0.5032263915,2.3676506141,-0.8044203198,0.2131054131,0.0318528202,0.5240810825,1.9652538624,-0.1137138954
