Instance,INF_avg,INF_sd,INF_r1,INF_kr,INF_sk,SUP_avg,SUP_sd,SUP_r1,SUP_kr,SUP_sk,INC_avg,INC_sd,INC_r1,INC_kr,INC_sk,IND_avg,IND_sd,IND_r1,IND_kr,IND_sk
instances/A1/symmetric/50.2.in,0.5235000000,0.0380821480,-0.0529412881,2.1630500433,-0.5532999301,0.0985000000,0.0235637433,0.9386463025,1.6919209437,0.2284892157,0.3780000000,0.0490509939,0.3808411215,1.7150670705,0.0050331864,0.0665000000,0.0077620873,-0.6321105795,2.0842788519,-0.0256593511
