Instance,INF_avg,INF_sd,INF_r1,INF_kr,INF_sk,SUP_avg,SUP_sd,SUP_r1,SUP_kr,SUP_sk,INC_avg,INC_sd,INC_r1,INC_kr,INC_sk,IND_avg,IND_sd,IND_r1,IND_kr,IND_sk
instances/A1/symmetric/20.1.in,0.6953902612,0.0422041633,0.1500207058,2.5478099201,-0.4911118227,0.0801587337,0.0189185887,0.7442863275,1.2933748313,0.1777307859,0.2244510051,0.0346440269,-0.1161812468,2.0434355482,-0.2681139608,0.0662929644,0.0169649507,0.2852000102,1.8668791381,-0.6171227052
