Instance,INF_avg,INF_sd,INF_r1,INF_kr,INF_sk,SUP_avg,SUP_sd,SUP_r1,SUP_kr,SUP_sk,INC_avg,INC_sd,INC_r1,INC_kr,INC_sk,IND_avg,IND_sd,IND_r1,IND_kr,IND_sk
instances/A1/symmetric/20.5.in,0.6298690688,0.0383572317,0.5096459799,1.2817840763,-0.3998872303,0.0666889483,0.0130752794,0.2258081540,2.6211681097,0.9933844123,0.3034419829,0.0469805403,0.4767783326,1.3687956887,0.1544292159,0.0690486801,0.0135257872,-0.3291561016,1.9757549917,0.2265071575
