Instance,INF_avg,INF_sd,INF_r1,INF_kr,INF_sk,SUP_avg,SUP_sd,SUP_r1,SUP_kr,SUP_sk,INC_avg,INC_sd,INC_r1,INC_kr,INC_sk,IND_avg,IND_sd,IND_r1,IND_kr,IND_sk
instances/A2/symmetric/100.1.in,0.2760000000,0.0468401537,-0.5780256245,2.4900183562,-0.9848269120,0.2110000000,0.0190787840,-0.4509646302,1.9367528076,-0.4561766982,0.5130000000,0.0404474968,-0.4823367869,2.8868386129,1.1247035319,0.0640000000,0.0058309519,-0.0447761194,1.6280276817,-0.3631734744
