Instance,INF_avg,INF_sd,INF_r1,INF_kr,INF_sk,SUP_avg,SUP_sd,SUP_r1,SUP_kr,SUP_sk,INC_avg,INC_sd,INC_r1,INC_kr,INC_sk,IND_avg,IND_sd,IND_r1,IND_kr,IND_sk
instances/A1/asymmetric/50.4.in,0.4020000000,0.0377624152,0.2795005629,2.6122619593,-0.6609011337,0.1450000000,0.0302489669,-0.6438356164,1.6523336021,0.0270975248,0.4530000000,0.0436577599,-0.3108965120,1.9713089168,0.5226909801,0.0610000000,0.0088881944,0.3916349810,1.8469796507,0.4443385128
