Instance,INF_avg,INF_sd,INF_r1,INF_kr,INF_sk,SUP_avg,SUP_sd,SUP_r1,SUP_kr,SUP_sk,INC_avg,INC_sd,INC_r1,INC_kr,INC_sk,IND_avg,IND_sd,IND_r1,IND_kr,IND_sk
instances/A3/symmetric/5.5.in,0.2716049383,0.0611079934,-0.0140845070,7.1250000000,2.4748737342,0.0648148148,0.0346449758,-0.1803278689,2.7857142857,-1.3363062096,0.6635802469,0.0461933011,0.0129032258,4.6841517857,-0.6932088462,0.4598765432,0.0753491087,-0.0429258903,2.0394689428,0.1396543005
