Instance,INF_avg,INF_sd,INF_r1,INF_kr,INF_sk,SUP_avg,SUP_sd,SUP_r1,SUP_kr,SUP_sk,INC_avg,INC_sd,INC_r1,INC_kr,INC_sk,IND_avg,IND_sd,IND_r1,IND_kr,IND_sk
instances/A3/asymmetric/20.5.in,0.5066421555,0.0146821429,-0.6411216438,2.0803260597,-0.2711262460,0.0442712990,0.0218937962,0.4832367840,1.3201657216,-0.3867796463,0.4490865455,0.0258947772,0.0750734368,2.1660576515,0.7676065402,0.0940527428,0.0564972824,0.3165464107,1.9475081387,0.6375320856
