Instance,INF_avg,INF_sd,INF_r1,INF_kr,INF_sk,SUP_avg,SUP_sd,SUP_r1,SUP_kr,SUP_sk,INC_avg,INC_sd,INC_r1,INC_kr,INC_sk,IND_avg,IND_sd,IND_r1,IND_kr,IND_sk
instances/A1/asymmetric/5.5.in,0.3888888889,0.0702728369,-0.5714285714,1.5625000000,0.5929270613,0.1000000000,0.0136082763,0.0384615385,1.1666666667,-0.4082482905,0.5111111111,0.0671280332,-0.7662116041,1.3230437230,-0.3877276903,0.4111111111,0.0408248290,-0.3888888889,2.8127572016,-1.1642636432
