Instance,INF_avg,INF_sd,INF_r1,INF_kr,INF_sk,SUP_avg,SUP_sd,SUP_r1,SUP_kr,SUP_sk,INC_avg,INC_sd,INC_r1,INC_kr,INC_sk,IND_avg,IND_sd,IND_r1,IND_kr,IND_sk
instances/A2/symmetric/100.5.in,0.3605000000,0.0276088754,-0.0099903747,2.2213862117,-0.6774098966,0.2265000000,0.0259855729,-0.1450260324,2.3312079761,0.7990364892,0.4130000000,0.0359304884,0.0991696694,2.5243924902,-0.1556710955,0.0560000000,0.0070000000,-0.1758691207,3.3515201999,-0.7959183673
