Instance,INF_avg,INF_sd,INF_r1,INF_kr,INF_sk,SUP_avg,SUP_sd,SUP_r1,SUP_kr,SUP_sk,INC_avg,INC_sd,INC_r1,INC_kr,INC_sk,IND_avg,IND_sd,IND_r1,IND_kr,IND_sk
instances/A1/symmetric/10.4.in,0.6936842105,0.0718878782,0.1339710708,1.6710148387,0.1187300757,0.0421052632,0.0515682051,-0.6666666667,1.1666666667,0.4082482905,0.2642105263,0.0838412958,0.4869650077,1.9687032380,0.3675914117,0.2126315789,0.0773952692,0.0111403437,1.4405022495,-0.0301751879
