Instance,INF_avg,INF_sd,INF_r1,INF_kr,INF_sk,SUP_avg,SUP_sd,SUP_r1,SUP_kr,SUP_sk,INC_avg,INC_sd,INC_r1,INC_kr,INC_sk,IND_avg,IND_sd,IND_r1,IND_kr,IND_sk
instances/A3/asymmetric/20.2.in,0.3558314585,0.0499926267,-0.0022445113,2.7533447598,0.9899112966,0.1218443056,0.0194036916,-0.2698413428,1.9116860041,-0.4682768760,0.5223242359,0.0336842349,0.1567965560,3.1922389769,-0.8838507883,0.0773185843,0.0089114930,-0.0658556178,2.3251152026,0.1879311872
