Instance,INF_avg,INF_sd,INF_r1,INF_kr,INF_sk,SUP_avg,SUP_sd,SUP_r1,SUP_kr,SUP_sk,INC_avg,INC_sd,INC_r1,INC_kr,INC_sk,IND_avg,IND_sd,IND_r1,IND_kr,IND_sk
instances/A2/symmetric/200.4.in,0.4570000000,0.0215870331,-1.0141342756,2.9926964947,-1.3026417982,0.1520000000,0.0092736185,-0.5325670498,1.5091941590,0.1579875514,0.3910000000,0.0149666295,-0.4516129032,2.9410873724,1.2832119003,0.0570000000,0.0087177979,-0.5981012658,1.3801939058,0.5071295170
