Instance,INF_avg,INF_sd,INF_r1,INF_kr,INF_sk,SUP_avg,SUP_sd,SUP_r1,SUP_kr,SUP_sk,INC_avg,INC_sd,INC_r1,INC_kr,INC_sk,IND_avg,IND_sd,IND_r1,IND_kr,IND_sk
instances/A3/asymmetric/10.5.in,0.1082909154,0.0797246066,0.4389864286,1.9324624983,-0.0920900324,0.2523714381,0.0328247517,0.1298792727,3.4021380029,1.0163649604,0.6393376465,0.0615564787,0.2880829894,2.5578385214,0.2310109161,0.1729825730,0.0528525213,0.9848098655,4.8987733494,1.6224918947
