Instance,INF_avg,INF_sd,INF_r1,INF_kr,INF_sk,SUP_avg,SUP_sd,SUP_r1,SUP_kr,SUP_sk,INC_avg,INC_sd,INC_r1,INC_kr,INC_sk,IND_avg,IND_sd,IND_r1,IND_kr,IND_sk
instances/A3/asymmetric/20.6.in,0.3523590499,0.0321002789,0.7500763108,2.0127665596,0.7129817626,0.1033869986,0.0160918145,-1.0946376475,2.9845297458,-1.2766165257,0.5442539515,0.0231870389,0.3362282331,1.3324568385,-0.2917087457,0.0464997545,0.0089748107,0.0361333639,2.1257637807,-0.8219223629
