Instance,INF_avg,INF_sd,INF_r1,INF_kr,INF_sk,SUP_avg,SUP_sd,SUP_r1,SUP_kr,SUP_sk,INC_avg,INC_sd,INC_r1,INC_kr,INC_sk,IND_avg,IND_sd,IND_r1,IND_kr,IND_sk
instances/A3/asymmetric/20.6.in,0.3617456856,0.0296820564,0.6005780179,1.7060681211,0.0727681924,0.1057548599,0.0231642024,-0.1619280462,2.9787321961,0.6381230208,0.5324994545,0.0267768133,0.3275500611,1.8717063772,-0.0862517279,0.0483558967,0.0078967737,0.0934302743,3.3342820788,-1.1925416417
