Instance,INF_avg,INF_sd,INF_r1,INF_kr,INF_sk,SUP_avg,SUP_sd,SUP_r1,SUP_kr,SUP_sk,INC_avg,INC_sd,INC_r1,INC_kr,INC_sk,IND_avg,IND_sd,IND_r1,IND_kr,IND_sk
instances/A2/symmetric/8.3.in,0.1265432099,0.0936157462,0.9382748615,3.0838043478,0.9958795302,0.4570707071,0.1274967743,-0.0322625504,2.4293994313,-0.6906168723,0.4163860831,0.0983116296,-0.0837892483,4.8992885380,1.6365036977,0.1899551066,0.0206453110,-0.0715046465,4.8263386022,-1.2572348961
