Instance,INF_avg,INF_sd,INF_r1,INF_kr,INF_sk,SUP_avg,SUP_sd,SUP_r1,SUP_kr,SUP_sk,INC_avg,INC_sd,INC_r1,INC_kr,INC_sk,IND_avg,IND_sd,IND_r1,IND_kr,IND_sk
instances/A3/symmetric/200.6.in,0.2480000000,0.0314006369,-0.6849199663,1.2741895667,-0.0476728356,0.1560000000,0.0131909060,-0.7271662763,2.1575505351,-0.2169728883,0.5960000000,0.0370675060,-0.7103488148,1.4107504942,0.3966562189,0.0670000000,0.0196468827,-0.1550435866,1.3957555908,0.3133036679
