Instance,INF_avg,INF_sd,INF_r1,INF_kr,INF_sk,SUP_avg,SUP_sd,SUP_r1,SUP_kr,SUP_sk,INC_avg,INC_sd,INC_r1,INC_kr,INC_sk,IND_avg,IND_sd,IND_r1,IND_kr,IND_sk
instances/A1/asymmetric/200.2.in,0.3034000000,0.0363240967,0.2589371822,2.5338737049,0.3586129080,0.2082000000,0.0256078113,0.2909253088,2.1147667012,-0.1416139887,0.4884000000,0.0280257025,-0.1303252475,3.3887855735,-0.6085536525,0.0706000000,0.0155125755,-0.2223138353,2.2225951320,0.3460087390
