Instance,INF_avg,INF_sd,INF_r1,INF_kr,INF_sk,SUP_avg,SUP_sd,SUP_r1,SUP_kr,SUP_sk,INC_avg,INC_sd,INC_r1,INC_kr,INC_sk,IND_avg,IND_sd,IND_r1,IND_kr,IND_sk
instances/A1/symmetric/10.1.in,0.3422902201,0.0960024865,0.8913092853,2.4127715718,-0.6790587841,0.1958863887,0.0554199580,-0.0911071441,2.5102259917,0.7671334560,0.4618233912,0.0583977360,0.6262363945,1.8575282677,-0.1433938129,0.1562804626,0.0285868732,0.9808182935,3.4043351958,-1.1217709667
