Instance,INF_avg,INF_sd,INF_r1,INF_kr,INF_sk,SUP_avg,SUP_sd,SUP_r1,SUP_kr,SUP_sk,INC_avg,INC_sd,INC_r1,INC_kr,INC_sk,IND_avg,IND_sd,IND_r1,IND_kr,IND_sk
instances/A2/asymmetric/50.6.in,0.3664285714,0.1136477731,0.7418776554,2.4310816963,-0.0933817136,0.1314285714,0.0946314009,0.7168181818,3.2962126758,0.9177836495,0.5021428571,0.0644402904,-0.1268414055,2.1548611218,0.0507523559,0.1542857143,0.0446757022,-0.0593636220,2.5124769468,0.3986269638
