Instance,INF_avg,INF_sd,INF_r1,INF_kr,INF_sk,SUP_avg,SUP_sd,SUP_r1,SUP_kr,SUP_sk,INC_avg,INC_sd,INC_r1,INC_kr,INC_sk,IND_avg,IND_sd,IND_r1,IND_kr,IND_sk
instances/A1/symmetric/8.2.in,0.3378787879,0.1414538184,0.2883323152,1.2033611862,-0.3381943009,0.1712121212,0.0427476848,0.2633896032,1.2597537754,0.2535902781,0.4909090909,0.0998621640,0.2917486256,1.2046647732,0.3111915635,0.1671717172,0.0156809845,-0.4086453883,2.4209853480,-0.8475604408
