Instance,INF_avg,INF_sd,INF_r1,INF_kr,INF_sk,SUP_avg,SUP_sd,SUP_r1,SUP_kr,SUP_sk,INC_avg,INC_sd,INC_r1,INC_kr,INC_sk,IND_avg,IND_sd,IND_r1,IND_kr,IND_sk
instances/A3/asymmetric/200.6.in,0.2550000000,0.0506951674,0.2137254902,2.2108207543,0.1174334300,0.1530000000,0.0358608422,-0.5399556049,1.4710169815,0.3290323709,0.5920000000,0.0411825206,0.3366587254,1.2899566683,-0.3770318676,0.0660000000,0.0168522995,-0.6274928775,2.6300833168,-0.9251882364
