Instance,INF_avg,INF_sd,INF_r1,INF_kr,INF_sk,SUP_avg,SUP_sd,SUP_r1,SUP_kr,SUP_sk,INC_avg,INC_sd,INC_r1,INC_kr,INC_sk,IND_avg,IND_sd,IND_r1,IND_kr,IND_sk
instances/A3/symmetric/8.1.in,0.1947250281,0.1143012377,0.6744468746,1.7367933505,-0.1097780784,0.2319865320,0.0749651788,0.3413635501,1.9883589069,-0.0501684347,0.5732884400,0.1023570254,0.4957772802,2.2873284717,0.5884270877,0.2071829405,0.0400664755,0.2533345408,2.0793618951,0.0032270997
