Instance,INF_avg,INF_sd,INF_r1,INF_kr,INF_sk,SUP_avg,SUP_sd,SUP_r1,SUP_kr,SUP_sk,INC_avg,INC_sd,INC_r1,INC_kr,INC_sk,IND_avg,IND_sd,IND_r1,IND_kr,IND_sk
instances/A3/asymmetric/5.1.in,0.3777777778,0.0544331054,-0.5384615385,1.1666666667,0.4082482905,0.0944444444,0.0544331054,-0.1869747899,2.4361979167,-0.5677202789,0.5277777778,0.0860662966,-0.6590909091,1.7447916667,0.5244664948,0.5500000000,0.0272165527,-1.1794871795,2.7291666667,-0.8675276172
