Instance,INF_avg,INF_sd,INF_r1,INF_kr,INF_sk,SUP_avg,SUP_sd,SUP_r1,SUP_kr,SUP_sk,INC_avg,INC_sd,INC_r1,INC_kr,INC_sk,IND_avg,IND_sd,IND_r1,IND_kr,IND_sk
instances/A2/symmetric/10.4.in,0.4158730159,0.0441714975,-0.1134453782,2.7909637320,-0.9907361264,0.3219784580,0.0473452459,0.0026872560,1.6787520775,0.4142222455,0.2621485261,0.0212380067,-0.2501945551,2.8073892820,-1.0393275243,0.1355612245,0.0162988278,-0.6578923211,1.5890990876,-0.3420673256
