Instance,INF_avg,INF_sd,INF_r1,INF_kr,INF_sk,SUP_avg,SUP_sd,SUP_r1,SUP_kr,SUP_sk,INC_avg,INC_sd,INC_r1,INC_kr,INC_sk,IND_avg,IND_sd,IND_r1,IND_kr,IND_sk
instances/A1/asymmetric/200.1.in,0.4420000000,0.0305122926,-0.1828687967,2.3188825985,-0.0710741701,0.1810000000,0.0203469899,-0.3389785658,2.7594692992,0.7991781392,0.3770000000,0.0286530976,-0.1327886843,2.9000120171,0.7329050534,0.0645000000,0.0101118742,0.4619711421,2.6677088253,0.3539860197
