Instance,INF_avg,INF_sd,INF_r1,INF_kr,INF_sk,SUP_avg,SUP_sd,SUP_r1,SUP_kr,SUP_sk,INC_avg,INC_sd,INC_r1,INC_kr,INC_sk,IND_avg,IND_sd,IND_r1,IND_kr,IND_sk
instances/A1/symmetric/20.1.in,0.8023727024,0.0727365117,0.6622198972,1.3985955391,0.1526040095,0.0741796192,0.0440779825,0.4719229662,1.9740791461,-0.6230822631,0.1234476784,0.0323100966,0.6405315016,1.6296009995,-0.0999657100,0.0825141075,0.0190511387,0.4762517009,1.4823176622,-0.3851248673
