Instance,INF_avg,INF_sd,INF_r1,INF_kr,INF_sk,SUP_avg,SUP_sd,SUP_r1,SUP_kr,SUP_sk,INC_avg,INC_sd,INC_r1,INC_kr,INC_sk,IND_avg,IND_sd,IND_r1,IND_kr,IND_sk
instances/A3/asymmetric/5.4.in,0.2635802469,0.1640768144,0.6546956271,1.8819482362,-0.5656389579,0.0895061728,0.0707806967,0.4539989937,1.6874225140,-0.0747871541,0.6469135802,0.1214654210,0.4239844145,2.4023420531,0.2662785683,0.4481481481,0.1383570063,-0.2267342136,5.0294465845,1.5107898328
