Instance,INF_avg,INF_sd,INF_r1,INF_kr,INF_sk,SUP_avg,SUP_sd,SUP_r1,SUP_kr,SUP_sk,INC_avg,INC_sd,INC_r1,INC_kr,INC_sk,IND_avg,IND_sd,IND_r1,IND_kr,IND_sk
instances/A1/symmetric/100.2.in,0.1978000000,0.0798884222,0.5716764231,1.3814714182,-0.0303261189,0.1838000000,0.0359799944,0.3559307705,2.9861604147,0.2694850252,0.6184000000,0.0550221773,0.4437424267,1.6243387724,0.0535238556,0.0714000000,0.0138217220,-0.2397179258,3.7851295843,0.3673120042
