Instance,INF_avg,INF_sd,INF_r1,INF_kr,INF_sk,SUP_avg,SUP_sd,SUP_r1,SUP_kr,SUP_sk,INC_avg,INC_sd,INC_r1,INC_kr,INC_sk,IND_avg,IND_sd,IND_r1,IND_kr,IND_sk
instances/A2/asymmetric/50.3.in,0.4707000000,0.0490510958,0.6539851646,2.0934998245,0.2725405630,0.1705000000,0.0375666075,0.6554272773,2.2576519349,-0.1242929598,0.3588000000,0.0359938884,0.3308479307,2.3877586233,0.1273956332,0.0517000000,0.0098290386,0.3436573394,2.4992546680,0.0893823525
