Instance,INF_avg,INF_sd,INF_r1,INF_kr,INF_sk,SUP_avg,SUP_sd,SUP_r1,SUP_kr,SUP_sk,INC_avg,INC_sd,INC_r1,INC_kr,INC_sk,IND_avg,IND_sd,IND_r1,IND_kr,IND_sk
instances/A2/asymmetric/200.5.in,0.3855000000,0.0453017660,0.0062206618,2.6215512150,-0.5218426740,0.1950000000,0.0511370707,0.2420718816,1.5380270465,0.4542958217,0.4195000000,0.0265000000,0.3316672347,2.2787783153,-0.7380051989,0.0480000000,0.0155241747,-0.3154172560,3.5434479434,1.2773545716
