Instance,INF_avg,INF_sd,INF_r1,INF_kr,INF_sk,SUP_avg,SUP_sd,SUP_r1,SUP_kr,SUP_sk,INC_avg,INC_sd,INC_r1,INC_kr,INC_sk,IND_avg,IND_sd,IND_r1,IND_kr,IND_sk
instances/A1/symmetric/200.3.in,0.3723181818,0.0534520910,0.5830363582,2.7459317950,-0.2436106426,0.0989545455,0.0498684426,0.8573623567,2.1235655309,0.0313535960,0.5287272727,0.0364718843,0.0751037133,3.2106654579,-0.1937251499,0.0761818182,0.0210294952,-0.0268031338,2.9799544484,0.3527291989
