Instance,INF_avg,INF_sd,INF_r1,INF_kr,INF_sk,SUP_avg,SUP_sd,SUP_r1,SUP_kr,SUP_sk,INC_avg,INC_sd,INC_r1,INC_kr,INC_sk,IND_avg,IND_sd,IND_r1,IND_kr,IND_sk
instances/A3/asymmetric/8.3.in,0.5261497761,0.1580707110,0.6889510451,1.5351810017,-0.0103487379,0.1181522182,0.0828456502,0.6917711004,1.5840511540,-0.1732348158,0.3556980057,0.0980626835,0.3700769220,1.5289909270,-0.3512322942,0.2772690273,0.0414198857,0.3111297310,2.9203725314,-0.4881611489
