Instance,INF_avg,INF_sd,INF_r1,INF_kr,INF_sk,SUP_avg,SUP_sd,SUP_r1,SUP_kr,SUP_sk,INC_avg,INC_sd,INC_r1,INC_kr,INC_sk,IND_avg,IND_sd,IND_r1,IND_kr,IND_sk
instances/A3/asymmetric/5.3.in,0.4209876543,0.2013803153,0.5535786355,2.5151566781,-0.8386034573,0.0703703704,0.0736562289,0.1092627096,2.4474716349,0.6754600195,0.5086419753,0.1700300770,0.5788984244,2.5519737920,0.9720268928,0.4549382716,0.0878974198,-0.6554236993,2.1181427023,0.6288821016
