Instance,INF_avg,INF_sd,INF_r1,INF_kr,INF_sk,SUP_avg,SUP_sd,SUP_r1,SUP_kr,SUP_sk,INC_avg,INC_sd,INC_r1,INC_kr,INC_sk,IND_avg,IND_sd,IND_r1,IND_kr,IND_sk
instances/A3/asymmetric/8.5.in,0.6555555556,0.0820267948,-0.0109589041,1.5000000000,-0.2007001872,0.0555555556,0.0415739710,-0.0588235294,1.5000000000,-0.3818017742,0.2888888889,0.0437444882,-0.1167883212,1.5000000000,0.6309038567,0.2555555556,0.0078567420,-0.8000000000,1.5000000000,0.7071067812
