Instance,INF_avg,INF_sd,INF_r1,INF_kr,INF_sk,SUP_avg,SUP_sd,SUP_r1,SUP_kr,SUP_sk,INC_avg,INC_sd,INC_r1,INC_kr,INC_sk,IND_avg,IND_sd,IND_r1,IND_kr,IND_sk
instances/A3/symmetric/8.1.in,0.2382786486,0.1363143606,0.8132126447,1.5193967378,0.2861203765,0.1220431905,0.0296281068,0.5767214387,1.8920121609,0.0991236573,0.6396781609,0.1079844628,0.8174977787,1.4808194696,-0.3250788446,0.2262479972,0.0163922334,-0.0272835549,1.4801768030,0.2665096099
