Instance,INF_avg,INF_sd,INF_r1,INF_kr,INF_sk,SUP_avg,SUP_sd,SUP_r1,SUP_kr,SUP_sk,INC_avg,INC_sd,INC_r1,INC_kr,INC_sk,IND_avg,IND_sd,IND_r1,IND_kr,IND_sk
instances/A3/symmetric/50.2.in,0.2324000000,0.0840133323,0.8477850936,1.6188888970,-0.5174709289,0.1430000000,0.0333766385,0.3701493701,2.4689314067,0.6062680185,0.6246000000,0.0679841158,0.7071834776,2.2115610408,0.4577686616,0.0782000000,0.0161789987,0.1567865904,2.1648101660,0.4166068176
