Instance,INF_avg,INF_sd,INF_r1,INF_kr,INF_sk,SUP_avg,SUP_sd,SUP_r1,SUP_kr,SUP_sk,INC_avg,INC_sd,INC_r1,INC_kr,INC_sk,IND_avg,IND_sd,IND_r1,IND_kr,IND_sk
instances/A2/symmetric/20.5.in,0.5204510676,0.0484469700,0.6882587487,1.7590983854,-0.4415652585,0.1135856329,0.0166266871,0.6322898685,1.5827381921,0.2944661869,0.3659632995,0.0362792340,0.6696739631,1.9567878248,0.5661236095,0.0647281124,0.0123791386,0.2176063278,2.4868426249,0.7980456389
