Instance,INF_avg,INF_sd,INF_r1,INF_kr,INF_sk,SUP_avg,SUP_sd,SUP_r1,SUP_kr,SUP_sk,INC_avg,INC_sd,INC_r1,INC_kr,INC_sk,IND_avg,IND_sd,IND_r1,IND_kr,IND_sk
instances/A1/asymmetric/10.3.in,0.4139682540,0.0737875031,0.1931078351,2.4327015461,-0.5796009410,0.2131519274,0.0517237487,-0.2459479425,2.4392540054,0.8213110673,0.3728798186,0.0369812281,-0.0650453262,1.3227523106,0.1589408719,0.1419501134,0.0236680822,0.2327016307,1.7406389986,0.1774424991
