Instance,INF_avg,INF_sd,INF_r1,INF_kr,INF_sk,SUP_avg,SUP_sd,SUP_r1,SUP_kr,SUP_sk,INC_avg,INC_sd,INC_r1,INC_kr,INC_sk,IND_avg,IND_sd,IND_r1,IND_kr,IND_sk
instances/A1/asymmetric/10.4.in,0.6747368421,0.0624876719,-0.2911096966,1.2141466139,-0.2784371427,0.0105263158,0.0210526316,-0.3157894737,3.2500000000,1.5000000000,0.3147368421,0.0752024046,-0.2351312773,1.4429971023,-0.0152533412,0.2947368421,0.0620070588,0.1823708207,2.3548281275,0.4513070966
