Instance,INF_avg,INF_sd,INF_r1,INF_kr,INF_sk,SUP_avg,SUP_sd,SUP_r1,SUP_kr,SUP_sk,INC_avg,INC_sd,INC_r1,INC_kr,INC_sk,IND_avg,IND_sd,IND_r1,IND_kr,IND_sk
instances/A3/symmetric/10.2.in,0.2580882353,0.0372161821,0.1735139000,1.4396891077,0.3842456648,0.1279411765,0.0445620321,0.2901608371,1.6342798609,0.2946841951,0.6139705882,0.0481166842,-0.0832980376,2.8537509739,1.1728753499,0.1448529412,0.0168459218,0.2812658871,1.9827577986,-0.3540271638
