Instance,INF_avg,INF_sd,INF_r1,INF_kr,INF_sk,SUP_avg,SUP_sd,SUP_r1,SUP_kr,SUP_sk,INC_avg,INC_sd,INC_r1,INC_kr,INC_sk,IND_avg,IND_sd,IND_r1,IND_kr,IND_sk
instances/A3/asymmetric/10.6.in,0.4581246185,0.1263621969,0.4425025294,3.0940700139,1.0225084524,0.1536219899,0.0628746402,0.4127282489,1.7757089619,-0.1946078827,0.3882533916,0.0880487116,0.5679271762,2.5712228905,-1.0129555603,0.1732116487,0.0359299356,0.2466053843,1.5753989453,0.2839649376
