Instance,INF_avg,INF_sd,INF_r1,INF_kr,INF_sk,SUP_avg,SUP_sd,SUP_r1,SUP_kr,SUP_sk,INC_avg,INC_sd,INC_r1,INC_kr,INC_sk,IND_avg,IND_sd,IND_r1,IND_kr,IND_sk
instances/A3/asymmetric/200.2.in,0.7350000000,0.1912459150,0.8123773117,1.4836530523,-0.1894616480,0.0375000000,0.0307205143,0.6419125127,1.5331345116,0.2101837741,0.2275000000,0.1642977480,0.7970062571,1.4468287119,0.1450320092,0.1050000000,0.0497493719,0.8587479936,1.6085093358,0.0548202445
