Instance,INF_avg,INF_sd,INF_r1,INF_kr,INF_sk,SUP_avg,SUP_sd,SUP_r1,SUP_kr,SUP_sk,INC_avg,INC_sd,INC_r1,INC_kr,INC_sk,IND_avg,IND_sd,IND_r1,IND_kr,IND_sk
instances/A2/symmetric/20.5.in,0.5440766332,0.0378638251,0.3242403948,1.6290065310,0.4126034542,0.1478445251,0.0274533756,0.2352457170,1.7774334237,0.3043295247,0.3080788417,0.0209679520,0.5690867109,1.7827715336,-0.0076183400,0.0391542873,0.0060274050,-0.2635084008,3.5536103700,-1.1093632970
