Instance,INF_avg,INF_sd,INF_r1,INF_kr,INF_sk,SUP_avg,SUP_sd,SUP_r1,SUP_kr,SUP_sk,INC_avg,INC_sd,INC_r1,INC_kr,INC_sk,IND_avg,IND_sd,IND_r1,IND_kr,IND_sk
instances/A2/symmetric/20.5.in,0.3979045226,0.1141488832,0.8989389291,1.9369307939,0.3248923226,0.2475102480,0.0884613948,0.8190420344,2.1149219845,0.1800658538,0.3545852293,0.0384711320,0.7791243320,2.2324773367,-0.4152945733,0.0377293719,0.0053571072,-0.1754703962,3.2378807102,-0.8470413535
