Instance,INF_avg,INF_sd,INF_r1,INF_kr,INF_sk,SUP_avg,SUP_sd,SUP_r1,SUP_kr,SUP_sk,INC_avg,INC_sd,INC_r1,INC_kr,INC_sk,IND_avg,IND_sd,IND_r1,IND_kr,IND_sk
instances/A1/symmetric/200.1.in,0.3589506173,0.1563870950,0.1208546513,2.9442834993,0.1559390043,0.0817901235,0.0896247618,0.0810552803,4.1101684724,1.0852266119,0.5592592593,0.1490942015,0.1245459464,2.8894889520,0.0858448950,0.4651234568,0.1362628979,0.0286633198,2.9543737210,0.2368862196
