Instance,INF_avg,INF_sd,INF_r1,INF_kr,INF_sk,SUP_avg,SUP_sd,SUP_r1,SUP_kr,SUP_sk,INC_avg,INC_sd,INC_r1,INC_kr,INC_sk,IND_avg,IND_sd,IND_r1,IND_kr,IND_sk
instances/A1/symmetric/200.5.in,0.3185000000,0.0298370575,0.2021260159,1.5397497508,-0.0311718346,0.1625000000,0.0253229145,-0.7989417989,3.3650809936,0.6858776479,0.5190000000,0.0354823900,-0.1422564821,1.3538784453,0.0521127967,0.0550000000,0.0170293864,-0.0000000000,2.3335315101,-0.5467222733
