Instance,INF_avg,INF_sd,INF_r1,INF_kr,INF_sk,SUP_avg,SUP_sd,SUP_r1,SUP_kr,SUP_sk,INC_avg,INC_sd,INC_r1,INC_kr,INC_sk,IND_avg,IND_sd,IND_r1,IND_kr,IND_sk
instances/A3/asymmetric/8.1.in,0.5465608466,0.0707650942,-0.1185986114,1.9723880962,-0.7890893560,0.0625152625,0.0416889228,0.7095222456,2.1385027032,-0.1026592868,0.3909238909,0.0732706093,-0.0807606411,2.4139610716,0.1971529936,0.2522181522,0.0494814752,0.1184240947,2.1686590583,0.2697697148
