Instance,INF_avg,INF_sd,INF_r1,INF_kr,INF_sk,SUP_avg,SUP_sd,SUP_r1,SUP_kr,SUP_sk,INC_avg,INC_sd,INC_r1,INC_kr,INC_sk,IND_avg,IND_sd,IND_r1,IND_kr,IND_sk
instances/A3/symmetric/10.5.in,0.4829558984,0.1408509968,0.9778276547,1.9201189772,-0.5885076842,0.1474965295,0.0804407529,0.2455115304,1.2883305290,0.2767246189,0.3695475721,0.0946112318,0.7876824169,2.1957816472,-0.1428511881,0.1821626181,0.0318894683,0.1516372389,2.3586938332,0.0248110532
