Instance,INF_avg,INF_sd,INF_r1,INF_kr,INF_sk,SUP_avg,SUP_sd,SUP_r1,SUP_kr,SUP_sk,INC_avg,INC_sd,INC_r1,INC_kr,INC_sk,IND_avg,IND_sd,IND_r1,IND_kr,IND_sk
instances/A3/asymmetric/200.2.in,0.2976000000,0.0238377851,0.1837854037,2.4312664485,-0.0955918987,0.1144000000,0.0221503950,-0.2503841552,2.0615631586,-0.3120788210,0.5880000000,0.0282134720,0.1392742260,2.1683038307,-0.2059852044,0.0960000000,0.0220000000,0.3695396505,1.8512738201,-0.2665289256
