Instance,INF_avg,INF_sd,INF_r1,INF_kr,INF_sk,SUP_avg,SUP_sd,SUP_r1,SUP_kr,SUP_sk,INC_avg,INC_sd,INC_r1,INC_kr,INC_sk,IND_avg,IND_sd,IND_r1,IND_kr,IND_sk
instances/A3/symmetric/5.6.in,0.4033333333,0.1709667501,-0.0701985283,2.8068126285,-0.9986571892,0.1833333333,0.0922958207,-0.2208865515,3.1869880277,-1.4472473208,0.4133333333,0.1292714629,-0.4976958525,3.0377999095,1.3627927530,0.5088888889,0.0614234443,-0.6942882510,1.5196472136,0.2778753785
