Instance,INF_avg,INF_sd,INF_r1,INF_kr,INF_sk,SUP_avg,SUP_sd,SUP_r1,SUP_kr,SUP_sk,INC_avg,INC_sd,INC_r1,INC_kr,INC_sk,IND_avg,IND_sd,IND_r1,IND_kr,IND_sk
instances/A3/symmetric/10.1.in,0.5417598926,0.0970220886,0.4705785705,1.9479291123,0.5634949280,0.2068391853,0.0607001964,-0.0944226428,1.6713938735,-0.4852164579,0.2514009221,0.0799675011,0.8632182035,2.3519796037,0.8864162362,0.1320785834,0.0336026478,0.7573506687,1.9572182307,0.3641860316
