Instance,INF_avg,INF_sd,INF_r1,INF_kr,INF_sk,SUP_avg,SUP_sd,SUP_r1,SUP_kr,SUP_sk,INC_avg,INC_sd,INC_r1,INC_kr,INC_sk,IND_avg,IND_sd,IND_r1,IND_kr,IND_sk
instances/A2/asymmetric/5.4.in,0.4543209877,0.0895721341,-0.0093190723,2.2946226476,0.4076233013,0.1358024691,0.0832761578,0.0793552387,1.9640743872,-0.5856684161,0.4098765432,0.0636012191,-0.2614646764,1.6147252388,0.0860845245,0.3703703704,0.1118493990,0.4094721263,2.7052169898,0.4996043101
