Instance,INF_avg,INF_sd,INF_r1,INF_kr,INF_sk,SUP_avg,SUP_sd,SUP_r1,SUP_kr,SUP_sk,INC_avg,INC_sd,INC_r1,INC_kr,INC_sk,IND_avg,IND_sd,IND_r1,IND_kr,IND_sk
instances/A1/symmetric/5.3.in,0.2441798942,0.1540096128,0.5194099689,1.6475121063,0.3974794246,0.1886243386,0.1002376728,0.1043996853,2.4947934350,-0.2006863705,0.5671957672,0.0952696891,0.4783007961,1.8117601189,-0.5270663790,0.3595238095,0.0921182103,0.0669612763,1.6130300251,0.4228791377
