Instance,INF_avg,INF_sd,INF_r1,INF_kr,INF_sk,SUP_avg,SUP_sd,SUP_r1,SUP_kr,SUP_sk,INC_avg,INC_sd,INC_r1,INC_kr,INC_sk,IND_avg,IND_sd,IND_r1,IND_kr,IND_sk
instances/A3/asymmetric/10.3.in,0.6276325345,0.1003971011,0.6647027445,2.2783090138,-0.0871281572,0.0714899540,0.0521656161,0.4953947098,2.6477274155,0.8495073837,0.3008775115,0.0610037372,0.7016758693,1.8187517694,-0.2371799153,0.2100157347,0.0283493862,0.0574916950,2.3616659146,0.3499601469
