Instance,INF_avg,INF_sd,INF_r1,INF_kr,INF_sk,SUP_avg,SUP_sd,SUP_r1,SUP_kr,SUP_sk,INC_avg,INC_sd,INC_r1,INC_kr,INC_sk,IND_avg,IND_sd,IND_r1,IND_kr,IND_sk
instances/A3/symmetric/8.2.in,0.1994949495,0.1177308248,-0.4250431649,2.0797377870,-0.0197037755,0.1694725028,0.0530963253,-0.2074771722,4.9247151536,1.7151506232,0.6310325477,0.0780375619,-0.5225682442,2.1772973596,-0.5665669705,0.1899551066,0.0596132888,0.2821751964,2.0838210096,0.4286109957
