Instance,INF_avg,INF_sd,INF_r1,INF_kr,INF_sk,SUP_avg,SUP_sd,SUP_r1,SUP_kr,SUP_sk,INC_avg,INC_sd,INC_r1,INC_kr,INC_sk,IND_avg,IND_sd,IND_r1,IND_kr,IND_sk
instances/A1/symmetric/50.2.in,0.3860500000,0.0617425906,0.6177225551,2.5220541745,0.0040864177,0.1764500000,0.0441094944,0.6878318182,2.4160040500,0.2116559243,0.4375000000,0.0434827552,0.4613013583,2.4055175715,-0.1728242614,0.0550500000,0.0112359913,0.3531359710,2.8082370850,-0.1922341988
