Instance,INF_avg,INF_sd,INF_r1,INF_kr,INF_sk,SUP_avg,SUP_sd,SUP_r1,SUP_kr,SUP_sk,INC_avg,INC_sd,INC_r1,INC_kr,INC_sk,IND_avg,IND_sd,IND_r1,IND_kr,IND_sk
instances/A3/asymmetric/50.1.in,0.4046500000,0.0904634042,0.7003862615,5.8680480703,1.5687958998,0.1338500000,0.0435824219,0.6246437828,4.6257649695,-0.0037955785,0.4615000000,0.0671658395,0.6017397175,4.1794460095,-0.7953465147,0.0662500000,0.0187266521,0.5023889261,2.6112215100,0.1799424782
