Instance,INF_avg,INF_sd,INF_r1,INF_kr,INF_sk,SUP_avg,SUP_sd,SUP_r1,SUP_kr,SUP_sk,INC_avg,INC_sd,INC_r1,INC_kr,INC_sk,IND_avg,IND_sd,IND_r1,IND_kr,IND_sk
instances/A1/symmetric/50.1.in,0.3807017544,0.1751576698,0.3080431656,2.7754172904,0.3351313429,0.0736842105,0.0908561921,0.2848123883,2.8456601054,0.9634005759,0.5456140351,0.1655084409,0.2321581418,2.2290811261,-0.0738139647,0.4912280702,0.1466356049,-0.1060256957,2.5818080478,-0.0150709212
