Instance,INF_avg,INF_sd,INF_r1,INF_kr,INF_sk,SUP_avg,SUP_sd,SUP_r1,SUP_kr,SUP_sk,INC_avg,INC_sd,INC_r1,INC_kr,INC_sk,IND_avg,IND_sd,IND_r1,IND_kr,IND_sk
instances/A1/asymmetric/50.5.in,0.6282608696,0.1887176906,0.6995899929,4.5371697804,-1.0534190441,0.0347826087,0.0682622542,0.5537864597,6.1881616464,2.0979923522,0.3369565217,0.1468638761,0.7489649094,2.7391791185,0.4318463373,0.2391304348,0.0966352642,0.3903909228,3.7789803554,1.0675839381
