Instance,INF_avg,INF_sd,INF_r1,INF_kr,INF_sk,SUP_avg,SUP_sd,SUP_r1,SUP_kr,SUP_sk,INC_avg,INC_sd,INC_r1,INC_kr,INC_sk,IND_avg,IND_sd,IND_r1,IND_kr,IND_sk
instances/A1/asymmetric/10.2.in,0.4488888889,0.0284149152,0.2223459540,2.4039362568,0.8333622768,0.1105555556,0.0722734861,0.4340444991,1.7257094726,-0.2002796352,0.4405555556,0.0455961878,0.4943740962,1.4871394210,-0.1315487070,0.1455228758,0.0302543788,0.3514321497,1.5842800529,-0.2590164098
