Instance,INF_avg,INF_sd,INF_r1,INF_kr,INF_sk,SUP_avg,SUP_sd,SUP_r1,SUP_kr,SUP_sk,INC_avg,INC_sd,INC_r1,INC_kr,INC_sk,IND_avg,IND_sd,IND_r1,IND_kr,IND_sk
instances/A1/asymmetric/5.6.in,0.2839506173,0.1371982146,0.0350061200,1.3979167008,0.4477354183,0.1512345679,0.0742025635,-0.1213057755,2.7030028376,-0.5153977984,0.5648148148,0.1055717986,0.2535748332,1.4346745562,-0.3791589283,0.3580246914,0.0722512340,0.2425141624,1.6662715115,-0.2569309160
