Instance,INF_avg,INF_sd,INF_r1,INF_kr,INF_sk,SUP_avg,SUP_sd,SUP_r1,SUP_kr,SUP_sk,INC_avg,INC_sd,INC_r1,INC_kr,INC_sk,IND_avg,IND_sd,IND_r1,IND_kr,IND_sk
instances/A3/asymmetric/10.2.in,0.5158387800,0.0669553038,0.5925693299,1.3554646459,-0.3408930608,0.1484422658,0.0521948570,0.3257173537,1.8190143539,0.0109175183,0.3357189542,0.0503029822,0.0017532438,2.5437388444,0.4523988030,0.1635838780,0.0319768936,-0.1556946925,2.0843759252,-0.4167320568
