Instance,INF_avg,INF_sd,INF_r1,INF_kr,INF_sk,SUP_avg,SUP_sd,SUP_r1,SUP_kr,SUP_sk,INC_avg,INC_sd,INC_r1,INC_kr,INC_sk,IND_avg,IND_sd,IND_r1,IND_kr,IND_sk
instances/A3/asymmetric/10.2.in,0.5449104333,0.0716021998,-0.0594584487,2.0295446709,-0.3043511178,0.1473669153,0.0519389541,-0.1574242468,1.7411733056,0.2447722746,0.3077226514,0.0566842798,0.0937851962,2.5457037923,0.4290956331,0.1643647807,0.0288464237,-0.2067934227,2.1520127309,-0.2711316072
