Instance,INF_avg,INF_sd,INF_r1,INF_kr,INF_sk,SUP_avg,SUP_sd,SUP_r1,SUP_kr,SUP_sk,INC_avg,INC_sd,INC_r1,INC_kr,INC_sk,IND_avg,IND_sd,IND_r1,IND_kr,IND_sk
instances/A1/asymmetric/200.5.in,0.6794444444,0.1115657366,0.9987775974,1.8945385171,0.3041789396,0.0672222222,0.0357546509,0.8980055078,2.2542039118,-0.1462829746,0.2533333333,0.0784396442,0.9962705800,1.6760493047,-0.3326929041,0.0519444444,0.0129248779,0.2876393657,2.5496247780,0.2818045141
