Instance,INF_avg,INF_sd,INF_r1,INF_kr,INF_sk,SUP_avg,SUP_sd,SUP_r1,SUP_kr,SUP_sk,INC_avg,INC_sd,INC_r1,INC_kr,INC_sk,IND_avg,IND_sd,IND_r1,IND_kr,IND_sk
instances/A2/symmetric/20.4.in,0.3670930233,0.0936981333,0.5695966943,3.0327516319,0.6914110216,0.2626744186,0.0845119287,0.6708711305,2.6668921416,-0.0639384995,0.3702325581,0.0360547627,0.2543464482,2.1055303875,-0.0262972675,0.0777906977,0.0119252676,0.4132746014,2.6146739238,-0.2314846891
