Instance,INF_avg,INF_sd,INF_r1,INF_kr,INF_sk,SUP_avg,SUP_sd,SUP_r1,SUP_kr,SUP_sk,INC_avg,INC_sd,INC_r1,INC_kr,INC_sk,IND_avg,IND_sd,IND_r1,IND_kr,IND_sk
instances/A2/symmetric/20.4.in,0.3430952381,0.0897811650,0.6688393949,3.4471332129,0.5289477698,0.2824404762,0.0837601950,0.7019688684,2.9321419449,0.0911067156,0.3744642857,0.0376071316,0.3561505031,2.4166959124,0.0293923347,0.0704166667,0.0136758462,0.5878485153,2.2987065660,0.1814303677
