Instance,INF_avg,INF_sd,INF_r1,INF_kr,INF_sk,SUP_avg,SUP_sd,SUP_r1,SUP_kr,SUP_sk,INC_avg,INC_sd,INC_r1,INC_kr,INC_sk,IND_avg,IND_sd,IND_r1,IND_kr,IND_sk
instances/A1/asymmetric/200.4.in,0.3224000000,0.0452574856,0.0674852074,2.4784765536,-0.2378811438,0.1736000000,0.0291382910,0.3410355996,2.0656338352,-0.1215173686,0.5040000000,0.0325269119,-0.0685186622,2.2772449355,-0.5736125528,0.0678000000,0.0189778819,0.1645087156,2.6512101537,0.1788867263
