Instance,INF_avg,INF_sd,INF_r1,INF_kr,INF_sk,SUP_avg,SUP_sd,SUP_r1,SUP_kr,SUP_sk,INC_avg,INC_sd,INC_r1,INC_kr,INC_sk,IND_avg,IND_sd,IND_r1,IND_kr,IND_sk
instances/A2/asymmetric/5.4.in,0.3438271605,0.1199406702,-0.1218931284,1.7468633027,0.2776499070,0.2919753086,0.0811487783,-0.1616362902,3.4081785404,-0.8023638752,0.3641975309,0.0987615740,0.0932150866,2.0544439466,0.0451542172,0.3339506173,0.0670996456,0.3554903571,2.1309513305,0.5506315501
