Instance,INF_avg,INF_sd,INF_r1,INF_kr,INF_sk,SUP_avg,SUP_sd,SUP_r1,SUP_kr,SUP_sk,INC_avg,INC_sd,INC_r1,INC_kr,INC_sk,IND_avg,IND_sd,IND_r1,IND_kr,IND_sk
instances/A2/asymmetric/200.4.in,0.3375000000,0.0416683333,0.5917918652,1.7361263367,-0.0559804822,0.1985000000,0.0257924408,0.4953993530,1.8044173915,-0.7760329366,0.4640000000,0.0288790582,0.7699479356,1.6066024878,0.1464803944,0.0540000000,0.0076811457,0.0962671906,2.7023843723,0.8340916670
