Instance,INF_avg,INF_sd,INF_r1,INF_kr,INF_sk,SUP_avg,SUP_sd,SUP_r1,SUP_kr,SUP_sk,INC_avg,INC_sd,INC_r1,INC_kr,INC_sk,IND_avg,IND_sd,IND_r1,IND_kr,IND_sk
instances/A3/symmetric/20.1.in,0.5250105898,0.0271315351,0.4796360628,1.7211829369,-0.0580880246,0.0675317693,0.0160284461,-0.5532366940,1.8516067775,-0.3925257899,0.4074576409,0.0271754632,-0.1820958435,2.9450453753,-1.2735087893,0.0758651026,0.0066958423,0.1159792401,1.4498437287,0.0596812643
