Instance,INF_avg,INF_sd,INF_r1,INF_kr,INF_sk,SUP_avg,SUP_sd,SUP_r1,SUP_kr,SUP_sk,INC_avg,INC_sd,INC_r1,INC_kr,INC_sk,IND_avg,IND_sd,IND_r1,IND_kr,IND_sk
instances/A1/asymmetric/5.1.in,0.2800000000,0.1403962646,0.1526362428,2.2770730672,0.0749208112,0.2433333333,0.0573488351,0.4742376446,1.9226168736,0.2226770648,0.4766666667,0.1103529690,-0.3288350317,2.3446674037,0.5521433402,0.3866666667,0.0798609903,0.1484403012,1.8785040489,-0.1452872974
