Instance,INF_avg,INF_sd,INF_r1,INF_kr,INF_sk,SUP_avg,SUP_sd,SUP_r1,SUP_kr,SUP_sk,INC_avg,INC_sd,INC_r1,INC_kr,INC_sk,IND_avg,IND_sd,IND_r1,IND_kr,IND_sk
instances/A1/asymmetric/200.1.in,0.3803278689,0.2094643224,0.4087848659,2.5590876636,0.4110092861,0.0918032787,0.1075739654,0.2532770778,3.5234171354,1.1113453509,0.5278688525,0.1951301773,0.1982097621,2.5043422226,0.0032945751,0.4524590164,0.1510689316,0.1971462395,3.0027993430,0.3523610886
