Instance,INF_avg,INF_sd,INF_r1,INF_kr,INF_sk,SUP_avg,SUP_sd,SUP_r1,SUP_kr,SUP_sk,INC_avg,INC_sd,INC_r1,INC_kr,INC_sk,IND_avg,IND_sd,IND_r1,IND_kr,IND_sk
instances/A3/asymmetric/8.1.in,0.1804040404,0.1165161038,0.5586954864,1.8356240153,0.3330212115,0.1467676768,0.0332622444,0.6329592357,1.7212416799,-0.0142484093,0.6728282828,0.0869440594,0.2920998031,1.8802118912,-0.3492154002,0.2674747475,0.0131763021,0.0564129105,2.7674830890,-1.1704934262
