Instance,INF_avg,INF_sd,INF_r1,INF_kr,INF_sk,SUP_avg,SUP_sd,SUP_r1,SUP_kr,SUP_sk,INC_avg,INC_sd,INC_r1,INC_kr,INC_sk,IND_avg,IND_sd,IND_r1,IND_kr,IND_sk
instances/A2/asymmetric/50.6.in,0.6165000000,0.0457739009,0.1784102202,3.4934988760,-0.4584560973,0.1195000000,0.0435574333,0.4605717136,4.4527579527,1.3756583658,0.2640000000,0.0364554523,0.3538108590,2.6210052875,0.8465138471,0.0430000000,0.0078102497,-0.3003663004,1.6224133298,0.3652199526
