Instance,INF_avg,INF_sd,INF_r1,INF_kr,INF_sk,SUP_avg,SUP_sd,SUP_r1,SUP_kr,SUP_sk,INC_avg,INC_sd,INC_r1,INC_kr,INC_sk,IND_avg,IND_sd,IND_r1,IND_kr,IND_sk
instances/A3/symmetric/5.5.in,0.5511111111,0.0569166599,-0.1904761905,2.6848602023,-1.0627434041,0.0444444444,0.0544331054,-0.1904761905,1.1666666667,0.4082482905,0.4044444444,0.0812251861,-0.3967468175,2.6308042597,1.0193194391,0.4222222222,0.0983819716,0.2061855670,2.4000416493,0.8850689661
