Instance,INF_avg,INF_sd,INF_r1,INF_kr,INF_sk,SUP_avg,SUP_sd,SUP_r1,SUP_kr,SUP_sk,INC_avg,INC_sd,INC_r1,INC_kr,INC_sk,IND_avg,IND_sd,IND_r1,IND_kr,IND_sk
instances/A3/asymmetric/50.6.in,0.2536500000,0.0918364171,0.8769739246,3.2458984692,-0.8263678985,0.1947000000,0.0550446183,0.7893372492,4.0538552991,0.7415713426,0.5516500000,0.0550411437,0.6678860075,2.7618053749,0.5092130727,0.0679000000,0.0216930865,0.4983909442,3.8561349070,0.8606979818
