Instance,INF_avg,INF_sd,INF_r1,INF_kr,INF_sk,SUP_avg,SUP_sd,SUP_r1,SUP_kr,SUP_sk,INC_avg,INC_sd,INC_r1,INC_kr,INC_sk,IND_avg,IND_sd,IND_r1,IND_kr,IND_sk
instances/A1/symmetric/50.1.in,0.3834000000,0.0539948146,0.6218887558,2.2595826403,0.5130790539,0.1506000000,0.0300772339,0.7004568733,1.9902151674,0.1138014686,0.4660000000,0.0341174442,0.3370669911,2.7480869380,-0.3728781500,0.0656000000,0.0146505973,0.3814015566,2.7955304926,0.5591902480
