Instance,INF_avg,INF_sd,INF_r1,INF_kr,INF_sk,SUP_avg,SUP_sd,SUP_r1,SUP_kr,SUP_sk,INC_avg,INC_sd,INC_r1,INC_kr,INC_sk,IND_avg,IND_sd,IND_r1,IND_kr,IND_sk
instances/A2/asymmetric/20.3.in,0.5471228927,0.0764339037,0.4897443957,3.3655114507,1.1177632023,0.2188593779,0.0636507567,0.4473419545,3.3636826434,-0.9830856404,0.2340177294,0.0196447750,0.2215853427,2.3976350404,0.2225664149,0.0685223064,0.0059012952,0.2698041605,1.2431822155,-0.1545039805
