Instance,INF_avg,INF_sd,INF_r1,INF_kr,INF_sk,SUP_avg,SUP_sd,SUP_r1,SUP_kr,SUP_sk,INC_avg,INC_sd,INC_r1,INC_kr,INC_sk,IND_avg,IND_sd,IND_r1,IND_kr,IND_sk
instances/A2/asymmetric/20.5.in,0.7227218935,0.1161231477,0.6569933659,4.3950711460,-1.1770075673,0.0279092702,0.0505376291,0.5274776262,8.4215950424,2.2823994383,0.2493688363,0.0748572785,0.7140406541,2.2455181907,0.3120736756,0.1372485207,0.0345449322,0.2835765470,2.3586070870,0.1724685115
