Instance,INF_avg,INF_sd,INF_r1,INF_kr,INF_sk,SUP_avg,SUP_sd,SUP_r1,SUP_kr,SUP_sk,INC_avg,INC_sd,INC_r1,INC_kr,INC_sk,IND_avg,IND_sd,IND_r1,IND_kr,IND_sk
instances/A2/asymmetric/20.5.in,0.7334102564,0.1126277131,0.6572833497,4.8605500351,-1.3082882113,0.0241880342,0.0479950109,0.5310007771,9.7321862218,2.5162544694,0.2424017094,0.0736734234,0.6918873954,2.4264419413,0.4055521886,0.1443760684,0.0397385678,0.3742708217,3.0702196054,0.4867251092
