Instance,INF_avg,INF_sd,INF_r1,INF_kr,INF_sk,SUP_avg,SUP_sd,SUP_r1,SUP_kr,SUP_sk,INC_avg,INC_sd,INC_r1,INC_kr,INC_sk,IND_avg,IND_sd,IND_r1,IND_kr,IND_sk
instances/A2/symmetric/20.6.in,0.4193066728,0.0851479780,0.9737953618,2.9012980321,-0.9774734883,0.2452255396,0.0698837849,0.9122178070,2.6700512771,0.8026862581,0.3354677876,0.0227858680,0.4382836362,2.1134945196,-0.0780627651,0.0506962069,0.0136164700,0.7262748553,1.3785941943,0.0064283939
