Instance,INF_avg,INF_sd,INF_r1,INF_kr,INF_sk,SUP_avg,SUP_sd,SUP_r1,SUP_kr,SUP_sk,INC_avg,INC_sd,INC_r1,INC_kr,INC_sk,IND_avg,IND_sd,IND_r1,IND_kr,IND_sk
instances/A1/symmetric/5.6.in,0.3555555556,0.2036700309,0.2625368732,2.2295918367,-0.6858276550,0.1522222222,0.1350628569,0.1715809911,2.6033303431,0.9165791235,0.4922222222,0.0974742764,-0.1180420955,1.8751953792,-0.4559992628,0.3855555556,0.0449416631,-0.9938033830,1.3669409556,-0.1046362364
