Instance,INF_avg,INF_sd,INF_r1,INF_kr,INF_sk,SUP_avg,SUP_sd,SUP_r1,SUP_kr,SUP_sk,INC_avg,INC_sd,INC_r1,INC_kr,INC_sk,IND_avg,IND_sd,IND_r1,IND_kr,IND_sk
instances/A1/symmetric/5.6.in,0.4641975309,0.1944199475,0.4413263856,3.7730665973,-1.4055636636,0.0845679012,0.1259198740,0.3845403512,4.5085826310,1.6101401380,0.4512345679,0.0858978952,0.1120278158,2.0832602135,0.6199482364,0.3919753086,0.0342578690,-0.7316612827,2.5510752235,-0.6666937224
