Instance,INF_avg,INF_sd,INF_r1,INF_kr,INF_sk,SUP_avg,SUP_sd,SUP_r1,SUP_kr,SUP_sk,INC_avg,INC_sd,INC_r1,INC_kr,INC_sk,IND_avg,IND_sd,IND_r1,IND_kr,IND_sk
instances/A1/symmetric/20.3.in,0.2893790380,0.0158545627,0.0477203307,2.4162829547,0.6776813925,0.2292534099,0.0234163102,-0.5084854657,1.6476186682,-0.4724973286,0.4813675520,0.0168894521,0.0733393404,1.9004528513,0.6175605829,0.0623223259,0.0128298529,0.5208993899,1.8268431652,-0.4214141778
