Instance,INF_avg,INF_sd,INF_r1,INF_kr,INF_sk,SUP_avg,SUP_sd,SUP_r1,SUP_kr,SUP_sk,INC_avg,INC_sd,INC_r1,INC_kr,INC_sk,IND_avg,IND_sd,IND_r1,IND_kr,IND_sk
instances/A1/asymmetric/50.3.in,0.4182500000,0.0462783697,0.4948243573,2.7634770639,-0.4312419534,0.1699000000,0.0405153057,0.7085742898,2.6194235305,0.3437679376,0.4118500000,0.0419324159,0.5521716031,2.5413871841,0.0304309339,0.0637500000,0.0114099737,0.2332253031,2.7356138864,-0.0142003766
