Instance,INF_avg,INF_sd,INF_r1,INF_kr,INF_sk,SUP_avg,SUP_sd,SUP_r1,SUP_kr,SUP_sk,INC_avg,INC_sd,INC_r1,INC_kr,INC_sk,IND_avg,IND_sd,IND_r1,IND_kr,IND_sk
instances/A3/symmetric/10.2.in,0.5354838290,0.0571654673,0.6385556489,2.2713847999,0.3970512396,0.1247061172,0.0295992754,0.5625605142,2.8635731490,-0.9467231442,0.3398100538,0.0360541615,0.3077630764,2.7219921477,-0.3361340943,0.1943072949,0.0290207071,-0.6038718382,2.4723669987,0.2540506006
