Instance,INF_avg,INF_sd,INF_r1,INF_kr,INF_sk,SUP_avg,SUP_sd,SUP_r1,SUP_kr,SUP_sk,INC_avg,INC_sd,INC_r1,INC_kr,INC_sk,IND_avg,IND_sd,IND_r1,IND_kr,IND_sk
instances/A3/symmetric/200.4.in,0.2760000000,0.0336749165,0.0935620799,2.3769724625,0.1236534964,0.1300000000,0.0268328157,0.3357142857,1.9068287037,-0.6444223685,0.5940000000,0.0159373775,-0.9134078212,1.7205344411,0.6269617454,0.1040000000,0.0239582971,-0.3611000399,2.8764523061,1.2142178641
