Instance,INF_avg,INF_sd,INF_r1,INF_kr,INF_sk,SUP_avg,SUP_sd,SUP_r1,SUP_kr,SUP_sk,INC_avg,INC_sd,INC_r1,INC_kr,INC_sk,IND_avg,IND_sd,IND_r1,IND_kr,IND_sk
instances/A3/asymmetric/10.2.in,0.2429864253,0.0788012655,-0.0204774154,1.5146773389,0.5470687949,0.1970588235,0.0452567866,0.0068451218,1.3695878470,-0.2521323689,0.5599547511,0.0416498570,-0.0282788883,2.7752644005,-1.1670344540,0.1776772247,0.0229877812,-0.8433761116,1.4860118415,0.2945404254
