Instance,INF_avg,INF_sd,INF_r1,INF_kr,INF_sk,SUP_avg,SUP_sd,SUP_r1,SUP_kr,SUP_sk,INC_avg,INC_sd,INC_r1,INC_kr,INC_sk,IND_avg,IND_sd,IND_r1,IND_kr,IND_sk
instances/A2/symmetric/50.1.in,0.4565000000,0.0371517160,-0.2883628365,3.0723933622,-0.8532204904,0.1775000000,0.0390672497,0.4308943089,2.5701634178,0.6792294500,0.3660000000,0.0203469899,0.1543851172,2.2903801722,-0.7322238209,0.0600000000,0.0089442719,0.0937500000,3.4765625000,0.5240784322
