Instance,INF_avg,INF_sd,INF_r1,INF_kr,INF_sk,SUP_avg,SUP_sd,SUP_r1,SUP_kr,SUP_sk,INC_avg,INC_sd,INC_r1,INC_kr,INC_sk,IND_avg,IND_sd,IND_r1,IND_kr,IND_sk
instances/A3/asymmetric/200.4.in,0.2858500000,0.0383017950,0.3574245486,3.3917839651,-0.5232318193,0.1237000000,0.0282189653,0.3838954620,3.1469387958,0.3321076638,0.5904500000,0.0382628737,0.2660200320,3.4156238280,0.1285231416,0.0941500000,0.0216685832,0.0185771240,2.2441158478,0.0537310281
