Instance,INF_avg,INF_sd,INF_r1,INF_kr,INF_sk,SUP_avg,SUP_sd,SUP_r1,SUP_kr,SUP_sk,INC_avg,INC_sd,INC_r1,INC_kr,INC_sk,IND_avg,IND_sd,IND_r1,IND_kr,IND_sk
instances/A1/symmetric/20.3.in,0.7037586248,0.0626758061,-0.1704773045,1.6934739784,0.5064236547,0.1096931271,0.0284943772,0.4609400175,1.5349375665,-0.1087835853,0.1865482482,0.0440858666,-0.3336773392,2.1514058683,0.4145646455,0.0495037617,0.0152332592,-0.1302465658,2.4329373575,0.8481622834
