Instance,INF_avg,INF_sd,INF_r1,INF_kr,INF_sk,SUP_avg,SUP_sd,SUP_r1,SUP_kr,SUP_sk,INC_avg,INC_sd,INC_r1,INC_kr,INC_sk,IND_avg,IND_sd,IND_r1,IND_kr,IND_sk
instances/A2/asymmetric/10.1.in,0.2040404040,0.1113496063,1.0615352740,4.0557093147,1.3577654883,0.4303030303,0.1319487337,0.9270782693,2.8903754740,-1.0316180905,0.3656565657,0.0368098326,0.2458960328,2.3762882857,0.3306152409,0.1151515152,0.0226767114,0.1600000000,2.7857142857,0.7254233709
