Instance,INF_avg,INF_sd,INF_r1,INF_kr,INF_sk,SUP_avg,SUP_sd,SUP_r1,SUP_kr,SUP_sk,INC_avg,INC_sd,INC_r1,INC_kr,INC_sk,IND_avg,IND_sd,IND_r1,IND_kr,IND_sk
instances/A1/symmetric/5.6.in,0.4135802469,0.1258744751,0.1069715507,1.5651250937,0.1360012207,0.2024691358,0.1434464840,0.0898901941,1.6306747029,-0.1296156545,0.3839506173,0.0961339245,-0.2395110519,3.7531964066,0.6933059872,0.4425925926,0.0701751679,0.0742234772,3.5476098106,0.8401475465
