Instance,INF_avg,INF_sd,INF_r1,INF_kr,INF_sk,SUP_avg,SUP_sd,SUP_r1,SUP_kr,SUP_sk,INC_avg,INC_sd,INC_r1,INC_kr,INC_sk,IND_avg,IND_sd,IND_r1,IND_kr,IND_sk
instances/A3/asymmetric/100.4.in,0.2610000000,0.0856387763,-0.0008076457,3.2335858874,-1.4880043303,0.1290000000,0.0115758369,0.2902208202,2.1988193362,-0.3365218792,0.6100000000,0.0829457654,-0.3972125436,3.1944737865,1.4611852372,0.1250000000,0.0230217289,-0.2761904762,2.4074403702,0.5900905939
