Instance,INF_avg,INF_sd,INF_r1,INF_kr,INF_sk,SUP_avg,SUP_sd,SUP_r1,SUP_kr,SUP_sk,INC_avg,INC_sd,INC_r1,INC_kr,INC_sk,IND_avg,IND_sd,IND_r1,IND_kr,IND_sk
instances/A1/symmetric/20.3.in,0.5950000000,0.1767059705,0.8675295783,1.6600611153,0.5447977505,0.0700000000,0.0640312424,0.6675900277,2.3837001785,0.6513588606,0.3350000000,0.1342572158,0.6781373053,1.6031382673,-0.3297539308,0.2300000000,0.0714142843,0.3946188341,2.0749711649,0.5189273253
