Instance,INF_avg,INF_sd,INF_r1,INF_kr,INF_sk,SUP_avg,SUP_sd,SUP_r1,SUP_kr,SUP_sk,INC_avg,INC_sd,INC_r1,INC_kr,INC_sk,IND_avg,IND_sd,IND_r1,IND_kr,IND_sk
instances/A1/asymmetric/5.4.in,0.1800000000,0.1681269362,0.2320996195,2.7486353388,1.1955626736,0.2200000000,0.0400000000,-0.2977099237,1.3981481481,0.1111111111,0.6000000000,0.1398411798,0.1904761905,2.8305785124,-1.1701586323,0.4200000000,0.0400000000,-0.0526315789,3.2500000000,1.5000000000
