Instance,INF_avg,INF_sd,INF_r1,INF_kr,INF_sk,SUP_avg,SUP_sd,SUP_r1,SUP_kr,SUP_sk,INC_avg,INC_sd,INC_r1,INC_kr,INC_sk,IND_avg,IND_sd,IND_r1,IND_kr,IND_sk
instances/A1/asymmetric/8.1.in,0.5114285714,0.0143174251,0.4371196755,1.4512099616,0.5403933775,0.1457142857,0.0316364786,0.1968853352,2.2434622757,-0.1786019807,0.3428571429,0.0236653851,-0.1681658569,2.3233544228,0.1661379069,0.2413919414,0.0619080130,-0.4516583438,2.2649818171,-0.1351263814
