Instance,INF_avg,INF_sd,INF_r1,INF_kr,INF_sk,SUP_avg,SUP_sd,SUP_r1,SUP_kr,SUP_sk,INC_avg,INC_sd,INC_r1,INC_kr,INC_sk,IND_avg,IND_sd,IND_r1,IND_kr,IND_sk
instances/A2/asymmetric/100.2.in,0.4695500000,0.0569126304,0.4642067113,2.4976918585,-0.0802090003,0.2108000000,0.0339758738,0.5296286125,2.5630502688,0.4825047420,0.3196500000,0.0414080608,0.3711835861,2.9727833249,0.2069264218,0.0464000000,0.0116850332,0.3120152321,2.8261680110,0.5304303129
