Instance,INF_avg,INF_sd,INF_r1,INF_kr,INF_sk,SUP_avg,SUP_sd,SUP_r1,SUP_kr,SUP_sk,INC_avg,INC_sd,INC_r1,INC_kr,INC_sk,IND_avg,IND_sd,IND_r1,IND_kr,IND_sk
instances/A1/asymmetric/5.4.in,0.2133333333,0.0903081146,-0.6906170752,2.0400366771,-0.3883163773,0.1100000000,0.0975249256,0.6720985692,1.5201818936,0.0596540523,0.6766666667,0.1263153021,0.0448409975,1.4799563163,-0.0602021821,0.4666666667,0.0849836586,-0.1904761905,1.9556213018,-0.2715454179
