Instance,INF_avg,INF_sd,INF_r1,INF_kr,INF_sk,SUP_avg,SUP_sd,SUP_r1,SUP_kr,SUP_sk,INC_avg,INC_sd,INC_r1,INC_kr,INC_sk,IND_avg,IND_sd,IND_r1,IND_kr,IND_sk
instances/A1/symmetric/100.5.in,0.3246500000,0.0508441491,0.4598331975,3.8547404648,-0.6852577378,0.1618000000,0.0376066483,0.4744297046,1.9490835999,-0.1872751276,0.5135500000,0.0490015051,0.5298240950,3.7768129476,0.2238171489,0.0649500000,0.0175854343,0.4315947585,3.6123981012,0.5668434412
