Instance,INF_avg,INF_sd,INF_r1,INF_kr,INF_sk,SUP_avg,SUP_sd,SUP_r1,SUP_kr,SUP_sk,INC_avg,INC_sd,INC_r1,INC_kr,INC_sk,IND_avg,IND_sd,IND_r1,IND_kr,IND_sk
instances/A3/symmetric/200.6.in,0.3700000000,0.0556303590,0.4895104895,2.0930862141,-0.0641992724,0.0521052632,0.0221428252,0.7073733686,2.9962711864,-0.8484372390,0.5778947368,0.0422497521,0.4354877078,2.5998153986,0.1175087667,0.1536842105,0.0523360122,0.4225994848,2.1265761480,-0.0415439810
