Instance,INF_avg,INF_sd,INF_r1,INF_kr,INF_sk,SUP_avg,SUP_sd,SUP_r1,SUP_kr,SUP_sk,INC_avg,INC_sd,INC_r1,INC_kr,INC_sk,IND_avg,IND_sd,IND_r1,IND_kr,IND_sk
instances/A3/asymmetric/5.1.in,0.5135802469,0.0772961770,0.2317073171,1.0500000000,0.2236067977,0.0987654321,0.0972099738,0.3318777293,1.3407908429,0.2171292494,0.3876543210,0.0420478676,-0.1683913452,1.6712247325,-0.1599668874,0.4222222222,0.0748111477,-0.4418604651,3.9913494810,1.1182842838
