Instance,INF_avg,INF_sd,INF_r1,INF_kr,INF_sk,SUP_avg,SUP_sd,SUP_r1,SUP_kr,SUP_sk,INC_avg,INC_sd,INC_r1,INC_kr,INC_sk,IND_avg,IND_sd,IND_r1,IND_kr,IND_sk
instances/A1/symmetric/8.4.in,0.6179487179,0.0783625989,-0.0454861917,3.2306558332,-1.4846365299,0.0633699634,0.0295910849,0.3341671811,2.1350398871,0.8367201684,0.3186813187,0.0541703628,-0.3044444444,2.9257481075,1.2309356974,0.2014652015,0.0304492343,-0.4745417515,1.7900241057,-0.2493891526
