Instance,INF_avg,INF_sd,INF_r1,INF_kr,INF_sk,SUP_avg,SUP_sd,SUP_r1,SUP_kr,SUP_sk,INC_avg,INC_sd,INC_r1,INC_kr,INC_sk,IND_avg,IND_sd,IND_r1,IND_kr,IND_sk
instances/A2/asymmetric/5.3.in,0.4300000000,0.0184591641,-0.8373245252,1.6747006931,-0.6464196894,0.1222222222,0.1018350154,0.2772861357,1.2091836735,-0.2961528510,0.4477777778,0.1113109314,0.1249905234,1.3234957978,0.2539514288,0.4755555556,0.0938609426,-0.3903462749,1.7826720827,-0.1203956419
