Instance,INF_avg,INF_sd,INF_r1,INF_kr,INF_sk,SUP_avg,SUP_sd,SUP_r1,SUP_kr,SUP_sk,INC_avg,INC_sd,INC_r1,INC_kr,INC_sk,IND_avg,IND_sd,IND_r1,IND_kr,IND_sk
instances/A2/asymmetric/5.3.in,0.4209876543,0.0839188393,0.1958523406,2.8717446237,-0.5100898369,0.1944444444,0.1283000598,0.3979057592,2.3261718750,-0.0541265877,0.3845679012,0.1136070822,0.4309675448,2.4939228199,0.7637909376,0.4123456790,0.1069202803,-0.1335783057,2.1036729076,0.3502302981
