Instance,INF_avg,INF_sd,INF_r1,INF_kr,INF_sk,SUP_avg,SUP_sd,SUP_r1,SUP_kr,SUP_sk,INC_avg,INC_sd,INC_r1,INC_kr,INC_sk,IND_avg,IND_sd,IND_r1,IND_kr,IND_sk
instances/A3/symmetric/20.1.in,0.3674039796,0.0464241561,0.9195658376,1.7929286975,-0.5111597454,0.0955767452,0.0221291769,1.0625285465,4.2700340550,1.4657749403,0.5370192752,0.0280061841,0.6824011373,1.3925835627,0.3842892791,0.0852034190,0.0097232086,0.2319705574,2.4188077166,-0.2176937894
