Instance,INF_avg,INF_sd,INF_r1,INF_kr,INF_sk,SUP_avg,SUP_sd,SUP_r1,SUP_kr,SUP_sk,INC_avg,INC_sd,INC_r1,INC_kr,INC_sk,IND_avg,IND_sd,IND_r1,IND_kr,IND_sk
instances/A3/asymmetric/20.1.in,0.6503473762,0.0654614710,-0.8530950236,2.1987438482,-0.6712514558,0.0529099356,0.0204814121,-0.6419804131,2.0065821410,-0.4257634967,0.2967426882,0.0480522381,-0.8475966218,2.5483202272,0.8633562800,0.0490708479,0.0139269398,0.2048259489,1.2449115697,-0.2540103303
