Instance,INF_avg,INF_sd,INF_r1,INF_kr,INF_sk,SUP_avg,SUP_sd,SUP_r1,SUP_kr,SUP_sk,INC_avg,INC_sd,INC_r1,INC_kr,INC_sk,IND_avg,IND_sd,IND_r1,IND_kr,IND_sk
instances/A3/asymmetric/20.1.in,0.6300652075,0.0712857774,-0.2272258875,1.4118279732,-0.1770188000,0.0524406848,0.0162819562,-0.5885522402,3.0845155727,-0.4455405752,0.3174941076,0.0613063096,-0.0483942168,1.4297922524,0.3381177430,0.0514982919,0.0152555338,0.1353111912,1.9944208378,0.3104882510
