Instance,INF_avg,INF_sd,INF_r1,INF_kr,INF_sk,SUP_avg,SUP_sd,SUP_r1,SUP_kr,SUP_sk,INC_avg,INC_sd,INC_r1,INC_kr,INC_sk,IND_avg,IND_sd,IND_r1,IND_kr,IND_sk
instances/A2/asymmetric/5.6.in,0.4055555556,0.1261979632,0.5072383073,1.3030016225,0.2221602868,0.1555555556,0.1133115447,-0.2121212121,1.9556213018,0.2715454179,0.4388888889,0.0711458249,-0.1256218905,2.4171624033,0.2228332944,0.4500000000,0.1059932446,-0.6921221865,1.2846576500,0.0622059134
