Instance,INF_avg,INF_sd,INF_r1,INF_kr,INF_sk,SUP_avg,SUP_sd,SUP_r1,SUP_kr,SUP_sk,INC_avg,INC_sd,INC_r1,INC_kr,INC_sk,IND_avg,IND_sd,IND_r1,IND_kr,IND_sk
instances/A2/symmetric/20.3.in,0.6196567691,0.0281343915,-0.3047271586,2.8723342698,-0.1859599654,0.1737392788,0.0262320380,-0.4344187234,4.1486536406,-1.4696749169,0.2066039521,0.0180522757,0.2485748058,2.5296910617,0.8174292823,0.0602913263,0.0071453985,0.2968931118,2.5955366731,-0.6205802730
