Instance,INF_avg,INF_sd,INF_r1,INF_kr,INF_sk,SUP_avg,SUP_sd,SUP_r1,SUP_kr,SUP_sk,INC_avg,INC_sd,INC_r1,INC_kr,INC_sk,IND_avg,IND_sd,IND_r1,IND_kr,IND_sk
instances/A2/symmetric/20.3.in,0.6283669495,0.0182353216,-0.1474934674,3.0752931812,1.3495971685,0.1745722487,0.0128036625,-0.1030859409,1.9963344898,-0.7250044459,0.1970608018,0.0097683861,-0.4839164974,1.5714396730,0.0173018870,0.0596137229,0.0088094669,0.4079755753,1.8204378187,-0.3535858954
