Instance,INF_avg,INF_sd,INF_r1,INF_kr,INF_sk,SUP_avg,SUP_sd,SUP_r1,SUP_kr,SUP_sk,INC_avg,INC_sd,INC_r1,INC_kr,INC_sk,IND_avg,IND_sd,IND_r1,IND_kr,IND_sk
instances/A1/symmetric/20.5.in,0.3262078273,0.0752472345,0.7785665584,2.2921711933,-0.0302698803,0.2161605938,0.0519583189,0.6643632036,2.2720403642,0.1880072256,0.4576315789,0.0465587348,0.4962095084,2.3895386119,-0.1353651055,0.0491160594,0.0094200946,0.4610553412,2.0385202771,0.3844914037
