Instance,INF_avg,INF_sd,INF_r1,INF_kr,INF_sk,SUP_avg,SUP_sd,SUP_r1,SUP_kr,SUP_sk,INC_avg,INC_sd,INC_r1,INC_kr,INC_sk,IND_avg,IND_sd,IND_r1,IND_kr,IND_sk
instances/A1/symmetric/200.6.in,0.3775000000,0.0989633771,0.6692149172,2.0391201101,0.0407220705,0.1187500000,0.0671324872,0.6817876266,2.1369271442,0.1864227622,0.5037500000,0.0646343884,0.2112760784,2.3413570701,0.0053671411,0.1904166667,0.0439677123,0.1218478023,2.0292734492,0.1250066870
