Instance,INF_avg,INF_sd,INF_r1,INF_kr,INF_sk,SUP_avg,SUP_sd,SUP_r1,SUP_kr,SUP_sk,INC_avg,INC_sd,INC_r1,INC_kr,INC_sk,IND_avg,IND_sd,IND_r1,IND_kr,IND_sk
instances/A2/asymmetric/50.3.in,0.3805000000,0.0470876842,0.7090222238,2.0861119660,0.3561748984,0.2255000000,0.0165000000,0.3389685630,2.0075004996,0.0120210368,0.3940000000,0.0344818793,0.6655965757,2.1182659096,-0.5227450375,0.0505000000,0.0129325172,-0.0328747960,2.1740433148,0.7219261925
