Instance,INF_avg,INF_sd,INF_r1,INF_kr,INF_sk,SUP_avg,SUP_sd,SUP_r1,SUP_kr,SUP_sk,INC_avg,INC_sd,INC_r1,INC_kr,INC_sk,IND_avg,IND_sd,IND_r1,IND_kr,IND_sk
instances/A2/asymmetric/10.3.in,0.5685741243,0.0839535075,0.6955071309,1.6426257128,0.1048912407,0.0829573601,0.0457936213,0.2865785012,1.5065515425,-0.0419974750,0.3484685156,0.0442858831,0.5314405391,1.4117396585,0.0958647499,0.1073079302,0.0351402323,-0.0470634237,1.8110227918,0.4210670851
