Instance,INF_avg,INF_sd,INF_r1,INF_kr,INF_sk,SUP_avg,SUP_sd,SUP_r1,SUP_kr,SUP_sk,INC_avg,INC_sd,INC_r1,INC_kr,INC_sk,IND_avg,IND_sd,IND_r1,IND_kr,IND_sk
instances/A1/asymmetric/10.3.in,0.6461667240,0.0805650166,0.5494751524,1.2621225110,-0.2542653737,0.0979881894,0.0350972715,0.4080635609,1.6368901486,0.2428685194,0.2558450866,0.0534315113,0.4067609594,1.4191596007,-0.0790706980,0.1611466575,0.0247154806,-0.0605662947,3.2396979155,1.4921974079
