Instance,INF_avg,INF_sd,INF_r1,INF_kr,INF_sk,SUP_avg,SUP_sd,SUP_r1,SUP_kr,SUP_sk,INC_avg,INC_sd,INC_r1,INC_kr,INC_sk,IND_avg,IND_sd,IND_r1,IND_kr,IND_sk
instances/A2/asymmetric/100.2.in,0.3750000000,0.0276586334,-0.3211920530,2.6714084327,0.8613415237,0.1795000000,0.0178115131,0.1715868835,2.8762600436,-0.9930623599,0.4455000000,0.0352455671,-0.0729151861,2.1605322288,-0.3728775909,0.0495000000,0.0110566722,-0.2232280857,1.3396439460,-0.0399503380
