Instance,INF_avg,INF_sd,INF_r1,INF_kr,INF_sk,SUP_avg,SUP_sd,SUP_r1,SUP_kr,SUP_sk,INC_avg,INC_sd,INC_r1,INC_kr,INC_sk,IND_avg,IND_sd,IND_r1,IND_kr,IND_sk
instances/A1/symmetric/8.4.in,0.4484848485,0.0197938565,-0.5126050420,2.7291666667,0.8675276172,0.0924242424,0.0146899390,0.1359447005,3.0377999095,1.3627927530,0.4590909091,0.0187209626,0.0288989345,2.5472658162,-1.0858272556,0.2464646465,0.0273660953,0.1657438169,1.3050100602,0.0642668130
