Instance,INF_avg,INF_sd,INF_r1,INF_kr,INF_sk,SUP_avg,SUP_sd,SUP_r1,SUP_kr,SUP_sk,INC_avg,INC_sd,INC_r1,INC_kr,INC_sk,IND_avg,IND_sd,IND_r1,IND_kr,IND_sk
instances/A2/asymmetric/50.6.in,0.5275555556,0.1281865924,0.8795143780,3.5541218374,0.7870868865,0.0622222222,0.0649406186,0.7274610848,4.0137153168,1.3065520065,0.4102222222,0.0970335312,0.7338325494,3.8793353857,-1.0447687837,0.1506666667,0.0356775684,0.0861385495,2.4053790456,0.1098186756
