Instance,INF_avg,INF_sd,INF_r1,INF_kr,INF_sk,SUP_avg,SUP_sd,SUP_r1,SUP_kr,SUP_sk,INC_avg,INC_sd,INC_r1,INC_kr,INC_sk,IND_avg,IND_sd,IND_r1,IND_kr,IND_sk
instances/A3/asymmetric/5.2.in,0.1266666667,0.1036018018,-0.0841100755,1.2952625285,0.2316162345,0.1233333333,0.1209223810,0.6649756922,1.2248893672,0.2345195520,0.7500000000,0.1290994449,0.1818181818,2.9166666667,1.2909944487,0.4066666667,0.0429469958,0.0496368039,2.4634199448,-0.4460527720
