Instance,INF_avg,INF_sd,INF_r1,INF_kr,INF_sk,SUP_avg,SUP_sd,SUP_r1,SUP_kr,SUP_sk,INC_avg,INC_sd,INC_r1,INC_kr,INC_sk,IND_avg,IND_sd,IND_r1,IND_kr,IND_sk
instances/A3/asymmetric/5.2.in,0.1870370370,0.1162101592,0.1203144418,1.5933019445,-0.2247866399,0.1129629630,0.0945351779,0.3680406501,2.0271688394,0.5730278065,0.7000000000,0.1335646142,0.2324723247,3.4900982986,0.8575090988,0.4185185185,0.0433507404,0.0854718543,3.2198971709,0.0296218896
