Instance,INF_avg,INF_sd,INF_r1,INF_kr,INF_sk,SUP_avg,SUP_sd,SUP_r1,SUP_kr,SUP_sk,INC_avg,INC_sd,INC_r1,INC_kr,INC_sk,IND_avg,IND_sd,IND_r1,IND_kr,IND_sk
instances/A1/symmetric/8.3.in,0.7208333333,0.0435012771,-0.0975206612,3.9963807760,-1.6696054513,0.0000000000,0.0000000000,0.0000000000,0.0000000000,0.0000000000,0.2791666667,0.0435012771,-0.0975206612,3.9963807760,1.6696054513,0.2888888889,0.1043794124,-0.5717738038,2.9761172949,1.1686801801
