Instance,INF_avg,INF_sd,INF_r1,INF_kr,INF_sk,SUP_avg,SUP_sd,SUP_r1,SUP_kr,SUP_sk,INC_avg,INC_sd,INC_r1,INC_kr,INC_sk,IND_avg,IND_sd,IND_r1,IND_kr,IND_sk
instances/A1/symmetric/50.2.in,0.4940000000,0.0677790528,-0.2734343837,3.1415947511,-1.4130524873,0.1560000000,0.0394208067,0.3112467306,2.6991423304,1.0726750119,0.3500000000,0.0380788655,-0.2671232877,1.9092746730,0.2445016336,0.0450000000,0.0148323970,-0.3720930233,2.2830578512,0.4596817244
