Instance,INF_avg,INF_sd,INF_r1,INF_kr,INF_sk,SUP_avg,SUP_sd,SUP_r1,SUP_kr,SUP_sk,INC_avg,INC_sd,INC_r1,INC_kr,INC_sk,IND_avg,IND_sd,IND_r1,IND_kr,IND_sk
instances/A1/symmetric/10.3.in,0.3039860140,0.1165886743,0.4082524898,1.6770341145,-0.1683774514,0.2399300699,0.0751949558,0.6112368719,1.9407414208,0.4664598698,0.4560839161,0.0441748866,0.1327694194,1.2780721404,-0.2072048903,0.1002797203,0.0074448434,-0.7302526218,1.3245373665,0.1962305113
