Instance,INF_avg,INF_sd,INF_r1,INF_kr,INF_sk,SUP_avg,SUP_sd,SUP_r1,SUP_kr,SUP_sk,INC_avg,INC_sd,INC_r1,INC_kr,INC_sk,IND_avg,IND_sd,IND_r1,IND_kr,IND_sk
instances/A1/symmetric/10.3.in,0.2788275217,0.1039509701,0.5288650633,2.1016420029,0.0473770414,0.2451857666,0.0662857582,0.4384913761,2.0374564839,0.3321635386,0.4759867117,0.0463724254,0.4184065115,1.9888704208,-0.3479431632,0.1098837670,0.0157045913,-0.2743756496,2.7014600415,0.8256843283
