Instance,INF_avg,INF_sd,INF_r1,INF_kr,INF_sk,SUP_avg,SUP_sd,SUP_r1,SUP_kr,SUP_sk,INC_avg,INC_sd,INC_r1,INC_kr,INC_sk,IND_avg,IND_sd,IND_r1,IND_kr,IND_sk
instances/A2/symmetric/8.6.in,0.4409035409,0.0350399696,-0.2312311915,1.7957995512,-0.6026878710,0.1526251526,0.0428270421,-0.5718096657,2.3705940457,-0.7653072513,0.4064713065,0.0345834451,0.2800886968,2.2049844705,-0.0485286872,0.2423280423,0.0281090876,-0.0058667680,3.8923484525,1.0655430920
