Instance,INF_avg,INF_sd,INF_r1,INF_kr,INF_sk,SUP_avg,SUP_sd,SUP_r1,SUP_kr,SUP_sk,INC_avg,INC_sd,INC_r1,INC_kr,INC_sk,IND_avg,IND_sd,IND_r1,IND_kr,IND_sk
instances/A2/symmetric/100.5.in,0.3200000000,0.0560000000,0.3397190294,4.3920400191,0.4545713375,0.1670000000,0.0456070170,-0.0067482737,2.4299204882,-0.4192168667,0.5130000000,0.0407185461,0.0884694855,2.1180961264,-0.0767870890,0.0640000000,0.0187616630,0.4705950721,2.5062951963,-0.0481518663
