Instance,INF_avg,INF_sd,INF_r1,INF_kr,INF_sk,SUP_avg,SUP_sd,SUP_r1,SUP_kr,SUP_sk,INC_avg,INC_sd,INC_r1,INC_kr,INC_sk,IND_avg,IND_sd,IND_r1,IND_kr,IND_sk
instances/A3/asymmetric/20.4.in,0.6356737673,0.0272986935,0.1790041850,2.6228178915,0.4504561131,0.0525770688,0.0169413930,0.2331532620,1.5253346848,-0.4870576123,0.3117491639,0.0209293964,0.4134454827,2.4379495758,0.5609484959,0.1114181536,0.0284776821,0.0530172535,3.7682060685,1.0307912797
