Instance,INF_avg,INF_sd,INF_r1,INF_kr,INF_sk,SUP_avg,SUP_sd,SUP_r1,SUP_kr,SUP_sk,INC_avg,INC_sd,INC_r1,INC_kr,INC_sk,IND_avg,IND_sd,IND_r1,IND_kr,IND_sk
instances/A3/asymmetric/200.4.in,0.8053061988,0.1415859557,0.9458229745,1.6994364783,-0.2867731065,0.0133333333,0.0189052217,0.6568914956,5.3956750517,1.7101945027,0.1813604679,0.1264379916,0.9635783864,1.5668063010,0.1448733987,0.0476227506,0.0209780823,0.8836479512,2.7208273909,0.0979198436
