Instance,INF_avg,INF_sd,INF_r1,INF_kr,INF_sk,SUP_avg,SUP_sd,SUP_r1,SUP_kr,SUP_sk,INC_avg,INC_sd,INC_r1,INC_kr,INC_sk,IND_avg,IND_sd,IND_r1,IND_kr,IND_sk
instances/A1/symmetric/20.3.in,0.6782619283,0.0597161588,0.7099147817,1.6399406994,-0.1219564094,0.0624490210,0.0240292749,0.5572235064,1.7438631543,-0.3208751226,0.2592890506,0.0364864638,0.7852510386,1.7427407554,0.3468773391,0.0621178526,0.0168940963,0.0615740037,2.7072415669,0.8960632859
