Instance,INF_avg,INF_sd,INF_r1,INF_kr,INF_sk,SUP_avg,SUP_sd,SUP_r1,SUP_kr,SUP_sk,INC_avg,INC_sd,INC_r1,INC_kr,INC_sk,IND_avg,IND_sd,IND_r1,IND_kr,IND_sk
instances/A1/symmetric/100.2.in,0.4080000000,0.0438862165,0.1959064327,1.9511440430,0.4698499741,0.1460000000,0.0198494332,-0.7878338279,2.3914684738,-0.9344459927,0.4460000000,0.0345543051,0.0543431750,2.0706842420,0.6372606958,0.0620000000,0.0087177979,0.1737288136,1.7957063712,0.0543353054
