Instance,INF_avg,INF_sd,INF_r1,INF_kr,INF_sk,SUP_avg,SUP_sd,SUP_r1,SUP_kr,SUP_sk,INC_avg,INC_sd,INC_r1,INC_kr,INC_sk,IND_avg,IND_sd,IND_r1,IND_kr,IND_sk
instances/A1/asymmetric/5.4.in,0.4011111111,0.1460762527,-0.5208073203,1.2815104016,-0.3828396611,0.1266666667,0.1118530782,-0.2033416282,2.6688114611,0.9478622856,0.4722222222,0.0978156492,-0.3076923077,3.1867845994,1.4565472846,0.3722222222,0.0484322105,0.4410876133,1.3801939058,0.5071295170
