Instance,INF_avg,INF_sd,INF_r1,INF_kr,INF_sk,SUP_avg,SUP_sd,SUP_r1,SUP_kr,SUP_sk,INC_avg,INC_sd,INC_r1,INC_kr,INC_sk,IND_avg,IND_sd,IND_r1,IND_kr,IND_sk
instances/A3/symmetric/10.2.in,0.3673129252,0.0897388931,-0.0089762703,2.5994576923,0.5760849931,0.0787414966,0.0307492107,-0.9867166808,2.1847566157,-0.7523213085,0.5539455782,0.0657632496,0.4168349368,2.2856525918,-0.1016921071,0.1632312925,0.0357173378,0.1991307796,2.0971884517,0.6579488929
