Instance,INF_avg,INF_sd,INF_r1,INF_kr,INF_sk,SUP_avg,SUP_sd,SUP_r1,SUP_kr,SUP_sk,INC_avg,INC_sd,INC_r1,INC_kr,INC_sk,IND_avg,IND_sd,IND_r1,IND_kr,IND_sk
instances/A1/symmetric/20.3.in,0.6049159323,0.1597358887,0.8998490443,2.3050703444,-0.3967523775,0.0561810086,0.0716051003,0.7749353185,5.1521864583,1.7946172840,0.3389030591,0.1064529578,0.8976792570,1.8815989609,-0.3173761567,0.1078261201,0.0230238153,0.3617586374,2.0212857322,-0.1375475658
