Instance,INF_avg,INF_sd,INF_r1,INF_kr,INF_sk,SUP_avg,SUP_sd,SUP_r1,SUP_kr,SUP_sk,INC_avg,INC_sd,INC_r1,INC_kr,INC_sk,IND_avg,IND_sd,IND_r1,IND_kr,IND_sk
instances/A2/asymmetric/100.2.in,0.4215686275,0.1002618640,0.4804817118,2.3467490324,-0.6084775713,0.1137254902,0.0684265968,0.7342082435,2.0700086022,0.3355935417,0.4647058824,0.0719027923,0.0352992929,2.2030728133,0.1223861736,0.1666666667,0.0325797162,-0.0575184881,2.8804994055,0.1622898213
