Instance,INF_avg,INF_sd,INF_r1,INF_kr,INF_sk,SUP_avg,SUP_sd,SUP_r1,SUP_kr,SUP_sk,INC_avg,INC_sd,INC_r1,INC_kr,INC_sk,IND_avg,IND_sd,IND_r1,IND_kr,IND_sk
instances/A1/asymmetric/10.4.in,0.3359169402,0.0737268202,-0.6476071676,1.5445702070,0.0438528425,0.1767090053,0.0262111415,0.1249296830,1.9930739581,-0.3424554083,0.4873740545,0.0689785699,-0.3569111026,2.3165689502,-0.7570379124,0.1810261167,0.0271305477,0.2481993986,2.1383916592,-0.5989625291
