Instance,INF_avg,INF_sd,INF_r1,INF_kr,INF_sk,SUP_avg,SUP_sd,SUP_r1,SUP_kr,SUP_sk,INC_avg,INC_sd,INC_r1,INC_kr,INC_sk,IND_avg,IND_sd,IND_r1,IND_kr,IND_sk
instances/A2/asymmetric/10.5.in,0.4073150118,0.1355790699,0.9503611544,1.9676268118,-0.6120645379,0.2693182680,0.1611775062,0.9677645732,2.0089646423,0.7191375146,0.3233667202,0.0328027874,0.3474460903,3.2308548797,-0.9455849886,0.1398122034,0.0313153287,0.0332925201,2.1738245984,-0.3225004572
