Instance,INF_avg,INF_sd,INF_r1,INF_kr,INF_sk,SUP_avg,SUP_sd,SUP_r1,SUP_kr,SUP_sk,INC_avg,INC_sd,INC_r1,INC_kr,INC_sk,IND_avg,IND_sd,IND_r1,IND_kr,IND_sk
instances/A3/symmetric/20.4.in,0.6880043830,0.0243674891,-0.0747157889,1.8398153832,0.3525403478,0.0613117966,0.0148303156,0.5284254125,1.6240954368,0.4097487240,0.2506838204,0.0238765425,0.1017853859,1.9648391458,-0.1449188890,0.0914859745,0.0175629713,0.2325785512,5.1470195000,1.7749986050
