Instance,INF_avg,INF_sd,INF_r1,INF_kr,INF_sk,SUP_avg,SUP_sd,SUP_r1,SUP_kr,SUP_sk,INC_avg,INC_sd,INC_r1,INC_kr,INC_sk,IND_avg,IND_sd,IND_r1,IND_kr,IND_sk
instances/A3/asymmetric/50.1.in,0.3993500000,0.0655997523,0.6892050916,2.9298066911,0.7253189199,0.1233500000,0.0415394692,0.6416675727,2.8503363760,-0.0806793909,0.4773000000,0.0415837709,0.4713985231,3.5165025196,-0.2656375146,0.0823000000,0.0192538308,0.3557134000,2.3483148233,0.0766973423
