Instance,INF_avg,INF_sd,INF_r1,INF_kr,INF_sk,SUP_avg,SUP_sd,SUP_r1,SUP_kr,SUP_sk,INC_avg,INC_sd,INC_r1,INC_kr,INC_sk,IND_avg,IND_sd,IND_r1,IND_kr,IND_sk
instances/A2/asymmetric/5.6.in,0.4366666667,0.1110888867,0.0186457311,2.5291234141,-0.3130037835,0.1111111111,0.1217161239,0.1666666667,2.5000000000,0.9128709292,0.4522222222,0.0543877256,-0.3745704467,2.8127799254,1.1375688602,0.4311111111,0.0979795897,-0.4003083248,2.1624498298,0.6277727484
