Instance,INF_avg,INF_sd,INF_r1,INF_kr,INF_sk,SUP_avg,SUP_sd,SUP_r1,SUP_kr,SUP_sk,INC_avg,INC_sd,INC_r1,INC_kr,INC_sk,IND_avg,IND_sd,IND_r1,IND_kr,IND_sk
instances/A2/asymmetric/50.3.in,0.4364500000,0.1009908288,0.8260793156,2.2960638090,0.5006036097,0.2187000000,0.0591296034,0.6979213158,2.1426952486,-0.2508263609,0.3448500000,0.0567206091,0.7077573545,2.7209377033,-0.1610888553,0.0493000000,0.0119377552,0.4858111012,2.1571462785,0.2055042487
