Instance,INF_avg,INF_sd,INF_r1,INF_kr,INF_sk,SUP_avg,SUP_sd,SUP_r1,SUP_kr,SUP_sk,INC_avg,INC_sd,INC_r1,INC_kr,INC_sk,IND_avg,IND_sd,IND_r1,IND_kr,IND_sk
instances/A2/asymmetric/5.4.in,0.4962962963,0.0733295921,-0.5000000000,1.5000000000,0.7071067812,0.1851851852,0.1385799032,-0.0588235294,1.5000000000,-0.3818017742,0.3185185185,0.0733295921,-0.0231213873,1.5000000000,-0.2947996201,0.3555555556,0.0314269681,-0.5000000000,1.5000000000,0.7071067812
