Instance,INF_avg,INF_sd,INF_r1,INF_kr,INF_sk,SUP_avg,SUP_sd,SUP_r1,SUP_kr,SUP_sk,INC_avg,INC_sd,INC_r1,INC_kr,INC_sk,IND_avg,IND_sd,IND_r1,IND_kr,IND_sk
instances/A2/asymmetric/5.3.in,0.1925925926,0.0539267399,-0.1911764706,5.3407796369,1.7792080594,0.3148148148,0.1284870278,0.6134433390,2.0041221862,-0.4458971791,0.4925925926,0.1006494685,0.6524952254,2.0246994195,0.2131147460,0.3148148148,0.0610830463,-0.4040445728,1.7474622891,0.3731102963
