Instance,INF_avg,INF_sd,INF_r1,INF_kr,INF_sk,SUP_avg,SUP_sd,SUP_r1,SUP_kr,SUP_sk,INC_avg,INC_sd,INC_r1,INC_kr,INC_sk,IND_avg,IND_sd,IND_r1,IND_kr,IND_sk
instances/A2/asymmetric/8.4.in,0.3151515152,0.1101982705,0.2902248042,2.5878405934,0.2446043910,0.3037037037,0.1239157879,0.4189063355,2.3072423839,-0.0886030004,0.3811447811,0.0332805759,-0.1955562894,4.2728967480,-1.3490951200,0.2087542088,0.0426985945,0.1742015041,2.5598453570,-0.6843754755
