Instance,INF_avg,INF_sd,INF_r1,INF_kr,INF_sk,SUP_avg,SUP_sd,SUP_r1,SUP_kr,SUP_sk,INC_avg,INC_sd,INC_r1,INC_kr,INC_sk,IND_avg,IND_sd,IND_r1,IND_kr,IND_sk
instances/A2/asymmetric/8.4.in,0.2836363636,0.1281298698,0.2495745010,2.6504652523,0.7651707772,0.3412121212,0.1437731097,0.6378969597,2.3005995498,-0.6515703806,0.3751515152,0.0421811216,-0.2479040371,2.3989211542,-0.7845241895,0.2224242424,0.0231257988,0.2610240672,2.1426552500,-0.8206644719
