Instance,INF_avg,INF_sd,INF_r1,INF_kr,INF_sk,SUP_avg,SUP_sd,SUP_r1,SUP_kr,SUP_sk,INC_avg,INC_sd,INC_r1,INC_kr,INC_sk,IND_avg,IND_sd,IND_r1,IND_kr,IND_sk
instances/A3/symmetric/200.1.in,0.3738000000,0.0333100585,0.3185796224,3.3401053384,-0.0392011706,0.1141000000,0.0186732429,0.5056697693,2.4165627977,0.0629213808,0.5121000000,0.0295142339,0.2385883555,2.6125509547,0.3751668353,0.0864000000,0.0203970586,0.3202779545,2.9495191758,0.1372718668
