Instance,INF_avg,INF_sd,INF_r1,INF_kr,INF_sk,SUP_avg,SUP_sd,SUP_r1,SUP_kr,SUP_sk,INC_avg,INC_sd,INC_r1,INC_kr,INC_sk,IND_avg,IND_sd,IND_r1,IND_kr,IND_sk
instances/A2/symmetric/200.3.in,0.4139344262,0.1611005051,-0.0546336798,3.0837192629,0.2672205749,0.1139344262,0.0977748952,0.0226451212,2.4074798646,0.4552446459,0.4721311475,0.1564264322,0.0469936169,3.2786722360,0.1974999486,0.4040983607,0.1210592193,-0.0349251453,2.9391545482,0.1987018298
