Instance,INF_avg,INF_sd,INF_r1,INF_kr,INF_sk,SUP_avg,SUP_sd,SUP_r1,SUP_kr,SUP_sk,INC_avg,INC_sd,INC_r1,INC_kr,INC_sk,IND_avg,IND_sd,IND_r1,IND_kr,IND_sk
instances/A3/symmetric/8.6.in,0.3014732181,0.1915831200,0.7815122471,2.1322018375,-0.1436380780,0.2126466126,0.1067985499,0.6135584422,1.7374944212,-0.0210320363,0.4858801692,0.1007726992,0.5584850389,2.3677796049,0.5727832948,0.2179746180,0.0640699636,0.3889337448,1.9075607661,0.7104269113
