Instance,INF_avg,INF_sd,INF_r1,INF_kr,INF_sk,SUP_avg,SUP_sd,SUP_r1,SUP_kr,SUP_sk,INC_avg,INC_sd,INC_r1,INC_kr,INC_sk,IND_avg,IND_sd,IND_r1,IND_kr,IND_sk
instances/A2/asymmetric/10.3.in,0.5859477124,0.0702097393,0.2830256095,1.4614471533,0.4602834773,0.1285947712,0.0661351037,0.2624397017,1.8462977069,0.1665496972,0.2854575163,0.0446452356,0.2844771560,2.5547870186,0.9500103611,0.1578431373,0.0266965663,0.5494869935,1.9247204437,0.4787307125
