Instance,INF_avg,INF_sd,INF_r1,INF_kr,INF_sk,SUP_avg,SUP_sd,SUP_r1,SUP_kr,SUP_sk,INC_avg,INC_sd,INC_r1,INC_kr,INC_sk,IND_avg,IND_sd,IND_r1,IND_kr,IND_sk
instances/A2/asymmetric/10.3.in,0.5911764706,0.0796130347,0.6098278492,1.2251114740,0.4336173380,0.1079411765,0.0722452570,0.3170985008,2.2938059430,0.7378750874,0.3008823529,0.0544840537,0.0213623624,1.3892046557,0.1378352324,0.1388235294,0.0113378443,-0.6424056694,1.1841168085,-0.3801106207
