Instance,INF_avg,INF_sd,INF_r1,INF_kr,INF_sk,SUP_avg,SUP_sd,SUP_r1,SUP_kr,SUP_sk,INC_avg,INC_sd,INC_r1,INC_kr,INC_sk,IND_avg,IND_sd,IND_r1,IND_kr,IND_sk
instances/A2/symmetric/8.3.in,0.4783333333,0.1283008617,-0.5698441015,1.3427765139,0.4896812565,0.0133333333,0.0266666667,-0.0526315789,3.2500000000,1.5000000000,0.5083333333,0.1428869017,-0.5384615385,1.1666666667,-0.4082482905,0.3700000000,0.0966953980,0.0033500838,2.5660013155,-0.5947891022
