Instance,INF_avg,INF_sd,INF_r1,INF_kr,INF_sk,SUP_avg,SUP_sd,SUP_r1,SUP_kr,SUP_sk,INC_avg,INC_sd,INC_r1,INC_kr,INC_sk,IND_avg,IND_sd,IND_r1,IND_kr,IND_sk
instances/A2/symmetric/8.3.in,0.5500000000,0.1337954953,-0.2260348584,1.5089246433,-0.2875270763,0.0296296296,0.0456623259,0.1165644172,3.1703601108,1.2380055823,0.4203703704,0.1481944372,-0.1075088183,1.5095778250,0.5589266080,0.3138888889,0.1125599977,0.0034508938,1.8694493362,-0.0916489916
