Instance,INF_avg,INF_sd,INF_r1,INF_kr,INF_sk,SUP_avg,SUP_sd,SUP_r1,SUP_kr,SUP_sk,INC_avg,INC_sd,INC_r1,INC_kr,INC_sk,IND_avg,IND_sd,IND_r1,IND_kr,IND_sk
instances/A3/asymmetric/5.3.in,0.4455555556,0.1403874709,-0.5740930309,1.4205847051,-0.1101460499,0.0777777778,0.0666666667,-0.3362068966,1.3981481481,-0.1111111111,0.4766666667,0.0779680213,-0.6868995066,1.2900214866,0.3248639685,0.4166666667,0.0977525220,-0.2616279070,2.6859113034,1.0705725096
