Instance,INF_avg,INF_sd,INF_r1,INF_kr,INF_sk,SUP_avg,SUP_sd,SUP_r1,SUP_kr,SUP_sk,INC_avg,INC_sd,INC_r1,INC_kr,INC_sk,IND_avg,IND_sd,IND_r1,IND_kr,IND_sk
instances/A3/symmetric/8.1.in,0.1540404040,0.0778171224,-0.2278481013,3.1540127923,-1.4219986412,0.2207070707,0.1034503223,-1.0171010872,2.8348776141,1.1001917830,0.6252525253,0.0384833903,-0.8242175150,2.3977607471,0.8591628042,0.2338383838,0.0142492283,-0.5307848444,1.5511792631,-0.4370840395
