Instance,INF_avg,INF_sd,INF_r1,INF_kr,INF_sk,SUP_avg,SUP_sd,SUP_r1,SUP_kr,SUP_sk,INC_avg,INC_sd,INC_r1,INC_kr,INC_sk,IND_avg,IND_sd,IND_r1,IND_kr,IND_sk
instances/A3/symmetric/100.1.in,0.2930769231,0.0610024735,0.0315470640,2.4495127002,-0.3940666852,0.0792307692,0.0434938614,0.4001351482,2.5116095018,0.1615137128,0.6276923077,0.0584615385,-0.0984286985,4.0395053368,0.5331134276,0.2246153846,0.0356511699,0.2466445602,3.1078618021,-0.1053516309
