Instance,INF_avg,INF_sd,INF_r1,INF_kr,INF_sk,SUP_avg,SUP_sd,SUP_r1,SUP_kr,SUP_sk,INC_avg,INC_sd,INC_r1,INC_kr,INC_sk,IND_avg,IND_sd,IND_r1,IND_kr,IND_sk
instances/A3/symmetric/10.1.in,0.4946127946,0.0989714546,-0.6544133788,2.4823676807,0.9957047575,0.1244602892,0.0119241401,-0.1064095056,3.1798160285,1.4519601752,0.3809269162,0.1008566168,-0.6031042373,2.0812711511,-0.7697301345,0.1866904337,0.0178862101,-0.1064095056,3.1798160285,1.4519601752
