Instance,INF_avg,INF_sd,INF_r1,INF_kr,INF_sk,SUP_avg,SUP_sd,SUP_r1,SUP_kr,SUP_sk,INC_avg,INC_sd,INC_r1,INC_kr,INC_sk,IND_avg,IND_sd,IND_r1,IND_kr,IND_sk
instances/A3/symmetric/5.2.in,0.5061728395,0.1112482008,0.3816712231,1.5969254289,-0.5380334887,0.0493827160,0.1062015465,-0.0800000000,5.7271731191,2.0673228728,0.4444444444,0.1217161239,0.4210526316,2.6333333333,0.1420021445,0.4543209877,0.0695753225,-0.3266286400,2.7989296297,1.1497614607
