Instance,INF_avg,INF_sd,INF_r1,INF_kr,INF_sk,SUP_avg,SUP_sd,SUP_r1,SUP_kr,SUP_sk,INC_avg,INC_sd,INC_r1,INC_kr,INC_sk,IND_avg,IND_sd,IND_r1,IND_kr,IND_sk
instances/A1/asymmetric/100.4.in,0.2041000000,0.0788206191,0.7337182787,1.9185638307,-0.3261106754,0.1909000000,0.0436656616,0.7197646800,2.5451837694,0.6610709870,0.6050000000,0.0567274184,0.5629629630,2.7662675496,-0.3630261509,0.0733000000,0.0175102827,0.2142375542,2.5603123287,0.4295395747
