Instance,INF_avg,INF_sd,INF_r1,INF_kr,INF_sk,SUP_avg,SUP_sd,SUP_r1,SUP_kr,SUP_sk,INC_avg,INC_sd,INC_r1,INC_kr,INC_sk,IND_avg,IND_sd,IND_r1,IND_kr,IND_sk
instances/A2/symmetric/100.2.in,0.3060000000,0.0152970585,-0.8449931413,1.2543282928,-0.3989370954,0.2670000000,0.0280356915,-0.7485773409,1.5590291941,-0.3278263952,0.4270000000,0.0381575681,-0.8387006047,1.7101893642,0.1621025625,0.0630000000,0.0128840987,0.0160349854,1.2876324575,-0.3955562318
