Instance,INF_avg,INF_sd,INF_r1,INF_kr,INF_sk,SUP_avg,SUP_sd,SUP_r1,SUP_kr,SUP_sk,INC_avg,INC_sd,INC_r1,INC_kr,INC_sk,IND_avg,IND_sd,IND_r1,IND_kr,IND_sk
instances/A1/asymmetric/10.5.in,0.6863368984,0.1097020863,0.6960318941,2.7649708717,-1.1995825998,0.0481550802,0.0468839727,0.5225257973,2.7455623216,1.0783809390,0.2655080214,0.0645060888,0.6808114358,2.6511298012,1.0879152997,0.1274331551,0.0428848499,0.1187599604,2.6892053781,0.8496747722
