Instance,INF_avg,INF_sd,INF_r1,INF_kr,INF_sk,SUP_avg,SUP_sd,SUP_r1,SUP_kr,SUP_sk,INC_avg,INC_sd,INC_r1,INC_kr,INC_sk,IND_avg,IND_sd,IND_r1,IND_kr,IND_sk
instances/A1/symmetric/200.1.in,0.7965000000,0.0815184028,0.9712987699,2.0371109069,-0.5644983590,0.0475000000,0.0385519131,0.9155733029,2.5258908936,1.0262177558,0.1560000000,0.0449888875,0.9468301273,1.8092968372,0.1189028801,0.0595000000,0.0129325172,0.4655144823,1.6592531521,0.1102653839
