Instance,INF_avg,INF_sd,INF_r1,INF_kr,INF_sk,SUP_avg,SUP_sd,SUP_r1,SUP_kr,SUP_sk,INC_avg,INC_sd,INC_r1,INC_kr,INC_sk,IND_avg,IND_sd,IND_r1,IND_kr,IND_sk
instances/A3/asymmetric/200.1.in,0.3113636364,0.1537647393,0.1238953251,3.2093176147,0.4392859003,0.0713636364,0.0855355032,0.0838256755,3.9045924447,1.1508426117,0.6172727273,0.1608834083,0.0511459018,2.8394529358,-0.1377593551,0.5027272727,0.1554811248,0.0532042045,3.0023917061,0.1940750410
