Instance,INF_avg,INF_sd,INF_r1,INF_kr,INF_sk,SUP_avg,SUP_sd,SUP_r1,SUP_kr,SUP_sk,INC_avg,INC_sd,INC_r1,INC_kr,INC_sk,IND_avg,IND_sd,IND_r1,IND_kr,IND_sk
instances/A1/asymmetric/200.4.in,0.3085000000,0.0377524834,0.7973250185,2.4739455693,0.6984163906,0.1390000000,0.0277308492,-0.2592172433,2.1972483813,-0.0617584326,0.5525000000,0.0260048072,0.5364635365,2.9288713651,-0.8273743943,0.0995000000,0.0173853387,-0.4902072098,1.9855611450,-0.0445314045
