Instance,INF_avg,INF_sd,INF_r1,INF_kr,INF_sk,SUP_avg,SUP_sd,SUP_r1,SUP_kr,SUP_sk,INC_avg,INC_sd,INC_r1,INC_kr,INC_sk,IND_avg,IND_sd,IND_r1,IND_kr,IND_sk
instances/A3/asymmetric/50.5.in,0.3915000000,0.0478565565,0.1266015964,1.9179315633,0.5495081070,0.1110000000,0.0267207784,0.7794659979,1.9152013747,0.6516189171,0.4975000000,0.0467573524,0.0106047578,1.6892917001,-0.1056510997,0.0640000000,0.0214242853,0.5933537385,1.4163925556,0.1757214223
