Instance,INF_avg,INF_sd,INF_r1,INF_kr,INF_sk,SUP_avg,SUP_sd,SUP_r1,SUP_kr,SUP_sk,INC_avg,INC_sd,INC_r1,INC_kr,INC_sk,IND_avg,IND_sd,IND_r1,IND_kr,IND_sk
instances/A3/symmetric/5.4.in,0.4844444444,0.1027041779,0.1985322518,1.5874889534,-0.0909245104,0.1111111111,0.0993807990,0.0000000000,1.2500000000,-0.0000000000,0.4044444444,0.0407340062,0.5426829268,2.2295918367,-0.6858276550,0.4222222222,0.0983819716,0.0000000000,2.4000416493,0.8850689661
