Instance,INF_avg,INF_sd,INF_r1,INF_kr,INF_sk,SUP_avg,SUP_sd,SUP_r1,SUP_kr,SUP_sk,INC_avg,INC_sd,INC_r1,INC_kr,INC_sk,IND_avg,IND_sd,IND_r1,IND_kr,IND_sk
instances/A2/asymmetric/100.5.in,0.9019798995,0.0570339017,0.4080492077,1.6711699237,-0.0016938496,0.0340100503,0.0226609354,0.7700676452,1.3489399347,0.1950577415,0.0640100503,0.0421059969,0.0813255057,1.3159393380,-0.1656739251,0.0250201005,0.0126412266,-0.0324804546,3.1430385347,1.4067993354
