Instance,INF_avg,INF_sd,INF_r1,INF_kr,INF_sk,SUP_avg,SUP_sd,SUP_r1,SUP_kr,SUP_sk,INC_avg,INC_sd,INC_r1,INC_kr,INC_sk,IND_avg,IND_sd,IND_r1,IND_kr,IND_sk
instances/A3/symmetric/200.3.in,0.3702000000,0.0320149965,0.1166737497,2.2557886651,-0.4427970925,0.1166000000,0.0213878470,0.2308934697,2.6198632877,0.5151644354,0.5132000000,0.0234895722,0.1695889132,2.7578609772,-0.2661653253,0.0918000000,0.0159298462,0.3828542689,2.5996401759,-0.2996112834
