Instance,INF_avg,INF_sd,INF_r1,INF_kr,INF_sk,SUP_avg,SUP_sd,SUP_r1,SUP_kr,SUP_sk,INC_avg,INC_sd,INC_r1,INC_kr,INC_sk,IND_avg,IND_sd,IND_r1,IND_kr,IND_sk
instances/A3/asymmetric/5.3.in,0.3155555556,0.1007625249,-0.1133603239,2.6751426971,-0.7609936028,0.2311111111,0.0352416701,0.1139750302,2.4774237280,-0.9592009558,0.4533333333,0.0903081146,-0.6849199663,2.0400366771,0.3883163773,0.3555555556,0.0689426314,0.4357976654,1.7794737730,-0.1632576395
