Instance,INF_avg,INF_sd,INF_r1,INF_kr,INF_sk,SUP_avg,SUP_sd,SUP_r1,SUP_kr,SUP_sk,INC_avg,INC_sd,INC_r1,INC_kr,INC_sk,IND_avg,IND_sd,IND_r1,IND_kr,IND_sk
instances/A3/asymmetric/5.3.in,0.3191358025,0.1673465784,0.5359294729,2.5931495363,-0.3117293695,0.2179012346,0.0875194581,0.0579997122,4.6355363737,-1.4465034018,0.4629629630,0.1079488270,-0.0021642679,2.1830188862,0.5585188699,0.3746913580,0.0619809648,0.3889320456,2.2923655267,-0.6103789689
