Instance,INF_avg,INF_sd,INF_r1,INF_kr,INF_sk,SUP_avg,SUP_sd,SUP_r1,SUP_kr,SUP_sk,INC_avg,INC_sd,INC_r1,INC_kr,INC_sk,IND_avg,IND_sd,IND_r1,IND_kr,IND_sk
instances/A2/symmetric/10.6.in,0.3832635618,0.0907643545,-0.1410357831,3.7958431423,1.2352368302,0.3277080063,0.0918978390,0.2978490029,2.5008181832,-0.5093001864,0.2890284319,0.0300821956,-0.0429348621,1.2926831344,0.2352685551,0.1132914704,0.0248306074,0.4438974251,2.5046538371,0.4799166429
