Instance,INF_avg,INF_sd,INF_r1,INF_kr,INF_sk,SUP_avg,SUP_sd,SUP_r1,SUP_kr,SUP_sk,INC_avg,INC_sd,INC_r1,INC_kr,INC_sk,IND_avg,IND_sd,IND_r1,IND_kr,IND_sk
instances/A1/symmetric/200.4.in,0.3070000000,0.0427317212,-0.3719110017,2.4998896312,0.4502991826,0.1560000000,0.0180000000,-0.3605898123,1.6967878372,0.3132716049,0.5370000000,0.0316385840,0.0300670168,2.8772895436,-0.7448321498,0.0735000000,0.0148408221,-0.2448954337,2.6453493541,-0.0513967202
