Instance,INF_avg,INF_sd,INF_r1,INF_kr,INF_sk,SUP_avg,SUP_sd,SUP_r1,SUP_kr,SUP_sk,INC_avg,INC_sd,INC_r1,INC_kr,INC_sk,IND_avg,IND_sd,IND_r1,IND_kr,IND_sk
instances/A3/symmetric/200.1.in,0.2891000000,0.0339954409,0.0045169817,2.9166229477,-0.0692678366,0.1469000000,0.0295785395,0.4253543293,2.1548532204,0.3676396786,0.5640000000,0.0365786823,0.0259740260,2.3325960037,0.1645816358,0.0814000000,0.0207855719,0.0164131358,2.7233056488,0.7653158231
