Instance,INF_avg,INF_sd,INF_r1,INF_kr,INF_sk,SUP_avg,SUP_sd,SUP_r1,SUP_kr,SUP_sk,INC_avg,INC_sd,INC_r1,INC_kr,INC_sk,IND_avg,IND_sd,IND_r1,IND_kr,IND_sk
instances/A2/symmetric/100.3.in,0.4380769231,0.1229139546,0.2217131418,2.8482845178,0.0335402842,0.0646153846,0.0737579602,0.3655715878,7.1572376344,1.7748825309,0.4973076923,0.1196648426,0.0966733907,2.7934216506,0.2453872198,0.2776923077,0.0757174755,-0.0487620343,2.7612866559,0.2892185967
