Instance,INF_avg,INF_sd,INF_r1,INF_kr,INF_sk,SUP_avg,SUP_sd,SUP_r1,SUP_kr,SUP_sk,INC_avg,INC_sd,INC_r1,INC_kr,INC_sk,IND_avg,IND_sd,IND_r1,IND_kr,IND_sk
instances/A2/symmetric/5.3.in,0.5600000000,0.0602873776,-0.3319672131,2.8158081285,-1.2332237528,0.0444444444,0.0888888889,-0.2500000000,3.2500000000,1.5000000000,0.3955555556,0.0355555556,-0.0080645161,2.5908203125,-0.5507812500,0.4933333333,0.1306394529,-0.1904761905,1.1666666667,-0.4082482905
