Instance,INF_avg,INF_sd,INF_r1,INF_kr,INF_sk,SUP_avg,SUP_sd,SUP_r1,SUP_kr,SUP_sk,INC_avg,INC_sd,INC_r1,INC_kr,INC_sk,IND_avg,IND_sd,IND_r1,IND_kr,IND_sk
instances/A1/symmetric/10.2.in,0.3559183673,0.0446405964,0.0633170707,2.2088700070,-0.1023541213,0.1486621315,0.0286043794,0.2495447854,2.3582744735,0.8495255435,0.4954195011,0.0713017483,0.1795064068,2.1683445412,-0.3910364519,0.1479365079,0.0200705765,-0.4631295411,1.6224094836,0.2566053482
