Instance,INF_avg,INF_sd,INF_r1,INF_kr,INF_sk,SUP_avg,SUP_sd,SUP_r1,SUP_kr,SUP_sk,INC_avg,INC_sd,INC_r1,INC_kr,INC_sk,IND_avg,IND_sd,IND_r1,IND_kr,IND_sk
instances/A3/symmetric/8.3.in,0.5772079772,0.0907304602,-0.4574413246,2.2956346239,0.8131690340,0.1855514856,0.0664236136,0.7501398688,3.9828310633,1.4302344876,0.2372405372,0.0731566221,-0.3130810174,1.6320079354,-0.1088814208,0.2382987383,0.0339118054,-0.4427004548,1.6411087633,0.0752140995
