Instance,INF_avg,INF_sd,INF_r1,INF_kr,INF_sk,SUP_avg,SUP_sd,SUP_r1,SUP_kr,SUP_sk,INC_avg,INC_sd,INC_r1,INC_kr,INC_sk,IND_avg,IND_sd,IND_r1,IND_kr,IND_sk
instances/A2/symmetric/200.4.in,0.3216000000,0.0316139210,0.0711050583,5.4904666600,0.4194676825,0.2127000000,0.0314358076,0.0896340541,3.1443693876,-0.4178853699,0.4657000000,0.0296312335,-0.1098289044,2.5472714953,0.5063450581,0.0549000000,0.0118105885,0.0701831619,4.5701170267,0.8251179616
