Instance,INF_avg,INF_sd,INF_r1,INF_kr,INF_sk,SUP_avg,SUP_sd,SUP_r1,SUP_kr,SUP_sk,INC_avg,INC_sd,INC_r1,INC_kr,INC_sk,IND_avg,IND_sd,IND_r1,IND_kr,IND_sk
instances/A3/asymmetric/10.2.in,0.6088407293,0.0552432591,-0.5521611375,1.2577184258,0.3776820356,0.0668042656,0.0280201989,0.8282048737,2.4498453611,0.9067673094,0.3243550052,0.0580047276,-0.2519040719,1.4722486630,0.1572142788,0.2068684784,0.0352720941,0.0363992848,2.5097603964,-0.2669542129
