Instance,INF_avg,INF_sd,INF_r1,INF_kr,INF_sk,SUP_avg,SUP_sd,SUP_r1,SUP_kr,SUP_sk,INC_avg,INC_sd,INC_r1,INC_kr,INC_sk,IND_avg,IND_sd,IND_r1,IND_kr,IND_sk
instances/A3/asymmetric/10.2.in,0.5205858772,0.1187647214,0.7843880413,2.3926277175,-0.4366232517,0.0843962686,0.0308580988,0.7519236162,1.8157318860,0.0051945465,0.3950178542,0.0994538971,0.6326613011,2.1244649018,0.2328461683,0.1857857033,0.0407989020,0.2969771784,1.8088637085,0.2119653539
