Instance,INF_avg,INF_sd,INF_r1,INF_kr,INF_sk,SUP_avg,SUP_sd,SUP_r1,SUP_kr,SUP_sk,INC_avg,INC_sd,INC_r1,INC_kr,INC_sk,IND_avg,IND_sd,IND_r1,IND_kr,IND_sk
instances/A3/symmetric/100.6.in,0.3015000000,0.0589936437,0.4995605508,1.6272216108,-0.2620491510,0.1215000000,0.0241919408,-0.1644107403,1.6611660971,-0.1730076513,0.5770000000,0.0452327315,0.7227835312,2.4562152602,0.0136796587,0.0785000000,0.0202546291,0.2072287639,1.4529632019,0.1909871034
