Instance,INF_avg,INF_sd,INF_r1,INF_kr,INF_sk,SUP_avg,SUP_sd,SUP_r1,SUP_kr,SUP_sk,INC_avg,INC_sd,INC_r1,INC_kr,INC_sk,IND_avg,IND_sd,IND_r1,IND_kr,IND_sk
instances/A2/asymmetric/50.3.in,0.4750000000,0.0957862203,0.6771900481,2.0054273177,-0.2073759686,0.1212500000,0.0835071105,0.7014145389,2.1780882260,0.4556641767,0.4037500000,0.0375624480,-0.1507222264,2.7010702604,-0.1589822047,0.1162500000,0.0355096818,0.4767108424,2.8550876854,0.6194969981
