Instance,INF_avg,INF_sd,INF_r1,INF_kr,INF_sk,SUP_avg,SUP_sd,SUP_r1,SUP_kr,SUP_sk,INC_avg,INC_sd,INC_r1,INC_kr,INC_sk,IND_avg,IND_sd,IND_r1,IND_kr,IND_sk
instances/A1/asymmetric/50.6.in,0.3277000000,0.0552468099,0.5786130580,3.7823575557,0.5440473783,0.1591000000,0.0277613040,0.4238259514,2.8748622438,0.0275336343,0.5132000000,0.0470080844,0.5013062029,2.6747272627,0.2409930601,0.0579000000,0.0133075167,0.0135760838,4.3141868799,1.1297616153
