Instance,INF_avg,INF_sd,INF_r1,INF_kr,INF_sk,SUP_avg,SUP_sd,SUP_r1,SUP_kr,SUP_sk,INC_avg,INC_sd,INC_r1,INC_kr,INC_sk,IND_avg,IND_sd,IND_r1,IND_kr,IND_sk
instances/A1/symmetric/10.2.in,0.3471165519,0.0683395122,-0.7997114658,1.9588794565,0.1614360000,0.2221520102,0.0649485630,-0.8242144057,3.3868425751,0.6203630260,0.4307314379,0.0471032711,0.3688589921,2.5079519370,-0.6074212648,0.1418845705,0.0182034134,0.2885958922,2.3430384574,-0.1498288949
