Instance,INF_avg,INF_sd,INF_r1,INF_kr,INF_sk,SUP_avg,SUP_sd,SUP_r1,SUP_kr,SUP_sk,INC_avg,INC_sd,INC_r1,INC_kr,INC_sk,IND_avg,IND_sd,IND_r1,IND_kr,IND_sk
instances/A2/asymmetric/10.1.in,0.5736587422,0.1321953703,0.8973132056,2.0962028805,-0.3046639603,0.1886030241,0.0605079913,0.4685839021,3.4193643405,1.0252246555,0.2377382337,0.0925053025,0.8517206066,1.4538147268,-0.0988721886,0.1204875647,0.0398695109,0.4282167821,3.2642706544,1.0022191827
