Instance,INF_avg,INF_sd,INF_r1,INF_kr,INF_sk,SUP_avg,SUP_sd,SUP_r1,SUP_kr,SUP_sk,INC_avg,INC_sd,INC_r1,INC_kr,INC_sk,IND_avg,IND_sd,IND_r1,IND_kr,IND_sk
instances/A2/asymmetric/10.1.in,0.6643584451,0.0784582679,0.3918006039,2.4301617709,-0.3245463489,0.1699776402,0.0341378950,-0.2174739414,2.1359028946,-0.6649820688,0.1656639147,0.0559119045,0.6516610798,2.4201046634,0.8669584959,0.1280420823,0.0482957435,0.4025472666,2.0854977535,0.6372829146
