Instance,INF_avg,INF_sd,INF_r1,INF_kr,INF_sk,SUP_avg,SUP_sd,SUP_r1,SUP_kr,SUP_sk,INC_avg,INC_sd,INC_r1,INC_kr,INC_sk,IND_avg,IND_sd,IND_r1,IND_kr,IND_sk
instances/A1/asymmetric/50.4.in,0.6120000000,0.0544609952,0.8095318360,1.8174830593,-0.2287729827,0.0755000000,0.0390800461,0.8209482969,1.6249370409,0.3350339262,0.3125000000,0.0234787138,0.3997194951,2.5062859611,-0.4780708990,0.0565000000,0.0134257216,0.4344365312,2.6003662658,0.5776892172
