Instance,INF_avg,INF_sd,INF_r1,INF_kr,INF_sk,SUP_avg,SUP_sd,SUP_r1,SUP_kr,SUP_sk,INC_avg,INC_sd,INC_r1,INC_kr,INC_sk,IND_avg,IND_sd,IND_r1,IND_kr,IND_sk
instances/A3/symmetric/20.5.in,0.5913126847,0.0333554707,0.0805583028,1.9648445991,0.3868517140,0.0575459974,0.0076975553,0.3349125953,1.8556322700,-0.1399667442,0.3511413180,0.0366927425,0.2793232415,2.2264536921,-0.6046454140,0.0701011795,0.0062401159,-0.1228684497,3.7941218449,0.9322787079
