Instance,INF_avg,INF_sd,INF_r1,INF_kr,INF_sk,SUP_avg,SUP_sd,SUP_r1,SUP_kr,SUP_sk,INC_avg,INC_sd,INC_r1,INC_kr,INC_sk,IND_avg,IND_sd,IND_r1,IND_kr,IND_sk
instances/A3/symmetric/20.5.in,0.6103427197,0.0271305714,-0.3436361303,2.1117507278,0.0011242955,0.0593463231,0.0084538906,0.8233914091,1.9831839506,-0.5718634414,0.3303109572,0.0310292186,-0.0821566973,2.2186369708,-0.2398406884,0.0721618872,0.0060237905,-0.4468779835,3.1020384570,1.3956565024
