Instance,INF_avg,INF_sd,INF_r1,INF_kr,INF_sk,SUP_avg,SUP_sd,SUP_r1,SUP_kr,SUP_sk,INC_avg,INC_sd,INC_r1,INC_kr,INC_sk,IND_avg,IND_sd,IND_r1,IND_kr,IND_sk
instances/A3/symmetric/10.5.in,0.5172861090,0.0569319085,0.2609505066,2.3127652269,-0.5701920462,0.1090844341,0.0622708829,0.6565169922,1.6321428936,0.4012889520,0.3736294570,0.0310611171,-0.0464252047,3.9017760163,-1.1595577731,0.1603729604,0.0275542255,-0.4425597726,3.2011006294,0.9904700872
