Instance,INF_avg,INF_sd,INF_r1,INF_kr,INF_sk,SUP_avg,SUP_sd,SUP_r1,SUP_kr,SUP_sk,INC_avg,INC_sd,INC_r1,INC_kr,INC_sk,IND_avg,IND_sd,IND_r1,IND_kr,IND_sk
instances/A1/asymmetric/10.5.in,0.4250000000,0.0433012702,-0.4545454545,2.3333333333,1.1547005384,0.1000000000,0.0707106781,0.0000000000,2.0000000000,0.0000000000,0.4750000000,0.1089724736,-0.1764705882,2.0969529086,-0.6520236647,0.5250000000,0.1479019946,-1.0219780220,1.8457142857,-0.4346507596
