Instance,INF_avg,INF_sd,INF_r1,INF_kr,INF_sk,SUP_avg,SUP_sd,SUP_r1,SUP_kr,SUP_sk,INC_avg,INC_sd,INC_r1,INC_kr,INC_sk,IND_avg,IND_sd,IND_r1,IND_kr,IND_sk
instances/A1/symmetric/200.4.in,0.2846000000,0.0337615166,0.4727132767,2.8331023133,-0.0379943968,0.1696000000,0.0265299830,0.1362083524,2.6990971775,0.0061411043,0.5458000000,0.0310702430,0.4911322912,2.7349626618,0.2664743633,0.0760000000,0.0159373775,0.0961477739,2.6793663587,0.5365488223
