Instance,INF_avg,INF_sd,INF_r1,INF_kr,INF_sk,SUP_avg,SUP_sd,SUP_r1,SUP_kr,SUP_sk,INC_avg,INC_sd,INC_r1,INC_kr,INC_sk,IND_avg,IND_sd,IND_r1,IND_kr,IND_sk
instances/A1/asymmetric/8.2.in,0.6223443223,0.0625548371,-0.0489175432,1.6860122667,0.1470679442,0.0787545788,0.0678694383,0.2329106093,1.9804984333,0.5945021090,0.2989010989,0.0266015790,-0.3224005583,2.3272315344,0.8019423694,0.1915750916,0.0243417549,-0.0744486095,2.4986406890,0.0901462680
