Instance,INF_avg,INF_sd,INF_r1,INF_kr,INF_sk,SUP_avg,SUP_sd,SUP_r1,SUP_kr,SUP_sk,INC_avg,INC_sd,INC_r1,INC_kr,INC_sk,IND_avg,IND_sd,IND_r1,IND_kr,IND_sk
instances/A1/symmetric/50.3.in,0.4215000000,0.0443311403,0.1507406105,2.3087336499,0.8854330775,0.1235000000,0.0363352446,0.6558979362,1.8207496866,0.3967346795,0.4550000000,0.0324037035,-0.1682692308,1.6700680272,0.3659193728,0.0670000000,0.0128840987,-0.1980136561,2.4362026419,0.7812936918
