Instance,INF_avg,INF_sd,INF_r1,INF_kr,INF_sk,SUP_avg,SUP_sd,SUP_r1,SUP_kr,SUP_sk,INC_avg,INC_sd,INC_r1,INC_kr,INC_sk,IND_avg,IND_sd,IND_r1,IND_kr,IND_sk
instances/A2/symmetric/10.3.in,0.4963718821,0.1261866765,0.4501291192,1.8175252122,0.4999369468,0.1543083900,0.0837089810,0.7622197416,1.7963755134,0.3327784622,0.3493197279,0.0583965168,0.1240290238,2.3566985345,-0.4763781963,0.1043650794,0.0141341890,0.2307020467,2.2574658868,-0.1897564899
