Instance,INF_avg,INF_sd,INF_r1,INF_kr,INF_sk,SUP_avg,SUP_sd,SUP_r1,SUP_kr,SUP_sk,INC_avg,INC_sd,INC_r1,INC_kr,INC_sk,IND_avg,IND_sd,IND_r1,IND_kr,IND_sk
instances/A3/asymmetric/50.3.in,0.5248979592,0.2408453273,0.9720580218,1.6560040518,0.4702304209,0.0373626374,0.0435974383,0.6918202677,3.5692875155,1.1046663053,0.4377394035,0.2126093728,0.9649094096,1.7417478644,-0.5034060581,0.1851895044,0.0696999240,0.5916641341,2.1840340549,0.0931408933
