Instance,INF_avg,INF_sd,INF_r1,INF_kr,INF_sk,SUP_avg,SUP_sd,SUP_r1,SUP_kr,SUP_sk,INC_avg,INC_sd,INC_r1,INC_kr,INC_sk,IND_avg,IND_sd,IND_r1,IND_kr,IND_sk
instances/A2/symmetric/5.4.in,0.4222222222,0.0748569738,-0.0129789864,4.2365889176,-0.7194462507,0.1882716049,0.1308001241,0.0558499034,2.1699520340,0.0629326493,0.3895061728,0.1216159048,0.0763905789,2.4175822132,0.8095439402,0.3833333333,0.1296825289,0.0656491742,2.1356794334,0.6887191805
