Instance,INF_avg,INF_sd,INF_r1,INF_kr,INF_sk,SUP_avg,SUP_sd,SUP_r1,SUP_kr,SUP_sk,INC_avg,INC_sd,INC_r1,INC_kr,INC_sk,IND_avg,IND_sd,IND_r1,IND_kr,IND_sk
instances/A2/symmetric/5.4.in,0.4222222222,0.0984446953,-0.0135135135,2.5473852895,-0.5693649136,0.2277777778,0.1030402055,-0.0907504363,2.6119862088,0.8999648019,0.3500000000,0.0333333333,-0.3157894737,3.2500000000,1.5000000000,0.3166666667,0.0333333333,-0.3157894737,3.2500000000,-1.5000000000
