Instance,INF_avg,INF_sd,INF_r1,INF_kr,INF_sk,SUP_avg,SUP_sd,SUP_r1,SUP_kr,SUP_sk,INC_avg,INC_sd,INC_r1,INC_kr,INC_sk,IND_avg,IND_sd,IND_r1,IND_kr,IND_sk
instances/A3/asymmetric/10.3.in,0.0954208754,0.0756686646,-0.0685672299,2.9425869568,1.1877336550,0.1931986532,0.0328080919,-0.8042741575,2.9541957250,-1.2746767036,0.7113804714,0.0488010639,-0.0089712566,2.4452837226,-0.3319388441,0.2259932660,0.0429597964,0.0704052770,2.4763099304,-0.8721670242
