Instance,INF_avg,INF_sd,INF_r1,INF_kr,INF_sk,SUP_avg,SUP_sd,SUP_r1,SUP_kr,SUP_sk,INC_avg,INC_sd,INC_r1,INC_kr,INC_sk,IND_avg,IND_sd,IND_r1,IND_kr,IND_sk
instances/A1/asymmetric/100.5.in,0.3388000000,0.0315366454,-0.0100688407,2.4863612492,0.0051695698,0.1366000000,0.0220327030,0.0623072076,1.7962080979,0.0519647632,0.5246000000,0.0295945941,-0.0658501682,2.8450646605,-0.5454806123,0.0650000000,0.0142126704,0.0880829016,3.5646015097,1.0449468486
