Instance,INF_avg,INF_sd,INF_r1,INF_kr,INF_sk,SUP_avg,SUP_sd,SUP_r1,SUP_kr,SUP_sk,INC_avg,INC_sd,INC_r1,INC_kr,INC_sk,IND_avg,IND_sd,IND_r1,IND_kr,IND_sk
instances/A1/symmetric/50.1.in,0.3007500000,0.0917888201,0.8407119886,2.5573619379,-0.5202425503,0.1854000000,0.0477162446,0.6800515198,3.1650358069,0.5274902323,0.5138500000,0.0595140950,0.7190223515,2.4053094552,0.2286226429,0.0554500000,0.0134924979,0.4914587828,2.7984518532,0.3258570732
