Instance,INF_avg,INF_sd,INF_r1,INF_kr,INF_sk,SUP_avg,SUP_sd,SUP_r1,SUP_kr,SUP_sk,INC_avg,INC_sd,INC_r1,INC_kr,INC_sk,IND_avg,IND_sd,IND_r1,IND_kr,IND_sk
instances/A1/asymmetric/50.3.in,0.1742000000,0.0915279192,0.7958341336,2.0839032442,0.7333122069,0.2354000000,0.0563190909,0.7066804848,1.7757740212,-0.2758486966,0.5904000000,0.0466673333,0.6098483120,2.6947357491,-0.6865171316,0.0712000000,0.0135852862,0.2988454963,1.8826280958,0.2847109968
