Instance,INF_avg,INF_sd,INF_r1,INF_kr,INF_sk,SUP_avg,SUP_sd,SUP_r1,SUP_kr,SUP_sk,INC_avg,INC_sd,INC_r1,INC_kr,INC_sk,IND_avg,IND_sd,IND_r1,IND_kr,IND_sk
instances/A1/symmetric/200.6.in,0.2955000000,0.0396894192,0.3133363436,2.4219292081,-0.2039802535,0.1827500000,0.0293545141,0.1724550802,2.8679162396,0.3633818057,0.5217500000,0.0382189416,0.2555963292,2.9187066459,0.2867803753,0.0672500000,0.0142894192,0.0653330027,3.9269999154,0.9387785744
