Instance,INF_avg,INF_sd,INF_r1,INF_kr,INF_sk,SUP_avg,SUP_sd,SUP_r1,SUP_kr,SUP_sk,INC_avg,INC_sd,INC_r1,INC_kr,INC_sk,IND_avg,IND_sd,IND_r1,IND_kr,IND_sk
instances/A3/symmetric/100.1.in,0.3915000000,0.0380821480,0.4359223482,2.1621942148,0.0970148906,0.1125000000,0.0176422788,0.2026726058,2.7210044999,0.7990116090,0.4960000000,0.0297321375,0.4507222740,2.0337447022,-0.4395581894,0.0960000000,0.0131909060,0.0080506038,2.4151803409,-0.4130327272
