Instance,INF_avg,INF_sd,INF_r1,INF_kr,INF_sk,SUP_avg,SUP_sd,SUP_r1,SUP_kr,SUP_sk,INC_avg,INC_sd,INC_r1,INC_kr,INC_sk,IND_avg,IND_sd,IND_r1,IND_kr,IND_sk
instances/A1/symmetric/20.4.in,0.5916408070,0.0473581052,-0.0979872980,4.1069054158,1.1482728377,0.0970977402,0.0365455294,0.4838673444,1.8653759897,-0.2919206655,0.3112614528,0.0502368546,0.2061672951,2.7583189219,0.4243557311,0.0769311753,0.0155849108,0.2648928119,1.8592388039,-0.1629278036
