Instance,INF_avg,INF_sd,INF_r1,INF_kr,INF_sk,SUP_avg,SUP_sd,SUP_r1,SUP_kr,SUP_sk,INC_avg,INC_sd,INC_r1,INC_kr,INC_sk,IND_avg,IND_sd,IND_r1,IND_kr,IND_sk
instances/A1/symmetric/20.4.in,0.6008205987,0.0545647435,-0.1818868530,2.8703385261,1.1389907372,0.0719700283,0.0280588730,-0.1673065221,1.3860697398,0.2151177992,0.3272093730,0.0608153964,0.2206111002,2.1389954705,-0.2846815725,0.0890930598,0.0076370044,-0.7507482719,1.8579091983,-0.0127304451
