Instance,INF_avg,INF_sd,INF_r1,INF_kr,INF_sk,SUP_avg,SUP_sd,SUP_r1,SUP_kr,SUP_sk,INC_avg,INC_sd,INC_r1,INC_kr,INC_sk,IND_avg,IND_sd,IND_r1,IND_kr,IND_sk
instances/A1/asymmetric/5.1.in,0.1033333333,0.0733333333,-0.3157894737,3.2500000000,1.5000000000,0.1933333333,0.0442216639,0.1552511416,2.2169421488,0.3700366502,0.7033333333,0.0733333333,-0.5156049594,2.0615565877,-0.4158527423,0.3466666667,0.0266666667,-0.2500000000,3.2500000000,1.5000000000
