Instance,INF_avg,INF_sd,INF_r1,INF_kr,INF_sk,SUP_avg,SUP_sd,SUP_r1,SUP_kr,SUP_sk,INC_avg,INC_sd,INC_r1,INC_kr,INC_sk,IND_avg,IND_sd,IND_r1,IND_kr,IND_sk
instances/A3/symmetric/10.4.in,0.4912144386,0.0839958709,-0.4168031351,1.8769563142,-0.6237600523,0.0436415436,0.0289121909,0.5147708336,1.7671043938,-0.4309409809,0.4651440178,0.0653334819,-0.5902224388,1.7214156749,0.4721771681,0.2324050219,0.0506665254,0.1299486041,2.1382991287,0.8114778727
