Instance,INF_avg,INF_sd,INF_r1,INF_kr,INF_sk,SUP_avg,SUP_sd,SUP_r1,SUP_kr,SUP_sk,INC_avg,INC_sd,INC_r1,INC_kr,INC_sk,IND_avg,IND_sd,IND_r1,IND_kr,IND_sk
instances/A1/asymmetric/20.6.in,0.4861777048,0.0775679701,0.2610646582,1.7917131104,0.3338374928,0.1512713851,0.0497187681,0.2214348268,1.7272365343,-0.2107452411,0.3625509101,0.0284654276,0.3135504167,1.8233254968,-0.5197002185,0.0359241014,0.0160712823,0.3222409066,1.9898552491,0.6667761939
