Instance,INF_avg,INF_sd,INF_r1,INF_kr,INF_sk,SUP_avg,SUP_sd,SUP_r1,SUP_kr,SUP_sk,INC_avg,INC_sd,INC_r1,INC_kr,INC_sk,IND_avg,IND_sd,IND_r1,IND_kr,IND_sk
instances/A1/asymmetric/20.6.in,0.4563689913,0.0820728036,0.2617969159,2.1469435458,0.4068425411,0.1567815610,0.0445920911,0.1068417884,2.0561704178,-0.3231597253,0.3868494477,0.0438178043,0.5797626345,2.1152505319,0.1598208343,0.0378515433,0.0139763400,0.2925208442,2.0522707822,0.3993898432
