Instance,INF_avg,INF_sd,INF_r1,INF_kr,INF_sk,SUP_avg,SUP_sd,SUP_r1,SUP_kr,SUP_sk,INC_avg,INC_sd,INC_r1,INC_kr,INC_sk,IND_avg,IND_sd,IND_r1,IND_kr,IND_sk
instances/A3/asymmetric/200.1.in,0.2750000000,0.0433012702,-0.0909090909,2.3333333333,-1.1547005384,0.1500000000,0.1118033989,-1.1818181818,1.6400000000,-0.0000000000,0.5750000000,0.1089724736,-0.8039215686,2.0969529086,-0.6520236647,0.5500000000,0.1118033989,-0.6363636364,1.6400000000,-0.0000000000
