Instance,INF_avg,INF_sd,INF_r1,INF_kr,INF_sk,SUP_avg,SUP_sd,SUP_r1,SUP_kr,SUP_sk,INC_avg,INC_sd,INC_r1,INC_kr,INC_sk,IND_avg,IND_sd,IND_r1,IND_kr,IND_sk
instances/A2/symmetric/10.1.in,0.3929063000,0.1412095690,0.8990612804,2.5710180006,0.3216519502,0.2405645501,0.1536683644,0.8112300607,1.8577356546,-0.1157448610,0.3665291499,0.0463911875,0.0707555273,2.2952816160,0.8590426075,0.1515475706,0.0432165427,0.1539400318,3.7829467538,-0.1718913142
