Instance,INF_avg,INF_sd,INF_r1,INF_kr,INF_sk,SUP_avg,SUP_sd,SUP_r1,SUP_kr,SUP_sk,INC_avg,INC_sd,INC_r1,INC_kr,INC_sk,IND_avg,IND_sd,IND_r1,IND_kr,IND_sk
instances/A3/symmetric/10.6.in,0.1713738642,0.1103712391,0.3858791000,1.9816675068,-0.2770494457,0.2058917273,0.0717469299,0.4606574208,2.9314715828,-0.8035548535,0.6227344084,0.1296652931,0.5886171908,1.6202169728,0.1386462138,0.1831707975,0.0354709492,-0.2422961944,1.3452202730,-0.0623241063
