Instance,INF_avg,INF_sd,INF_r1,INF_kr,INF_sk,SUP_avg,SUP_sd,SUP_r1,SUP_kr,SUP_sk,INC_avg,INC_sd,INC_r1,INC_kr,INC_sk,IND_avg,IND_sd,IND_r1,IND_kr,IND_sk
instances/A3/symmetric/200.3.in,0.4332206406,0.1517110045,0.9772409736,4.9222452953,1.5369548146,0.0416192171,0.0361977692,0.8886919822,2.4192439930,0.5649295882,0.5251601423,0.1281759216,0.9674476288,6.2584878042,-1.9150387466,0.1239857651,0.0291325321,0.6913717882,3.5131398478,-0.3628812083
