Instance,INF_avg,INF_sd,INF_r1,INF_kr,INF_sk,SUP_avg,SUP_sd,SUP_r1,SUP_kr,SUP_sk,INC_avg,INC_sd,INC_r1,INC_kr,INC_sk,IND_avg,IND_sd,IND_r1,IND_kr,IND_sk
instances/A2/asymmetric/8.5.in,0.3393939394,0.0121212121,-0.3157894737,3.2500000000,1.5000000000,0.2830303030,0.0354739652,-0.3471728695,3.2446261871,-1.4958501809,0.3775757576,0.0233628306,-0.3635704970,3.2377388601,1.4903813784,0.1406060606,0.0211340555,-0.5348101266,3.0422437673,1.3040473294
