Instance,INF_avg,INF_sd,INF_r1,INF_kr,INF_sk,SUP_avg,SUP_sd,SUP_r1,SUP_kr,SUP_sk,INC_avg,INC_sd,INC_r1,INC_kr,INC_sk,IND_avg,IND_sd,IND_r1,IND_kr,IND_sk
instances/A3/asymmetric/20.5.in,0.5699761403,0.1759072900,0.8801735606,2.5181701184,-0.2824418390,0.0456543744,0.0339623176,0.5543032103,5.8504038514,1.4208233807,0.3843694853,0.1527615651,0.8624789576,2.1380337099,0.0074413239,0.1178760374,0.0390776299,0.5780488792,6.3645114558,1.5072083851
