Instance,INF_avg,INF_sd,INF_r1,INF_kr,INF_sk,SUP_avg,SUP_sd,SUP_r1,SUP_kr,SUP_sk,INC_avg,INC_sd,INC_r1,INC_kr,INC_sk,IND_avg,IND_sd,IND_r1,IND_kr,IND_sk
instances/A1/symmetric/10.5.in,0.3178288409,0.1084567400,0.6401514756,2.3170061335,0.6294363893,0.2727125038,0.0865172006,0.1601267445,2.1870455706,0.7273643977,0.4094586553,0.0547008259,0.4238117666,2.0691920861,-0.5769352743,0.1628164086,0.0344639121,0.1590469378,3.3032766501,0.0194730205
