Instance,INF_avg,INF_sd,INF_r1,INF_kr,INF_sk,SUP_avg,SUP_sd,SUP_r1,SUP_kr,SUP_sk,INC_avg,INC_sd,INC_r1,INC_kr,INC_sk,IND_avg,IND_sd,IND_r1,IND_kr,IND_sk
instances/A1/symmetric/10.5.in,0.2490950226,0.0545377674,-0.5725933321,1.3221553861,-0.2697412065,0.3188536953,0.0843104201,-0.3501699630,1.3590091881,0.2171927818,0.4320512821,0.0329782553,0.1413800595,1.2822906769,0.1550597400,0.1788084465,0.0272083320,-0.4147762299,2.8299683696,1.1811090184
