Instance,INF_avg,INF_sd,INF_r1,INF_kr,INF_sk,SUP_avg,SUP_sd,SUP_r1,SUP_kr,SUP_sk,INC_avg,INC_sd,INC_r1,INC_kr,INC_sk,IND_avg,IND_sd,IND_r1,IND_kr,IND_sk
instances/A1/asymmetric/20.6.in,0.5889803485,0.0298410593,0.0742048901,2.3144221987,-0.2563297586,0.1097313513,0.0179727305,0.0168431306,1.5445038268,-0.1168595371,0.3012883001,0.0171304746,0.0698272632,1.6885018072,0.2399191940,0.0501708970,0.0078128475,0.4241453766,1.4023201736,0.2089408446
