Instance,INF_avg,INF_sd,INF_r1,INF_kr,INF_sk,SUP_avg,SUP_sd,SUP_r1,SUP_kr,SUP_sk,INC_avg,INC_sd,INC_r1,INC_kr,INC_sk,IND_avg,IND_sd,IND_r1,IND_kr,IND_sk
instances/A1/symmetric/50.6.in,0.3580000000,0.0124899960,-0.0601915185,2.5103550296,-1.0038803489,0.1790000000,0.0111355287,-0.4620355412,2.0793444329,-0.6170311183,0.4630000000,0.0136381817,0.2898383372,1.8950745751,-0.7001217104,0.0750000000,0.0126491106,0.6086956522,1.2695312500,-0.2223476480
