Instance,INF_avg,INF_sd,INF_r1,INF_kr,INF_sk,SUP_avg,SUP_sd,SUP_r1,SUP_kr,SUP_sk,INC_avg,INC_sd,INC_r1,INC_kr,INC_sk,IND_avg,IND_sd,IND_r1,IND_kr,IND_sk
instances/A2/symmetric/200.3.in,0.3960000000,0.0281780056,-0.0445118867,2.3825447785,0.5985696424,0.1730000000,0.0177763888,-0.5595162317,2.3006329114,-0.0704960140,0.4310000000,0.0205912603,-0.2010382256,2.8077830189,1.1112518204,0.0730000000,0.0146969385,0.0170940171,2.8127572016,-1.1642636432
