Instance,INF_avg,INF_sd,INF_r1,INF_kr,INF_sk,SUP_avg,SUP_sd,SUP_r1,SUP_kr,SUP_sk,INC_avg,INC_sd,INC_r1,INC_kr,INC_sk,IND_avg,IND_sd,IND_r1,IND_kr,IND_sk
instances/A2/symmetric/20.6.in,0.3354277774,0.0277367923,-0.0124019349,2.3648367930,0.4042991374,0.2940114109,0.0199984445,0.2483868264,1.6978921299,-0.1593051683,0.3705608117,0.0215745987,-0.0305479293,3.0266282487,-1.0473116810,0.0561203763,0.0080241260,0.3354172523,1.6228275256,0.3786124347
