Instance,INF_avg,INF_sd,INF_r1,INF_kr,INF_sk,SUP_avg,SUP_sd,SUP_r1,SUP_kr,SUP_sk,INC_avg,INC_sd,INC_r1,INC_kr,INC_sk,IND_avg,IND_sd,IND_r1,IND_kr,IND_sk
instances/A2/symmetric/20.6.in,0.3407877873,0.0291041750,-0.0743950191,2.3683457006,0.2248690991,0.2843415681,0.0191252042,0.0010753579,2.6688184598,0.8161360689,0.3748706446,0.0137441645,-0.2505376869,2.1628059770,-0.7096506773,0.0564631655,0.0087824685,0.5718525729,1.4671209450,0.3757261963
