Instance,INF_avg,INF_sd,INF_r1,INF_kr,INF_sk,SUP_avg,SUP_sd,SUP_r1,SUP_kr,SUP_sk,INC_avg,INC_sd,INC_r1,INC_kr,INC_sk,IND_avg,IND_sd,IND_r1,IND_kr,IND_sk
instances/A1/symmetric/10.4.in,0.5365284934,0.0620845747,-0.0100831801,2.4793374251,-0.1335020902,0.1187430990,0.0402916882,0.0901329703,2.4830230300,-0.1975147993,0.3447284076,0.0226330277,-0.2205236769,2.4766354058,0.6511396560,0.1141547049,0.0347421968,-0.1768427570,2.6498208301,-0.7784597788
