Instance,INF_avg,INF_sd,INF_r1,INF_kr,INF_sk,SUP_avg,SUP_sd,SUP_r1,SUP_kr,SUP_sk,INC_avg,INC_sd,INC_r1,INC_kr,INC_sk,IND_avg,IND_sd,IND_r1,IND_kr,IND_sk
instances/A1/symmetric/10.6.in,0.2027535956,0.1071523627,0.7732296758,1.5101111918,0.0197575371,0.2489954490,0.0563559135,0.0414568984,3.7615646218,-1.2606936898,0.5482509554,0.0887642761,0.7057320268,2.0633291937,-0.3238466749,0.1569763570,0.0365373832,-0.2831431299,2.8161379721,0.3816658526
