Instance,INF_avg,INF_sd,INF_r1,INF_kr,INF_sk,SUP_avg,SUP_sd,SUP_r1,SUP_kr,SUP_sk,INC_avg,INC_sd,INC_r1,INC_kr,INC_sk,IND_avg,IND_sd,IND_r1,IND_kr,IND_sk
instances/A1/symmetric/20.2.in,0.5110487530,0.0538088131,0.4379665303,2.7757404351,0.4929276264,0.1493057992,0.0245683409,0.5130230588,1.5287375102,0.0399981917,0.3396454478,0.0642898022,0.5254602581,1.8433812848,-0.1513406236,0.0551885325,0.0036522439,-0.0964004164,3.3448759393,0.7639749328
