Instance,INF_avg,INF_sd,INF_r1,INF_kr,INF_sk,SUP_avg,SUP_sd,SUP_r1,SUP_kr,SUP_sk,INC_avg,INC_sd,INC_r1,INC_kr,INC_sk,IND_avg,IND_sd,IND_r1,IND_kr,IND_sk
instances/A2/asymmetric/100.5.in,0.2175000000,0.0980318826,0.4160406037,1.5877436448,0.4345189088,0.2316000000,0.0509356457,0.4862271933,2.0040690756,0.1979772655,0.5509000000,0.0642704442,0.2331365488,1.9005635634,-0.2364614624,0.0705000000,0.0137931142,0.1119384599,2.5987816018,0.1074637794
