Instance,INF_avg,INF_sd,INF_r1,INF_kr,INF_sk,SUP_avg,SUP_sd,SUP_r1,SUP_kr,SUP_sk,INC_avg,INC_sd,INC_r1,INC_kr,INC_sk,IND_avg,IND_sd,IND_r1,IND_kr,IND_sk
instances/A1/symmetric/20.5.in,0.4316165710,0.0114694715,-0.7678749279,2.4612292343,0.7762987152,0.1738995835,0.0174514021,0.2409767255,2.1835281977,-0.6724197757,0.3944838455,0.0250194023,0.0258646651,1.9998097640,-0.0960075228,0.0614994934,0.0041416661,-0.0447802870,2.1126286247,0.8586889028
