Instance,INF_avg,INF_sd,INF_r1,INF_kr,INF_sk,SUP_avg,SUP_sd,SUP_r1,SUP_kr,SUP_sk,INC_avg,INC_sd,INC_r1,INC_kr,INC_sk,IND_avg,IND_sd,IND_r1,IND_kr,IND_sk
instances/A3/symmetric/100.5.in,0.4162272727,0.1298864810,0.8332505408,6.1292063953,1.5478376058,0.1160005051,0.0499788746,0.7275361122,3.2443302651,-0.1465266477,0.4677722222,0.0952521608,0.8007173271,6.3852974686,-1.4552565008,0.0740080808,0.0151984971,0.3463075822,2.5180588101,-0.2432733474
