Instance,INF_avg,INF_sd,INF_r1,INF_kr,INF_sk,SUP_avg,SUP_sd,SUP_r1,SUP_kr,SUP_sk,INC_avg,INC_sd,INC_r1,INC_kr,INC_sk,IND_avg,IND_sd,IND_r1,IND_kr,IND_sk
instances/A3/symmetric/10.6.in,0.1783130450,0.1237682131,0.7215901607,1.6390440100,0.3378043646,0.1644982589,0.0409675547,0.0199561976,1.8986395716,-0.1678454599,0.6571886961,0.0972062610,0.8610877712,1.7090581960,-0.3913750143,0.2220696998,0.0368894306,0.1839223197,4.9942549543,-1.7025816452
