Instance,INF_avg,INF_sd,INF_r1,INF_kr,INF_sk,SUP_avg,SUP_sd,SUP_r1,SUP_kr,SUP_sk,INC_avg,INC_sd,INC_r1,INC_kr,INC_sk,IND_avg,IND_sd,IND_r1,IND_kr,IND_sk
instances/A3/symmetric/10.6.in,0.0825019425,0.0560959993,-0.2820699574,3.0493249619,1.3433876104,0.1807122507,0.0453836980,-0.2617293379,2.6431433696,-1.0278183592,0.7367858068,0.0288080012,0.3593991803,1.5701587858,0.5207315914,0.2112639213,0.0445350523,0.0455646605,2.7477455897,-1.0970529990
