Instance,INF_avg,INF_sd,INF_r1,INF_kr,INF_sk,SUP_avg,SUP_sd,SUP_r1,SUP_kr,SUP_sk,INC_avg,INC_sd,INC_r1,INC_kr,INC_sk,IND_avg,IND_sd,IND_r1,IND_kr,IND_sk
instances/A2/symmetric/200.3.in,0.3792000000,0.0393110671,0.5362701703,2.1093263469,-0.0429734109,0.2126000000,0.0240881714,0.2553182368,2.9373267130,0.7055597090,0.4082000000,0.0384936358,0.1516955133,3.1639505068,-0.3248283050,0.0604000000,0.0139226434,-0.1595108531,2.3222518106,0.3954875360
