Instance,INF_avg,INF_sd,INF_r1,INF_kr,INF_sk,SUP_avg,SUP_sd,SUP_r1,SUP_kr,SUP_sk,INC_avg,INC_sd,INC_r1,INC_kr,INC_sk,IND_avg,IND_sd,IND_r1,IND_kr,IND_sk
instances/A3/asymmetric/100.5.in,0.3236000000,0.0485390564,0.2766483922,2.4121691080,-0.1899868475,0.1293000000,0.0295636601,0.2824171568,4.9099251498,1.1896103494,0.5471000000,0.0386534604,0.0886874080,2.8101884231,0.0172370885,0.0909000000,0.0159590100,0.4049473315,3.0335035308,-0.0051399889
