Instance,INF_avg,INF_sd,INF_r1,INF_kr,INF_sk,SUP_avg,SUP_sd,SUP_r1,SUP_kr,SUP_sk,INC_avg,INC_sd,INC_r1,INC_kr,INC_sk,IND_avg,IND_sd,IND_r1,IND_kr,IND_sk
instances/A2/asymmetric/8.4.in,0.6041758242,0.1367076153,0.8751528191,2.0394457548,-0.8140390009,0.1115750916,0.1036508620,0.6971693154,2.4846126170,0.8994320792,0.2842490842,0.0442966050,0.2951925169,1.2636740540,-0.0339546517,0.1689377289,0.0239857105,0.2528630359,1.3019331284,0.1049751586
