Instance,INF_avg,INF_sd,INF_r1,INF_kr,INF_sk,SUP_avg,SUP_sd,SUP_r1,SUP_kr,SUP_sk,INC_avg,INC_sd,INC_r1,INC_kr,INC_sk,IND_avg,IND_sd,IND_r1,IND_kr,IND_sk
instances/A2/asymmetric/10.4.in,0.1875725812,0.0396301631,-0.2405323820,1.5847388490,-0.1082492623,0.4151324566,0.0595986528,0.0567289730,1.7839783772,0.3161961168,0.3972949622,0.0360090024,-0.2510463429,2.9742795576,-1.3068304445,0.1472282574,0.0135303824,-1.0324732142,2.4985578824,0.2874503459
