Instance,INF_avg,INF_sd,INF_r1,INF_kr,INF_sk,SUP_avg,SUP_sd,SUP_r1,SUP_kr,SUP_sk,INC_avg,INC_sd,INC_r1,INC_kr,INC_sk,IND_avg,IND_sd,IND_r1,IND_kr,IND_sk
instances/A3/asymmetric/10.5.in,0.2893424036,0.0414503540,0.1468524985,1.7238391230,-0.3205914475,0.1034013605,0.0433878762,-0.0261204500,2.5514718096,1.0174137673,0.6072562358,0.0125779842,-0.0849582173,1.2977703195,0.2285436479,0.2263945578,0.0254976941,-0.5782918240,1.5944660853,0.3371882335
