Instance,INF_avg,INF_sd,INF_r1,INF_kr,INF_sk,SUP_avg,SUP_sd,SUP_r1,SUP_kr,SUP_sk,INC_avg,INC_sd,INC_r1,INC_kr,INC_sk,IND_avg,IND_sd,IND_r1,IND_kr,IND_sk
instances/A3/asymmetric/10.5.in,0.3218568909,0.0593296399,0.2448061555,3.3298887384,0.5420090273,0.0978772991,0.0371191947,-0.0866142733,3.4489772351,1.2465904126,0.5802658100,0.0436207981,0.5187797422,3.9957815666,-1.3712027115,0.2199105568,0.0242043028,-0.6058173386,2.6142493063,0.1403081053
