Instance,INF_avg,INF_sd,INF_r1,INF_kr,INF_sk,SUP_avg,SUP_sd,SUP_r1,SUP_kr,SUP_sk,INC_avg,INC_sd,INC_r1,INC_kr,INC_sk,IND_avg,IND_sd,IND_r1,IND_kr,IND_sk
instances/A3/asymmetric/20.3.in,0.4272454107,0.0567980224,0.6155637680,1.9731614956,-0.2690173781,0.1535667281,0.0347366903,0.7002944510,2.5959923802,-0.8024321898,0.4191878612,0.0595472154,0.8001226653,1.4660548103,0.0554133248,0.0637857678,0.0082869878,0.3022190852,2.0766752882,0.4618045907
