Instance,INF_avg,INF_sd,INF_r1,INF_kr,INF_sk,SUP_avg,SUP_sd,SUP_r1,SUP_kr,SUP_sk,INC_avg,INC_sd,INC_r1,INC_kr,INC_sk,IND_avg,IND_sd,IND_r1,IND_kr,IND_sk
instances/A3/asymmetric/20.3.in,0.4558737517,0.0436444111,0.7397872108,1.7834136220,-0.5244477601,0.1668148963,0.0161089559,0.4784629056,1.2656292545,0.1991748161,0.3773113520,0.0311955800,0.4495027595,2.2417063656,0.1767661015,0.0603825337,0.0042556101,0.0861838517,2.8283535499,-1.0968973992
