Instance,INF_avg,INF_sd,INF_r1,INF_kr,INF_sk,SUP_avg,SUP_sd,SUP_r1,SUP_kr,SUP_sk,INC_avg,INC_sd,INC_r1,INC_kr,INC_sk,IND_avg,IND_sd,IND_r1,IND_kr,IND_sk
instances/A3/symmetric/50.5.in,0.7686066122,0.1347631096,0.7713450026,2.6249448797,-0.7929602314,0.0130502220,0.0139852303,0.7771047870,3.7979138781,1.2211662995,0.2183431658,0.1221682419,0.7610146422,2.4917356356,0.7473716155,0.0565534209,0.0108943761,0.3193760598,2.5462242389,-0.5711891045
