Instance,INF_avg,INF_sd,INF_r1,INF_kr,INF_sk,SUP_avg,SUP_sd,SUP_r1,SUP_kr,SUP_sk,INC_avg,INC_sd,INC_r1,INC_kr,INC_sk,IND_avg,IND_sd,IND_r1,IND_kr,IND_sk
instances/A2/asymmetric/8.2.in,0.4062160062,0.1327970265,0.7100570758,1.8953002698,0.4111868754,0.1914659415,0.1205193009,0.4030935763,2.4484863768,0.1463765182,0.4023180523,0.0554373281,-0.0097799786,1.8907312459,0.4301874068,0.1571440905,0.0340912403,-0.1043931977,1.6732481268,-0.4206247239
