Instance,INF_avg,INF_sd,INF_r1,INF_kr,INF_sk,SUP_avg,SUP_sd,SUP_r1,SUP_kr,SUP_sk,INC_avg,INC_sd,INC_r1,INC_kr,INC_sk,IND_avg,IND_sd,IND_r1,IND_kr,IND_sk
instances/A1/asymmetric/5.2.in,0.4314814815,0.1431806058,-0.0050761421,1.5000000000,-0.1350615228,0.1296296296,0.0944262873,-0.8620689655,1.5000000000,-0.5280049792,0.4388888889,0.1057016533,-0.3481195757,1.5000000000,0.5020675275,0.3833333333,0.0360041150,-0.6923076923,1.5000000000,-0.5951700641
