Instance,INF_avg,INF_sd,INF_r1,INF_kr,INF_sk,SUP_avg,SUP_sd,SUP_r1,SUP_kr,SUP_sk,INC_avg,INC_sd,INC_r1,INC_kr,INC_sk,IND_avg,IND_sd,IND_r1,IND_kr,IND_sk
instances/A3/asymmetric/20.5.in,0.4783199117,0.0440205525,0.5498257083,1.6070596713,-0.5355748449,0.1440470523,0.0484582665,0.5591673113,1.3541797189,0.1304067830,0.3776330360,0.0207970834,0.1244276963,1.2376757436,-0.3006912338,0.0527381079,0.0059196663,-0.7686036651,1.3523703215,0.1548560218
