Instance,INF_avg,INF_sd,INF_r1,INF_kr,INF_sk,SUP_avg,SUP_sd,SUP_r1,SUP_kr,SUP_sk,INC_avg,INC_sd,INC_r1,INC_kr,INC_sk,IND_avg,IND_sd,IND_r1,IND_kr,IND_sk
instances/A2/symmetric/8.3.in,0.0888888889,0.0408248290,0.1263940520,2.8127572016,1.1642636432,0.3888888889,0.0805076486,-0.4242424242,1.2755102041,-0.3943231768,0.5222222222,0.0689426314,-0.4721254355,2.0324675325,0.6216348580,0.1555555556,0.0136082763,-0.9230769231,1.1666666667,-0.4082482905
