Instance,INF_avg,INF_sd,INF_r1,INF_kr,INF_sk,SUP_avg,SUP_sd,SUP_r1,SUP_kr,SUP_sk,INC_avg,INC_sd,INC_r1,INC_kr,INC_sk,IND_avg,IND_sd,IND_r1,IND_kr,IND_sk
instances/A3/asymmetric/5.5.in,0.4311111111,0.0979795897,-0.1689384552,2.1624498298,0.6277727484,0.0444444444,0.0544331054,-0.6666666667,1.1666666667,0.4082482905,0.5244444444,0.0938609426,0.0661070304,1.7826720827,0.1203956419,0.5244444444,0.1366982800,0.2298654134,1.3706336684,-0.2445677763
