Instance,INF_avg,INF_sd,INF_r1,INF_kr,INF_sk,SUP_avg,SUP_sd,SUP_r1,SUP_kr,SUP_sk,INC_avg,INC_sd,INC_r1,INC_kr,INC_sk,IND_avg,IND_sd,IND_r1,IND_kr,IND_sk
instances/A3/asymmetric/5.5.in,0.4641975309,0.1363624817,0.0337330494,1.7274743349,-0.3789440439,0.0493827160,0.0761038766,-0.6027397260,3.1703601108,1.2380055823,0.4864197531,0.0933712119,0.3886314744,1.9739204851,0.5721583669,0.4617283951,0.1251732529,0.4223538627,1.9040999864,0.7289315584
