Instance,INF_avg,INF_sd,INF_r1,INF_kr,INF_sk,SUP_avg,SUP_sd,SUP_r1,SUP_kr,SUP_sk,INC_avg,INC_sd,INC_r1,INC_kr,INC_sk,IND_avg,IND_sd,IND_r1,IND_kr,IND_sk
instances/A1/asymmetric/50.3.in,0.3827160494,0.1929562884,0.5151097604,2.5874699752,0.5753270089,0.0629629630,0.0986882414,0.2120025865,7.9935687364,2.1035454458,0.5543209877,0.1819302422,0.4955335921,2.4125280870,-0.3647033966,0.4654320988,0.1380288875,0.1883255039,2.5486114560,-0.3221368971
