Instance,INF_avg,INF_sd,INF_r1,INF_kr,INF_sk,SUP_avg,SUP_sd,SUP_r1,SUP_kr,SUP_sk,INC_avg,INC_sd,INC_r1,INC_kr,INC_sk,IND_avg,IND_sd,IND_r1,IND_kr,IND_sk
instances/A2/symmetric/5.4.in,0.3938271605,0.1183866293,0.1685557824,2.0152535008,-0.1065874125,0.1759259259,0.1645961929,0.5264278113,2.4796506970,0.8997142803,0.4302469136,0.1175630208,0.0713388712,2.6777936051,0.5119496080,0.3376543210,0.0841229169,0.2227422067,2.6381337374,-0.5589788474
