Instance,INF_avg,INF_sd,INF_r1,INF_kr,INF_sk,SUP_avg,SUP_sd,SUP_r1,SUP_kr,SUP_sk,INC_avg,INC_sd,INC_r1,INC_kr,INC_sk,IND_avg,IND_sd,IND_r1,IND_kr,IND_sk
instances/A2/symmetric/200.3.in,0.4832258065,0.0631802557,0.7434923854,2.3461638638,0.0158203005,0.0763978495,0.0460619358,0.8833446139,3.8318587349,1.0057950381,0.4403763441,0.0396099026,0.4196240826,2.8252177776,0.5395107063,0.0663440860,0.0137984685,0.1868793461,3.6700202115,0.5208135546
