Instance,INF_avg,INF_sd,INF_r1,INF_kr,INF_sk,SUP_avg,SUP_sd,SUP_r1,SUP_kr,SUP_sk,INC_avg,INC_sd,INC_r1,INC_kr,INC_sk,IND_avg,IND_sd,IND_r1,IND_kr,IND_sk
instances/A2/symmetric/5.2.in,0.4592592593,0.1093690597,-0.0905683948,1.5000000000,0.2007001872,0.0987654321,0.0818919701,0.2680722892,1.8533057851,0.1781657945,0.4419753086,0.0690475627,-0.0681582457,2.3536050915,0.4814328790,0.3925925926,0.0456623259,0.4985337243,1.5000000000,-0.2390631469
