Instance,INF_avg,INF_sd,INF_r1,INF_kr,INF_sk,SUP_avg,SUP_sd,SUP_r1,SUP_kr,SUP_sk,INC_avg,INC_sd,INC_r1,INC_kr,INC_sk,IND_avg,IND_sd,IND_r1,IND_kr,IND_sk
instances/A2/symmetric/5.2.in,0.4844444444,0.1027041779,0.0691386636,1.5874889534,-0.0909245104,0.1111111111,0.0993807990,0.2500000000,1.2500000000,-0.0000000000,0.4044444444,0.0407340062,-0.8731563422,2.2295918367,-0.6858276550,0.3600000000,0.0326598632,0.4230769231,1.1666666667,0.4082482905
