Instance,INF_avg,INF_sd,INF_r1,INF_kr,INF_sk,SUP_avg,SUP_sd,SUP_r1,SUP_kr,SUP_sk,INC_avg,INC_sd,INC_r1,INC_kr,INC_sk,IND_avg,IND_sd,IND_r1,IND_kr,IND_sk
instances/A2/asymmetric/50.2.in,0.4179487179,0.1558628504,-0.0141123045,2.9765955164,0.2692401662,0.0769230769,0.0890448993,-0.0322642968,2.8541991535,0.9038384572,0.5051282051,0.1632187740,-0.1232547740,2.4239695167,0.0413404552,0.4064102564,0.1233503906,-0.1525343868,2.8457968253,-0.3678047097
