Instance,INF_avg,INF_sd,INF_r1,INF_kr,INF_sk,SUP_avg,SUP_sd,SUP_r1,SUP_kr,SUP_sk,INC_avg,INC_sd,INC_r1,INC_kr,INC_sk,IND_avg,IND_sd,IND_r1,IND_kr,IND_sk
instances/A2/symmetric/50.6.in,0.5143820225,0.1337106977,0.8318855747,3.3970128629,-0.1105775283,0.0341573034,0.0438795335,0.6299289556,6.1224336754,1.7274797117,0.4514606742,0.1062068214,0.7625735661,4.1075277490,-0.2765883761,0.1624719101,0.0433247704,0.3535559388,2.5485284396,-0.0132898912
