Instance,INF_avg,INF_sd,INF_r1,INF_kr,INF_sk,SUP_avg,SUP_sd,SUP_r1,SUP_kr,SUP_sk,INC_avg,INC_sd,INC_r1,INC_kr,INC_sk,IND_avg,IND_sd,IND_r1,IND_kr,IND_sk
instances/A3/symmetric/5.6.in,0.3222222222,0.1222222222,-1.0000000000,1.0000000000,0.0000000000,0.0500000000,0.0500000000,-1.0000000000,1.0000000000,0.0000000000,0.6277777778,0.0722222222,-1.0000000000,1.0000000000,0.0000000000,0.4166666667,0.0833333333,-1.0000000000,1.0000000000,0.0000000000
