Instance,INF_avg,INF_sd,INF_r1,INF_kr,INF_sk,SUP_avg,SUP_sd,SUP_r1,SUP_kr,SUP_sk,INC_avg,INC_sd,INC_r1,INC_kr,INC_sk,IND_avg,IND_sd,IND_r1,IND_kr,IND_sk
instances/A3/asymmetric/5.2.in,0.1327160494,0.1586431762,0.5198139450,2.0281251271,0.6524161429,0.2740740741,0.0703216205,0.6851819300,2.4024047738,0.6650347665,0.5932098765,0.2141076767,0.6856690093,1.6288564580,-0.4855535836,0.4425925926,0.0724829103,-0.0066370013,1.7546203192,-0.2894086085
