Instance,INF_avg,INF_sd,INF_r1,INF_kr,INF_sk,SUP_avg,SUP_sd,SUP_r1,SUP_kr,SUP_sk,INC_avg,INC_sd,INC_r1,INC_kr,INC_sk,IND_avg,IND_sd,IND_r1,IND_kr,IND_sk
instances/A3/asymmetric/5.2.in,0.2388888889,0.1412029447,0.0204587725,2.5366916198,-0.3511768355,0.3200000000,0.0590668172,0.3114543115,1.9631830906,0.4011434619,0.4411111111,0.1726196132,0.2058387966,2.1928354574,0.5211935879,0.4100000000,0.0679869268,-0.2066473988,1.3575490015,0.0063643457
