Instance,INF_avg,INF_sd,INF_r1,INF_kr,INF_sk,SUP_avg,SUP_sd,SUP_r1,SUP_kr,SUP_sk,INC_avg,INC_sd,INC_r1,INC_kr,INC_sk,IND_avg,IND_sd,IND_r1,IND_kr,IND_sk
instances/A1/asymmetric/8.2.in,0.6416666667,0.1436140662,0.1187438665,2.1666836717,-0.9753037694,0.0291666667,0.0297559518,0.2000000000,1.1522491349,0.1153171834,0.3291666667,0.1276796121,-0.0438880707,2.3254941189,1.1449968864,0.2854166667,0.0521666001,-0.4348805768,2.2844944026,1.0979575897
