Instance,INF_avg,INF_sd,INF_r1,INF_kr,INF_sk,SUP_avg,SUP_sd,SUP_r1,SUP_kr,SUP_sk,INC_avg,INC_sd,INC_r1,INC_kr,INC_sk,IND_avg,IND_sd,IND_r1,IND_kr,IND_sk
instances/A2/asymmetric/10.3.in,0.7912701143,0.0119033628,0.5630025233,3.1001800110,-1.1783483337,0.0099631796,0.0189983645,0.3037837033,3.3440173523,1.4680981621,0.1987667062,0.0192501684,-0.1203040585,3.7414405069,-0.3179079369,0.2303673126,0.0547576937,0.3553256067,1.5746191613,0.1320767197
