Instance,INF_avg,INF_sd,INF_r1,INF_kr,INF_sk,SUP_avg,SUP_sd,SUP_r1,SUP_kr,SUP_sk,INC_avg,INC_sd,INC_r1,INC_kr,INC_sk,IND_avg,IND_sd,IND_r1,IND_kr,IND_sk
instances/A3/asymmetric/8.1.in,0.1372053872,0.0850459996,-0.3363084050,2.6646657824,0.2323142349,0.1481481481,0.0477800200,-0.4431165898,2.4384376730,-0.2520978500,0.7146464646,0.0431022462,-0.3107539227,3.3229765040,0.4732582347,0.2859147026,0.0456377679,0.5254830497,1.4051755428,-0.1650401095
