Instance,INF_avg,INF_sd,INF_r1,INF_kr,INF_sk,SUP_avg,SUP_sd,SUP_r1,SUP_kr,SUP_sk,INC_avg,INC_sd,INC_r1,INC_kr,INC_sk,IND_avg,IND_sd,IND_r1,IND_kr,IND_sk
instances/A1/symmetric/10.1.in,0.4624301002,0.1299296782,0.7866139755,1.7808652589,-0.5185834540,0.1472972760,0.0725594158,0.2917128259,3.0308430428,1.0739582820,0.3902726238,0.0797989278,0.9926616656,2.5730743507,0.7712395257,0.1312646046,0.0258199093,0.0749584638,4.4837196951,-1.6031971939
