Instance,INF_avg,INF_sd,INF_r1,INF_kr,INF_sk,SUP_avg,SUP_sd,SUP_r1,SUP_kr,SUP_sk,INC_avg,INC_sd,INC_r1,INC_kr,INC_sk,IND_avg,IND_sd,IND_r1,IND_kr,IND_sk
instances/A1/symmetric/10.1.in,0.5664052288,0.0363567930,-0.4384172406,2.4252388651,-0.9795850644,0.1051089325,0.0358983685,-0.2725038169,3.0048710731,1.3046037777,0.3284858388,0.0229217818,-0.0175452069,2.7077431782,0.8316350392,0.1484531590,0.0013241457,-0.9483952640,1.2372631074,0.1681758555
