Instance,INF_avg,INF_sd,INF_r1,INF_kr,INF_sk,SUP_avg,SUP_sd,SUP_r1,SUP_kr,SUP_sk,INC_avg,INC_sd,INC_r1,INC_kr,INC_sk,IND_avg,IND_sd,IND_r1,IND_kr,IND_sk
instances/A3/asymmetric/10.6.in,0.6527863777,0.0813906140,0.3863507318,4.4900735627,-1.5848280596,0.0572076979,0.0616583181,0.5753473783,1.9787252750,0.5969916309,0.2900059244,0.0392158088,0.0151299270,3.5113659588,0.4743141463,0.2308756641,0.0940893742,0.8197111956,1.7318759652,0.3909342645
