Instance,INF_avg,INF_sd,INF_r1,INF_kr,INF_sk,SUP_avg,SUP_sd,SUP_r1,SUP_kr,SUP_sk,INC_avg,INC_sd,INC_r1,INC_kr,INC_sk,IND_avg,IND_sd,IND_r1,IND_kr,IND_sk
instances/A3/asymmetric/50.1.in,0.3074074074,0.1762278112,0.3164247563,2.9745704778,0.3340000449,0.0666666667,0.1006153904,-0.0299727520,5.8384889946,1.7938389358,0.6259259259,0.1569601489,0.2188943751,3.1069116721,-0.1456516389,0.5111111111,0.1286204100,-0.0653426018,2.8132100691,0.0709145722
