Instance,INF_avg,INF_sd,INF_r1,INF_kr,INF_sk,SUP_avg,SUP_sd,SUP_r1,SUP_kr,SUP_sk,INC_avg,INC_sd,INC_r1,INC_kr,INC_sk,IND_avg,IND_sd,IND_r1,IND_kr,IND_sk
instances/A2/asymmetric/10.6.in,0.5281997984,0.0451601779,0.3561590705,2.8332388032,0.7687003495,0.1247165533,0.0342811453,0.0580850993,3.2117873745,0.8302353035,0.3470836483,0.0470354412,0.6794474009,1.8160020808,0.1442718258,0.1083459310,0.0313534122,0.7214606393,1.6773935935,-0.0749722226
