Instance,INF_avg,INF_sd,INF_r1,INF_kr,INF_sk,SUP_avg,SUP_sd,SUP_r1,SUP_kr,SUP_sk,INC_avg,INC_sd,INC_r1,INC_kr,INC_sk,IND_avg,IND_sd,IND_r1,IND_kr,IND_sk
instances/A2/asymmetric/200.4.in,0.3630000000,0.0321869539,-0.9135163128,2.3030105395,0.7654363855,0.1930000000,0.0215870331,-0.7720090293,2.4290463998,-0.6656356441,0.4440000000,0.0190787840,-0.1857436600,2.7518717546,1.1041549626,0.0740000000,0.0152970585,-0.6392318244,1.2543282928,0.3989370954
