Instance,INF_avg,INF_sd,INF_r1,INF_kr,INF_sk,SUP_avg,SUP_sd,SUP_r1,SUP_kr,SUP_sk,INC_avg,INC_sd,INC_r1,INC_kr,INC_sk,IND_avg,IND_sd,IND_r1,IND_kr,IND_sk
instances/A3/asymmetric/10.1.in,0.3640476807,0.1407881558,1.0525103611,2.0371758165,-0.7379871003,0.1837009707,0.0685000572,0.5078666835,2.0787136048,0.4692027617,0.4522513486,0.0890466124,1.0296159853,1.8730760176,0.5256975722,0.2065778785,0.0456588302,-0.4655173144,3.6055941378,-1.2646390600
