Instance,INF_avg,INF_sd,INF_r1,INF_kr,INF_sk,SUP_avg,SUP_sd,SUP_r1,SUP_kr,SUP_sk,INC_avg,INC_sd,INC_r1,INC_kr,INC_sk,IND_avg,IND_sd,IND_r1,IND_kr,IND_sk
instances/A1/symmetric/20.2.in,0.8200000000,0.0600000000,-1.0000000000,1.0000000000,-0.0000000000,0.0100000000,0.0100000000,-1.0000000000,1.0000000000,0.0000000000,0.1700000000,0.0500000000,-1.0000000000,1.0000000000,0.0000000000,0.0900000000,0.0100000000,-1.0000000000,1.0000000000,0.0000000000
