Instance,INF_avg,INF_sd,INF_r1,INF_kr,INF_sk,SUP_avg,SUP_sd,SUP_r1,SUP_kr,SUP_sk,INC_avg,INC_sd,INC_r1,INC_kr,INC_sk,IND_avg,IND_sd,IND_r1,IND_kr,IND_sk
instances/A2/symmetric/200.2.in,0.3840000000,0.0111355287,0.4088176353,2.0793444329,-0.6170311183,0.1670000000,0.0156843871,-0.5069860279,2.1383105294,-0.6826736025,0.4490000000,0.0156204994,-0.0321576763,1.1941010481,-0.3652199526,0.0680000000,0.0120830460,0.0915395284,2.5052542691,0.8978957038
