Instance,INF_avg,INF_sd,INF_r1,INF_kr,INF_sk,SUP_avg,SUP_sd,SUP_r1,SUP_kr,SUP_sk,INC_avg,INC_sd,INC_r1,INC_kr,INC_sk,IND_avg,IND_sd,IND_r1,IND_kr,IND_sk
instances/A1/asymmetric/10.3.in,0.6026373122,0.0969566914,0.2444362139,1.4258741099,0.2219215555,0.0652792111,0.0581149231,0.2669082965,1.4659873567,0.0562265572,0.3320834767,0.1394897195,0.3831782262,1.2121965777,0.3092863574,0.2329732829,0.1406812544,0.5318333209,1.3071130692,0.2158004636
