Instance,INF_avg,INF_sd,INF_r1,INF_kr,INF_sk,SUP_avg,SUP_sd,SUP_r1,SUP_kr,SUP_sk,INC_avg,INC_sd,INC_r1,INC_kr,INC_sk,IND_avg,IND_sd,IND_r1,IND_kr,IND_sk
instances/A2/symmetric/50.1.in,0.8573916501,0.0497491200,0.7698964457,1.4150441491,-0.2211052384,0.0488440679,0.0279889176,0.7388681464,1.5735230285,0.2945510955,0.0937642820,0.0265155549,0.6214137995,1.7921592618,-0.2380880081,0.0288878301,0.0018467395,0.4358622131,2.5837421041,-1.1255164074
