Instance,INF_avg,INF_sd,INF_r1,INF_kr,INF_sk,SUP_avg,SUP_sd,SUP_r1,SUP_kr,SUP_sk,INC_avg,INC_sd,INC_r1,INC_kr,INC_sk,IND_avg,IND_sd,IND_r1,IND_kr,IND_sk
instances/A3/asymmetric/200.5.in,0.3070000000,0.0276767050,0.2096708655,2.4553340741,0.5493303971,0.1370000000,0.0120830460,-0.4170337739,2.8430287108,1.1427763503,0.5560000000,0.0278208555,0.5760082730,1.8897802616,0.2973063799,0.0840000000,0.0058309519,0.2532467532,2.6660899654,1.1500493357
