Instance,INF_avg,INF_sd,INF_r1,INF_kr,INF_sk,SUP_avg,SUP_sd,SUP_r1,SUP_kr,SUP_sk,INC_avg,INC_sd,INC_r1,INC_kr,INC_sk,IND_avg,IND_sd,IND_r1,IND_kr,IND_sk
instances/A3/symmetric/5.6.in,0.3783950617,0.1553447523,0.1583751642,2.2644786409,-0.4361357937,0.1512345679,0.0786885727,0.3896995708,2.2181254438,-0.3670087181,0.4703703704,0.1311811907,0.2487874327,1.5848305208,0.4120357560,0.4117283951,0.0975855449,-0.0198553397,2.3472454463,-0.4047107801
