Instance,INF_avg,INF_sd,INF_r1,INF_kr,INF_sk,SUP_avg,SUP_sd,SUP_r1,SUP_kr,SUP_sk,INC_avg,INC_sd,INC_r1,INC_kr,INC_sk,IND_avg,IND_sd,IND_r1,IND_kr,IND_sk
instances/A3/symmetric/5.6.in,0.3811111111,0.1981270325,0.1657088184,1.5234868109,-0.3694238668,0.1388888889,0.0895806416,0.4186046512,1.7825443787,-0.2146755022,0.4800000000,0.1543444920,0.0437158470,1.1963689018,0.3365218792,0.4244444444,0.1138333198,0.3334370785,2.3833080430,-0.7580885094
