Instance,INF_avg,INF_sd,INF_r1,INF_kr,INF_sk,SUP_avg,SUP_sd,SUP_r1,SUP_kr,SUP_sk,INC_avg,INC_sd,INC_r1,INC_kr,INC_sk,IND_avg,IND_sd,IND_r1,IND_kr,IND_sk
instances/A2/asymmetric/10.6.in,0.3576417234,0.0579346930,0.1315675457,1.6236592319,0.2632439222,0.3299319728,0.0897503263,0.0610101398,2.2809984651,-0.4960068895,0.3124263039,0.0394871510,-0.4912787865,1.9655756662,0.5283193880,0.1449206349,0.0075057717,0.4086480943,1.9863231684,-0.1132671801
