Instance,INF_avg,INF_sd,INF_r1,INF_kr,INF_sk,SUP_avg,SUP_sd,SUP_r1,SUP_kr,SUP_sk,INC_avg,INC_sd,INC_r1,INC_kr,INC_sk,IND_avg,IND_sd,IND_r1,IND_kr,IND_sk
instances/A2/symmetric/8.6.in,0.2060606061,0.0484848485,0.1841004184,1.4189453125,0.0351562500,0.2969696970,0.0587597558,0.0207373272,1.4081032141,-0.3752617726,0.4969696970,0.0593815695,-0.4118895966,2.4361979167,-0.5677202789,0.1939393939,0.0528351387,0.1737288136,1.7957063712,0.0543353054
