Instance,INF_avg,INF_sd,INF_r1,INF_kr,INF_sk,SUP_avg,SUP_sd,SUP_r1,SUP_kr,SUP_sk,INC_avg,INC_sd,INC_r1,INC_kr,INC_sk,IND_avg,IND_sd,IND_r1,IND_kr,IND_sk
instances/A2/asymmetric/200.3.in,0.3434000000,0.0319912488,-0.0719329430,2.6188205250,-0.1369345794,0.2222000000,0.0303011551,0.1528989719,3.5081877200,0.8782655189,0.4344000000,0.0410199951,-0.0737383045,2.1943317733,-0.1719169517,0.0588000000,0.0115134704,-0.0300048043,3.7000324878,0.5889981015
