Instance,INF_avg,INF_sd,INF_r1,INF_kr,INF_sk,SUP_avg,SUP_sd,SUP_r1,SUP_kr,SUP_sk,INC_avg,INC_sd,INC_r1,INC_kr,INC_sk,IND_avg,IND_sd,IND_r1,IND_kr,IND_sk
instances/A2/asymmetric/100.3.in,0.5398457286,0.1503579878,0.9254232965,3.7134563711,1.2361672868,0.1818502513,0.0715383718,0.8766460029,3.3202743087,-0.8693636713,0.2783040201,0.0860030071,0.8833984201,3.2954777121,-1.0789083924,0.0513507538,0.0144004430,0.5879622676,2.7987932016,-0.3302723489
