Instance,INF_avg,INF_sd,INF_r1,INF_kr,INF_sk,SUP_avg,SUP_sd,SUP_r1,SUP_kr,SUP_sk,INC_avg,INC_sd,INC_r1,INC_kr,INC_sk,IND_avg,IND_sd,IND_r1,IND_kr,IND_sk
instances/A2/symmetric/5.3.in,0.3222222222,0.0888888889,-0.0080645161,2.5908203125,-0.5507812500,0.1777777778,0.0888888889,-0.7741935484,2.0781250000,0.8437500000,0.5000000000,0.0496903995,-0.7500000000,1.2500000000,0.0000000000,0.4611111111,0.0484322105,-0.2183544304,3.0422437673,1.3040473294
