Instance,INF_avg,INF_sd,INF_r1,INF_kr,INF_sk,SUP_avg,SUP_sd,SUP_r1,SUP_kr,SUP_sk,INC_avg,INC_sd,INC_r1,INC_kr,INC_sk,IND_avg,IND_sd,IND_r1,IND_kr,IND_sk
instances/A2/symmetric/5.3.in,0.3629629630,0.1315727383,0.4446385875,2.3213134888,-0.0128925495,0.1944444444,0.1200137166,0.1317365269,2.3494897959,0.2975850321,0.4425925926,0.0783050908,0.4107525176,1.8478822275,0.0853645764,0.4679012346,0.0606762179,-0.1451809061,3.1054980853,1.3156590496
