Instance,INF_avg,INF_sd,INF_r1,INF_kr,INF_sk,SUP_avg,SUP_sd,SUP_r1,SUP_kr,SUP_sk,INC_avg,INC_sd,INC_r1,INC_kr,INC_sk,IND_avg,IND_sd,IND_r1,IND_kr,IND_sk
instances/A2/symmetric/5.2.in,0.4086419753,0.1383349723,0.5687124465,1.7749729523,-0.1204534898,0.1222222222,0.1047238186,0.5133008617,1.5131472883,0.1649215183,0.4691358025,0.0525815789,0.1694159608,1.7643496801,0.2008019209,0.4129629630,0.0944262873,-0.1012482019,2.8242568047,0.1915903782
