Instance,INF_avg,INF_sd,INF_r1,INF_kr,INF_sk,SUP_avg,SUP_sd,SUP_r1,SUP_kr,SUP_sk,INC_avg,INC_sd,INC_r1,INC_kr,INC_sk,IND_avg,IND_sd,IND_r1,IND_kr,IND_sk
instances/A3/symmetric/100.2.in,0.3002000000,0.0430924587,0.4628780047,2.5217311607,-0.0532258467,0.1382000000,0.0324616697,0.0503311218,2.0159448400,-0.0864992696,0.5616000000,0.0343720817,0.3447442872,2.8341948968,0.4116126061,0.0696000000,0.0245324275,-0.1077842694,2.3250507209,0.5582456777
