Instance,INF_avg,INF_sd,INF_r1,INF_kr,INF_sk,SUP_avg,SUP_sd,SUP_r1,SUP_kr,SUP_sk,INC_avg,INC_sd,INC_r1,INC_kr,INC_sk,IND_avg,IND_sd,IND_r1,IND_kr,IND_sk
instances/A3/symmetric/20.2.in,0.7533333333,0.0659966329,-0.2000000000,1.5000000000,-0.7071067812,0.0333333333,0.0339934634,-0.0754716981,1.5000000000,0.5280049792,0.2133333333,0.0339934634,-0.3378378378,1.5000000000,0.5280049792,0.1400000000,0.0163299316,-1.0000000000,1.5000000000,-0.0000000000
