Instance,INF_avg,INF_sd,INF_r1,INF_kr,INF_sk,SUP_avg,SUP_sd,SUP_r1,SUP_kr,SUP_sk,INC_avg,INC_sd,INC_r1,INC_kr,INC_sk,IND_avg,IND_sd,IND_r1,IND_kr,IND_sk
instances/A3/symmetric/5.4.in,0.1936507937,0.2524558140,0.9274494334,1.7600049569,0.7586689035,0.1730158730,0.1019833549,0.5750220394,1.9284952733,-0.2250718332,0.6333333333,0.1902379462,0.6592178771,1.8469529086,-0.3227721387,0.4920634921,0.0946010440,-0.1499505929,2.9205443831,-0.7890901914
