Instance,INF_avg,INF_sd,INF_r1,INF_kr,INF_sk,SUP_avg,SUP_sd,SUP_r1,SUP_kr,SUP_sk,INC_avg,INC_sd,INC_r1,INC_kr,INC_sk,IND_avg,IND_sd,IND_r1,IND_kr,IND_sk
instances/A2/asymmetric/8.2.in,0.3774410774,0.1173310094,0.0201502113,1.8544561048,-0.0884661714,0.2503928171,0.0942209969,-0.0270299422,2.5862238638,0.6391457584,0.3721661055,0.0448200158,0.0401494455,3.5884035923,0.7290538741,0.1494949495,0.0337339461,0.0117960816,1.9929867817,0.3347441469
