Instance,INF_avg,INF_sd,INF_r1,INF_kr,INF_sk,SUP_avg,SUP_sd,SUP_r1,SUP_kr,SUP_sk,INC_avg,INC_sd,INC_r1,INC_kr,INC_sk,IND_avg,IND_sd,IND_r1,IND_kr,IND_sk
instances/A2/asymmetric/10.6.in,0.6212200436,0.0516973954,0.6358680593,2.0566836844,-0.6155998696,0.0564379085,0.0193236608,-0.6415083821,1.2932318467,-0.3905838232,0.3223420479,0.0467646995,0.2484752972,2.2102692744,0.3836159322,0.1917755991,0.0375252014,-0.3094249977,2.4712503161,0.8195766482
