Instance,INF_avg,INF_sd,INF_r1,INF_kr,INF_sk,SUP_avg,SUP_sd,SUP_r1,SUP_kr,SUP_sk,INC_avg,INC_sd,INC_r1,INC_kr,INC_sk,IND_avg,IND_sd,IND_r1,IND_kr,IND_sk
instances/A2/asymmetric/10.6.in,0.5050113873,0.1378393078,0.8431766488,1.3572385927,-0.1147702450,0.1790994175,0.1441403277,0.6859948692,1.5896443358,0.4559660314,0.3158891952,0.0397414651,0.0535217051,2.9986628878,0.5051224936,0.1780461567,0.0366924371,-0.4189468473,3.0998999742,0.9017573830
