Instance,INF_avg,INF_sd,INF_r1,INF_kr,INF_sk,SUP_avg,SUP_sd,SUP_r1,SUP_kr,SUP_sk,INC_avg,INC_sd,INC_r1,INC_kr,INC_sk,IND_avg,IND_sd,IND_r1,IND_kr,IND_sk
instances/A2/asymmetric/100.2.in,0.5650000000,0.0347850543,0.5309917355,1.7070213783,0.3741988967,0.1495000000,0.0292788319,0.3632096625,1.6695278576,0.6125076419,0.2855000000,0.0224109348,-0.2759104369,1.7759447841,-0.0191899496,0.0400000000,0.0067082039,-0.2857142857,1.6666666667,0.2484519975
