Instance,INF_avg,INF_sd,INF_r1,INF_kr,INF_sk,SUP_avg,SUP_sd,SUP_r1,SUP_kr,SUP_sk,INC_avg,INC_sd,INC_r1,INC_kr,INC_sk,IND_avg,IND_sd,IND_r1,IND_kr,IND_sk
instances/A1/symmetric/50.4.in,0.4284125000,0.0894608600,0.6414761207,5.9995414099,1.5193739399,0.1854583333,0.0543994198,0.6966160405,4.7187898756,-0.3347268992,0.3861291667,0.0615323226,0.5374377145,3.5946371652,-0.6603565207,0.0489187500,0.0107321272,0.3344766550,2.9407766482,0.4516741590
