Instance,INF_avg,INF_sd,INF_r1,INF_kr,INF_sk,SUP_avg,SUP_sd,SUP_r1,SUP_kr,SUP_sk,INC_avg,INC_sd,INC_r1,INC_kr,INC_sk,IND_avg,IND_sd,IND_r1,IND_kr,IND_sk
instances/A3/symmetric/20.3.in,0.5924156545,0.1925252268,0.9444628696,1.3941308954,-0.0702208373,0.0676653171,0.0694581110,0.6598195630,3.7788334480,1.0974045257,0.3399190283,0.1350433542,0.9152133710,1.6104797698,0.0416711903,0.1737651822,0.0467960311,0.3293043336,2.2296968828,-0.4053040483
