Instance,INF_avg,INF_sd,INF_r1,INF_kr,INF_sk,SUP_avg,SUP_sd,SUP_r1,SUP_kr,SUP_sk,INC_avg,INC_sd,INC_r1,INC_kr,INC_sk,IND_avg,IND_sd,IND_r1,IND_kr,IND_sk
instances/A3/asymmetric/8.2.in,0.2938927739,0.0831583767,0.2506138848,2.1215132528,-0.6169831939,0.1594405594,0.0310501410,0.5005408669,1.5473714752,-0.1670077583,0.5466666667,0.0653197265,-0.7628205128,2.4361979167,1.0269996057,0.2429370629,0.0303669400,-0.6325922426,1.2730401069,-0.4536618884
