Instance,INF_avg,INF_sd,INF_r1,INF_kr,INF_sk,SUP_avg,SUP_sd,SUP_r1,SUP_kr,SUP_sk,INC_avg,INC_sd,INC_r1,INC_kr,INC_sk,IND_avg,IND_sd,IND_r1,IND_kr,IND_sk
instances/A2/symmetric/50.2.in,0.6907445538,0.1728078259,0.9497004754,2.4045835202,-0.3248427724,0.0454761905,0.0537997779,0.8796352322,5.0765315324,1.6271425386,0.2637792557,0.1265944178,0.9571990035,2.0358720837,-0.1474789350,0.0501101661,0.0163289036,0.6456820790,2.7558697286,0.2605140039
