Instance,INF_avg,INF_sd,INF_r1,INF_kr,INF_sk,SUP_avg,SUP_sd,SUP_r1,SUP_kr,SUP_sk,INC_avg,INC_sd,INC_r1,INC_kr,INC_sk,IND_avg,IND_sd,IND_r1,IND_kr,IND_sk
instances/A3/symmetric/100.6.in,0.3381500000,0.0559359232,0.6398891199,2.1104548003,-0.2629073330,0.1700500000,0.0433214439,0.7890789845,1.9952545865,0.1025447468,0.4918000000,0.0370777561,0.3844736854,2.7228364919,0.2852090210,0.0712000000,0.0170458206,0.3987862835,2.5414672252,0.3532838228
