Instance,INF_avg,INF_sd,INF_r1,INF_kr,INF_sk,SUP_avg,SUP_sd,SUP_r1,SUP_kr,SUP_sk,INC_avg,INC_sd,INC_r1,INC_kr,INC_sk,IND_avg,IND_sd,IND_r1,IND_kr,IND_sk
instances/A3/symmetric/5.4.in,0.0500000000,0.1000000000,-0.0526315789,3.2500000000,1.5000000000,0.1866666667,0.0577271713,0.1538663516,2.0381359812,0.7083797634,0.7633333333,0.1064538694,0.4506166447,1.9993601939,-0.6187169663,0.4566666667,0.0416333200,-0.3359273671,1.3269230769,-0.2278746804
