Instance,INF_avg,INF_sd,INF_r1,INF_kr,INF_sk,SUP_avg,SUP_sd,SUP_r1,SUP_kr,SUP_sk,INC_avg,INC_sd,INC_r1,INC_kr,INC_sk,IND_avg,IND_sd,IND_r1,IND_kr,IND_sk
instances/A3/asymmetric/200.1.in,0.2725000000,0.0280044639,0.1360312043,3.6622569842,-0.7096186411,0.1410000000,0.0227156334,-0.1323396033,2.6436361997,-0.0225231627,0.5865000000,0.0305982026,-0.0280039127,2.5459086882,0.1478659594,0.0879000000,0.0256142538,0.2678371116,2.7068484605,-0.1502429972
