Instance,INF_avg,INF_sd,INF_r1,INF_kr,INF_sk,SUP_avg,SUP_sd,SUP_r1,SUP_kr,SUP_sk,INC_avg,INC_sd,INC_r1,INC_kr,INC_sk,IND_avg,IND_sd,IND_r1,IND_kr,IND_sk
instances/A3/asymmetric/8.3.in,0.0888888889,0.0968644210,0.0161725067,3.0422437673,1.3040473294,0.2611111111,0.0715783263,-0.1443148688,1.5489185658,-0.0252482701,0.6500000000,0.0623609564,-0.2908496732,2.3760393046,0.1315095000,0.2166666667,0.0272165527,-0.4705882353,2.7291666667,-0.8675276172
