Instance,INF_avg,INF_sd,INF_r1,INF_kr,INF_sk,SUP_avg,SUP_sd,SUP_r1,SUP_kr,SUP_sk,INC_avg,INC_sd,INC_r1,INC_kr,INC_sk,IND_avg,IND_sd,IND_r1,IND_kr,IND_sk
instances/A2/asymmetric/50.5.in,0.3652500000,0.0420319819,0.5122686039,2.6902228691,0.0255694293,0.2371000000,0.0477188642,0.5989584577,3.2316620773,-0.5022763982,0.3976500000,0.0345865219,0.4239387375,2.9706859757,0.4741006560,0.0479500000,0.0122289615,0.4062235641,3.3080316081,0.8486839642
