Instance,INF_avg,INF_sd,INF_r1,INF_kr,INF_sk,SUP_avg,SUP_sd,SUP_r1,SUP_kr,SUP_sk,INC_avg,INC_sd,INC_r1,INC_kr,INC_sk,IND_avg,IND_sd,IND_r1,IND_kr,IND_sk
instances/A3/asymmetric/10.5.in,0.1791608392,0.0636296777,-0.0703925166,2.0022773878,-0.5804697555,0.1830069930,0.0629306912,0.2596835730,1.4492951720,-0.3659424411,0.6378321678,0.0626560939,0.5581858725,1.5645837887,0.0178811029,0.2200000000,0.0338322806,-0.3426628566,1.5585825893,0.0703567111
