Instance,INF_avg,INF_sd,INF_r1,INF_kr,INF_sk,SUP_avg,SUP_sd,SUP_r1,SUP_kr,SUP_sk,INC_avg,INC_sd,INC_r1,INC_kr,INC_sk,IND_avg,IND_sd,IND_r1,IND_kr,IND_sk
instances/A1/asymmetric/5.2.in,0.4024691358,0.0304415506,-0.3496708120,3.7593490305,-0.7193239332,0.0370370370,0.0740740741,-0.2857142857,4.5000000000,1.7500000000,0.5604938272,0.0823374420,-0.1997538966,6.4725687076,-2.2596718515,0.5802469136,0.1565907160,-0.5904445309,2.2358303572,-0.2565783504
