Instance,INF_avg,INF_sd,INF_r1,INF_kr,INF_sk,SUP_avg,SUP_sd,SUP_r1,SUP_kr,SUP_sk,INC_avg,INC_sd,INC_r1,INC_kr,INC_sk,IND_avg,IND_sd,IND_r1,IND_kr,IND_sk
instances/A1/asymmetric/100.2.in,0.3801075269,0.1602484269,0.2026099526,2.4940751105,0.1770386897,0.0908602151,0.0943130901,0.1611539999,3.3078370638,0.9132826378,0.5290322581,0.1579986696,0.0704481311,2.5437160231,0.1213681153,0.4602150538,0.1333116528,-0.0006137186,2.7557588599,0.1276485051
