Instance,INF_avg,INF_sd,INF_r1,INF_kr,INF_sk,SUP_avg,SUP_sd,SUP_r1,SUP_kr,SUP_sk,INC_avg,INC_sd,INC_r1,INC_kr,INC_sk,IND_avg,IND_sd,IND_r1,IND_kr,IND_sk
instances/A2/asymmetric/10.1.in,0.3927493142,0.1531095996,0.5726731148,1.8529154795,0.1417995117,0.1937506938,0.1323387519,0.6522809395,1.4841906874,0.0937408542,0.4134999921,0.0500893219,0.6250352418,1.7194217976,-0.2789337635,0.1311775526,0.0376881548,0.5680080526,1.8350341964,0.3785223073
