Instance,INF_avg,INF_sd,INF_r1,INF_kr,INF_sk,SUP_avg,SUP_sd,SUP_r1,SUP_kr,SUP_sk,INC_avg,INC_sd,INC_r1,INC_kr,INC_sk,IND_avg,IND_sd,IND_r1,IND_kr,IND_sk
instances/A1/symmetric/100.4.in,0.3265000000,0.0318629879,0.0422102078,3.3298972860,-0.5899582640,0.1505000000,0.0217313138,0.0272586380,2.7019814081,0.4875951208,0.5230000000,0.0192613603,-0.1120429386,1.7649319607,-0.0092359819,0.0685000000,0.0100124922,0.0976399815,2.7568049950,0.7890392543
