Instance,INF_avg,INF_sd,INF_r1,INF_kr,INF_sk,SUP_avg,SUP_sd,SUP_r1,SUP_kr,SUP_sk,INC_avg,INC_sd,INC_r1,INC_kr,INC_sk,IND_avg,IND_sd,IND_r1,IND_kr,IND_sk
instances/A2/symmetric/8.6.in,0.4936849817,0.0476737786,0.1218666563,1.7844236404,-0.1218517266,0.1774945055,0.0328929864,0.0865817078,1.7354529970,0.5758457897,0.3288205128,0.0364635219,0.3208382405,1.8274186957,0.1596196816,0.1424175824,0.0345733217,-0.5434912630,2.0692528207,0.4662718702
