Instance,INF_avg,INF_sd,INF_r1,INF_kr,INF_sk,SUP_avg,SUP_sd,SUP_r1,SUP_kr,SUP_sk,INC_avg,INC_sd,INC_r1,INC_kr,INC_sk,IND_avg,IND_sd,IND_r1,IND_kr,IND_sk
instances/A1/symmetric/8.3.in,0.4500000000,0.1060660172,-0.2000000000,1.5000000000,0.7071067812,0.0000000000,0.0000000000,0.0000000000,0.0000000000,0.0000000000,0.5500000000,0.1060660172,-0.2000000000,1.5000000000,-0.7071067812,0.4750000000,0.1338531534,-0.4235294118,1.5000000000,-0.2736424661
