Instance,INF_avg,INF_sd,INF_r1,INF_kr,INF_sk,SUP_avg,SUP_sd,SUP_r1,SUP_kr,SUP_sk,INC_avg,INC_sd,INC_r1,INC_kr,INC_sk,IND_avg,IND_sd,IND_r1,IND_kr,IND_sk
instances/A2/asymmetric/50.4.in,0.6157371058,0.1790635859,0.9306886204,1.8794599083,0.1227091272,0.0515000000,0.0571029772,0.8510618069,3.4809412804,1.1596936173,0.3327628942,0.1346016193,0.9042517264,2.0416651611,-0.4187702334,0.0974365286,0.0238227445,0.2980151443,2.5540863080,0.4442310011
