Instance,INF_avg,INF_sd,INF_r1,INF_kr,INF_sk,SUP_avg,SUP_sd,SUP_r1,SUP_kr,SUP_sk,INC_avg,INC_sd,INC_r1,INC_kr,INC_sk,IND_avg,IND_sd,IND_r1,IND_kr,IND_sk
instances/A2/asymmetric/5.3.in,0.4135802469,0.1415694683,0.5770851296,2.5377426119,-0.9676191514,0.1537037037,0.0845791648,0.3444987073,1.9235992311,-0.3026239622,0.4327160494,0.0980413271,0.4863484708,2.2357254975,0.7554070014,0.3709876543,0.0944182163,0.2558268832,2.3582139600,0.7980760233
