Instance,INF_avg,INF_sd,INF_r1,INF_kr,INF_sk,SUP_avg,SUP_sd,SUP_r1,SUP_kr,SUP_sk,INC_avg,INC_sd,INC_r1,INC_kr,INC_sk,IND_avg,IND_sd,IND_r1,IND_kr,IND_sk
instances/A2/symmetric/100.1.in,0.4562500000,0.1013579671,0.6596825397,1.8845002819,0.0998794119,0.1500000000,0.0866025404,0.4666666667,1.8333333333,-0.4330127019,0.3937500000,0.0845484329,0.0485304170,2.1656364776,0.6616636294,0.1875000000,0.0414578099,-0.4252873563,1.6280991736,0.4933822002
