Instance,INF_avg,INF_sd,INF_r1,INF_kr,INF_sk,SUP_avg,SUP_sd,SUP_r1,SUP_kr,SUP_sk,INC_avg,INC_sd,INC_r1,INC_kr,INC_sk,IND_avg,IND_sd,IND_r1,IND_kr,IND_sk
instances/A1/symmetric/200.4.in,0.3320000000,0.0107703296,-0.4783427495,1.2285969084,0.3169627324,0.1600000000,0.0189736660,-0.5735294118,2.4884259259,1.0321322919,0.5080000000,0.0180554701,-0.6815809098,1.3222364410,-0.0825676396,0.0690000000,0.0080000000,0.1373239437,1.4189453125,0.0351562500
