Instance,INF_avg,INF_sd,INF_r1,INF_kr,INF_sk,SUP_avg,SUP_sd,SUP_r1,SUP_kr,SUP_sk,INC_avg,INC_sd,INC_r1,INC_kr,INC_sk,IND_avg,IND_sd,IND_r1,IND_kr,IND_sk
instances/A1/symmetric/20.5.in,0.6558614229,0.0298828494,0.1609210494,1.6696710845,0.2262691507,0.0708725745,0.0259028972,0.3444359113,1.9934536729,-0.4803768160,0.2732660026,0.0072082005,-0.5795261134,2.2900161612,-0.7334917389,0.0522633734,0.0080990476,0.4188122199,1.6115862124,-0.2677218217
