Instance,INF_avg,INF_sd,INF_r1,INF_kr,INF_sk,SUP_avg,SUP_sd,SUP_r1,SUP_kr,SUP_sk,INC_avg,INC_sd,INC_r1,INC_kr,INC_sk,IND_avg,IND_sd,IND_r1,IND_kr,IND_sk
instances/A3/asymmetric/50.6.in,0.3610000000,0.0559821400,-0.1414854007,1.7896111528,0.0799211040,0.1220000000,0.0087177979,-0.3746223565,1.7957063712,0.0543353054,0.5170000000,0.0494570521,-0.1372662585,1.8958317316,0.0650233384,0.0670000000,0.0087177979,0.3127962085,1.7957063712,0.0543353054
