Instance,INF_avg,INF_sd,INF_r1,INF_kr,INF_sk,SUP_avg,SUP_sd,SUP_r1,SUP_kr,SUP_sk,INC_avg,INC_sd,INC_r1,INC_kr,INC_sk,IND_avg,IND_sd,IND_r1,IND_kr,IND_sk
instances/A2/asymmetric/8.4.in,0.4115151515,0.1297932240,0.3212260445,2.2920531128,0.5433028050,0.1945454545,0.1300759120,0.1800782196,2.4369202476,0.6850233703,0.3939393939,0.0691015409,-0.0000000000,2.1449704142,0.8095920178,0.1800000000,0.0299126368,-0.1691726234,2.3501156705,0.7882835242
