Instance,INF_avg,INF_sd,INF_r1,INF_kr,INF_sk,SUP_avg,SUP_sd,SUP_r1,SUP_kr,SUP_sk,INC_avg,INC_sd,INC_r1,INC_kr,INC_sk,IND_avg,IND_sd,IND_r1,IND_kr,IND_sk
instances/A1/symmetric/200.3.in,0.3464500000,0.0337956728,0.0084854657,3.5285321848,0.0516807821,0.1670500000,0.0247900686,0.3419094796,3.7109841480,0.4193176349,0.4865000000,0.0353447309,0.1223017543,3.1586196465,-0.2673572431,0.0794500000,0.0160763024,0.2007804666,2.6424667323,0.3231993930
