Instance,INF_avg,INF_sd,INF_r1,INF_kr,INF_sk,SUP_avg,SUP_sd,SUP_r1,SUP_kr,SUP_sk,INC_avg,INC_sd,INC_r1,INC_kr,INC_sk,IND_avg,IND_sd,IND_r1,IND_kr,IND_sk
instances/A2/symmetric/20.3.in,0.6763087613,0.0886401320,0.5654428766,3.0986685691,1.2068985935,0.0948229105,0.0435814160,0.5243870509,3.0321483907,-1.2357357704,0.2288683282,0.0475657946,0.5035629046,2.6971673064,-0.8920929883,0.0700010820,0.0124742356,-0.3754075018,5.5783698346,1.6706501312
