Instance,INF_avg,INF_sd,INF_r1,INF_kr,INF_sk,SUP_avg,SUP_sd,SUP_r1,SUP_kr,SUP_sk,INC_avg,INC_sd,INC_r1,INC_kr,INC_sk,IND_avg,IND_sd,IND_r1,IND_kr,IND_sk
instances/A2/symmetric/20.3.in,0.7252420017,0.0913581466,0.5045478880,1.6980649482,0.5492025005,0.0719740637,0.0468918343,0.4619431376,1.5972569471,-0.4279454538,0.2027839346,0.0477576929,0.4119032553,1.9877989478,-0.2294644208,0.0722042747,0.0164063764,-0.3898653331,2.7522154934,0.9202856779
