Instance,INF_avg,INF_sd,INF_r1,INF_kr,INF_sk,SUP_avg,SUP_sd,SUP_r1,SUP_kr,SUP_sk,INC_avg,INC_sd,INC_r1,INC_kr,INC_sk,IND_avg,IND_sd,IND_r1,IND_kr,IND_sk
instances/A2/asymmetric/8.5.in,0.3927272727,0.0743406895,-0.4737705291,2.2344618512,-0.2334590095,0.1630769231,0.0626089348,-0.7807730604,1.2636777856,0.2735699464,0.4441958042,0.0431585821,0.7298057618,1.2759095991,-0.3784343088,0.1978554779,0.0190181222,-0.1392771078,2.6258247910,1.0538382766
