Instance,INF_avg,INF_sd,INF_r1,INF_kr,INF_sk,SUP_avg,SUP_sd,SUP_r1,SUP_kr,SUP_sk,INC_avg,INC_sd,INC_r1,INC_kr,INC_sk,IND_avg,IND_sd,IND_r1,IND_kr,IND_sk
instances/A3/symmetric/50.1.in,0.3465000000,0.0478565565,0.4375076095,1.8264773044,-0.3599064604,0.1405000000,0.0155643824,0.0427698574,3.2683114634,0.6826732159,0.5130000000,0.0409389790,0.1717859522,1.6477613194,0.0355468220,0.0620000000,0.0097979590,0.0012642225,1.9967447917,0.4688476461
