Instance,INF_avg,INF_sd,INF_r1,INF_kr,INF_sk,SUP_avg,SUP_sd,SUP_r1,SUP_kr,SUP_sk,INC_avg,INC_sd,INC_r1,INC_kr,INC_sk,IND_avg,IND_sd,IND_r1,IND_kr,IND_sk
instances/A1/symmetric/5.2.in,0.0966666667,0.1620699437,0.4143625192,3.1157957347,1.4108925892,0.2066666667,0.0533333333,0.1373239437,1.4189453125,-0.0351562500,0.6966666667,0.1431394037,-0.8322550832,3.0387267611,-1.3398039738,0.2800000000,0.0266666667,-0.2500000000,3.2500000000,1.5000000000
