Instance,INF_avg,INF_sd,INF_r1,INF_kr,INF_sk,SUP_avg,SUP_sd,SUP_r1,SUP_kr,SUP_sk,INC_avg,INC_sd,INC_r1,INC_kr,INC_sk,IND_avg,IND_sd,IND_r1,IND_kr,IND_sk
instances/A2/symmetric/200.1.in,0.3546000000,0.0370316081,0.0631293174,2.8846888273,0.3885788740,0.2036500000,0.0301981374,0.0232363545,2.5858314920,0.0401080768,0.4417500000,0.0344410729,-0.0406940913,3.4152487851,0.1683061292,0.0619000000,0.0127824098,0.2735733415,3.1498802675,0.6005780361
