Instance,INF_avg,INF_sd,INF_r1,INF_kr,INF_sk,SUP_avg,SUP_sd,SUP_r1,SUP_kr,SUP_sk,INC_avg,INC_sd,INC_r1,INC_kr,INC_sk,IND_avg,IND_sd,IND_r1,IND_kr,IND_sk
instances/A3/symmetric/5.5.in,0.0785714286,0.1020204061,-0.0289210234,1.8370818916,0.7248508670,0.2828571429,0.0749663568,-0.5149392330,1.6724187620,0.3990354029,0.6385714286,0.1309861428,-0.2817556736,2.1650450429,-0.5274269295,0.3814285714,0.0310949099,0.2921359665,1.5998404109,-0.4590565873
