Instance,INF_avg,INF_sd,INF_r1,INF_kr,INF_sk,SUP_avg,SUP_sd,SUP_r1,SUP_kr,SUP_sk,INC_avg,INC_sd,INC_r1,INC_kr,INC_sk,IND_avg,IND_sd,IND_r1,IND_kr,IND_sk
instances/A3/symmetric/20.5.in,0.6113759510,0.1635346161,0.7536015742,1.5603867619,-0.1203973856,0.0556086946,0.0419741432,0.5819591106,2.3563455347,0.9027911783,0.3330153544,0.1282841957,0.7286497860,1.3600430305,-0.0753629911,0.0694627565,0.0137355750,0.3821488810,2.1133125226,0.2973385880
