Instance,INF_avg,INF_sd,INF_r1,INF_kr,INF_sk,SUP_avg,SUP_sd,SUP_r1,SUP_kr,SUP_sk,INC_avg,INC_sd,INC_r1,INC_kr,INC_sk,IND_avg,IND_sd,IND_r1,IND_kr,IND_sk
instances/A3/symmetric/20.5.in,0.4755951228,0.0773660907,0.4236859068,1.8526786323,-0.5928825407,0.0823664677,0.0390127000,0.3577300523,1.5348146736,0.2087804495,0.4420384095,0.0471718761,0.1551179164,2.3066697478,-0.0776316394,0.0777343453,0.0117227652,-0.3210217618,1.5412561215,-0.0774443483
