Instance,INF_avg,INF_sd,INF_r1,INF_kr,INF_sk,SUP_avg,SUP_sd,SUP_r1,SUP_kr,SUP_sk,INC_avg,INC_sd,INC_r1,INC_kr,INC_sk,IND_avg,IND_sd,IND_r1,IND_kr,IND_sk
instances/A3/symmetric/100.6.in,0.3912000000,0.1218792845,0.7552137460,2.9477923700,-0.8173754589,0.0738000000,0.0572237713,0.8661302455,2.5517282215,0.6452045026,0.5350000000,0.0781152994,0.5465946699,2.9206013342,0.9519372756,0.0986000000,0.0310972668,0.7681809823,1.7876957340,0.1190235499
