Instance,INF_avg,INF_sd,INF_r1,INF_kr,INF_sk,SUP_avg,SUP_sd,SUP_r1,SUP_kr,SUP_sk,INC_avg,INC_sd,INC_r1,INC_kr,INC_sk,IND_avg,IND_sd,IND_r1,IND_kr,IND_sk
instances/A2/asymmetric/20.5.in,0.4634831437,0.0519629959,0.3160389790,2.4863002009,-0.2610290904,0.2232000802,0.0539466469,0.4562167055,2.6918122016,0.4607990346,0.3133167761,0.0143028106,0.0207353836,2.2104271587,0.5693830362,0.0624124207,0.0036891095,0.0163089846,2.4084283598,0.3957582087
