Instance,INF_avg,INF_sd,INF_r1,INF_kr,INF_sk,SUP_avg,SUP_sd,SUP_r1,SUP_kr,SUP_sk,INC_avg,INC_sd,INC_r1,INC_kr,INC_sk,IND_avg,IND_sd,IND_r1,IND_kr,IND_sk
instances/A2/symmetric/20.6.in,0.6776413314,0.0613651039,0.2939830302,1.5883008499,-0.1827142290,0.0765953762,0.0403834768,0.4233248970,1.6701737917,0.3439130151,0.2457632924,0.0248796982,-0.1944576745,1.3159312952,-0.2918677353,0.0577643806,0.0170442702,0.3297517884,1.9611264973,0.3000884892
