Instance,INF_avg,INF_sd,INF_r1,INF_kr,INF_sk,SUP_avg,SUP_sd,SUP_r1,SUP_kr,SUP_sk,INC_avg,INC_sd,INC_r1,INC_kr,INC_sk,IND_avg,IND_sd,IND_r1,IND_kr,IND_sk
instances/A3/asymmetric/5.3.in,0.4366666667,0.1110888867,-0.0017271157,2.5291234141,-0.3130037835,0.0388888889,0.0484322105,0.3353474320,1.3801939058,0.5071295170,0.5244444444,0.0938609426,-0.5871369295,1.7826720827,0.1203956419,0.4866666667,0.0606141409,-0.3226094727,2.5860865418,1.1066535313
