Instance,INF_avg,INF_sd,INF_r1,INF_kr,INF_sk,SUP_avg,SUP_sd,SUP_r1,SUP_kr,SUP_sk,INC_avg,INC_sd,INC_r1,INC_kr,INC_sk,IND_avg,IND_sd,IND_r1,IND_kr,IND_sk
instances/A3/asymmetric/200.2.in,0.2904615385,0.0545874251,0.0296960802,2.8583613864,-0.1476603191,0.0966153846,0.0526900056,0.0918159366,2.1837920407,0.3957466546,0.6129230769,0.0715052032,0.0767588617,2.6462748836,-0.2390566313,0.2378461538,0.0478617338,-0.0150111178,2.9615262894,0.4438006742
