Instance,INF_avg,INF_sd,INF_r1,INF_kr,INF_sk,SUP_avg,SUP_sd,SUP_r1,SUP_kr,SUP_sk,INC_avg,INC_sd,INC_r1,INC_kr,INC_sk,IND_avg,IND_sd,IND_r1,IND_kr,IND_sk
instances/A3/asymmetric/200.6.in,0.3096000000,0.0460091295,0.2803023314,4.1412236699,0.3563390374,0.1562500000,0.0269664143,0.3753686802,2.7975039008,0.5068855959,0.5341500000,0.0448221764,0.3017377422,3.6292341966,-0.4010885378,0.0781000000,0.0162292945,0.4089487068,3.0915504462,0.3645182358
