Instance,INF_avg,INF_sd,INF_r1,INF_kr,INF_sk,SUP_avg,SUP_sd,SUP_r1,SUP_kr,SUP_sk,INC_avg,INC_sd,INC_r1,INC_kr,INC_sk,IND_avg,IND_sd,IND_r1,IND_kr,IND_sk
instances/A1/symmetric/100.2.in,0.7307017544,0.1832633964,0.9328497492,1.9197815124,-0.4954654534,0.0482456140,0.0576475318,0.8566462114,3.9734613415,1.2689980609,0.2210526316,0.1310508701,0.9326202953,1.6801937405,0.2590881441,0.0791228070,0.0273560476,0.5044153031,2.7814961589,0.5855595855
