Instance,INF_avg,INF_sd,INF_r1,INF_kr,INF_sk,SUP_avg,SUP_sd,SUP_r1,SUP_kr,SUP_sk,INC_avg,INC_sd,INC_r1,INC_kr,INC_sk,IND_avg,IND_sd,IND_r1,IND_kr,IND_sk
instances/A1/symmetric/8.6.in,0.2969696970,0.0770197880,0.6930588546,2.2521750105,-0.1186830721,0.2343434343,0.0595873988,0.2796904315,2.1761900515,-0.0160065853,0.4686868687,0.0415494218,0.0018567450,2.1829678252,0.8476606618,0.2468013468,0.0389933298,0.0071195889,3.5887952921,0.7244646438
