Instance,INF_avg,INF_sd,INF_r1,INF_kr,INF_sk,SUP_avg,SUP_sd,SUP_r1,SUP_kr,SUP_sk,INC_avg,INC_sd,INC_r1,INC_kr,INC_sk,IND_avg,IND_sd,IND_r1,IND_kr,IND_sk
instances/A1/asymmetric/8.4.in,0.3635897436,0.0885027775,-0.1283327363,1.7104594255,0.2235501548,0.1153846154,0.0705757295,-0.3650506512,1.2549230104,0.2769152770,0.5210256410,0.0272519595,-0.1165048544,3.2245704564,-1.4796187538,0.2948717949,0.0331156601,-0.0132530120,2.7536100616,-0.9569964706
