Instance,INF_avg,INF_sd,INF_r1,INF_kr,INF_sk,SUP_avg,SUP_sd,SUP_r1,SUP_kr,SUP_sk,INC_avg,INC_sd,INC_r1,INC_kr,INC_sk,IND_avg,IND_sd,IND_r1,IND_kr,IND_sk
instances/A2/symmetric/5.4.in,0.4382716049,0.0536362568,-0.1308032424,4.1742248147,0.3159178112,0.1203703704,0.0785674201,-0.2580645161,1.8842592593,-0.2815332555,0.4413580247,0.0698377068,-0.1359739876,2.1786804199,-0.2099223257,0.3487654321,0.0572445586,-0.0227938782,2.7223499189,0.4539007430
