Instance,INF_avg,INF_sd,INF_r1,INF_kr,INF_sk,SUP_avg,SUP_sd,SUP_r1,SUP_kr,SUP_sk,INC_avg,INC_sd,INC_r1,INC_kr,INC_sk,IND_avg,IND_sd,IND_r1,IND_kr,IND_sk
instances/A2/symmetric/10.5.in,0.3158817373,0.0330064220,-0.2692309625,2.1316507044,-0.0213689397,0.2679330194,0.0122735624,-0.7914115092,2.4772058783,0.3100255738,0.4161852433,0.0292877917,-0.0576920126,2.4733442664,0.9022614773,0.1461137275,0.0367570107,0.2561489631,1.7664779456,-0.3302692451
