Instance,INF_avg,INF_sd,INF_r1,INF_kr,INF_sk,SUP_avg,SUP_sd,SUP_r1,SUP_kr,SUP_sk,INC_avg,INC_sd,INC_r1,INC_kr,INC_sk,IND_avg,IND_sd,IND_r1,IND_kr,IND_sk
instances/A1/asymmetric/5.5.in,0.3851851852,0.1063162970,0.2770083102,2.9319917052,0.3355141506,0.0580246914,0.0538064860,-0.0064466800,1.2488993689,-0.0161952948,0.5567901235,0.0835091880,0.0997734375,2.4129028393,-0.4926049687,0.4623456790,0.0936889821,0.2084448657,3.0747812351,0.8990636222
