Instance,INF_avg,INF_sd,INF_r1,INF_kr,INF_sk,SUP_avg,SUP_sd,SUP_r1,SUP_kr,SUP_sk,INC_avg,INC_sd,INC_r1,INC_kr,INC_sk,IND_avg,IND_sd,IND_r1,IND_kr,IND_sk
instances/A3/symmetric/50.3.in,0.3420000000,0.0273130006,-0.0979268958,2.3492621955,0.0547716663,0.0820000000,0.0248193473,0.4679122665,2.2056101366,0.6440042941,0.5760000000,0.0329241553,0.0830081589,1.6987547828,-0.3258075168,0.0940000000,0.0124096736,-0.8041237113,2.9432450666,-1.2621071359
