Instance,INF_avg,INF_sd,INF_r1,INF_kr,INF_sk,SUP_avg,SUP_sd,SUP_r1,SUP_kr,SUP_sk,INC_avg,INC_sd,INC_r1,INC_kr,INC_sk,IND_avg,IND_sd,IND_r1,IND_kr,IND_sk
instances/A1/asymmetric/8.2.in,0.4656410256,0.0620830603,-0.5762815353,1.7521881175,-0.4842550034,0.2174358974,0.0545473273,-0.4160331495,2.1904680756,-0.0532074941,0.3169230769,0.0471292933,-0.6667475610,2.5144292873,-0.9319261029,0.2041025641,0.0244115492,-0.1867566128,1.6867562938,-0.2233855600
