Instance,INF_avg,INF_sd,INF_r1,INF_kr,INF_sk,SUP_avg,SUP_sd,SUP_r1,SUP_kr,SUP_sk,INC_avg,INC_sd,INC_r1,INC_kr,INC_sk,IND_avg,IND_sd,IND_r1,IND_kr,IND_sk
instances/A3/symmetric/10.6.in,0.1917582418,0.0561246994,0.3174582407,2.0036812350,0.5248895795,0.1127158556,0.0132822479,-0.4907278181,2.0456286111,0.4080988296,0.6955259027,0.0472566587,0.4928335171,2.3441434735,-0.7054795033,0.1821821036,0.0330970375,-0.4411535942,2.3724222106,-0.8950438892
