Instance,INF_avg,INF_sd,INF_r1,INF_kr,INF_sk,SUP_avg,SUP_sd,SUP_r1,SUP_kr,SUP_sk,INC_avg,INC_sd,INC_r1,INC_kr,INC_sk,IND_avg,IND_sd,IND_r1,IND_kr,IND_sk
instances/A3/symmetric/10.6.in,0.2087105135,0.1104707495,0.6055652501,2.6732058706,0.2748377282,0.1235144926,0.0273483905,0.5309234264,2.1570133803,0.6232043521,0.6677749940,0.0937583304,0.5731690059,2.4352760525,-0.3444061252,0.1799791919,0.0317758236,0.2057228435,1.8932530803,-0.4643885485
