Instance,INF_avg,INF_sd,INF_r1,INF_kr,INF_sk,SUP_avg,SUP_sd,SUP_r1,SUP_kr,SUP_sk,INC_avg,INC_sd,INC_r1,INC_kr,INC_sk,IND_avg,IND_sd,IND_r1,IND_kr,IND_sk
instances/A1/symmetric/5.3.in,0.5155555556,0.1092284954,-0.2696041822,1.7994057278,-0.7065408407,0.0444444444,0.0544331054,-0.1904761905,1.1666666667,0.4082482905,0.4400000000,0.0602873776,-0.3319672131,2.8158081285,1.2332237528,0.4177777778,0.0217732422,-0.1904761905,1.1666666667,0.4082482905
