Instance,INF_avg,INF_sd,INF_r1,INF_kr,INF_sk,SUP_avg,SUP_sd,SUP_r1,SUP_kr,SUP_sk,INC_avg,INC_sd,INC_r1,INC_kr,INC_sk,IND_avg,IND_sd,IND_r1,IND_kr,IND_sk
instances/A1/symmetric/5.3.in,0.5061728395,0.1112482008,-0.3115416617,1.5969254289,-0.5380334887,0.0370370370,0.0523782801,-0.4117647059,1.5000000000,0.7071067812,0.4567901235,0.0711351125,-0.1306728137,1.4644650893,0.6088975638,0.4641975309,0.0751364151,0.0964400075,2.5512294222,1.0960874043
