Instance,INF_avg,INF_sd,INF_r1,INF_kr,INF_sk,SUP_avg,SUP_sd,SUP_r1,SUP_kr,SUP_sk,INC_avg,INC_sd,INC_r1,INC_kr,INC_sk,IND_avg,IND_sd,IND_r1,IND_kr,IND_sk
instances/A1/asymmetric/200.5.in,0.2692000000,0.0374614468,-0.0321878225,3.4836848443,-0.4370476571,0.2246000000,0.0263028516,-0.1133384966,2.6153758167,0.4102391788,0.5062000000,0.0439267572,-0.1077873537,3.8297447760,-0.4323789613,0.0705000000,0.0141509717,0.0163521379,2.8086754852,0.1736226240
