Instance,INF_avg,INF_sd,INF_r1,INF_kr,INF_sk,SUP_avg,SUP_sd,SUP_r1,SUP_kr,SUP_sk,INC_avg,INC_sd,INC_r1,INC_kr,INC_sk,IND_avg,IND_sd,IND_r1,IND_kr,IND_sk
instances/A3/symmetric/10.5.in,0.6007836651,0.0790037624,0.3992150387,1.5765886882,0.2326302155,0.0574054384,0.0377601671,-0.0992501462,1.9483306095,-0.2300333377,0.3418108965,0.0586637862,0.3924152165,1.5333680340,0.2470306440,0.2087551933,0.0313562505,0.1749386333,1.8937420389,0.5425068814
