Instance,INF_avg,INF_sd,INF_r1,INF_kr,INF_sk,SUP_avg,SUP_sd,SUP_r1,SUP_kr,SUP_sk,INC_avg,INC_sd,INC_r1,INC_kr,INC_sk,IND_avg,IND_sd,IND_r1,IND_kr,IND_sk
instances/A3/symmetric/20.5.in,0.5276426799,0.2373663531,0.9446851179,1.9331077925,0.3391962919,0.0776013234,0.0607417949,0.7619854105,2.4418085441,0.3153479283,0.3947559967,0.1836079354,0.9313544750,1.9103360789,-0.4053148930,0.1836311001,0.0494529938,-0.1489308071,3.8376600321,0.8456909476
