Instance,INF_avg,INF_sd,INF_r1,INF_kr,INF_sk,SUP_avg,SUP_sd,SUP_r1,SUP_kr,SUP_sk,INC_avg,INC_sd,INC_r1,INC_kr,INC_sk,IND_avg,IND_sd,IND_r1,IND_kr,IND_sk
instances/A1/asymmetric/100.1.in,0.3700000000,0.0737111480,0.2532088681,2.3850728292,-0.2530188074,0.1155555556,0.0716645133,0.2683566434,1.8129696746,-0.0214079181,0.5144444444,0.0621129994,-0.2792885727,2.9936329728,0.6381258595,0.2088888889,0.0525873758,-0.0710712797,1.7845790816,0.1726529406
