Instance,INF_avg,INF_sd,INF_r1,INF_kr,INF_sk,SUP_avg,SUP_sd,SUP_r1,SUP_kr,SUP_sk,INC_avg,INC_sd,INC_r1,INC_kr,INC_sk,IND_avg,IND_sd,IND_r1,IND_kr,IND_sk
instances/A2/symmetric/5.1.in,0.2856261023,0.1422461185,0.3598712132,1.9375633402,-0.1670872074,0.2828924162,0.1189006212,0.2999974343,2.4308475999,-0.0346075270,0.4314814815,0.0710641300,0.4677355782,2.5830300969,0.3732012831,0.3558201058,0.0365615740,-0.0807651435,2.6896055481,1.2324445469
