Instance,INF_avg,INF_sd,INF_r1,INF_kr,INF_sk,SUP_avg,SUP_sd,SUP_r1,SUP_kr,SUP_sk,INC_avg,INC_sd,INC_r1,INC_kr,INC_sk,IND_avg,IND_sd,IND_r1,IND_kr,IND_sk
instances/A3/symmetric/100.1.in,0.3044000000,0.0335356527,0.1304843231,2.1045784075,0.3889529195,0.1400000000,0.0258456960,0.0339256866,2.3333572376,0.4882731924,0.5556000000,0.0402323253,0.0808068800,3.8266431542,-0.5701447584,0.0760000000,0.0177763888,0.4938999866,2.9761256209,0.6205785479
