Instance,INF_avg,INF_sd,INF_r1,INF_kr,INF_sk,SUP_avg,SUP_sd,SUP_r1,SUP_kr,SUP_sk,INC_avg,INC_sd,INC_r1,INC_kr,INC_sk,IND_avg,IND_sd,IND_r1,IND_kr,IND_sk
instances/A1/symmetric/200.3.in,0.2616500000,0.0365243412,0.2557832306,2.8282819209,0.0525571947,0.1959000000,0.0316099668,0.2680034629,2.8067060540,-0.2312391758,0.5424500000,0.0389069081,0.2446290786,2.7316874728,0.1349514908,0.0761500000,0.0186125630,0.0040081018,3.4997592290,0.5109496708
