Instance,INF_avg,INF_sd,INF_r1,INF_kr,INF_sk,SUP_avg,SUP_sd,SUP_r1,SUP_kr,SUP_sk,INC_avg,INC_sd,INC_r1,INC_kr,INC_sk,IND_avg,IND_sd,IND_r1,IND_kr,IND_sk
instances/A3/symmetric/100.1.in,0.2794000000,0.0479232720,0.5340990838,1.8654164363,0.0676812517,0.1302000000,0.0243507700,0.2799314854,3.0019983711,0.2748948710,0.5904000000,0.0464740788,0.5472633529,1.8964343900,-0.2968010434,0.0828000000,0.0173827501,-0.0282998932,2.3960833337,-0.1885045547
