Instance,INF_avg,INF_sd,INF_r1,INF_kr,INF_sk,SUP_avg,SUP_sd,SUP_r1,SUP_kr,SUP_sk,INC_avg,INC_sd,INC_r1,INC_kr,INC_sk,IND_avg,IND_sd,IND_r1,IND_kr,IND_sk
instances/A1/symmetric/20.6.in,0.6394680395,0.0199526066,-0.7262784990,1.5049821153,-0.0239433484,0.0530330330,0.0232461142,-0.6517969150,1.9913975302,-0.6918017437,0.3074989275,0.0096326561,-0.1790373751,2.1920134116,0.7398526969,0.0996053196,0.0278219449,-0.6178915521,2.3425728441,0.7329912892
