Instance,INF_avg,INF_sd,INF_r1,INF_kr,INF_sk,SUP_avg,SUP_sd,SUP_r1,SUP_kr,SUP_sk,INC_avg,INC_sd,INC_r1,INC_kr,INC_sk,IND_avg,IND_sd,IND_r1,IND_kr,IND_sk
instances/A3/asymmetric/10.1.in,0.2458398744,0.0301412873,-0.0526315789,3.2500000000,1.5000000000,0.1516483516,0.0215199517,-0.0076017290,2.7112023172,1.1371625053,0.6025117739,0.0332660062,0.5401682291,1.5695200933,-0.4616262181,0.1554945055,0.0155989775,-0.2024372047,1.3737569962,-0.0133726927
