Instance,INF_avg,INF_sd,INF_r1,INF_kr,INF_sk,SUP_avg,SUP_sd,SUP_r1,SUP_kr,SUP_sk,INC_avg,INC_sd,INC_r1,INC_kr,INC_sk,IND_avg,IND_sd,IND_r1,IND_kr,IND_sk
instances/A3/asymmetric/10.1.in,0.2177742892,0.0440604388,0.3987106149,2.7976222149,0.2098212840,0.1654456654,0.0264706757,0.1722326227,1.7339359580,0.3826756366,0.6167800454,0.0334039018,0.3644895445,2.2741646769,-0.7082621208,0.1804029304,0.0340186367,0.4798791935,2.5990611216,0.5707628425
