Instance,INF_avg,INF_sd,INF_r1,INF_kr,INF_sk,SUP_avg,SUP_sd,SUP_r1,SUP_kr,SUP_sk,INC_avg,INC_sd,INC_r1,INC_kr,INC_sk,IND_avg,IND_sd,IND_r1,IND_kr,IND_sk
instances/A3/asymmetric/50.4.in,0.3096500000,0.0763126955,0.6997710187,3.1120230656,-0.9408881049,0.1484500000,0.0316361739,0.4689994870,4.4091388754,0.7427889166,0.5419000000,0.0669954476,0.6887729954,3.2961986230,0.7792833239,0.0706000000,0.0174109161,0.3198136700,3.9703705208,0.7207600533
