Instance,INF_avg,INF_sd,INF_r1,INF_kr,INF_sk,SUP_avg,SUP_sd,SUP_r1,SUP_kr,SUP_sk,INC_avg,INC_sd,INC_r1,INC_kr,INC_sk,IND_avg,IND_sd,IND_r1,IND_kr,IND_sk
instances/A3/symmetric/10.3.in,0.3201447479,0.1462663898,0.8071557587,1.5756381637,0.0120286325,0.1817889627,0.0423358522,0.5184675895,2.1982776295,0.4106121905,0.4980662895,0.1191798710,0.7160374833,1.6619947520,-0.2610265860,0.1899217263,0.0239408184,0.7495181510,1.8369403007,0.3057304062
