Instance,INF_avg,INF_sd,INF_r1,INF_kr,INF_sk,SUP_avg,SUP_sd,SUP_r1,SUP_kr,SUP_sk,INC_avg,INC_sd,INC_r1,INC_kr,INC_sk,IND_avg,IND_sd,IND_r1,IND_kr,IND_sk
instances/A2/asymmetric/5.5.in,0.4425925926,0.1022718613,0.6148081264,1.6188841709,0.4203827001,0.0277777778,0.0621129994,-0.0344827586,4.2000000000,1.7888543820,0.5296296296,0.0908162951,0.5995802728,1.7275781139,0.0135234676,0.3490740741,0.0776067343,0.4764472843,1.3925607832,-0.2283958495
