Instance,INF_avg,INF_sd,INF_r1,INF_kr,INF_sk,SUP_avg,SUP_sd,SUP_r1,SUP_kr,SUP_sk,INC_avg,INC_sd,INC_r1,INC_kr,INC_sk,IND_avg,IND_sd,IND_r1,IND_kr,IND_sk
instances/A2/asymmetric/5.5.in,0.4111111111,0.0812707713,-0.0406091371,2.3312516377,0.7723882110,0.0333333333,0.0666666667,-0.0526315789,3.2500000000,1.5000000000,0.5555555556,0.0765780486,0.0909090909,1.8351800554,-0.0572744408,0.3388888889,0.0812707713,0.4428772920,1.3093283256,0.0900800147
