Instance,INF_avg,INF_sd,INF_r1,INF_kr,INF_sk,SUP_avg,SUP_sd,SUP_r1,SUP_kr,SUP_sk,INC_avg,INC_sd,INC_r1,INC_kr,INC_sk,IND_avg,IND_sd,IND_r1,IND_kr,IND_sk
instances/A2/symmetric/5.5.in,0.3322222222,0.0807679193,0.4426522516,1.2447749079,0.4442281615,0.2188888889,0.0591712309,-0.0283636887,2.3888176597,-0.9754705495,0.4488888889,0.0650166171,0.0197461213,2.5670800943,-0.6765584081,0.3422222222,0.0572626610,-0.0073937153,2.6376106837,0.6760925664
