Instance,INF_avg,INF_sd,INF_r1,INF_kr,INF_sk,SUP_avg,SUP_sd,SUP_r1,SUP_kr,SUP_sk,INC_avg,INC_sd,INC_r1,INC_kr,INC_sk,IND_avg,IND_sd,IND_r1,IND_kr,IND_sk
instances/A3/symmetric/5.5.in,0.1285714286,0.1120313367,-0.7781402936,1.2459845330,-0.0948589744,0.2857142857,0.0796819073,-0.2553191489,1.4094387755,-0.4802257805,0.5857142857,0.0876112833,-0.4610913788,2.8807919639,-1.2702622008,0.4214285714,0.0530263273,-0.5621205989,2.4878544485,-0.2656058247
