Instance,INF_avg,INF_sd,INF_r1,INF_kr,INF_sk,SUP_avg,SUP_sd,SUP_r1,SUP_kr,SUP_sk,INC_avg,INC_sd,INC_r1,INC_kr,INC_sk,IND_avg,IND_sd,IND_r1,IND_kr,IND_sk
instances/A3/asymmetric/100.6.in,0.2470000000,0.0354400903,-0.3266137243,1.3384746846,-0.2559715840,0.1450000000,0.0100000000,-0.3157894737,2.0500000000,-0.0000000000,0.6080000000,0.0372290209,-0.0066034541,1.8063348388,-0.2495376740,0.1090000000,0.0091651514,-0.6076696165,1.2091836735,0.2961528510
