Instance,INF_avg,INF_sd,INF_r1,INF_kr,INF_sk,SUP_avg,SUP_sd,SUP_r1,SUP_kr,SUP_sk,INC_avg,INC_sd,INC_r1,INC_kr,INC_sk,IND_avg,IND_sd,IND_r1,IND_kr,IND_sk
instances/A1/asymmetric/10.5.in,0.5172503420,0.0515902055,0.1162489244,2.8423345955,-1.1875085743,0.0394870041,0.0311360260,0.2902417505,2.2796383810,0.5895106378,0.4432626539,0.0261160899,-0.3210201215,2.2520930066,0.6147081437,0.1819151847,0.0251626648,0.0991261630,2.4572519716,0.4670797849
