Instance,INF_avg,INF_sd,INF_r1,INF_kr,INF_sk,SUP_avg,SUP_sd,SUP_r1,SUP_kr,SUP_sk,INC_avg,INC_sd,INC_r1,INC_kr,INC_sk,IND_avg,IND_sd,IND_r1,IND_kr,IND_sk
instances/A1/asymmetric/10.5.in,0.5817210203,0.0863088870,0.6826435038,2.2261758104,-0.2093576259,0.0219372245,0.0303904255,0.4935168673,3.5582331393,1.3022945685,0.3963417552,0.0624970414,0.7147210141,1.7567495470,-0.3280801305,0.1978928465,0.0514950519,-0.1063181349,5.4463729238,1.8941898398
