Instance,INF_avg,INF_sd,INF_r1,INF_kr,INF_sk,SUP_avg,SUP_sd,SUP_r1,SUP_kr,SUP_sk,INC_avg,INC_sd,INC_r1,INC_kr,INC_sk,IND_avg,IND_sd,IND_r1,IND_kr,IND_sk
instances/A3/symmetric/200.1.in,0.2905500000,0.0378014219,0.3521097996,3.5002113052,-0.2752723574,0.1495000000,0.0260528309,0.1851000706,2.7333927536,0.2176198538,0.5599500000,0.0347382714,-0.1363373816,2.5328673809,0.2815999887,0.0880500000,0.0222923193,0.2284573213,3.1680851792,0.1659405224
