Instance,INF_avg,INF_sd,INF_r1,INF_kr,INF_sk,SUP_avg,SUP_sd,SUP_r1,SUP_kr,SUP_sk,INC_avg,INC_sd,INC_r1,INC_kr,INC_sk,IND_avg,IND_sd,IND_r1,IND_kr,IND_sk
instances/A3/asymmetric/5.5.in,0.0266666667,0.0533333333,-0.0526315789,3.2500000000,1.5000000000,0.2000000000,0.0843274043,-0.1428571429,1.5625000000,-0.5929270613,0.7733333333,0.0533333333,-0.2903225806,2.0781250000,0.8437500000,0.3866666667,0.0884433277,-0.0606060606,2.2169421488,0.3700366502
