Instance,INF_avg,INF_sd,INF_r1,INF_kr,INF_sk,SUP_avg,SUP_sd,SUP_r1,SUP_kr,SUP_sk,INC_avg,INC_sd,INC_r1,INC_kr,INC_sk,IND_avg,IND_sd,IND_r1,IND_kr,IND_sk
instances/A3/asymmetric/50.4.in,0.2970000000,0.0438862165,-0.5121507333,2.0967171644,-0.3811186752,0.1100000000,0.0197484177,-0.4523809524,2.1449704142,0.0194757571,0.5930000000,0.0326496554,-0.2633210618,2.7631147281,1.1608832779,0.1000000000,0.0044721360,0.0000000000,1.2500000000,-0.0000000000
