Instance,INF_avg,INF_sd,INF_r1,INF_kr,INF_sk,SUP_avg,SUP_sd,SUP_r1,SUP_kr,SUP_sk,INC_avg,INC_sd,INC_r1,INC_kr,INC_sk,IND_avg,IND_sd,IND_r1,IND_kr,IND_sk
instances/A2/symmetric/10.3.in,0.5915195246,0.0548100579,0.3846304760,2.1466608218,0.5137986202,0.1212359932,0.0804241643,0.5416446267,1.4641868999,-0.4536167385,0.2872444822,0.0574933202,0.0096442586,3.0698102036,1.3548971069,0.2109337861,0.1495531223,-0.0084353922,2.9231210179,1.2646434160
