Instance,INF_avg,INF_sd,INF_r1,INF_kr,INF_sk,SUP_avg,SUP_sd,SUP_r1,SUP_kr,SUP_sk,INC_avg,INC_sd,INC_r1,INC_kr,INC_sk,IND_avg,IND_sd,IND_r1,IND_kr,IND_sk
instances/A3/asymmetric/8.1.in,0.1868686869,0.0901200324,0.0000000000,2.3028222141,0.2321236280,0.2183838384,0.0392481113,0.4382192802,2.4246317357,-0.4477747294,0.5947474747,0.0943661427,0.0597634411,2.3860247270,-0.4920588575,0.2323232323,0.0588985040,-0.1065088757,2.4418685121,0.4842312992
