Instance,INF_avg,INF_sd,INF_r1,INF_kr,INF_sk,SUP_avg,SUP_sd,SUP_r1,SUP_kr,SUP_sk,INC_avg,INC_sd,INC_r1,INC_kr,INC_sk,IND_avg,IND_sd,IND_r1,IND_kr,IND_sk
instances/A2/symmetric/5.4.in,0.1733333333,0.1408703107,-0.1218902512,1.9953507999,0.8025616631,0.3533333333,0.1024152766,-0.0674637062,2.5246337259,-0.9035993059,0.4733333333,0.0522812905,0.0170031881,1.2459845330,0.0948589744,0.2966666667,0.0733333333,-0.7126334520,2.0615565877,0.4158527423
