Instance,INF_avg,INF_sd,INF_r1,INF_kr,INF_sk,SUP_avg,SUP_sd,SUP_r1,SUP_kr,SUP_sk,INC_avg,INC_sd,INC_r1,INC_kr,INC_sk,IND_avg,IND_sd,IND_r1,IND_kr,IND_sk
instances/A2/asymmetric/8.3.in,0.5851031684,0.1258300336,0.4409528229,4.1277107608,-1.4734810195,0.0782828283,0.1158929211,0.2565156988,5.8095338208,2.0226676886,0.3366140033,0.0303848873,0.2500609676,2.2951292501,0.7893758722,0.1513122680,0.0287600620,0.2130456107,2.2235427828,0.2450750350
