Instance,INF_avg,INF_sd,INF_r1,INF_kr,INF_sk,SUP_avg,SUP_sd,SUP_r1,SUP_kr,SUP_sk,INC_avg,INC_sd,INC_r1,INC_kr,INC_sk,IND_avg,IND_sd,IND_r1,IND_kr,IND_sk
instances/A3/symmetric/100.1.in,0.3210000000,0.0348425028,-0.0388716890,3.1578061007,1.4251468674,0.1260000000,0.0152970585,-0.4730639731,1.7145518299,0.3553557320,0.5530000000,0.0380263067,0.0713089590,2.3942626103,-0.8032220620,0.0890000000,0.0131909060,0.1394658754,1.2063020214,0.3476794476
