Instance,INF_avg,INF_sd,INF_r1,INF_kr,INF_sk,SUP_avg,SUP_sd,SUP_r1,SUP_kr,SUP_sk,INC_avg,INC_sd,INC_r1,INC_kr,INC_sk,IND_avg,IND_sd,IND_r1,IND_kr,IND_sk
instances/A3/symmetric/200.3.in,0.2610000000,0.0332264955,0.1647911978,1.3003209672,0.1679840640,0.1570000000,0.0206397674,-0.9250985545,2.3040071414,-0.8830211951,0.5820000000,0.0307571130,-0.2177316970,2.6485189671,-0.9823953510,0.0890000000,0.0128062485,-0.4987562189,2.4171624033,0.2228332944
