Instance,INF_avg,INF_sd,INF_r1,INF_kr,INF_sk,SUP_avg,SUP_sd,SUP_r1,SUP_kr,SUP_sk,INC_avg,INC_sd,INC_r1,INC_kr,INC_sk,IND_avg,IND_sd,IND_r1,IND_kr,IND_sk
instances/A1/asymmetric/100.4.in,0.3294000000,0.0331758949,0.4111581300,2.3145643938,-0.0463821753,0.1756000000,0.0354773167,0.4483538885,2.5980052466,-0.2103046217,0.4950000000,0.0313368792,0.0277469478,2.4131412264,-0.2173996728,0.0746000000,0.0155512057,0.3226583584,2.8969077518,0.4175251930
