Instance,INF_avg,INF_sd,INF_r1,INF_kr,INF_sk,SUP_avg,SUP_sd,SUP_r1,SUP_kr,SUP_sk,INC_avg,INC_sd,INC_r1,INC_kr,INC_sk,IND_avg,IND_sd,IND_r1,IND_kr,IND_sk
instances/A3/asymmetric/8.6.in,0.4646723647,0.0816693958,0.0391584829,2.3820361199,0.4994922198,0.1595848596,0.0202082157,0.2635898150,2.7008630475,1.1613287354,0.3757427757,0.0756462786,0.1272607732,2.4375739546,-0.2047614456,0.2473341473,0.0395449018,-0.3602370873,1.7106567042,-0.0337821698
