Instance,INF_avg,INF_sd,INF_r1,INF_kr,INF_sk,SUP_avg,SUP_sd,SUP_r1,SUP_kr,SUP_sk,INC_avg,INC_sd,INC_r1,INC_kr,INC_sk,IND_avg,IND_sd,IND_r1,IND_kr,IND_sk
instances/A3/symmetric/10.3.in,0.5828804036,0.0827927970,0.1963480341,2.6297702306,1.0247735054,0.1227267515,0.0369423362,-0.2292366614,2.7197032561,-1.1792525621,0.2943928449,0.0580646273,0.1468203962,1.9631650618,0.0735948718,0.1911248710,0.0232131910,-0.7309874446,2.5135523339,-1.0529916133
