Instance,INF_avg,INF_sd,INF_r1,INF_kr,INF_sk,SUP_avg,SUP_sd,SUP_r1,SUP_kr,SUP_sk,INC_avg,INC_sd,INC_r1,INC_kr,INC_sk,IND_avg,IND_sd,IND_r1,IND_kr,IND_sk
instances/A2/asymmetric/20.5.in,0.3458333333,0.0876981882,-0.3230479774,2.0270014115,0.1271976535,0.1250000000,0.0692218655,-0.0149253731,4.4177693762,0.7537201237,0.5291666667,0.1029933925,-0.0944384532,1.9940078378,-0.0046348558,0.2916666667,0.0909059343,0.5388940956,2.2369182967,0.4144401608
