Instance,INF_avg,INF_sd,INF_r1,INF_kr,INF_sk,SUP_avg,SUP_sd,SUP_r1,SUP_kr,SUP_sk,INC_avg,INC_sd,INC_r1,INC_kr,INC_sk,IND_avg,IND_sd,IND_r1,IND_kr,IND_sk
instances/A1/asymmetric/20.3.in,0.2940321598,0.0829631947,0.6769289318,1.5602468398,-0.1351409718,0.3151024528,0.0649866636,0.6015240633,1.7798614975,0.0151878825,0.3908653874,0.0252887857,0.5755845328,1.6545014794,-0.2907654493,0.0690366595,0.0114734343,-0.1508920957,2.9817213478,-0.7550126195
