Instance,INF_avg,INF_sd,INF_r1,INF_kr,INF_sk,SUP_avg,SUP_sd,SUP_r1,SUP_kr,SUP_sk,INC_avg,INC_sd,INC_r1,INC_kr,INC_sk,IND_avg,IND_sd,IND_r1,IND_kr,IND_sk
instances/A1/asymmetric/20.3.in,0.3049976959,0.0776245047,0.6897952174,1.8457327630,-0.4746635438,0.3074829249,0.0601958791,0.5964527423,2.0503992077,0.3396956157,0.3875193792,0.0255241424,0.4428011465,1.6004284212,-0.1740123130,0.0680669700,0.0110914206,-0.1394486676,2.6873149015,-0.5710249374
