Instance,INF_avg,INF_sd,INF_r1,INF_kr,INF_sk,SUP_avg,SUP_sd,SUP_r1,SUP_kr,SUP_sk,INC_avg,INC_sd,INC_r1,INC_kr,INC_sk,IND_avg,IND_sd,IND_r1,IND_kr,IND_sk
instances/A2/symmetric/200.6.in,0.3357000000,0.0374033421,0.3070971337,2.1882714558,0.1411153769,0.1967000000,0.0307832747,0.1990065691,1.9625649983,-0.0702840632,0.4676000000,0.0342671855,0.1907502178,2.2539339004,-0.0773312725,0.0668000000,0.0131438198,0.1153624489,3.1968736492,0.2273563293
