Instance,INF_avg,INF_sd,INF_r1,INF_kr,INF_sk,SUP_avg,SUP_sd,SUP_r1,SUP_kr,SUP_sk,INC_avg,INC_sd,INC_r1,INC_kr,INC_sk,IND_avg,IND_sd,IND_r1,IND_kr,IND_sk
instances/A3/symmetric/8.5.in,0.1272727273,0.1024717480,0.4364775866,2.2247245844,0.6057880628,0.0904040404,0.0270756064,-0.1208156448,2.6072694069,0.7149019311,0.7823232323,0.0970879960,0.6965967381,2.3639170003,-0.9613853298,0.2313131313,0.0235594016,-0.5764094955,1.5250704544,-0.5752019986
