Instance,INF_avg,INF_sd,INF_r1,INF_kr,INF_sk,SUP_avg,SUP_sd,SUP_r1,SUP_kr,SUP_sk,INC_avg,INC_sd,INC_r1,INC_kr,INC_sk,IND_avg,IND_sd,IND_r1,IND_kr,IND_sk
instances/A2/symmetric/200.6.in,0.5614000000,0.1171069597,0.8907927278,2.4962702828,0.7644838127,0.1745000000,0.0557157967,0.8077310264,3.0565129799,0.3284886227,0.2641000000,0.0805027329,0.8868245050,2.4230256869,-0.1804706071,0.0445000000,0.0082613558,0.5179134002,3.5916354708,0.5054647526
