Instance,INF_avg,INF_sd,INF_r1,INF_kr,INF_sk,SUP_avg,SUP_sd,SUP_r1,SUP_kr,SUP_sk,INC_avg,INC_sd,INC_r1,INC_kr,INC_sk,IND_avg,IND_sd,IND_r1,IND_kr,IND_sk
instances/A2/asymmetric/5.1.in,0.3592592593,0.1873759306,0.6932698706,2.2049683064,-0.3928037951,0.2901234568,0.1986369495,0.5765092564,2.4861819927,0.1153382828,0.3506172840,0.0635292856,0.0404467761,3.1751216217,-0.1467753162,0.3790123457,0.0675242058,0.0988141152,3.4959762589,-1.2124133015
