Instance,INF_avg,INF_sd,INF_r1,INF_kr,INF_sk,SUP_avg,SUP_sd,SUP_r1,SUP_kr,SUP_sk,INC_avg,INC_sd,INC_r1,INC_kr,INC_sk,IND_avg,IND_sd,IND_r1,IND_kr,IND_sk
instances/A2/symmetric/20.1.in,0.3297794528,0.0656552744,0.4690213360,2.9350140045,-0.6531846992,0.3260154941,0.0739357019,0.2741696402,4.7220923651,1.1747884702,0.3442050530,0.0463338407,0.5033281704,2.5692228290,-0.3551444893,0.0545896147,0.0088419228,0.4564329318,3.2071049972,0.3981810771
