Instance,INF_avg,INF_sd,INF_r1,INF_kr,INF_sk,SUP_avg,SUP_sd,SUP_r1,SUP_kr,SUP_sk,INC_avg,INC_sd,INC_r1,INC_kr,INC_sk,IND_avg,IND_sd,IND_r1,IND_kr,IND_sk
instances/A3/asymmetric/50.3.in,0.3107142857,0.0985222445,0.0557319610,1.9768183160,0.5967669451,0.1214285714,0.0618589574,0.0157687254,2.8538666667,0.0508068237,0.5678571429,0.1010783693,0.1867012244,2.4941622597,-0.7516589212,0.3285714286,0.0817537367,-0.1384083045,2.2309305984,0.3141332906
