Instance,INF_avg,INF_sd,INF_r1,INF_kr,INF_sk,SUP_avg,SUP_sd,SUP_r1,SUP_kr,SUP_sk,INC_avg,INC_sd,INC_r1,INC_kr,INC_sk,IND_avg,IND_sd,IND_r1,IND_kr,IND_sk
instances/A2/symmetric/50.4.in,0.4420000000,0.0540000000,-0.0445960849,6.5230056112,2.1701531779,0.1705000000,0.0172409396,-0.1275912915,3.4570732132,-0.0699530033,0.3875000000,0.0454009912,0.1428571429,4.6939615718,-1.5647908681,0.0495000000,0.0041533119,0.5079086116,1.4738500315,0.1884300309
