Instance,INF_avg,INF_sd,INF_r1,INF_kr,INF_sk,SUP_avg,SUP_sd,SUP_r1,SUP_kr,SUP_sk,INC_avg,INC_sd,INC_r1,INC_kr,INC_sk,IND_avg,IND_sd,IND_r1,IND_kr,IND_sk
instances/A3/asymmetric/10.1.in,0.1317721373,0.0740987804,0.2869692369,2.6484701854,0.0348243299,0.1427868428,0.0351524873,-0.4194538821,1.9397808744,0.1079571013,0.7254410199,0.0616390239,0.3819792342,1.7763011923,-0.2244607669,0.2055598722,0.0311094023,0.3400404081,2.1424742207,0.0698895527
