Instance,INF_avg,INF_sd,INF_r1,INF_kr,INF_sk,SUP_avg,SUP_sd,SUP_r1,SUP_kr,SUP_sk,INC_avg,INC_sd,INC_r1,INC_kr,INC_sk,IND_avg,IND_sd,IND_r1,IND_kr,IND_sk
instances/A3/asymmetric/10.1.in,0.1262937063,0.0927870579,0.4348037315,1.8873752925,0.1448182147,0.1582931883,0.0293476616,-0.2886143080,2.0807052288,0.1239697578,0.7154131054,0.0721511532,0.3361223066,1.4583170472,0.0241148807,0.2106630407,0.0401677652,0.5512961692,1.4285089362,-0.2982444200
