Instance,INF_avg,INF_sd,INF_r1,INF_kr,INF_sk,SUP_avg,SUP_sd,SUP_r1,SUP_kr,SUP_sk,INC_avg,INC_sd,INC_r1,INC_kr,INC_sk,IND_avg,IND_sd,IND_r1,IND_kr,IND_sk
instances/A2/symmetric/8.5.in,0.5730972731,0.0712029270,-0.3344575994,2.6509152362,0.6718194330,0.1800976801,0.0603466189,-0.0073724751,2.0680809785,0.4616371331,0.2468050468,0.0519767407,-0.2247810110,2.0899488221,0.6631696897,0.2181929182,0.0257535759,0.0818210904,1.8589152227,0.5259114490
