Instance,INF_avg,INF_sd,INF_r1,INF_kr,INF_sk,SUP_avg,SUP_sd,SUP_r1,SUP_kr,SUP_sk,INC_avg,INC_sd,INC_r1,INC_kr,INC_sk,IND_avg,IND_sd,IND_r1,IND_kr,IND_sk
instances/A2/symmetric/8.5.in,0.5820512821,0.0464840794,-0.3929015173,2.6899006588,0.8078978013,0.1984615385,0.0490308605,-0.5253335332,2.6286697499,0.6562305917,0.2194871795,0.0202049104,0.2627705792,1.3303328229,-0.4241907015,0.2117948718,0.0217107065,0.1495151493,1.1945929597,0.3450298054
