Instance,INF_avg,INF_sd,INF_r1,INF_kr,INF_sk,SUP_avg,SUP_sd,SUP_r1,SUP_kr,SUP_sk,INC_avg,INC_sd,INC_r1,INC_kr,INC_sk,IND_avg,IND_sd,IND_r1,IND_kr,IND_sk
instances/A2/symmetric/8.5.in,0.5501113191,0.1191620534,0.4220875172,3.5837974503,-1.2667055276,0.0983074397,0.1034994029,0.4070341053,3.2728179372,1.1716231478,0.3515812412,0.0215965517,0.3356876293,2.2007103352,0.8381194786,0.2335799577,0.0750390733,1.0681131803,3.1408985729,0.8714622910
