Instance,INF_avg,INF_sd,INF_r1,INF_kr,INF_sk,SUP_avg,SUP_sd,SUP_r1,SUP_kr,SUP_sk,INC_avg,INC_sd,INC_r1,INC_kr,INC_sk,IND_avg,IND_sd,IND_r1,IND_kr,IND_sk
instances/A3/asymmetric/200.3.in,0.2910000000,0.0342636834,0.1472429049,5.2564087309,0.4626908365,0.1306000000,0.0288208258,0.5165090024,3.7167707238,1.0973236199,0.5784000000,0.0352907920,0.3815922569,4.1648707476,-0.8565550808,0.0704000000,0.0256093733,0.0503123744,2.1040659272,0.4895867279
