Instance,INF_avg,INF_sd,INF_r1,INF_kr,INF_sk,SUP_avg,SUP_sd,SUP_r1,SUP_kr,SUP_sk,INC_avg,INC_sd,INC_r1,INC_kr,INC_sk,IND_avg,IND_sd,IND_r1,IND_kr,IND_sk
instances/A1/symmetric/10.1.in,0.6802889577,0.0438644446,0.1638877432,1.7430604844,-0.1771502660,0.0777003784,0.0561085209,0.5228740896,1.5445646499,-0.1612154283,0.2420106639,0.0346075198,-0.7491955839,2.1691681293,0.9393726855,0.2273047816,0.0452107822,-0.3029844814,2.0754272721,0.6707731675
