Instance,INF_avg,INF_sd,INF_r1,INF_kr,INF_sk,SUP_avg,SUP_sd,SUP_r1,SUP_kr,SUP_sk,INC_avg,INC_sd,INC_r1,INC_kr,INC_sk,IND_avg,IND_sd,IND_r1,IND_kr,IND_sk
instances/A3/asymmetric/50.3.in,0.3125000000,0.1615355998,0.1073026754,3.0070517647,0.5878585275,0.0680555556,0.0760598976,0.1667938949,2.7817098308,0.7974567324,0.6194444444,0.1604151635,-0.0997841882,3.1212097400,-0.4596290399,0.4847222222,0.1400988958,0.1171183434,3.4063798707,-0.1513828648
