Instance,INF_avg,INF_sd,INF_r1,INF_kr,INF_sk,SUP_avg,SUP_sd,SUP_r1,SUP_kr,SUP_sk,INC_avg,INC_sd,INC_r1,INC_kr,INC_sk,IND_avg,IND_sd,IND_r1,IND_kr,IND_sk
instances/A3/symmetric/50.4.in,0.3240000000,0.0208326667,-0.2791572611,1.4837966404,-0.0079633885,0.1480000000,0.0163095064,-0.2825059102,1.5925433885,-0.0912793904,0.5280000000,0.0050990195,-0.4197530864,1.9556213018,-0.2715454179,0.0850000000,0.0094868330,-0.2142857143,1.7592592593,-0.3513641845
