Instance,INF_avg,INF_sd,INF_r1,INF_kr,INF_sk,SUP_avg,SUP_sd,SUP_r1,SUP_kr,SUP_sk,INC_avg,INC_sd,INC_r1,INC_kr,INC_sk,IND_avg,IND_sd,IND_r1,IND_kr,IND_sk
instances/A2/symmetric/100.4.in,0.6052000000,0.0941220484,0.8060020118,2.1981644277,-0.3464047213,0.1272000000,0.0615642754,0.8880006654,2.3123826071,0.5714415853,0.2676000000,0.0597180040,0.4356115936,2.0492950128,0.6767695376,0.0472000000,0.0080099938,0.2382790801,1.8293387479,0.4881993587
