Instance,INF_avg,INF_sd,INF_r1,INF_kr,INF_sk,SUP_avg,SUP_sd,SUP_r1,SUP_kr,SUP_sk,INC_avg,INC_sd,INC_r1,INC_kr,INC_sk,IND_avg,IND_sd,IND_r1,IND_kr,IND_sk
instances/A1/symmetric/50.5.in,0.4304966723,0.1265783681,0.8557554521,5.9351871781,1.7736255722,0.1963499719,0.0612713915,0.7745565803,4.1677207594,-1.1621731557,0.3731533558,0.0777668970,0.7992337886,5.0789770232,-1.3609326604,0.0600916263,0.0154781484,0.5217840511,2.5713896539,0.4572154476
