Instance,INF_avg,INF_sd,INF_r1,INF_kr,INF_sk,SUP_avg,SUP_sd,SUP_r1,SUP_kr,SUP_sk,INC_avg,INC_sd,INC_r1,INC_kr,INC_sk,IND_avg,IND_sd,IND_r1,IND_kr,IND_sk
instances/A1/asymmetric/20.5.in,0.7791632928,0.0237378195,0.7672579738,2.2222564646,-0.8968625442,0.0207827260,0.0196234502,-0.1626419319,1.8924611002,0.3859460023,0.2000539811,0.0108088994,-0.1061878969,2.8172849784,-1.1545226676,0.1142105263,0.0221350349,-0.3936455168,1.8398066521,0.4948237928
