Instance,INF_avg,INF_sd,INF_r1,INF_kr,INF_sk,SUP_avg,SUP_sd,SUP_r1,SUP_kr,SUP_sk,INC_avg,INC_sd,INC_r1,INC_kr,INC_sk,IND_avg,IND_sd,IND_r1,IND_kr,IND_sk
instances/A1/asymmetric/8.6.in,0.3067340067,0.0694517392,0.1636307411,1.8716399241,0.0268589333,0.2104377104,0.0616262802,-0.0000854774,2.3919402985,-0.4249771071,0.4828282828,0.0625284345,0.4071270069,2.3234796745,-0.2851784542,0.2111111111,0.0311006148,0.3485669000,2.0445174384,-0.5867369429
