Instance,INF_avg,INF_sd,INF_r1,INF_kr,INF_sk,SUP_avg,SUP_sd,SUP_r1,SUP_kr,SUP_sk,INC_avg,INC_sd,INC_r1,INC_kr,INC_sk,IND_avg,IND_sd,IND_r1,IND_kr,IND_sk
instances/A3/asymmetric/50.6.in,0.4317948718,0.1510793949,0.8407994849,5.3583881393,1.3010441409,0.0520512821,0.0516735059,0.6665309497,4.3360704750,1.3117895018,0.5161538462,0.1250664518,0.8487749871,6.2201781554,-1.7622889394,0.2105128205,0.0556292082,0.4184946721,3.0258104069,-0.0917028988
