Instance,INF_avg,INF_sd,INF_r1,INF_kr,INF_sk,SUP_avg,SUP_sd,SUP_r1,SUP_kr,SUP_sk,INC_avg,INC_sd,INC_r1,INC_kr,INC_sk,IND_avg,IND_sd,IND_r1,IND_kr,IND_sk
instances/A2/asymmetric/200.5.in,0.2690000000,0.0203469899,0.2288378766,1.2996919415,0.1445928362,0.2250000000,0.0070710678,-0.5000000000,1.7000000000,-0.0000000000,0.5060000000,0.0263438797,0.0892364305,1.4709074903,-0.0305207354,0.0700000000,0.0070710678,-0.5000000000,1.7000000000,-0.0000000000
