Instance,INF_avg,INF_sd,INF_r1,INF_kr,INF_sk,SUP_avg,SUP_sd,SUP_r1,SUP_kr,SUP_sk,INC_avg,INC_sd,INC_r1,INC_kr,INC_sk,IND_avg,IND_sd,IND_r1,IND_kr,IND_sk
instances/A2/symmetric/8.1.in,0.5902564103,0.0402294537,0.3214888918,1.8545819788,0.3641768009,0.0287179487,0.0256102379,0.4112920506,1.6050135401,0.1087271829,0.3810256410,0.0253625908,0.0625821720,2.2468311439,0.3565619982,0.2092307692,0.0301475661,-0.5197215777,2.4361979167,-1.0269996057
