Instance,INF_avg,INF_sd,INF_r1,INF_kr,INF_sk,SUP_avg,SUP_sd,SUP_r1,SUP_kr,SUP_sk,INC_avg,INC_sd,INC_r1,INC_kr,INC_sk,IND_avg,IND_sd,IND_r1,IND_kr,IND_sk
instances/A3/asymmetric/8.3.in,0.4071669072,0.2009006404,0.6147403437,2.8337677075,-0.3742988177,0.1042260209,0.0664585928,0.8919020218,1.9638096547,-0.3607620908,0.4886070719,0.1414570330,0.3769576532,3.5376102515,0.7868801150,0.2464529298,0.0489295318,0.2547334125,1.6645975360,-0.4151171764
