Instance,INF_avg,INF_sd,INF_r1,INF_kr,INF_sk,SUP_avg,SUP_sd,SUP_r1,SUP_kr,SUP_sk,INC_avg,INC_sd,INC_r1,INC_kr,INC_sk,IND_avg,IND_sd,IND_r1,IND_kr,IND_sk
instances/A1/asymmetric/8.6.in,0.6060439560,0.1168871299,0.6448211347,1.7388283193,-0.4073238741,0.0382417582,0.0326098683,-0.5679256521,1.2692868056,-0.1740845210,0.3557142857,0.0956372587,0.8143277116,1.5529873660,0.3410840781,0.2714652015,0.0329544950,-0.2562577306,2.7308751477,1.0597773186
