Instance,INF_avg,INF_sd,INF_r1,INF_kr,INF_sk,SUP_avg,SUP_sd,SUP_r1,SUP_kr,SUP_sk,INC_avg,INC_sd,INC_r1,INC_kr,INC_sk,IND_avg,IND_sd,IND_r1,IND_kr,IND_sk
instances/A3/asymmetric/50.5.in,0.4177000000,0.0722441001,0.6900095954,3.5986870959,0.8860121973,0.1485000000,0.0416623331,0.6884768353,3.2072898327,0.3561378612,0.4338000000,0.0548548995,0.6368847774,2.8206226031,0.0441461872,0.0723500000,0.0120302743,0.4331443815,2.6265353938,0.1337899650
