Instance,INF_avg,INF_sd,INF_r1,INF_kr,INF_sk,SUP_avg,SUP_sd,SUP_r1,SUP_kr,SUP_sk,INC_avg,INC_sd,INC_r1,INC_kr,INC_sk,IND_avg,IND_sd,IND_r1,IND_kr,IND_sk
instances/A1/asymmetric/200.2.in,0.4023000000,0.0361276902,0.3765456332,2.2319210836,0.0590484553,0.1582000000,0.0209704554,0.2001972570,3.1684215668,0.7526090308,0.4395000000,0.0392460189,0.6318129769,2.0452450228,0.1834283211,0.0629000000,0.0120867696,0.2448016385,2.3017862691,0.1144710707
