Instance,INF_avg,INF_sd,INF_r1,INF_kr,INF_sk,SUP_avg,SUP_sd,SUP_r1,SUP_kr,SUP_sk,INC_avg,INC_sd,INC_r1,INC_kr,INC_sk,IND_avg,IND_sd,IND_r1,IND_kr,IND_sk
instances/A1/symmetric/200.5.in,0.3266000000,0.0490860469,0.0488386940,6.0400692343,-1.2404629311,0.1456000000,0.0265827011,0.1525028388,3.0211748718,-0.5444500775,0.5278000000,0.0497409288,0.1487214158,4.6146277726,1.2734127187,0.0680000000,0.0159373775,-0.1865742200,2.5437720875,0.2030585322
