Instance,INF_avg,INF_sd,INF_r1,INF_kr,INF_sk,SUP_avg,SUP_sd,SUP_r1,SUP_kr,SUP_sk,INC_avg,INC_sd,INC_r1,INC_kr,INC_sk,IND_avg,IND_sd,IND_r1,IND_kr,IND_sk
instances/A3/symmetric/100.2.in,0.3435000000,0.0379506258,0.3432529502,2.3610609332,-0.3911202005,0.1260000000,0.0270924344,-0.9019728730,3.8363971817,0.8559856741,0.5305000000,0.0455219727,0.5927609753,2.1710801791,0.1476579096,0.0840000000,0.0106770783,0.2436594203,1.4436749769,0.0147881970
