Instance,INF_avg,INF_sd,INF_r1,INF_kr,INF_sk,SUP_avg,SUP_sd,SUP_r1,SUP_kr,SUP_sk,INC_avg,INC_sd,INC_r1,INC_kr,INC_sk,IND_avg,IND_sd,IND_r1,IND_kr,IND_sk
instances/A3/asymmetric/10.3.in,0.2870613513,0.1598651503,0.7030584917,1.8879652183,-0.1365128238,0.1635784850,0.0642045845,0.5304001695,2.6817001298,0.3631820400,0.5493601636,0.1066574601,0.6134821803,1.2719096366,0.0381412264,0.1814003457,0.0333361443,0.3844118897,3.7238497098,0.1072192715
