Instance,INF_avg,INF_sd,INF_r1,INF_kr,INF_sk,SUP_avg,SUP_sd,SUP_r1,SUP_kr,SUP_sk,INC_avg,INC_sd,INC_r1,INC_kr,INC_sk,IND_avg,IND_sd,IND_r1,IND_kr,IND_sk
instances/A2/symmetric/100.5.in,0.5193000000,0.0706824589,0.7426587219,2.4815569242,-0.4147351495,0.1592000000,0.0490546634,0.8283814205,2.1754338561,0.4143464797,0.3215000000,0.0486954823,0.5769484817,3.5693577491,0.8027987560,0.0413000000,0.0082346828,0.4298756405,2.5254820472,0.4939954232
