Instance,INF_avg,INF_sd,INF_r1,INF_kr,INF_sk,SUP_avg,SUP_sd,SUP_r1,SUP_kr,SUP_sk,INC_avg,INC_sd,INC_r1,INC_kr,INC_sk,IND_avg,IND_sd,IND_r1,IND_kr,IND_sk
instances/A3/asymmetric/200.1.in,0.3100500000,0.0312689543,0.0903654900,2.7746557852,0.1407146106,0.1472000000,0.0245389486,0.4720081792,2.4526866559,0.4101206618,0.5427500000,0.0301278526,0.2657153972,3.0297283684,0.4903532574,0.0968000000,0.0199689759,0.2010334875,2.4497674358,0.0990055187
