Instance,INF_avg,INF_sd,INF_r1,INF_kr,INF_sk,SUP_avg,SUP_sd,SUP_r1,SUP_kr,SUP_sk,INC_avg,INC_sd,INC_r1,INC_kr,INC_sk,IND_avg,IND_sd,IND_r1,IND_kr,IND_sk
instances/A2/symmetric/200.4.in,0.3358000000,0.0311024115,-0.1082866931,2.4777475333,-0.4783483421,0.2002000000,0.0253960627,0.0867657831,2.5248436346,-0.0379734488,0.4640000000,0.0412067956,0.1259253830,2.8103339202,0.4926457659,0.0542000000,0.0122212929,0.3801652893,2.8343020562,0.3171824169
