Instance,INF_avg,INF_sd,INF_r1,INF_kr,INF_sk,SUP_avg,SUP_sd,SUP_r1,SUP_kr,SUP_sk,INC_avg,INC_sd,INC_r1,INC_kr,INC_sk,IND_avg,IND_sd,IND_r1,IND_kr,IND_sk
instances/A3/symmetric/10.4.in,0.2653846154,0.0871983388,-0.4752822110,2.9476676407,-1.2985290029,0.1730769231,0.0583298111,-0.4666666667,3.1427221172,1.4191014536,0.5615384615,0.0307692308,-0.5131578947,2.0781250000,0.8437500000,0.2076923077,0.0282633432,0.0811965812,1.5781893004,0.3477670622
