Instance,INF_avg,INF_sd,INF_r1,INF_kr,INF_sk,SUP_avg,SUP_sd,SUP_r1,SUP_kr,SUP_sk,INC_avg,INC_sd,INC_r1,INC_kr,INC_sk,IND_avg,IND_sd,IND_r1,IND_kr,IND_sk
instances/A3/asymmetric/5.4.in,0.0259259259,0.0539267399,-0.0274202574,5.2326450694,1.9366543662,0.2500000000,0.0874889764,-0.1658291457,1.8695369407,0.1843550231,0.7240740741,0.0939894633,-0.0614332884,1.6575351549,-0.1154936640,0.4259259259,0.0662538660,0.1225715295,1.8283593750,0.0538053857
