Instance,INF_avg,INF_sd,INF_r1,INF_kr,INF_sk,SUP_avg,SUP_sd,SUP_r1,SUP_kr,SUP_sk,INC_avg,INC_sd,INC_r1,INC_kr,INC_sk,IND_avg,IND_sd,IND_r1,IND_kr,IND_sk
instances/A2/asymmetric/8.2.in,0.3690909091,0.0891218252,-0.2306119133,3.1549021610,1.4179677773,0.2364646465,0.1104075059,0.1265513845,1.3791623908,0.1138207173,0.3944444444,0.0777580980,0.7447186627,1.3426243461,0.2659717864,0.1428282828,0.0073771958,-0.1002425544,1.3503894831,0.1657696703
