Instance,INF_avg,INF_sd,INF_r1,INF_kr,INF_sk,SUP_avg,SUP_sd,SUP_r1,SUP_kr,SUP_sk,INC_avg,INC_sd,INC_r1,INC_kr,INC_sk,IND_avg,IND_sd,IND_r1,IND_kr,IND_sk
instances/A1/asymmetric/5.1.in,0.3977777778,0.1333611082,0.5528967254,1.6664584201,0.1702026400,0.2333333333,0.1735611039,0.5571245186,1.8390889546,0.2077975592,0.3688888889,0.0697968834,-0.0764805236,2.0235548121,-0.6793056092,0.4411111111,0.0819213715,-0.4701096432,2.4286828713,0.5658195104
