Instance,INF_avg,INF_sd,INF_r1,INF_kr,INF_sk,SUP_avg,SUP_sd,SUP_r1,SUP_kr,SUP_sk,INC_avg,INC_sd,INC_r1,INC_kr,INC_sk,IND_avg,IND_sd,IND_r1,IND_kr,IND_sk
instances/A1/asymmetric/8.5.in,0.4235897436,0.0678712571,0.3945693630,1.6731015258,0.2204179900,0.1049816850,0.0319413919,0.3621481408,2.3325958077,-0.8774340912,0.4714285714,0.0408525916,0.2506811989,1.5868679112,0.3021771695,0.1813186813,0.0324129257,-0.2989347537,2.2987894090,0.7116202862
