Instance,INF_avg,INF_sd,INF_r1,INF_kr,INF_sk,SUP_avg,SUP_sd,SUP_r1,SUP_kr,SUP_sk,INC_avg,INC_sd,INC_r1,INC_kr,INC_sk,IND_avg,IND_sd,IND_r1,IND_kr,IND_sk
instances/A2/asymmetric/8.6.in,0.5641534392,0.0525143937,-0.1397636647,1.6382501332,-0.3073839388,0.1558404558,0.0759484571,-0.1500200953,2.7389997803,-0.4794251955,0.2800061050,0.0450012254,0.1397286830,2.7534839083,0.8996527359,0.2121998372,0.0661626889,0.3846192170,4.3295489153,1.4999751452
