Instance,INF_avg,INF_sd,INF_r1,INF_kr,INF_sk,SUP_avg,SUP_sd,SUP_r1,SUP_kr,SUP_sk,INC_avg,INC_sd,INC_r1,INC_kr,INC_sk,IND_avg,IND_sd,IND_r1,IND_kr,IND_sk
instances/A3/asymmetric/200.4.in,0.4145000000,0.0358085185,0.4755771665,2.7103489571,-0.0776208928,0.0840000000,0.0139283883,0.0441176471,3.0513869699,0.7061155498,0.5015000000,0.0330189340,0.3407336583,2.9025662675,0.2938423710,0.0585000000,0.0097596106,0.4159431728,2.9334118668,0.6664135735
