Instance,INF_avg,INF_sd,INF_r1,INF_kr,INF_sk,SUP_avg,SUP_sd,SUP_r1,SUP_kr,SUP_sk,INC_avg,INC_sd,INC_r1,INC_kr,INC_sk,IND_avg,IND_sd,IND_r1,IND_kr,IND_sk
instances/A1/asymmetric/50.2.in,0.4550000000,0.0309838668,-0.6858974359,1.4762369792,-0.2471044062,0.1380000000,0.0128840987,-0.7950391645,1.9843954130,0.7265891066,0.4070000000,0.0233666429,-0.3401602850,1.9153685143,0.3931593096,0.0440000000,0.0080000000,-0.5131578947,2.0781250000,-0.8437500000
