Instance,INF_avg,INF_sd,INF_r1,INF_kr,INF_sk,SUP_avg,SUP_sd,SUP_r1,SUP_kr,SUP_sk,INC_avg,INC_sd,INC_r1,INC_kr,INC_sk,IND_avg,IND_sd,IND_r1,IND_kr,IND_sk
instances/A3/symmetric/20.5.in,0.3481369469,0.0416335157,0.3468791430,1.3391093405,0.0644848480,0.1175843796,0.0415355834,0.5433947093,2.9552882184,0.4657740051,0.5342786735,0.0634841188,0.9494107056,1.5495335785,-0.2063695543,0.0678776582,0.0164197670,0.0874002474,3.4087651762,0.5994704793
