Instance,INF_avg,INF_sd,INF_r1,INF_kr,INF_sk,SUP_avg,SUP_sd,SUP_r1,SUP_kr,SUP_sk,INC_avg,INC_sd,INC_r1,INC_kr,INC_sk,IND_avg,IND_sd,IND_r1,IND_kr,IND_sk
instances/A3/symmetric/10.1.in,0.4261381476,0.0676900432,0.2503696528,2.0910052230,0.1157648009,0.1076138148,0.0206876169,-0.4360172661,2.2059975705,0.5653763993,0.4662480377,0.0614153929,0.0433308214,1.7058324042,-0.5679523948,0.1715070644,0.0173857866,-1.2172425590,2.6978955276,1.0633650754
