Instance,INF_avg,INF_sd,INF_r1,INF_kr,INF_sk,SUP_avg,SUP_sd,SUP_r1,SUP_kr,SUP_sk,INC_avg,INC_sd,INC_r1,INC_kr,INC_sk,IND_avg,IND_sd,IND_r1,IND_kr,IND_sk
instances/A2/asymmetric/5.2.in,0.4023232323,0.1285472500,0.5599225948,1.7239439482,0.2036623077,0.1308080808,0.0833011876,0.4572012939,2.0837816119,-0.1478989468,0.4668686869,0.0504985854,0.3434848836,1.8404899432,0.3108375620,0.3875757576,0.0476866109,0.0520636324,1.4762048162,0.0142078264
