Instance,INF_avg,INF_sd,INF_r1,INF_kr,INF_sk,SUP_avg,SUP_sd,SUP_r1,SUP_kr,SUP_sk,INC_avg,INC_sd,INC_r1,INC_kr,INC_sk,IND_avg,IND_sd,IND_r1,IND_kr,IND_sk
instances/A3/symmetric/8.2.in,0.4371428571,0.0665637906,0.5143681147,1.5467195760,0.2181414503,0.1507936508,0.0259386644,-0.0406536538,1.7226456358,0.3833396083,0.4120634921,0.0702326695,0.5822171170,1.3899037839,0.1677927648,0.2641269841,0.0611504718,-0.2341161567,2.8028557331,-0.8865198380
