Instance,INF_avg,INF_sd,INF_r1,INF_kr,INF_sk,SUP_avg,SUP_sd,SUP_r1,SUP_kr,SUP_sk,INC_avg,INC_sd,INC_r1,INC_kr,INC_sk,IND_avg,IND_sd,IND_r1,IND_kr,IND_sk
instances/A2/asymmetric/10.4.in,0.1747371147,0.0881057328,0.6212802299,1.7938314149,0.2138008745,0.5006267806,0.0860732368,0.3666927120,1.9613195609,0.2191630855,0.3246361046,0.0160208977,-0.3905020698,2.0933715266,0.5629427118,0.1074695675,0.0291395048,-0.4170962399,1.7644631271,0.4667490154
