Instance,INF_avg,INF_sd,INF_r1,INF_kr,INF_sk,SUP_avg,SUP_sd,SUP_r1,SUP_kr,SUP_sk,INC_avg,INC_sd,INC_r1,INC_kr,INC_sk,IND_avg,IND_sd,IND_r1,IND_kr,IND_sk
instances/A3/symmetric/20.2.in,0.7183151082,0.0329780149,-0.3386180348,2.2792184639,-0.3769838038,0.0344283042,0.0037397904,-0.0698212092,2.0253973552,-0.5011513652,0.2472565876,0.0312359148,-0.2909001570,2.2691755041,0.2639333637,0.0841659986,0.0089233772,-0.2139999075,1.8399749145,-0.2391997664
