Instance,INF_avg,INF_sd,INF_r1,INF_kr,INF_sk,SUP_avg,SUP_sd,SUP_r1,SUP_kr,SUP_sk,INC_avg,INC_sd,INC_r1,INC_kr,INC_sk,IND_avg,IND_sd,IND_r1,IND_kr,IND_sk
instances/A2/asymmetric/200.1.in,0.3433000000,0.0383093983,0.0267264454,2.3988045033,0.2042255252,0.2037000000,0.0263212842,0.1353891959,2.7627055816,-0.0846333470,0.4530000000,0.0326802693,-0.0012219337,2.3038705130,-0.0879305945,0.0613000000,0.0139574353,0.2912431802,3.2858067419,0.4268199800
