Instance,INF_avg,INF_sd,INF_r1,INF_kr,INF_sk,SUP_avg,SUP_sd,SUP_r1,SUP_kr,SUP_sk,INC_avg,INC_sd,INC_r1,INC_kr,INC_sk,IND_avg,IND_sd,IND_r1,IND_kr,IND_sk
instances/A2/symmetric/100.6.in,0.3262000000,0.0311858942,0.1181029422,4.1438029540,0.7915243868,0.2082000000,0.0384416441,0.5403915536,2.9505627986,-0.4971042923,0.4656000000,0.0298770815,0.5260195427,2.1855572379,0.1270378068,0.0748000000,0.0141053181,-0.2883132982,2.7514091369,0.6180115619
