Instance,INF_avg,INF_sd,INF_r1,INF_kr,INF_sk,SUP_avg,SUP_sd,SUP_r1,SUP_kr,SUP_sk,INC_avg,INC_sd,INC_r1,INC_kr,INC_sk,IND_avg,IND_sd,IND_r1,IND_kr,IND_sk
instances/A2/symmetric/20.4.in,0.7080424963,0.0212648292,-0.1997549982,2.0916036688,0.6404492736,0.0643732808,0.0180291311,-0.2177521520,1.8383427605,0.3123285923,0.2275842229,0.0161852367,-0.5761879540,1.9536547101,-0.7348784685,0.0883069624,0.0240275984,0.6333870124,1.4711953444,0.1585065921
