Instance,INF_avg,INF_sd,INF_r1,INF_kr,INF_sk,SUP_avg,SUP_sd,SUP_r1,SUP_kr,SUP_sk,INC_avg,INC_sd,INC_r1,INC_kr,INC_sk,IND_avg,IND_sd,IND_r1,IND_kr,IND_sk
instances/A3/symmetric/20.4.in,0.6151470658,0.1005351906,0.4402868603,3.7380498900,-1.1383962108,0.0753459789,0.0377625110,0.6306770527,2.5509041888,0.7061994788,0.3095069553,0.0656634219,0.2444369597,4.0853735235,1.2522331939,0.0458896572,0.0093028679,0.5496923898,2.9405140239,-0.0739693226
