Instance,INF_avg,INF_sd,INF_r1,INF_kr,INF_sk,SUP_avg,SUP_sd,SUP_r1,SUP_kr,SUP_sk,INC_avg,INC_sd,INC_r1,INC_kr,INC_sk,IND_avg,IND_sd,IND_r1,IND_kr,IND_sk
instances/A3/symmetric/20.4.in,0.6854635312,0.0332685098,0.3107986968,2.3217656985,0.3925245921,0.0462328416,0.0121365246,0.4105849876,1.6335370603,0.0615720609,0.2683036272,0.0257259083,0.0484165532,2.1280072112,-0.7275447535,0.0393779397,0.0060964013,-0.3765036563,2.7208976051,-1.0337375230
