Instance,INF_avg,INF_sd,INF_r1,INF_kr,INF_sk,SUP_avg,SUP_sd,SUP_r1,SUP_kr,SUP_sk,INC_avg,INC_sd,INC_r1,INC_kr,INC_sk,IND_avg,IND_sd,IND_r1,IND_kr,IND_sk
instances/A1/asymmetric/8.4.in,0.1828282828,0.0537493341,0.0606706318,2.6685930983,-0.9615543701,0.2696969697,0.0886561462,-0.2163422734,2.1508389452,0.7497448773,0.5474747475,0.0850286687,-0.4731442190,2.3009350706,-0.9553821463,0.1530303030,0.0530086536,-0.6218264494,2.2421744842,0.4647555612
