Instance,INF_avg,INF_sd,INF_r1,INF_kr,INF_sk,SUP_avg,SUP_sd,SUP_r1,SUP_kr,SUP_sk,INC_avg,INC_sd,INC_r1,INC_kr,INC_sk,IND_avg,IND_sd,IND_r1,IND_kr,IND_sk
instances/A1/asymmetric/8.4.in,0.2497194164,0.1197503779,0.2926666339,4.5702820773,1.3480004696,0.2070707071,0.0987614465,0.3123605150,3.0501447377,0.9659501352,0.5432098765,0.0927641848,-0.5060612816,2.4418977971,-1.0764191274,0.1691919192,0.0507569476,0.2472818511,2.0231840016,0.0889129766
