Instance,INF_avg,INF_sd,INF_r1,INF_kr,INF_sk,SUP_avg,SUP_sd,SUP_r1,SUP_kr,SUP_sk,INC_avg,INC_sd,INC_r1,INC_kr,INC_sk,IND_avg,IND_sd,IND_r1,IND_kr,IND_sk
instances/A2/symmetric/20.5.in,0.7870556667,0.0600335707,0.6095729452,2.0931301404,0.3249100845,0.0667626919,0.0339667842,0.5203227367,2.7820181589,-0.1474343896,0.1461816415,0.0292563683,0.4957496595,1.7179160558,-0.2751485751,0.0717322944,0.0119620888,0.3138531106,3.8472291820,1.1646536075
