Instance,INF_avg,INF_sd,INF_r1,INF_kr,INF_sk,SUP_avg,SUP_sd,SUP_r1,SUP_kr,SUP_sk,INC_avg,INC_sd,INC_r1,INC_kr,INC_sk,IND_avg,IND_sd,IND_r1,IND_kr,IND_sk
instances/A1/symmetric/100.6.in,0.3442307692,0.1492461332,0.1970509783,3.1366100379,0.5715772015,0.0769230769,0.0942896206,0.0856627592,4.4370087569,1.2994702660,0.5788461538,0.1542182999,0.1174241883,2.7898546297,-0.5087018349,0.4903846154,0.1369441427,0.2160576159,2.5524708671,-0.0735563815
