Instance,INF_avg,INF_sd,INF_r1,INF_kr,INF_sk,SUP_avg,SUP_sd,SUP_r1,SUP_kr,SUP_sk,INC_avg,INC_sd,INC_r1,INC_kr,INC_sk,IND_avg,IND_sd,IND_r1,IND_kr,IND_sk
instances/A2/asymmetric/10.3.in,0.6388480392,0.0637324421,-0.0680904110,2.1160907561,-0.8674702922,0.0576388889,0.0592316740,0.1290801855,2.1143198781,0.8566648870,0.3035130719,0.0321203139,-0.4828563613,1.7131569163,0.5645637912,0.1377450980,0.0222135099,-0.2439920404,2.1729115055,0.9450005342
