Instance,INF_avg,INF_sd,INF_r1,INF_kr,INF_sk,SUP_avg,SUP_sd,SUP_r1,SUP_kr,SUP_sk,INC_avg,INC_sd,INC_r1,INC_kr,INC_sk,IND_avg,IND_sd,IND_r1,IND_kr,IND_sk
instances/A2/symmetric/5.5.in,0.3166666667,0.0816496581,0.4230769231,1.1666666667,0.4082482905,0.1666666667,0.0527046277,0.0000000000,2.5000000000,0.0000000000,0.5166666667,0.0623609564,-0.1111111111,1.8469387755,-0.3436215967,0.3333333333,0.0527046277,-0.5000000000,2.5000000000,0.0000000000
