Instance,INF_avg,INF_sd,INF_r1,INF_kr,INF_sk,SUP_avg,SUP_sd,SUP_r1,SUP_kr,SUP_sk,INC_avg,INC_sd,INC_r1,INC_kr,INC_sk,IND_avg,IND_sd,IND_r1,IND_kr,IND_sk
instances/A1/asymmetric/20.2.in,0.6681148605,0.0401541872,0.1449956676,1.4931688678,-0.3919370712,0.0788812322,0.0222295833,0.3503404646,1.4182002164,-0.2168330869,0.2530039073,0.0213258309,-0.2384368857,1.7618728435,0.4211044231,0.0695424005,0.0233921449,-0.6400203038,1.5326015060,0.1370558860
