Instance,INF_avg,INF_sd,INF_r1,INF_kr,INF_sk,SUP_avg,SUP_sd,SUP_r1,SUP_kr,SUP_sk,INC_avg,INC_sd,INC_r1,INC_kr,INC_sk,IND_avg,IND_sd,IND_r1,IND_kr,IND_sk
instances/A1/symmetric/10.5.in,0.4888365603,0.0729311388,0.6414304974,1.2617548490,0.1753748564,0.1628292343,0.0488637156,0.4160048774,1.8552656817,0.3381563367,0.3483342055,0.0440785617,0.2885119527,2.5264081987,-0.1599870279,0.1634833421,0.0344381940,0.5028816607,2.3538268203,0.6148050231
