Instance,INF_avg,INF_sd,INF_r1,INF_kr,INF_sk,SUP_avg,SUP_sd,SUP_r1,SUP_kr,SUP_sk,INC_avg,INC_sd,INC_r1,INC_kr,INC_sk,IND_avg,IND_sd,IND_r1,IND_kr,IND_sk
instances/A3/symmetric/200.3.in,0.3063888889,0.1050172678,0.1452994846,4.7093040786,0.9462956907,0.0630555556,0.0644127077,0.4338757762,4.2903574786,1.2363462681,0.6305555556,0.1090857065,0.1098301182,3.9075438398,-0.6750533275,0.3727777778,0.1058460914,0.0077151818,2.5804918745,0.3341340567
