Instance,INF_avg,INF_sd,INF_r1,INF_kr,INF_sk,SUP_avg,SUP_sd,SUP_r1,SUP_kr,SUP_sk,INC_avg,INC_sd,INC_r1,INC_kr,INC_sk,IND_avg,IND_sd,IND_r1,IND_kr,IND_sk
instances/A1/symmetric/100.5.in,0.3752000000,0.0520860826,0.5734095885,2.7525149237,-0.5940435474,0.1540000000,0.0276405499,0.3836379848,2.3216400318,0.1443360862,0.4708000000,0.0414651661,0.0974436540,2.5371039143,-0.1371368977,0.0628000000,0.0123353152,0.2246647815,2.1710676459,0.0958495482
