Instance,INF_avg,INF_sd,INF_r1,INF_kr,INF_sk,SUP_avg,SUP_sd,SUP_r1,SUP_kr,SUP_sk,INC_avg,INC_sd,INC_r1,INC_kr,INC_sk,IND_avg,IND_sd,IND_r1,IND_kr,IND_sk
instances/A1/symmetric/50.1.in,0.8211335193,0.1219837009,0.9288021847,2.1854503064,-0.7073492150,0.0243194192,0.0307246450,0.8865413541,3.3029292034,1.3003068546,0.1545470614,0.0932459577,0.9278601351,1.9364158197,0.5028422382,0.0488628217,0.0130976616,0.5526759129,2.5070693652,0.4902492535
