Instance,INF_avg,INF_sd,INF_r1,INF_kr,INF_sk,SUP_avg,SUP_sd,SUP_r1,SUP_kr,SUP_sk,INC_avg,INC_sd,INC_r1,INC_kr,INC_sk,IND_avg,IND_sd,IND_r1,IND_kr,IND_sk
instances/A1/symmetric/50.1.in,0.8089548734,0.1227893840,0.9368728692,2.0058984589,-0.5622685430,0.0271255061,0.0312539725,0.8870129849,2.9326201142,1.1621805434,0.1639196205,0.0936105063,0.9399782691,1.8198330370,0.3522358472,0.0474681897,0.0119071520,0.6830685768,2.1098467669,0.3068799554
