Instance,INF_avg,INF_sd,INF_r1,INF_kr,INF_sk,SUP_avg,SUP_sd,SUP_r1,SUP_kr,SUP_sk,INC_avg,INC_sd,INC_r1,INC_kr,INC_sk,IND_avg,IND_sd,IND_r1,IND_kr,IND_sk
instances/A1/symmetric/100.1.in,0.3094000000,0.0655335029,0.7259371050,3.1508585866,-0.7705453109,0.1602000000,0.0301821139,0.6220818814,3.4621680286,0.6993499496,0.5304000000,0.0482684162,0.4559925276,3.6430972984,0.5786543356,0.0752000000,0.0138910043,0.1959677624,3.3236496828,0.6190161664
