Instance,INF_avg,INF_sd,INF_r1,INF_kr,INF_sk,SUP_avg,SUP_sd,SUP_r1,SUP_kr,SUP_sk,INC_avg,INC_sd,INC_r1,INC_kr,INC_sk,IND_avg,IND_sd,IND_r1,IND_kr,IND_sk
instances/A1/symmetric/20.2.in,0.4843853414,0.0926608380,0.7532549585,1.4983713563,-0.3667229504,0.1634603399,0.0327610573,-0.0869432293,2.0725896122,0.5247435601,0.3521543187,0.0737832663,0.6350324169,2.0844032573,0.4093387468,0.0758982327,0.0190998975,-0.2774834175,2.2972553302,0.7647774534
