Instance,INF_avg,INF_sd,INF_r1,INF_kr,INF_sk,SUP_avg,SUP_sd,SUP_r1,SUP_kr,SUP_sk,INC_avg,INC_sd,INC_r1,INC_kr,INC_sk,IND_avg,IND_sd,IND_r1,IND_kr,IND_sk
instances/A1/symmetric/20.2.in,0.4465819576,0.0891188416,0.6661638006,1.5848985395,0.4625635317,0.1649714917,0.0262600738,-0.0544813842,3.0126148294,0.4722940753,0.3884465507,0.0758934195,0.6266041293,1.8176491033,-0.4240179252,0.0901634982,0.0240062714,0.2958443702,1.3830006441,-0.1821368718
