Instance,INF_avg,INF_sd,INF_r1,INF_kr,INF_sk,SUP_avg,SUP_sd,SUP_r1,SUP_kr,SUP_sk,INC_avg,INC_sd,INC_r1,INC_kr,INC_sk,IND_avg,IND_sd,IND_r1,IND_kr,IND_sk
instances/A1/asymmetric/10.3.in,0.5480150085,0.1161623478,0.6812480028,2.3142963574,0.7961299761,0.1762708787,0.0911215251,0.6782188942,2.1704988292,-0.8279969227,0.2757141128,0.0484366779,-0.0777879152,3.2582184754,-1.1640409365,0.1797022513,0.0820800940,-0.0166865810,5.9449831792,1.9726248021
