Instance,INF_avg,INF_sd,INF_r1,INF_kr,INF_sk,SUP_avg,SUP_sd,SUP_r1,SUP_kr,SUP_sk,INC_avg,INC_sd,INC_r1,INC_kr,INC_sk,IND_avg,IND_sd,IND_r1,IND_kr,IND_sk
instances/A1/asymmetric/10.5.in,0.3777025356,0.0457612565,-0.1262215235,2.7228419008,-1.0783315464,0.2193011750,0.0817407898,0.1966590507,1.5354696996,0.1214285636,0.4029962894,0.0459304599,0.2488801485,1.8555573786,-0.1606225470,0.1726345083,0.0174706021,-0.7892799883,2.3586491108,0.8835099649
