Instance,INF_avg,INF_sd,INF_r1,INF_kr,INF_sk,SUP_avg,SUP_sd,SUP_r1,SUP_kr,SUP_sk,INC_avg,INC_sd,INC_r1,INC_kr,INC_sk,IND_avg,IND_sd,IND_r1,IND_kr,IND_sk
instances/A2/symmetric/20.6.in,0.5413024720,0.0294628471,0.0708883300,2.7230626553,0.9551575290,0.1539058931,0.0168522453,0.6259315826,1.2914821602,0.1668365593,0.3047916349,0.0263221274,-0.1848745616,1.6743710847,0.0730502015,0.0442617126,0.0037176826,-0.1065285565,1.8658135159,0.3592641814
