Instance,INF_avg,INF_sd,INF_r1,INF_kr,INF_sk,SUP_avg,SUP_sd,SUP_r1,SUP_kr,SUP_sk,INC_avg,INC_sd,INC_r1,INC_kr,INC_sk,IND_avg,IND_sd,IND_r1,IND_kr,IND_sk
instances/A2/symmetric/8.5.in,0.4363636364,0.0556335541,0.6801893543,1.6146783559,0.0029761773,0.1292929293,0.0437211578,0.5387139522,1.4619869902,0.4046953890,0.4343434343,0.0202020202,-0.2500000000,3.2500000000,-1.5000000000,0.1459595960,0.0343805504,-1.1476658694,2.1327733930,-0.2199126294
