Instance,INF_avg,INF_sd,INF_r1,INF_kr,INF_sk,SUP_avg,SUP_sd,SUP_r1,SUP_kr,SUP_sk,INC_avg,INC_sd,INC_r1,INC_kr,INC_sk,IND_avg,IND_sd,IND_r1,IND_kr,IND_sk
instances/A2/symmetric/8.5.in,0.5013727014,0.0931775507,0.9162021385,2.1741238176,0.2258249592,0.0998088331,0.0468888164,0.6238098872,2.5641131862,0.9612871440,0.3988184655,0.0578263982,0.9321008462,2.4877966019,-1.0385401229,0.1688749522,0.0476078223,0.3726207592,1.7893535270,-0.0211052709
