Instance,INF_avg,INF_sd,INF_r1,INF_kr,INF_sk,SUP_avg,SUP_sd,SUP_r1,SUP_kr,SUP_sk,INC_avg,INC_sd,INC_r1,INC_kr,INC_sk,IND_avg,IND_sd,IND_r1,IND_kr,IND_sk
instances/A2/asymmetric/100.5.in,0.4150000000,0.0280178515,-0.3825503356,1.8684327965,-0.5217328823,0.1980000000,0.0240000000,0.0010533708,1.8606589988,0.1438802083,0.3870000000,0.0328024389,-0.2279470730,2.5880412100,-0.7639517173,0.0370000000,0.0100498756,0.5150115473,1.7838447211,0.1832444727
