Instance,INF_avg,INF_sd,INF_r1,INF_kr,INF_sk,SUP_avg,SUP_sd,SUP_r1,SUP_kr,SUP_sk,INC_avg,INC_sd,INC_r1,INC_kr,INC_sk,IND_avg,IND_sd,IND_r1,IND_kr,IND_sk
instances/A1/symmetric/100.4.in,0.2800000000,0.0871779789,0.4708994709,2.6786703601,-0.5071295170,0.1700000000,0.1100000000,0.0988056460,2.7441431596,0.6130728775,0.5500000000,0.1627882060,0.1958762887,1.5468138127,0.0000000000,0.4600000000,0.1019803903,-0.6810344828,3.7307692308,0.8598938233
