Instance,INF_avg,INF_sd,INF_r1,INF_kr,INF_sk,SUP_avg,SUP_sd,SUP_r1,SUP_kr,SUP_sk,INC_avg,INC_sd,INC_r1,INC_kr,INC_sk,IND_avg,IND_sd,IND_r1,IND_kr,IND_sk
instances/A2/asymmetric/5.4.in,0.5455555556,0.0674399596,0.1172982084,2.8383245446,-1.1843620102,0.0555555556,0.0702728369,0.4285714286,1.5625000000,0.5929270613,0.3988888889,0.0365823947,-0.6128436981,2.5545437834,-0.7417248524,0.4166666667,0.0977525220,0.3725490196,2.6859113034,1.0705725096
