Instance,INF_avg,INF_sd,INF_r1,INF_kr,INF_sk,SUP_avg,SUP_sd,SUP_r1,SUP_kr,SUP_sk,INC_avg,INC_sd,INC_r1,INC_kr,INC_sk,IND_avg,IND_sd,IND_r1,IND_kr,IND_sk
instances/A1/symmetric/5.6.in,0.2688888889,0.1237580275,-0.2078683533,2.2505325295,-0.2748529700,0.1811111111,0.0634015227,-0.0127854616,2.4395231031,-0.8622876834,0.5500000000,0.1316561177,0.2244224422,2.2281804734,-0.3481291574,0.4055555556,0.0647883544,0.7058823529,1.5469290657,0.1097086537
