Instance,INF_avg,INF_sd,INF_r1,INF_kr,INF_sk,SUP_avg,SUP_sd,SUP_r1,SUP_kr,SUP_sk,INC_avg,INC_sd,INC_r1,INC_kr,INC_sk,IND_avg,IND_sd,IND_r1,IND_kr,IND_sk
instances/A1/asymmetric/20.3.in,0.6523561061,0.1108731595,0.8166322623,2.2960097477,0.3570228930,0.0399074074,0.0344383457,0.7682261215,3.2258543262,0.9321046452,0.3077364865,0.0834595491,0.7837863629,2.3320570482,-0.5846085982,0.0925988488,0.0228429525,0.7080894745,3.3157029000,0.4706160406
