Instance,INF_avg,INF_sd,INF_r1,INF_kr,INF_sk,SUP_avg,SUP_sd,SUP_r1,SUP_kr,SUP_sk,INC_avg,INC_sd,INC_r1,INC_kr,INC_sk,IND_avg,IND_sd,IND_r1,IND_kr,IND_sk
instances/A3/symmetric/10.4.in,0.3375056689,0.0589578929,-0.0395319936,2.6225500983,0.8080895821,0.0781859410,0.0247264953,0.0495550757,1.5143523890,0.1031427815,0.5843083900,0.0405712978,-0.2784748098,2.5313267454,-0.8138143677,0.1915646259,0.0336929405,-0.5273012625,2.1103055329,-0.7057392709
