Instance,INF_avg,INF_sd,INF_r1,INF_kr,INF_sk,SUP_avg,SUP_sd,SUP_r1,SUP_kr,SUP_sk,INC_avg,INC_sd,INC_r1,INC_kr,INC_sk,IND_avg,IND_sd,IND_r1,IND_kr,IND_sk
instances/A3/symmetric/10.4.in,0.2625000000,0.1111024302,-0.1115459883,1.7479570582,-0.3161639418,0.3000000000,0.1500000000,0.7777777778,2.5185185185,-1.1111111111,0.4375000000,0.1218349293,0.0930626058,1.4179501385,0.0842382226,0.5125000000,0.1268611446,0.1051752922,1.8200584409,-0.2353310703
