Instance,INF_avg,INF_sd,INF_r1,INF_kr,INF_sk,SUP_avg,SUP_sd,SUP_r1,SUP_kr,SUP_sk,INC_avg,INC_sd,INC_r1,INC_kr,INC_sk,IND_avg,IND_sd,IND_r1,IND_kr,IND_sk
instances/A3/symmetric/50.2.in,0.2405000000,0.0837212637,0.7176611096,2.6528130671,-0.7721089549,0.1572000000,0.0388092772,0.7144725939,4.7438973027,1.3349823166,0.6023000000,0.0599684083,0.5307170682,2.6227908333,0.5946030079,0.0796000000,0.0176306551,0.5233625822,2.7661490218,0.3071123948
