Instance,INF_avg,INF_sd,INF_r1,INF_kr,INF_sk,SUP_avg,SUP_sd,SUP_r1,SUP_kr,SUP_sk,INC_avg,INC_sd,INC_r1,INC_kr,INC_sk,IND_avg,IND_sd,IND_r1,IND_kr,IND_sk
instances/A1/symmetric/8.6.in,0.4158974359,0.0533776936,-0.4575541732,2.3791894285,0.0378407514,0.1205128205,0.0362981300,0.6165191740,1.6540272748,-0.1235143797,0.4635897436,0.0531060245,-0.1325515068,2.9484596455,1.2996782371,0.2974358974,0.0363343376,-0.4187437687,2.5852962651,-0.6115101720
