Instance,INF_avg,INF_sd,INF_r1,INF_kr,INF_sk,SUP_avg,SUP_sd,SUP_r1,SUP_kr,SUP_sk,INC_avg,INC_sd,INC_r1,INC_kr,INC_sk,IND_avg,IND_sd,IND_r1,IND_kr,IND_sk
instances/A2/asymmetric/50.6.in,0.3418000000,0.0744899993,0.7706279470,5.0581634663,-1.4015149159,0.2281000000,0.0703412397,0.8826940581,4.8526713086,1.4445072323,0.4301000000,0.0342854196,0.4812963429,3.5957770062,0.9091285625,0.0642000000,0.0109708705,0.1572716274,2.9194301443,-0.1822282369
