Instance,INF_avg,INF_sd,INF_r1,INF_kr,INF_sk,SUP_avg,SUP_sd,SUP_r1,SUP_kr,SUP_sk,INC_avg,INC_sd,INC_r1,INC_kr,INC_sk,IND_avg,IND_sd,IND_r1,IND_kr,IND_sk
instances/A3/asymmetric/8.1.in,0.4035897436,0.0417122039,-0.6487542006,2.3641555812,-0.3992548483,0.2092307692,0.0514510037,-0.2487429207,2.5402804633,-0.9013578498,0.3871794872,0.0583805106,-0.1376104138,1.4369980996,-0.1475200902,0.2189743590,0.0288549844,0.3167830717,2.0733442303,0.8097247480
