Instance,INF_avg,INF_sd,INF_r1,INF_kr,INF_sk,SUP_avg,SUP_sd,SUP_r1,SUP_kr,SUP_sk,INC_avg,INC_sd,INC_r1,INC_kr,INC_sk,IND_avg,IND_sd,IND_r1,IND_kr,IND_sk
instances/A2/asymmetric/5.1.in,0.2233333333,0.1195361405,0.4634703196,2.0239267721,0.3149811664,0.3466666667,0.0590668172,-1.1262002743,1.9631830906,-0.4011434619,0.4300000000,0.0896908270,0.6455559554,1.2445667104,0.1102621427,0.3033333333,0.0371184291,-0.2225274725,1.2989073881,-0.4692912730
