Instance,INF_avg,INF_sd,INF_r1,INF_kr,INF_sk,SUP_avg,SUP_sd,SUP_r1,SUP_kr,SUP_sk,INC_avg,INC_sd,INC_r1,INC_kr,INC_sk,IND_avg,IND_sd,IND_r1,IND_kr,IND_sk
instances/A3/symmetric/8.1.in,0.2423480495,0.0584199772,-0.0982486845,2.3792082060,0.9142565174,0.2148532741,0.0574832775,-0.3701079485,2.5729739836,0.6829439242,0.5427986764,0.0657651497,-0.6864010382,1.4942586791,-0.3013272040,0.2279185533,0.0494441763,0.7793345796,1.9840383199,0.5396745435
