Instance,INF_avg,INF_sd,INF_r1,INF_kr,INF_sk,SUP_avg,SUP_sd,SUP_r1,SUP_kr,SUP_sk,INC_avg,INC_sd,INC_r1,INC_kr,INC_sk,IND_avg,IND_sd,IND_r1,IND_kr,IND_sk
instances/A3/asymmetric/20.3.in,0.6836695136,0.0458719221,-0.6618464002,1.7309866183,-0.2347271826,0.0429067934,0.0174384787,0.5007568574,1.4856720869,0.4472921836,0.2734236930,0.0415558482,-0.4503793410,2.6756439185,1.0247161862,0.0958056890,0.0122819963,-0.8055605835,1.9017653024,0.2389984533
