Instance,INF_avg,INF_sd,INF_r1,INF_kr,INF_sk,SUP_avg,SUP_sd,SUP_r1,SUP_kr,SUP_sk,INC_avg,INC_sd,INC_r1,INC_kr,INC_sk,IND_avg,IND_sd,IND_r1,IND_kr,IND_sk
instances/A3/asymmetric/200.5.in,0.3466964286,0.0316830958,0.4708126849,2.6687194924,-0.2255644405,0.0542857143,0.0298422724,0.7599486800,3.8992964763,0.8341108252,0.5990178571,0.0295867315,0.2048122348,4.2023724805,0.3717083496,0.0998214286,0.0295043018,0.4746688841,3.6218457918,0.8059027445
