Instance,INF_avg,INF_sd,INF_r1,INF_kr,INF_sk,SUP_avg,SUP_sd,SUP_r1,SUP_kr,SUP_sk,INC_avg,INC_sd,INC_r1,INC_kr,INC_sk,IND_avg,IND_sd,IND_r1,IND_kr,IND_sk
instances/A1/asymmetric/100.6.in,0.3204000000,0.0486501799,0.0830735202,2.9871491623,0.5875499611,0.1500000000,0.0356791255,0.4944223108,2.9233201010,-0.1327622814,0.5296000000,0.0386372877,0.0099431300,2.7692595245,-0.5087359559,0.0677000000,0.0146359147,0.3108385949,2.5228102075,0.0503055779
