Instance,INF_avg,INF_sd,INF_r1,INF_kr,INF_sk,SUP_avg,SUP_sd,SUP_r1,SUP_kr,SUP_sk,INC_avg,INC_sd,INC_r1,INC_kr,INC_sk,IND_avg,IND_sd,IND_r1,IND_kr,IND_sk
instances/A3/asymmetric/8.5.in,0.5914285714,0.1438111006,0.6715241280,1.2491142667,-0.0446220979,0.0933333333,0.0786276855,0.4804946456,1.3050114065,-0.2155520247,0.3152380952,0.0748785865,0.7689815782,1.4341476393,0.5095332524,0.2661904762,0.0889106408,0.4551724022,1.1690373921,0.4036219102
