Instance,INF_avg,INF_sd,INF_r1,INF_kr,INF_sk,SUP_avg,SUP_sd,SUP_r1,SUP_kr,SUP_sk,INC_avg,INC_sd,INC_r1,INC_kr,INC_sk,IND_avg,IND_sd,IND_r1,IND_kr,IND_sk
instances/A1/symmetric/100.6.in,0.3961538462,0.1726061975,0.6607740359,4.4105585628,0.9568891573,0.0663461538,0.0731970167,0.3647695892,3.8495323912,1.1884152592,0.5375000000,0.1467189228,0.5103552787,4.7031649968,-0.8359858363,0.3028846154,0.1006772554,-0.0012044410,2.3751585160,0.0058908918
