Instance,INF_avg,INF_sd,INF_r1,INF_kr,INF_sk,SUP_avg,SUP_sd,SUP_r1,SUP_kr,SUP_sk,INC_avg,INC_sd,INC_r1,INC_kr,INC_sk,IND_avg,IND_sd,IND_r1,IND_kr,IND_sk
instances/A2/asymmetric/5.2.in,0.3320426487,0.0860666625,-0.2995931929,2.1784085471,0.7932087949,0.1683501684,0.0967417471,-0.0988439197,1.5897002759,-0.3543690707,0.4996071829,0.0454681223,0.1599301194,1.8401802618,-0.3209912247,0.3390572391,0.0787903968,0.4205323416,1.9595342395,-0.2176061271
