Instance,INF_avg,INF_sd,INF_r1,INF_kr,INF_sk,SUP_avg,SUP_sd,SUP_r1,SUP_kr,SUP_sk,INC_avg,INC_sd,INC_r1,INC_kr,INC_sk,IND_avg,IND_sd,IND_r1,IND_kr,IND_sk
instances/A3/asymmetric/20.3.in,0.3846153846,0.1747356414,0.0964217859,2.4421534163,0.3657454492,0.0730769231,0.1021224465,0.3503255607,5.3033650219,1.6398272939,0.5423076923,0.1735889861,0.1987285097,2.9700691840,-0.7088829083,0.4846153846,0.1291758125,0.1804039301,3.0949147427,0.1805479045
