Instance,INF_avg,INF_sd,INF_r1,INF_kr,INF_sk,SUP_avg,SUP_sd,SUP_r1,SUP_kr,SUP_sk,INC_avg,INC_sd,INC_r1,INC_kr,INC_sk,IND_avg,IND_sd,IND_r1,IND_kr,IND_sk
instances/A1/asymmetric/20.3.in,0.5698629925,0.0294790493,0.6364459346,1.8820368196,0.2931265962,0.1120382373,0.0101791337,-0.3651040075,2.6955019461,1.1891289311,0.3180987702,0.0262064491,0.6671851021,2.0249109163,-0.1607114319,0.0760258913,0.0077828033,0.2690350688,2.7279059801,0.5422632435
