Instance,INF_avg,INF_sd,INF_r1,INF_kr,INF_sk,SUP_avg,SUP_sd,SUP_r1,SUP_kr,SUP_sk,INC_avg,INC_sd,INC_r1,INC_kr,INC_sk,IND_avg,IND_sd,IND_r1,IND_kr,IND_sk
instances/A1/asymmetric/20.3.in,0.5729393962,0.0226851182,0.8485299297,2.5410904272,1.0367998134,0.1123656491,0.0084862944,-0.4142155935,3.0077407870,1.2674833617,0.3146949546,0.0226117618,0.4439172889,2.3031142865,-0.5464726418,0.0756998604,0.0098832287,0.8163706661,1.9025890768,0.5126920954
