Instance,INF_avg,INF_sd,INF_r1,INF_kr,INF_sk,SUP_avg,SUP_sd,SUP_r1,SUP_kr,SUP_sk,INC_avg,INC_sd,INC_r1,INC_kr,INC_sk,IND_avg,IND_sd,IND_r1,IND_kr,IND_sk
instances/A1/symmetric/20.5.in,0.6829318221,0.0750173264,0.1355287647,2.4981259363,1.0163568535,0.0667086298,0.0214215671,-0.2808556886,2.1997193188,-0.6890919783,0.2503595481,0.0576254468,0.3057566860,2.2856947022,-0.8588338715,0.0790716208,0.0149656331,-0.8567216400,1.9659124964,-0.1828488862
