Instance,INF_avg,INF_sd,INF_r1,INF_kr,INF_sk,SUP_avg,SUP_sd,SUP_r1,SUP_kr,SUP_sk,INC_avg,INC_sd,INC_r1,INC_kr,INC_sk,IND_avg,IND_sd,IND_r1,IND_kr,IND_sk
instances/A3/asymmetric/5.1.in,0.0266666667,0.0326598632,0.0384615385,1.1666666667,0.4082482905,0.0400000000,0.0326598632,-0.6666666667,1.1666666667,-0.4082482905,0.9333333333,0.0421637021,-1.0000000000,2.5000000000,0.0000000000,0.6000000000,0.0000000000,0.0000000000,0.0000000000,0.0000000000
