Instance,INF_avg,INF_sd,INF_r1,INF_kr,INF_sk,SUP_avg,SUP_sd,SUP_r1,SUP_kr,SUP_sk,INC_avg,INC_sd,INC_r1,INC_kr,INC_sk,IND_avg,IND_sd,IND_r1,IND_kr,IND_sk
instances/A2/symmetric/8.4.in,0.5703218110,0.0813070109,0.5654876351,1.9739650564,-0.4948520950,0.1138955553,0.0720808071,0.3139281605,3.2092538832,0.6243440269,0.3157826337,0.0389055533,0.0772130810,2.3956236476,-0.5199682390,0.1610562362,0.0561181967,0.2316711053,2.1159680257,0.7575407918
