Instance,INF_avg,INF_sd,INF_r1,INF_kr,INF_sk,SUP_avg,SUP_sd,SUP_r1,SUP_kr,SUP_sk,INC_avg,INC_sd,INC_r1,INC_kr,INC_sk,IND_avg,IND_sd,IND_r1,IND_kr,IND_sk
instances/A2/symmetric/8.4.in,0.5486153846,0.1011598224,0.5497760210,1.3036101361,0.1426024805,0.1207032967,0.0938979546,0.3715682007,1.8830776451,0.2958764925,0.3306813187,0.0306988345,-0.8600456585,1.5276086849,-0.2160635441,0.1746959707,0.0643403915,0.4245177166,1.3066043135,0.4428254283
