Instance,INF_avg,INF_sd,INF_r1,INF_kr,INF_sk,SUP_avg,SUP_sd,SUP_r1,SUP_kr,SUP_sk,INC_avg,INC_sd,INC_r1,INC_kr,INC_sk,IND_avg,IND_sd,IND_r1,IND_kr,IND_sk
instances/A2/symmetric/10.6.in,0.4092030544,0.1505709833,0.7677424618,1.6789509940,0.1512233213,0.2349516445,0.1407607148,0.6171078485,1.5881410668,-0.3392430240,0.3558453011,0.0807279964,0.4804162075,2.3638915494,0.3609746319,0.1340630269,0.0256382769,0.1530708652,2.4945221402,-0.8817808162
