Instance,INF_avg,INF_sd,INF_r1,INF_kr,INF_sk,SUP_avg,SUP_sd,SUP_r1,SUP_kr,SUP_sk,INC_avg,INC_sd,INC_r1,INC_kr,INC_sk,IND_avg,IND_sd,IND_r1,IND_kr,IND_sk
instances/A1/asymmetric/100.6.in,0.3232000000,0.0383635243,0.1382899510,4.0923344234,0.0975584588,0.1905000000,0.0327757532,0.3384256013,2.6312432339,0.1876206023,0.4863000000,0.0372264691,-0.1720845156,2.9637459008,-0.2257147489,0.0578000000,0.0112765243,0.0779970653,2.6225034116,-0.0419102052
