Instance,INF_avg,INF_sd,INF_r1,INF_kr,INF_sk,SUP_avg,SUP_sd,SUP_r1,SUP_kr,SUP_sk,INC_avg,INC_sd,INC_r1,INC_kr,INC_sk,IND_avg,IND_sd,IND_r1,IND_kr,IND_sk
instances/A1/asymmetric/5.1.in,0.4314814815,0.1431806058,-0.0050761421,1.5000000000,-0.1350615228,0.1203703704,0.1022718613,-0.0050761421,1.5000000000,0.1350615228,0.4481481481,0.0409087445,-0.0050761421,1.5000000000,0.1350615228,0.3648148148,0.0831891757,-0.3247848235,1.5000000000,-0.5587686132
