Instance,INF_avg,INF_sd,INF_r1,INF_kr,INF_sk,SUP_avg,SUP_sd,SUP_r1,SUP_kr,SUP_sk,INC_avg,INC_sd,INC_r1,INC_kr,INC_sk,IND_avg,IND_sd,IND_r1,IND_kr,IND_sk
instances/A3/asymmetric/10.2.in,0.5066496579,0.0905024953,0.5831337034,2.0268203514,0.4988113659,0.1403976990,0.0444951594,0.4260050656,2.2743051236,-0.5343278874,0.3529526430,0.0640847080,0.3308359189,2.6594654482,-0.5561175911,0.1803937494,0.0437678299,0.6354630459,1.6503888155,-0.0341392751
