Instance,INF_avg,INF_sd,INF_r1,INF_kr,INF_sk,SUP_avg,SUP_sd,SUP_r1,SUP_kr,SUP_sk,INC_avg,INC_sd,INC_r1,INC_kr,INC_sk,IND_avg,IND_sd,IND_r1,IND_kr,IND_sk
instances/A1/asymmetric/100.2.in,0.2945000000,0.0524618909,-0.0527253797,2.3257023104,0.5946883237,0.1870000000,0.0207605395,-0.2865768695,2.3135480537,-0.5693024272,0.5185000000,0.0560825285,0.0920133617,2.5998872794,-0.3298334464,0.0555000000,0.0129325172,-0.1643015900,1.4876564312,0.1324571592
