Instance,INF_avg,INF_sd,INF_r1,INF_kr,INF_sk,SUP_avg,SUP_sd,SUP_r1,SUP_kr,SUP_sk,INC_avg,INC_sd,INC_r1,INC_kr,INC_sk,IND_avg,IND_sd,IND_r1,IND_kr,IND_sk
instances/A3/asymmetric/8.1.in,0.1203703704,0.0997252742,0.2528846154,2.8992271106,0.6499336836,0.0956790123,0.0416380789,0.6226880395,1.9640743872,-0.5856684161,0.7839506173,0.0794116070,-0.0339267719,2.2369319375,-0.6236189633,0.2438271605,0.0449389499,0.3503077784,1.9669811321,-0.1101476220
