Instance,INF_avg,INF_sd,INF_r1,INF_kr,INF_sk,SUP_avg,SUP_sd,SUP_r1,SUP_kr,SUP_sk,INC_avg,INC_sd,INC_r1,INC_kr,INC_sk,IND_avg,IND_sd,IND_r1,IND_kr,IND_sk
instances/A1/asymmetric/5.1.in,0.3358024691,0.1627968663,0.5286576602,2.8953691338,-0.5013483588,0.1641975309,0.1329756290,0.4829797275,2.2707169966,0.5415912599,0.5000000000,0.0965807764,-0.0750000000,2.2535813149,0.0000000000,0.3734567901,0.0678787842,-0.1218508151,2.2307699084,0.3578379173
