Instance,INF_avg,INF_sd,INF_r1,INF_kr,INF_sk,SUP_avg,SUP_sd,SUP_r1,SUP_kr,SUP_sk,INC_avg,INC_sd,INC_r1,INC_kr,INC_sk,IND_avg,IND_sd,IND_r1,IND_kr,IND_sk
instances/A3/symmetric/10.4.in,0.3944444444,0.1648980231,0.4446821727,1.6957731708,-0.1343045248,0.0611111111,0.0825892708,-0.0080373347,4.5160623247,1.4183960272,0.5444444444,0.1461438493,0.2390492360,1.9581342511,0.2698355813,0.4777777778,0.0916245695,-0.2762295082,2.3953287197,-0.4137372427
