Instance,INF_avg,INF_sd,INF_r1,INF_kr,INF_sk,SUP_avg,SUP_sd,SUP_r1,SUP_kr,SUP_sk,INC_avg,INC_sd,INC_r1,INC_kr,INC_sk,IND_avg,IND_sd,IND_r1,IND_kr,IND_sk
instances/A3/symmetric/200.3.in,0.3750000000,0.0148323970,-0.7500000000,2.0351239669,-0.5516180693,0.1060000000,0.0101980390,-0.6970387244,1.3731508876,0.1527442976,0.5190000000,0.0073484692,-0.8783068783,1.5781893004,0.3477670622,0.0960000000,0.0203469899,-0.0589094450,2.0138276272,0.4964591471
