Instance,INF_avg,INF_sd,INF_r1,INF_kr,INF_sk,SUP_avg,SUP_sd,SUP_r1,SUP_kr,SUP_sk,INC_avg,INC_sd,INC_r1,INC_kr,INC_sk,IND_avg,IND_sd,IND_r1,IND_kr,IND_sk
instances/A1/symmetric/5.3.in,0.0961904762,0.0303270159,0.0384615385,1.1666666667,0.4082482905,0.2361904762,0.0336178335,0.0221013857,1.4177000430,0.4282185757,0.6676190476,0.0436851236,0.0731617194,1.6896234223,-0.2905216006,0.3771428571,0.0803281253,0.2696147486,1.8619686113,0.2122104515
