Instance,INF_avg,INF_sd,INF_r1,INF_kr,INF_sk,SUP_avg,SUP_sd,SUP_r1,SUP_kr,SUP_sk,INC_avg,INC_sd,INC_r1,INC_kr,INC_sk,IND_avg,IND_sd,IND_r1,IND_kr,IND_sk
instances/A1/symmetric/5.1.in,0.2552910053,0.1523290439,-0.0008274293,1.5000000000,0.0520591765,0.0753968254,0.0585905677,-0.0136518771,1.5000000000,-0.2007001872,0.6693121693,0.0939805273,-0.0005162623,1.5000000000,0.0422019093,0.3690476190,0.0350466701,-0.9411764706,1.5000000000,0.4703304603
