Instance,INF_avg,INF_sd,INF_r1,INF_kr,INF_sk,SUP_avg,SUP_sd,SUP_r1,SUP_kr,SUP_sk,INC_avg,INC_sd,INC_r1,INC_kr,INC_sk,IND_avg,IND_sd,IND_r1,IND_kr,IND_sk
instances/A3/asymmetric/5.4.in,0.2466666667,0.0974109280,-0.2173066221,2.5824224342,-0.9801784632,0.2200000000,0.0439696865,-0.9328263625,1.2063020214,-0.3476794476,0.5333333333,0.0849836586,0.1975308642,1.9556213018,0.2715454179,0.3866666667,0.1092397974,0.5500264690,2.4161074873,0.8595035399
