Instance,INF_avg,INF_sd,INF_r1,INF_kr,INF_sk,SUP_avg,SUP_sd,SUP_r1,SUP_kr,SUP_sk,INC_avg,INC_sd,INC_r1,INC_kr,INC_sk,IND_avg,IND_sd,IND_r1,IND_kr,IND_sk
instances/A3/asymmetric/8.1.in,0.3421911422,0.0949346023,0.7052905722,1.2514942362,-0.4006697422,0.1479254079,0.0527158329,0.5014344323,1.1819630703,0.3747603252,0.5098834499,0.0445136252,0.8096561378,1.4972194843,0.3088082516,0.2520279720,0.0456970163,0.2505834840,2.2465301817,0.8570567440
