Instance,INF_avg,INF_sd,INF_r1,INF_kr,INF_sk,SUP_avg,SUP_sd,SUP_r1,SUP_kr,SUP_sk,INC_avg,INC_sd,INC_r1,INC_kr,INC_sk,IND_avg,IND_sd,IND_r1,IND_kr,IND_sk
instances/A2/asymmetric/200.1.in,0.3845000000,0.0504603805,0.5378324887,6.0661263243,-1.2528180015,0.2059000000,0.0298109040,0.3984729471,3.9816273545,0.0953965639,0.4096000000,0.0479566471,0.4878280605,5.0756713587,1.2694854655,0.0626000000,0.0129707363,0.0396140699,1.9094324187,0.2383616501
