Instance,INF_avg,INF_sd,INF_r1,INF_kr,INF_sk,SUP_avg,SUP_sd,SUP_r1,SUP_kr,SUP_sk,INC_avg,INC_sd,INC_r1,INC_kr,INC_sk,IND_avg,IND_sd,IND_r1,IND_kr,IND_sk
instances/A1/symmetric/10.1.in,0.5570588235,0.0536343509,-0.2067960259,1.9158002994,0.6580436897,0.1138235294,0.0683062511,0.1408413162,1.3725223129,-0.0469795851,0.3291176471,0.0919342325,0.3411897167,1.2703771080,0.2500244624,0.1020588235,0.0156629729,-0.1269549218,2.1739696746,-0.6377862752
