Instance,INF_avg,INF_sd,INF_r1,INF_kr,INF_sk,SUP_avg,SUP_sd,SUP_r1,SUP_kr,SUP_sk,INC_avg,INC_sd,INC_r1,INC_kr,INC_sk,IND_avg,IND_sd,IND_r1,IND_kr,IND_sk
instances/A1/symmetric/10.1.in,0.5622549020,0.0501727121,-0.4200554581,1.6207211421,0.4223743913,0.1160130719,0.0528114080,0.1075801600,2.1739002395,-0.1481394007,0.3217320261,0.0806213191,0.1953792562,1.4868562470,0.3125022459,0.1205882353,0.0275034513,0.7279370433,2.7560682727,0.3976561327
