Instance,INF_avg,INF_sd,INF_r1,INF_kr,INF_sk,SUP_avg,SUP_sd,SUP_r1,SUP_kr,SUP_sk,INC_avg,INC_sd,INC_r1,INC_kr,INC_sk,IND_avg,IND_sd,IND_r1,IND_kr,IND_sk
instances/A1/asymmetric/100.5.in,0.3594000000,0.0474409106,0.5703534724,2.7851986683,0.4192222275,0.1790500000,0.0295185958,0.4211169782,3.5689666168,0.4779351273,0.4615500000,0.0418132455,0.5253275741,2.6442446283,-0.1931121918,0.0699000000,0.0131144958,0.1766538075,3.1001887520,0.4606824992
