Instance,INF_avg,INF_sd,INF_r1,INF_kr,INF_sk,SUP_avg,SUP_sd,SUP_r1,SUP_kr,SUP_sk,INC_avg,INC_sd,INC_r1,INC_kr,INC_sk,IND_avg,IND_sd,IND_r1,IND_kr,IND_sk
instances/A3/symmetric/5.4.in,0.3925925926,0.1396153839,0.5659898477,1.5722354340,0.2721397197,0.1635802469,0.1122201171,0.4741995819,1.7141439757,-0.2224810354,0.4438271605,0.0971629253,0.1760368537,3.4804974561,1.0336988206,0.4320987654,0.0668607144,-0.0371471966,4.9551117415,1.3850625654
