Instance,INF_avg,INF_sd,INF_r1,INF_kr,INF_sk,SUP_avg,SUP_sd,SUP_r1,SUP_kr,SUP_sk,INC_avg,INC_sd,INC_r1,INC_kr,INC_sk,IND_avg,IND_sd,IND_r1,IND_kr,IND_sk
instances/A3/asymmetric/10.6.in,0.5875243665,0.0415273311,-0.3814416755,1.9902958646,-0.4739436503,0.0970760234,0.0223755865,-0.0083036773,3.1822538744,-1.4490161632,0.3153996101,0.0484027802,0.0068894368,1.2540486188,-0.0076720635,0.2245614035,0.0487001839,-0.5751485572,1.5344104743,-0.5796195764
