Instance,INF_avg,INF_sd,INF_r1,INF_kr,INF_sk,SUP_avg,SUP_sd,SUP_r1,SUP_kr,SUP_sk,INC_avg,INC_sd,INC_r1,INC_kr,INC_sk,IND_avg,IND_sd,IND_r1,IND_kr,IND_sk
instances/A3/asymmetric/10.6.in,0.5753494120,0.0432253442,-0.1001909050,1.6336934371,-0.2446235375,0.0987931430,0.0199801276,-0.0273545283,3.5279667648,-1.3788601308,0.3258574450,0.0426348441,0.0455368256,1.7014669013,-0.3369840239,0.1957803004,0.0518476894,0.1156386800,1.3990573126,0.2981440703
