Instance,INF_avg,INF_sd,INF_r1,INF_kr,INF_sk,SUP_avg,SUP_sd,SUP_r1,SUP_kr,SUP_sk,INC_avg,INC_sd,INC_r1,INC_kr,INC_sk,IND_avg,IND_sd,IND_r1,IND_kr,IND_sk
instances/A1/asymmetric/8.1.in,0.5714285714,0.0796819073,0.4615384615,1.2755102041,0.2561204163,0.1561904762,0.0644811843,0.4080651128,1.4554014418,-0.2341532549,0.2723809524,0.0186627790,0.3039443155,2.4361979167,-1.0269996057,0.2152380952,0.0316442814,0.2568125516,1.6747006931,0.6464196894
