Instance,INF_avg,INF_sd,INF_r1,INF_kr,INF_sk,SUP_avg,SUP_sd,SUP_r1,SUP_kr,SUP_sk,INC_avg,INC_sd,INC_r1,INC_kr,INC_sk,IND_avg,IND_sd,IND_r1,IND_kr,IND_sk
instances/A1/symmetric/100.1.in,0.3620000000,0.0206397674,-0.3648947951,1.4708391192,0.0723340392,0.1440000000,0.0165529454,-0.2481259370,2.4098513506,-0.6508643867,0.4940000000,0.0124096736,-0.9587628866,2.9432450666,-1.2621071359,0.0720000000,0.0163095064,-0.0180995475,2.3048504720,-0.3236269296
