Instance,INF_avg,INF_sd,INF_r1,INF_kr,INF_sk,SUP_avg,SUP_sd,SUP_r1,SUP_kr,SUP_sk,INC_avg,INC_sd,INC_r1,INC_kr,INC_sk,IND_avg,IND_sd,IND_r1,IND_kr,IND_sk
instances/A3/asymmetric/50.6.in,0.5280434783,0.0805651118,0.9332492505,2.1605406972,0.4695598542,0.0500000000,0.0371249360,0.9092465753,1.3878185672,0.2428070339,0.4219565217,0.0518513580,0.7651700455,3.0045121495,-0.7409571634,0.0869565217,0.0196567905,0.4202260028,2.2500698910,0.0245588966
