Instance,INF_avg,INF_sd,INF_r1,INF_kr,INF_sk,SUP_avg,SUP_sd,SUP_r1,SUP_kr,SUP_sk,INC_avg,INC_sd,INC_r1,INC_kr,INC_sk,IND_avg,IND_sd,IND_r1,IND_kr,IND_sk
instances/A3/symmetric/8.6.in,0.6527777778,0.0578685185,-0.6996672213,1.5000000000,0.6094204234,0.0666666667,0.0544331054,0.0000000000,1.5000000000,0.0000000000,0.2805555556,0.0721153055,-0.9711316397,1.5000000000,0.2817455559,0.2805555556,0.0721153055,-0.9711316397,1.5000000000,0.2817455559
