Instance,INF_avg,INF_sd,INF_r1,INF_kr,INF_sk,SUP_avg,SUP_sd,SUP_r1,SUP_kr,SUP_sk,INC_avg,INC_sd,INC_r1,INC_kr,INC_sk,IND_avg,IND_sd,IND_r1,IND_kr,IND_sk
instances/A3/symmetric/10.1.in,0.1387878788,0.0499182067,0.5183538273,1.9383090798,0.3314062010,0.1422895623,0.0505219276,0.3229315774,2.6563352027,1.0210033953,0.7189225589,0.0300146397,0.0507934031,1.4239251742,0.4481008196,0.1825589226,0.0206355283,0.5065965923,2.4131344118,-0.8267644155
