Instance,INF_avg,INF_sd,INF_r1,INF_kr,INF_sk,SUP_avg,SUP_sd,SUP_r1,SUP_kr,SUP_sk,INC_avg,INC_sd,INC_r1,INC_kr,INC_sk,IND_avg,IND_sd,IND_r1,IND_kr,IND_sk
instances/A1/asymmetric/200.1.in,0.3215000000,0.0382785841,-0.2184388752,3.0018099450,-0.5715959589,0.1760000000,0.0378681925,0.4008228291,3.2811838028,-0.9185129926,0.5025000000,0.0336340601,0.1699230314,2.4238393211,0.2966606029,0.0750000000,0.0176068169,-0.0347826087,2.3751300728,-0.7145326302
