Instance,INF_avg,INF_sd,INF_r1,INF_kr,INF_sk,SUP_avg,SUP_sd,SUP_r1,SUP_kr,SUP_sk,INC_avg,INC_sd,INC_r1,INC_kr,INC_sk,IND_avg,IND_sd,IND_r1,IND_kr,IND_sk
instances/A2/symmetric/5.6.in,0.3416666667,0.0750000000,-1.0000000000,1.0000000000,0.0000000000,0.0666666667,0.0666666667,-1.0000000000,1.0000000000,0.0000000000,0.5916666667,0.0083333333,-1.0000000000,1.0000000000,0.0000000000,0.2250000000,0.0250000000,-1.0000000000,1.0000000000,0.0000000000
