Instance,INF_avg,INF_sd,INF_r1,INF_kr,INF_sk,SUP_avg,SUP_sd,SUP_r1,SUP_kr,SUP_sk,INC_avg,INC_sd,INC_r1,INC_kr,INC_sk,IND_avg,IND_sd,IND_r1,IND_kr,IND_sk
instances/A2/asymmetric/5.6.in,0.4133333333,0.0435464843,-0.7628205128,2.4361979167,-1.0269996057,0.0666666667,0.0544331054,-0.9230769231,1.1666666667,-0.4082482905,0.5200000000,0.0637897782,-0.7080745342,1.3206239985,-0.2009026265,0.4533333333,0.0850272288,-0.0672116258,2.5641404640,0.4635823444
