Instance,INF_avg,INF_sd,INF_r1,INF_kr,INF_sk,SUP_avg,SUP_sd,SUP_r1,SUP_kr,SUP_sk,INC_avg,INC_sd,INC_r1,INC_kr,INC_sk,IND_avg,IND_sd,IND_r1,IND_kr,IND_sk
instances/A1/symmetric/200.5.in,0.3210000000,0.0303973683,-0.2803555941,1.9514743914,0.0330043951,0.1855000000,0.0314205347,0.0009896217,1.5870554816,0.0300290882,0.4935000000,0.0202546291,-0.6016376155,1.8700629549,-0.1610212630,0.0570000000,0.0172046505,-0.0740866035,3.0268672389,1.0291450585
