Instance,INF_avg,INF_sd,INF_r1,INF_kr,INF_sk,SUP_avg,SUP_sd,SUP_r1,SUP_kr,SUP_sk,INC_avg,INC_sd,INC_r1,INC_kr,INC_sk,IND_avg,IND_sd,IND_r1,IND_kr,IND_sk
instances/A3/asymmetric/100.3.in,0.2990291262,0.1382941466,0.3545887452,3.7267832447,0.6781204690,0.1019417476,0.1033239627,0.2104438308,3.0169750488,0.8589770885,0.5990291262,0.1438007964,0.1218342435,2.5481263880,-0.2180877844,0.5184466019,0.1426160388,0.1386756188,2.7203054176,-0.1860295514
