Instance,INF_avg,INF_sd,INF_r1,INF_kr,INF_sk,SUP_avg,SUP_sd,SUP_r1,SUP_kr,SUP_sk,INC_avg,INC_sd,INC_r1,INC_kr,INC_sk,IND_avg,IND_sd,IND_r1,IND_kr,IND_sk
instances/A1/symmetric/8.4.in,0.3865905699,0.1963561003,0.6307534698,1.5645369531,0.1639243844,0.1839037506,0.0866337304,0.2846830674,1.8985163274,0.3273334582,0.4295056795,0.1200349695,0.6802549752,1.4356203825,-0.2942201582,0.2460107793,0.0355655323,0.3193415318,2.0551494752,-0.2899851253
