Instance,INF_avg,INF_sd,INF_r1,INF_kr,INF_sk,SUP_avg,SUP_sd,SUP_r1,SUP_kr,SUP_sk,INC_avg,INC_sd,INC_r1,INC_kr,INC_sk,IND_avg,IND_sd,IND_r1,IND_kr,IND_sk
instances/A3/symmetric/20.3.in,0.7016427606,0.0290087303,-0.4100262947,1.7087064709,0.0516746695,0.0672296127,0.0066303602,-0.8521883777,2.5898340446,-0.5951731360,0.2311276267,0.0245415903,-0.3877873774,1.7966511071,0.3806982668,0.1011128457,0.0199370830,-0.7803168898,1.9749415810,0.6457047399
