Instance,INF_avg,INF_sd,INF_r1,INF_kr,INF_sk,SUP_avg,SUP_sd,SUP_r1,SUP_kr,SUP_sk,INC_avg,INC_sd,INC_r1,INC_kr,INC_sk,IND_avg,IND_sd,IND_r1,IND_kr,IND_sk
instances/A3/symmetric/5.5.in,0.1203703704,0.1367113246,0.5792044662,1.2575961619,0.3249727489,0.3082892416,0.1203736328,0.5122710126,2.1650543164,-0.2319570433,0.5713403880,0.1473744178,0.7415439957,1.6663058314,-0.0963729812,0.4015873016,0.0606403222,0.0888229300,1.9631402791,0.5489046090
