Instance,INF_avg,INF_sd,INF_r1,INF_kr,INF_sk,SUP_avg,SUP_sd,SUP_r1,SUP_kr,SUP_sk,INC_avg,INC_sd,INC_r1,INC_kr,INC_sk,IND_avg,IND_sd,IND_r1,IND_kr,IND_sk
instances/A2/symmetric/100.3.in,0.3589000000,0.0363495530,0.4772648607,2.6988434260,0.2360918002,0.2343500000,0.0327082176,0.4140760453,2.2493321008,0.0512311537,0.4067500000,0.0414570561,0.6051087672,3.3591027521,0.6133575265,0.0594000000,0.0126743836,0.2737138384,3.0921032007,0.2894716314
