Instance,INF_avg,INF_sd,INF_r1,INF_kr,INF_sk,SUP_avg,SUP_sd,SUP_r1,SUP_kr,SUP_sk,INC_avg,INC_sd,INC_r1,INC_kr,INC_sk,IND_avg,IND_sd,IND_r1,IND_kr,IND_sk
instances/A1/asymmetric/5.1.in,0.4977777778,0.0568298305,-0.9974003466,2.4039362568,0.8333622768,0.0944444444,0.0544331054,-0.2303664921,2.4361979167,-0.5677202789,0.4077777778,0.0409154503,-0.4032090328,2.4505377607,-0.9161036294,0.3633333333,0.0371184291,-0.6132264529,1.2989073881,0.4692912730
