Instance,INF_avg,INF_sd,INF_r1,INF_kr,INF_sk,SUP_avg,SUP_sd,SUP_r1,SUP_kr,SUP_sk,INC_avg,INC_sd,INC_r1,INC_kr,INC_sk,IND_avg,IND_sd,IND_r1,IND_kr,IND_sk
instances/A3/asymmetric/10.4.in,0.1653846154,0.0153846154,0.1549295775,2.0781250000,0.8437500000,0.1923076923,0.0403388019,0.6666666667,2.8305785124,1.1701586323,0.6423076923,0.0335299919,0.0659340659,3.0422437673,-1.3040473294,0.3038461538,0.0410656856,0.2706502636,1.7206832872,0.1380231722
