Instance,INF_avg,INF_sd,INF_r1,INF_kr,INF_sk,SUP_avg,SUP_sd,SUP_r1,SUP_kr,SUP_sk,INC_avg,INC_sd,INC_r1,INC_kr,INC_sk,IND_avg,IND_sd,IND_r1,IND_kr,IND_sk
instances/A2/asymmetric/8.1.in,0.5745454545,0.1221268515,-0.0903093494,3.1306711315,-1.4070790735,0.0533333333,0.0909212113,0.0819861432,3.1437738467,1.4286267334,0.3721212121,0.0381095998,-0.5433201480,1.7820132587,0.4439835378,0.1624242424,0.0415759343,-0.2807406011,1.6061294016,-0.2560333273
