Instance,INF_avg,INF_sd,INF_r1,INF_kr,INF_sk,SUP_avg,SUP_sd,SUP_r1,SUP_kr,SUP_sk,INC_avg,INC_sd,INC_r1,INC_kr,INC_sk,IND_avg,IND_sd,IND_r1,IND_kr,IND_sk
instances/A2/asymmetric/5.6.in,0.2544444444,0.1877876395,0.3424037147,2.0370603534,0.2881922247,0.2488888889,0.1688888889,0.4386936871,1.6098192156,-0.2698644117,0.4966666667,0.0552882458,-0.6725710743,1.3706986097,-0.4160892825,0.4244444444,0.0895530741,-0.5802143190,1.4499153704,0.3224367844
