Instance,INF_avg,INF_sd,INF_r1,INF_kr,INF_sk,SUP_avg,SUP_sd,SUP_r1,SUP_kr,SUP_sk,INC_avg,INC_sd,INC_r1,INC_kr,INC_sk,IND_avg,IND_sd,IND_r1,IND_kr,IND_sk
instances/A2/asymmetric/10.4.in,0.4804097137,0.0970909705,0.6503843525,2.8895676384,-0.9248592845,0.1655900537,0.0959109221,0.8115062621,2.8408732049,1.1369747614,0.3540002326,0.0362651882,0.1243942368,1.5693923299,-0.2488833358,0.0968932302,0.0151254287,-0.2363841469,1.6670166264,0.6478641562
