Instance,INF_avg,INF_sd,INF_r1,INF_kr,INF_sk,SUP_avg,SUP_sd,SUP_r1,SUP_kr,SUP_sk,INC_avg,INC_sd,INC_r1,INC_kr,INC_sk,IND_avg,IND_sd,IND_r1,IND_kr,IND_sk
instances/A1/asymmetric/8.1.in,0.3748717949,0.0292532527,0.1123392032,2.2927294061,0.3208802219,0.0861538462,0.0400722556,-0.4390456696,2.2469520081,0.4888496187,0.5389743590,0.0586815473,-0.1065968875,1.9923779039,0.3341992837,0.2533333333,0.0456208541,-0.5360456254,2.2870696032,0.7263391922
