Instance,INF_avg,INF_sd,INF_r1,INF_kr,INF_sk,SUP_avg,SUP_sd,SUP_r1,SUP_kr,SUP_sk,INC_avg,INC_sd,INC_r1,INC_kr,INC_sk,IND_avg,IND_sd,IND_r1,IND_kr,IND_sk
instances/A1/asymmetric/100.2.in,0.4645000000,0.0413188819,0.7688923270,1.3328713580,-0.0191588911,0.1420000000,0.0334065862,0.7721179625,1.3663525648,-0.1342211666,0.3935000000,0.0189802529,0.0457130819,1.5989826057,-0.2176190685,0.0650000000,0.0162788206,0.4814814815,1.4720541118,0.1216999760
