Instance,INF_avg,INF_sd,INF_r1,INF_kr,INF_sk,SUP_avg,SUP_sd,SUP_r1,SUP_kr,SUP_sk,INC_avg,INC_sd,INC_r1,INC_kr,INC_sk,IND_avg,IND_sd,IND_r1,IND_kr,IND_sk
instances/A2/symmetric/8.1.in,0.7388888889,0.0078567420,0.6250000000,1.5000000000,0.7071067812,0.0000000000,0.0000000000,0.0000000000,0.0000000000,0.0000000000,0.2611111111,0.0078567420,0.6250000000,1.5000000000,-0.7071067812,0.2500000000,0.0235702260,-0.0833333333,3.5000000000,-1.4142135624
