Instance,INF_avg,INF_sd,INF_r1,INF_kr,INF_sk,SUP_avg,SUP_sd,SUP_r1,SUP_kr,SUP_sk,INC_avg,INC_sd,INC_r1,INC_kr,INC_sk,IND_avg,IND_sd,IND_r1,IND_kr,IND_sk
instances/A2/symmetric/8.1.in,0.7366666667,0.0066666667,-0.2500000000,3.2500000000,1.5000000000,0.0000000000,0.0000000000,0.0000000000,0.0000000000,0.0000000000,0.2633333333,0.0066666667,-0.2500000000,3.2500000000,-1.5000000000,0.2500000000,0.0258198890,-0.0833333333,2.9166666667,-1.2909944487
