Instance,INF_avg,INF_sd,INF_r1,INF_kr,INF_sk,SUP_avg,SUP_sd,SUP_r1,SUP_kr,SUP_sk,INC_avg,INC_sd,INC_r1,INC_kr,INC_sk,IND_avg,IND_sd,IND_r1,IND_kr,IND_sk
instances/A2/asymmetric/200.3.in,0.5230434783,0.1201756486,0.8740221551,5.2222147444,1.2151546817,0.0507246377,0.0576173998,0.8690487334,4.2621474355,1.4092230878,0.4262318841,0.0974954692,0.8223193155,6.9261189618,-1.5835030353,0.0907246377,0.0257253521,0.2488210068,3.2896688872,0.4470905772
