Instance,INF_avg,INF_sd,INF_r1,INF_kr,INF_sk,SUP_avg,SUP_sd,SUP_r1,SUP_kr,SUP_sk,INC_avg,INC_sd,INC_r1,INC_kr,INC_sk,IND_avg,IND_sd,IND_r1,IND_kr,IND_sk
instances/A1/asymmetric/100.2.in,0.3539000000,0.0506733658,0.3894821373,2.5861407325,0.0543737795,0.1979000000,0.0411593246,0.6090096220,3.5793438691,0.6284029263,0.4482000000,0.0352669817,0.2527182672,3.2947830476,0.3784370832,0.0572500000,0.0162538457,0.6425283793,3.6958084691,0.5784949663
