Instance,INF_avg,INF_sd,INF_r1,INF_kr,INF_sk,SUP_avg,SUP_sd,SUP_r1,SUP_kr,SUP_sk,INC_avg,INC_sd,INC_r1,INC_kr,INC_sk,IND_avg,IND_sd,IND_r1,IND_kr,IND_sk
instances/A3/asymmetric/200.6.in,0.2885000000,0.0231354706,0.2073329514,2.6505175418,0.2038639154,0.1365000000,0.0250049995,0.3097846025,1.8568657303,-0.1298101061,0.5750000000,0.0258843582,0.1467181467,1.9519937625,0.0086492620,0.0840000000,0.0259615100,0.5146848138,1.4610545131,-0.0658358784
