Instance,INF_avg,INF_sd,INF_r1,INF_kr,INF_sk,SUP_avg,SUP_sd,SUP_r1,SUP_kr,SUP_sk,INC_avg,INC_sd,INC_r1,INC_kr,INC_sk,IND_avg,IND_sd,IND_r1,IND_kr,IND_sk
instances/A3/symmetric/10.3.in,0.4468934240,0.1320036744,0.6381635559,1.2414960794,0.1377251968,0.0856235828,0.0303867059,0.1290944399,1.9373438445,0.2588844285,0.4674829932,0.1161675681,0.7146057711,1.2732487038,0.1439100558,0.1920181406,0.0277269283,0.2123804805,1.3784231175,0.1334537340
