Instance,INF_avg,INF_sd,INF_r1,INF_kr,INF_sk,SUP_avg,SUP_sd,SUP_r1,SUP_kr,SUP_sk,INC_avg,INC_sd,INC_r1,INC_kr,INC_sk,IND_avg,IND_sd,IND_r1,IND_kr,IND_sk
instances/A2/symmetric/100.4.in,0.3508000000,0.0590538737,0.4054076469,2.1251185018,-0.0557689518,0.1622000000,0.0490628169,0.6335436500,2.3637302679,0.1583553880,0.4870000000,0.0417133072,0.3602718773,3.2102715022,0.2177838048,0.0562000000,0.0115134704,0.1686351222,2.6224184155,0.2758805717
