Instance,INF_avg,INF_sd,INF_r1,INF_kr,INF_sk,SUP_avg,SUP_sd,SUP_r1,SUP_kr,SUP_sk,INC_avg,INC_sd,INC_r1,INC_kr,INC_sk,IND_avg,IND_sd,IND_r1,IND_kr,IND_sk
instances/A2/symmetric/8.5.in,0.3506374086,0.0511745220,-0.4532470819,1.7167771974,-0.1657856773,0.3345663532,0.0326335082,-0.4319520945,2.4075577318,-0.8325450113,0.3147962382,0.0325090176,-0.4001468132,2.0095389858,0.0468812156,0.1906165099,0.0311576529,0.4185603963,2.3462147791,-0.4451513684
