Instance,INF_avg,INF_sd,INF_r1,INF_kr,INF_sk,SUP_avg,SUP_sd,SUP_r1,SUP_kr,SUP_sk,INC_avg,INC_sd,INC_r1,INC_kr,INC_sk,IND_avg,IND_sd,IND_r1,IND_kr,IND_sk
instances/A2/symmetric/200.4.in,0.3791000000,0.0322752227,-0.1772899233,2.1227644944,-0.1953913217,0.1679000000,0.0243123425,0.2878598973,2.6398923290,-0.2657734181,0.4530000000,0.0361247837,-0.0517092302,2.4730893557,0.3535637441,0.0468000000,0.0131057239,-0.2222305124,2.9955600356,0.3117067075
