Instance,INF_avg,INF_sd,INF_r1,INF_kr,INF_sk,SUP_avg,SUP_sd,SUP_r1,SUP_kr,SUP_sk,INC_avg,INC_sd,INC_r1,INC_kr,INC_sk,IND_avg,IND_sd,IND_r1,IND_kr,IND_sk
instances/A2/asymmetric/5.2.in,0.1433333333,0.0940449065,-0.1789580514,1.1875520820,0.4178480671,0.4433333333,0.0986576572,0.0766913809,2.3351942203,-0.8460602245,0.4133333333,0.0498887652,0.5588235294,1.8469387755,-0.3436215967,0.2766666667,0.0290593263,-0.0284810127,3.0422437673,1.3040473294
