Instance,INF_avg,INF_sd,INF_r1,INF_kr,INF_sk,SUP_avg,SUP_sd,SUP_r1,SUP_kr,SUP_sk,INC_avg,INC_sd,INC_r1,INC_kr,INC_sk,IND_avg,IND_sd,IND_r1,IND_kr,IND_sk
instances/A2/asymmetric/5.2.in,0.2123456790,0.1183962847,0.5815376668,2.4144619426,0.2411498411,0.3604938272,0.1328552242,0.6126567908,2.1460881790,-0.2854295965,0.4271604938,0.0462180409,0.1610630159,2.7205875184,-0.3977945301,0.2864197531,0.0726771574,-0.3610482591,3.3569770149,0.6702272875
