Instance,INF_avg,INF_sd,INF_r1,INF_kr,INF_sk,SUP_avg,SUP_sd,SUP_r1,SUP_kr,SUP_sk,INC_avg,INC_sd,INC_r1,INC_kr,INC_sk,IND_avg,IND_sd,IND_r1,IND_kr,IND_sk
instances/A2/symmetric/8.4.in,0.3546963892,0.0902885697,0.7480247902,2.1696745713,-0.6399849150,0.2514803204,0.0800841957,0.2277126985,3.9078944514,-1.3207326957,0.3938232904,0.1104517806,0.6657273147,1.5458217838,0.2269232582,0.2286079183,0.0653651725,0.4775699678,2.3862627357,-0.3351676474
