Instance,INF_avg,INF_sd,INF_r1,INF_kr,INF_sk,SUP_avg,SUP_sd,SUP_r1,SUP_kr,SUP_sk,INC_avg,INC_sd,INC_r1,INC_kr,INC_sk,IND_avg,IND_sd,IND_r1,IND_kr,IND_sk
instances/A2/symmetric/8.4.in,0.4144200627,0.0414647166,0.5238095238,1.1666666667,-0.4082482905,0.2806687565,0.0245378889,-0.8022997362,1.8828666911,-0.3241408657,0.3049111808,0.0428162115,0.5813504037,1.7585730480,-0.1409162663,0.1995820272,0.0751508875,0.1686009707,2.5463197461,0.6969528407
