Instance,INF_avg,INF_sd,INF_r1,INF_kr,INF_sk,SUP_avg,SUP_sd,SUP_r1,SUP_kr,SUP_sk,INC_avg,INC_sd,INC_r1,INC_kr,INC_sk,IND_avg,IND_sd,IND_r1,IND_kr,IND_sk
instances/A1/asymmetric/200.3.in,0.7725000000,0.1538232984,0.9238460374,1.9598795435,-0.6473871272,0.0371428571,0.0499183006,0.8496061112,3.3762996859,1.2083978140,0.1903571429,0.1072541089,0.9331960080,1.7900748603,0.4560244303,0.0842857143,0.0369776546,0.5929198429,2.2959077746,0.5365137246
