Instance,INF_avg,INF_sd,INF_r1,INF_kr,INF_sk,SUP_avg,SUP_sd,SUP_r1,SUP_kr,SUP_sk,INC_avg,INC_sd,INC_r1,INC_kr,INC_sk,IND_avg,IND_sd,IND_r1,IND_kr,IND_sk
instances/A3/symmetric/5.3.in,0.1956790123,0.1373813936,0.1343814777,2.2091909058,-0.0401272316,0.2135802469,0.0560540054,0.0192465416,2.9307784240,0.6853405350,0.5907407407,0.1677945376,0.1841700741,1.9022760633,0.2174350505,0.4555555556,0.0707106781,-0.0172228202,2.3235025149,0.0387987260
