Instance,INF_avg,INF_sd,INF_r1,INF_kr,INF_sk,SUP_avg,SUP_sd,SUP_r1,SUP_kr,SUP_sk,INC_avg,INC_sd,INC_r1,INC_kr,INC_sk,IND_avg,IND_sd,IND_r1,IND_kr,IND_sk
instances/A1/asymmetric/5.6.in,0.0833333333,0.1054092553,-0.5714285714,1.5625000000,0.5929270613,0.3966666667,0.0991071250,-0.3079882326,1.7655914089,-0.1054665715,0.5200000000,0.0694422222,-0.7754077792,1.5411348723,-0.2906636793,0.4066666667,0.0429469958,-0.5012106538,2.4634199448,-0.4460527720
