Instance,INF_avg,INF_sd,INF_r1,INF_kr,INF_sk,SUP_avg,SUP_sd,SUP_r1,SUP_kr,SUP_sk,INC_avg,INC_sd,INC_r1,INC_kr,INC_sk,IND_avg,IND_sd,IND_r1,IND_kr,IND_sk
instances/A3/symmetric/8.4.in,0.2720538721,0.1010280568,0.4943179356,1.6769148826,-0.3758161395,0.2552188552,0.0565075058,0.4656774450,2.4825753718,0.7980958823,0.4727272727,0.1151780937,0.4187067365,1.5747749787,-0.0652704373,0.2360269360,0.0264732982,-0.2093907838,4.7818796098,1.5587904520
