Instance,INF_avg,INF_sd,INF_r1,INF_kr,INF_sk,SUP_avg,SUP_sd,SUP_r1,SUP_kr,SUP_sk,INC_avg,INC_sd,INC_r1,INC_kr,INC_sk,IND_avg,IND_sd,IND_r1,IND_kr,IND_sk
instances/A1/symmetric/20.6.in,0.7181078691,0.1417234470,0.8057415748,3.0412477355,-0.7867701987,0.0247214854,0.0382207326,0.6245349410,7.3504248544,2.2206783317,0.2571706454,0.1166592041,0.7797730306,2.6309886203,0.5277561063,0.1380725022,0.0359183103,0.2044464208,2.9216841280,0.1644985179
