Instance,INF_avg,INF_sd,INF_r1,INF_kr,INF_sk,SUP_avg,SUP_sd,SUP_r1,SUP_kr,SUP_sk,INC_avg,INC_sd,INC_r1,INC_kr,INC_sk,IND_avg,IND_sd,IND_r1,IND_kr,IND_sk
instances/A1/asymmetric/200.3.in,0.3640000000,0.0241660919,-0.3332159211,2.7823348658,1.1746618511,0.1870000000,0.0250199920,0.0425186628,1.6967663240,0.2896086613,0.4490000000,0.0297321375,-0.6126320845,1.9959306730,0.7505932624,0.0800000000,0.0044721360,0.0000000000,1.2500000000,0.0000000000
