Instance,INF_avg,INF_sd,INF_r1,INF_kr,INF_sk,SUP_avg,SUP_sd,SUP_r1,SUP_kr,SUP_sk,INC_avg,INC_sd,INC_r1,INC_kr,INC_sk,IND_avg,IND_sd,IND_r1,IND_kr,IND_sk
instances/A2/symmetric/5.3.in,0.4138888889,0.1179492986,0.4812405118,1.2524946867,-0.0353455059,0.1041666667,0.0730058978,0.4162520730,1.7864698830,-0.1505835237,0.4819444444,0.0523189117,0.1817262988,1.1372195826,-0.1038291718,0.3986111111,0.0782106013,-0.3095299698,2.1986024005,-0.9822686286
