Instance,INF_avg,INF_sd,INF_r1,INF_kr,INF_sk,SUP_avg,SUP_sd,SUP_r1,SUP_kr,SUP_sk,INC_avg,INC_sd,INC_r1,INC_kr,INC_sk,IND_avg,IND_sd,IND_r1,IND_kr,IND_sk
instances/A2/symmetric/5.1.in,0.1833333333,0.1276569477,0.0760626398,1.5968491736,-0.1216565437,0.3555555556,0.1326370710,0.4915152725,2.1564358264,0.2968718929,0.4611111111,0.0838870493,1.1036184211,4.6255771006,-1.6388183242,0.2830687831,0.0389527245,0.3541189787,2.0219536771,0.0629786807
