Instance,INF_avg,INF_sd,INF_r1,INF_kr,INF_sk,SUP_avg,SUP_sd,SUP_r1,SUP_kr,SUP_sk,INC_avg,INC_sd,INC_r1,INC_kr,INC_sk,IND_avg,IND_sd,IND_r1,IND_kr,IND_sk
instances/A2/symmetric/20.6.in,0.7556005398,0.0070917647,-0.2402105417,2.8850645609,1.2209427143,0.0496896086,0.0141905000,-0.4405492450,2.5187072139,-0.3699207341,0.1947098516,0.0103815086,-0.1574663143,2.6047842278,-1.0251749768,0.1498920378,0.0282618160,0.2546104315,2.3138184088,0.7631424757
