Instance,INF_avg,INF_sd,INF_r1,INF_kr,INF_sk,SUP_avg,SUP_sd,SUP_r1,SUP_kr,SUP_sk,INC_avg,INC_sd,INC_r1,INC_kr,INC_sk,IND_avg,IND_sd,IND_r1,IND_kr,IND_sk
instances/A2/asymmetric/20.1.in,0.3556000000,0.1100846947,0.6892781769,2.1420089943,0.2400170933,0.3066000000,0.1101882026,0.7992126303,2.0637203089,0.2720176204,0.3378000000,0.0310187040,-0.0788093625,2.4023742061,0.4877173840,0.0560000000,0.0105830052,0.2818863880,2.2369260204,0.4201480079
