Instance,INF_avg,INF_sd,INF_r1,INF_kr,INF_sk,SUP_avg,SUP_sd,SUP_r1,SUP_kr,SUP_sk,INC_avg,INC_sd,INC_r1,INC_kr,INC_sk,IND_avg,IND_sd,IND_r1,IND_kr,IND_sk
instances/A2/symmetric/200.6.in,0.5533333333,0.1158543146,0.8989048020,1.4242138503,0.2637094395,0.0666666667,0.0549747417,0.7370129870,1.2314013841,0.0838174587,0.3800000000,0.0653197265,0.8461538462,1.5527343750,-0.6028041164,0.1666666667,0.0319722102,-0.6725663717,1.7296786389,0.6708724626
