Instance,INF_avg,INF_sd,INF_r1,INF_kr,INF_sk,SUP_avg,SUP_sd,SUP_r1,SUP_kr,SUP_sk,INC_avg,INC_sd,INC_r1,INC_kr,INC_sk,IND_avg,IND_sd,IND_r1,IND_kr,IND_sk
instances/A1/asymmetric/10.2.in,0.2414141414,0.1123711837,-0.6695364387,1.3377313734,0.0746296456,0.2622222222,0.1013440943,-0.6044305936,1.6054667992,-0.1802877458,0.4963636364,0.0241209076,-0.9796954315,2.3622159091,-0.5936004596,0.1093602694,0.0342167068,-0.4446329551,1.7702144831,0.3621683503
