Instance,INF_avg,INF_sd,INF_r1,INF_kr,INF_sk,SUP_avg,SUP_sd,SUP_r1,SUP_kr,SUP_sk,INC_avg,INC_sd,INC_r1,INC_kr,INC_sk,IND_avg,IND_sd,IND_r1,IND_kr,IND_sk
instances/A2/symmetric/20.3.in,0.1390000000,0.0387814389,0.5631678190,1.2447091444,0.2312468379,0.5750000000,0.0658027355,0.5000000000,1.4621791145,-0.1421422477,0.2860000000,0.0285306852,0.3327215522,2.0156505623,0.1284017763,0.0670000000,0.0050990195,-0.4285714286,1.9556213018,0.2715454179
