Instance,INF_avg,INF_sd,INF_r1,INF_kr,INF_sk,SUP_avg,SUP_sd,SUP_r1,SUP_kr,SUP_sk,INC_avg,INC_sd,INC_r1,INC_kr,INC_sk,IND_avg,IND_sd,IND_r1,IND_kr,IND_sk
instances/A3/asymmetric/8.2.in,0.3762237762,0.1446086331,0.7491841227,1.4232466002,-0.2352140748,0.1189847190,0.0983309210,0.7489980425,1.4465325001,0.3425204732,0.5047915048,0.0587532939,0.1280431305,2.0746955965,0.1497949599,0.2648795649,0.0463470380,0.1414668214,2.9190854087,-0.6447032589
