Instance,INF_avg,INF_sd,INF_r1,INF_kr,INF_sk,SUP_avg,SUP_sd,SUP_r1,SUP_kr,SUP_sk,INC_avg,INC_sd,INC_r1,INC_kr,INC_sk,IND_avg,IND_sd,IND_r1,IND_kr,IND_sk
instances/A3/asymmetric/8.2.in,0.4953846154,0.0506992525,0.0121906254,1.1687895361,-0.4041199698,0.0353846154,0.0212310170,-0.0829614072,2.4859323112,-0.2851166568,0.4692307692,0.0431805835,-0.2455892731,1.5450007062,0.2381936852,0.2343589744,0.0374604767,-0.3367821263,2.4329001167,-0.8574600624
