Instance,INF_avg,INF_sd,INF_r1,INF_kr,INF_sk,SUP_avg,SUP_sd,SUP_r1,SUP_kr,SUP_sk,INC_avg,INC_sd,INC_r1,INC_kr,INC_sk,IND_avg,IND_sd,IND_r1,IND_kr,IND_sk
instances/A1/asymmetric/100.5.in,0.3389000000,0.0493992915,0.5572490505,3.4428387535,0.6756759515,0.1897000000,0.0332176158,0.5872233368,3.2517306372,0.0837755536,0.4714000000,0.0436925623,0.6103385939,3.8405513461,0.4633604430,0.0714000000,0.0156856622,0.4650508705,2.3386034725,0.1681361758
