Instance,INF_avg,INF_sd,INF_r1,INF_kr,INF_sk,SUP_avg,SUP_sd,SUP_r1,SUP_kr,SUP_sk,INC_avg,INC_sd,INC_r1,INC_kr,INC_sk,IND_avg,IND_sd,IND_r1,IND_kr,IND_sk
instances/A3/symmetric/50.6.in,0.2256000000,0.0930894194,0.8796362076,1.8730010142,-0.3585047162,0.1487000000,0.0485160798,0.8720393510,2.6856856754,0.7844256751,0.6257000000,0.0599917494,0.6735166496,1.9041385141,0.0097458532,0.0602000000,0.0130751673,0.3528658797,2.1846009728,-0.0369448707
