Instance,INF_avg,INF_sd,INF_r1,INF_kr,INF_sk,SUP_avg,SUP_sd,SUP_r1,SUP_kr,SUP_sk,INC_avg,INC_sd,INC_r1,INC_kr,INC_sk,IND_avg,IND_sd,IND_r1,IND_kr,IND_sk
instances/A3/asymmetric/8.6.in,0.1823793490,0.0909151527,0.0857420522,3.0000825327,-0.1530023129,0.1318181818,0.0523328081,0.0073895449,2.1149558945,0.5509672472,0.6858024691,0.0926997985,0.1506960716,1.7431083935,-0.6350445052,0.2189674523,0.0302375941,0.3927475975,2.2875485353,0.0440110500
