Instance,INF_avg,INF_sd,INF_r1,INF_kr,INF_sk,SUP_avg,SUP_sd,SUP_r1,SUP_kr,SUP_sk,INC_avg,INC_sd,INC_r1,INC_kr,INC_sk,IND_avg,IND_sd,IND_r1,IND_kr,IND_sk
instances/A3/asymmetric/8.6.in,0.1525252525,0.0971037583,0.0998589267,2.3734907531,-0.0260090904,0.1560606061,0.0544986705,-0.1360813961,1.3851873590,-0.0120909843,0.6914141414,0.0968907507,0.4142185399,1.4296608703,-0.4929615881,0.2020202020,0.0248964799,0.2565217391,2.2093938932,0.2842547338
