Instance,INF_avg,INF_sd,INF_r1,INF_kr,INF_sk,SUP_avg,SUP_sd,SUP_r1,SUP_kr,SUP_sk,INC_avg,INC_sd,INC_r1,INC_kr,INC_sk,IND_avg,IND_sd,IND_r1,IND_kr,IND_sk
instances/A1/asymmetric/5.5.in,0.5135802469,0.0821150081,0.7030587696,1.5230732254,-0.5637030748,0.0370370370,0.0523782801,0.4705882353,1.5000000000,0.7071067812,0.4493827160,0.1122303030,0.5236341651,1.4706828578,0.4182246824,0.4839506173,0.1450709217,0.1686614068,2.8783183108,0.9664040779
