Instance,INF_avg,INF_sd,INF_r1,INF_kr,INF_sk,SUP_avg,SUP_sd,SUP_r1,SUP_kr,SUP_sk,INC_avg,INC_sd,INC_r1,INC_kr,INC_sk,IND_avg,IND_sd,IND_r1,IND_kr,IND_sk
instances/A1/symmetric/100.5.in,0.2715000000,0.0336191909,0.4718200887,2.6200020343,0.0486340227,0.1790000000,0.0215406592,-0.2964965398,1.8995336653,-0.0657337485,0.5495000000,0.0393986040,0.1929729391,1.8746019661,-0.3692821897,0.0535000000,0.0097596106,0.2395639458,2.9003451340,0.7470931829
