Instance,INF_avg,INF_sd,INF_r1,INF_kr,INF_sk,SUP_avg,SUP_sd,SUP_r1,SUP_kr,SUP_sk,INC_avg,INC_sd,INC_r1,INC_kr,INC_sk,IND_avg,IND_sd,IND_r1,IND_kr,IND_sk
instances/A2/asymmetric/10.2.in,0.6636358647,0.1141696863,0.5022701004,3.6353195490,-0.9715347831,0.0976189818,0.0858943403,0.3104218213,2.5582637270,0.7402312603,0.2387451535,0.0452023526,0.6115700556,2.1041736297,0.6531615394,0.1573320483,0.0599720948,0.1662937038,1.6566433115,0.3115646682
