Instance,INF_avg,INF_sd,INF_r1,INF_kr,INF_sk,SUP_avg,SUP_sd,SUP_r1,SUP_kr,SUP_sk,INC_avg,INC_sd,INC_r1,INC_kr,INC_sk,IND_avg,IND_sd,IND_r1,IND_kr,IND_sk
instances/A1/symmetric/8.2.in,0.4422929816,0.1244133631,0.4517225161,1.9026732853,0.4275941397,0.1094339377,0.0565416021,0.1699776074,2.7287176831,-0.3535630009,0.4482730807,0.0882501785,0.5768998079,1.7705866530,0.3325720599,0.2228602815,0.0327860350,-0.1134115765,1.8698192388,0.2165697727
