Instance,INF_avg,INF_sd,INF_r1,INF_kr,INF_sk,SUP_avg,SUP_sd,SUP_r1,SUP_kr,SUP_sk,INC_avg,INC_sd,INC_r1,INC_kr,INC_sk,IND_avg,IND_sd,IND_r1,IND_kr,IND_sk
instances/A1/symmetric/8.2.in,0.5346853606,0.0887416096,0.2050964283,1.7668801910,0.0591305705,0.0899800429,0.0697213391,0.1875119815,2.1671878837,0.4774334171,0.3753345964,0.0294141183,0.0393803077,2.2346956464,0.2464557565,0.2345863332,0.0338492082,-0.7078546490,1.3083423751,-0.0699553841
