Instance,INF_avg,INF_sd,INF_r1,INF_kr,INF_sk,SUP_avg,SUP_sd,SUP_r1,SUP_kr,SUP_sk,INC_avg,INC_sd,INC_r1,INC_kr,INC_sk,IND_avg,IND_sd,IND_r1,IND_kr,IND_sk
instances/A2/asymmetric/20.6.in,0.6197209653,0.1304632858,0.8472609648,2.3211197345,-0.2900003261,0.0400000000,0.0508747019,0.7453703704,3.9563636364,1.4474062919,0.3402790347,0.0929676918,0.7906460729,2.1329116678,-0.2357462701,0.1596907994,0.0508968101,0.0796868813,2.6238184275,0.8637659637
