Instance,INF_avg,INF_sd,INF_r1,INF_kr,INF_sk,SUP_avg,SUP_sd,SUP_r1,SUP_kr,SUP_sk,INC_avg,INC_sd,INC_r1,INC_kr,INC_sk,IND_avg,IND_sd,IND_r1,IND_kr,IND_sk
instances/A1/symmetric/5.4.in,0.0743386243,0.0890430761,0.4152760441,2.0521273163,0.6633665974,0.3013227513,0.0982789100,0.4887125774,3.1736074841,-1.0125391783,0.6243386243,0.0612478143,0.6500904159,2.5812680998,-0.6383923197,0.3288359788,0.0699894212,0.8224975646,1.7167857849,0.0741743124
