Instance,INF_avg,INF_sd,INF_r1,INF_kr,INF_sk,SUP_avg,SUP_sd,SUP_r1,SUP_kr,SUP_sk,INC_avg,INC_sd,INC_r1,INC_kr,INC_sk,IND_avg,IND_sd,IND_r1,IND_kr,IND_sk
instances/A1/symmetric/10.4.in,0.4416883117,0.1183318585,0.1802459822,2.5268277473,0.6249807287,0.1421892393,0.0532465399,-0.4663527641,2.2470688943,-0.6227261849,0.4161224490,0.0839071397,0.4341530197,1.5736503248,-0.1276898100,0.1090352505,0.0238483199,-0.3579322219,1.9614189345,0.7857887778
