Instance,INF_avg,INF_sd,INF_r1,INF_kr,INF_sk,SUP_avg,SUP_sd,SUP_r1,SUP_kr,SUP_sk,INC_avg,INC_sd,INC_r1,INC_kr,INC_sk,IND_avg,IND_sd,IND_r1,IND_kr,IND_sk
instances/A1/asymmetric/50.2.in,0.5421319588,0.1359707960,0.8277995561,4.2898541816,1.2593065934,0.1410061856,0.0636975765,0.8019510343,2.7510770652,0.1886836351,0.3168618557,0.0880518419,0.7603354927,4.7409445968,-1.4100253673,0.0516278351,0.0120461837,0.5061272551,2.6186259803,0.1393563626
