Instance,INF_avg,INF_sd,INF_r1,INF_kr,INF_sk,SUP_avg,SUP_sd,SUP_r1,SUP_kr,SUP_sk,INC_avg,INC_sd,INC_r1,INC_kr,INC_sk,IND_avg,IND_sd,IND_r1,IND_kr,IND_sk
instances/A1/asymmetric/8.3.in,0.3232323232,0.1517590629,-0.8140491275,1.6769354554,0.2953380501,0.1888888889,0.0739066826,-0.7310571327,2.0954431866,0.1963599543,0.4878787879,0.0831326018,-0.7903269611,1.5878503203,-0.3811337467,0.1383838384,0.0241897576,-0.7390770741,2.4528644149,0.7996338906
