Instance,INF_avg,INF_sd,INF_r1,INF_kr,INF_sk,SUP_avg,SUP_sd,SUP_r1,SUP_kr,SUP_sk,INC_avg,INC_sd,INC_r1,INC_kr,INC_sk,IND_avg,IND_sd,IND_r1,IND_kr,IND_sk
instances/A3/asymmetric/50.6.in,0.3048500000,0.0501570284,0.5510977950,2.5676443005,0.0643385613,0.1651500000,0.0270319718,0.5056403221,2.4508747532,-0.1755469974,0.5300000000,0.0423379263,0.5721462462,2.3064605545,-0.1920194925,0.0686000000,0.0155093520,0.4230601650,2.9441457311,0.4028853616
