Instance,INF_avg,INF_sd,INF_r1,INF_kr,INF_sk,SUP_avg,SUP_sd,SUP_r1,SUP_kr,SUP_sk,INC_avg,INC_sd,INC_r1,INC_kr,INC_sk,IND_avg,IND_sd,IND_r1,IND_kr,IND_sk
instances/A3/symmetric/5.6.in,0.2388888889,0.1412029447,-0.0291382517,2.5366916198,-0.3511768355,0.2466666667,0.1547040185,0.5072836332,1.7915324990,-0.3782344661,0.5144444444,0.0967113562,-1.0665723632,2.6404168139,-1.0880615972,0.2955555556,0.0858796172,0.3623399198,2.1525405426,0.7240043031
