Instance,INF_avg,INF_sd,INF_r1,INF_kr,INF_sk,SUP_avg,SUP_sd,SUP_r1,SUP_kr,SUP_sk,INC_avg,INC_sd,INC_r1,INC_kr,INC_sk,IND_avg,IND_sd,IND_r1,IND_kr,IND_sk
instances/A2/symmetric/5.3.in,0.4555555556,0.1018350154,-0.6460396040,1.2091836735,-0.2961528510,0.2555555556,0.0666666667,-0.3362068966,1.3981481481,0.1111111111,0.2888888889,0.0544331054,-0.9230769231,1.1666666667,-0.4082482905,0.4500000000,0.0753592220,0.1001191895,1.9651465028,-0.1514485311
