Instance,INF_avg,INF_sd,INF_r1,INF_kr,INF_sk,SUP_avg,SUP_sd,SUP_r1,SUP_kr,SUP_sk,INC_avg,INC_sd,INC_r1,INC_kr,INC_sk,IND_avg,IND_sd,IND_r1,IND_kr,IND_sk
instances/A3/symmetric/20.5.in,0.4821755081,0.0424568583,0.2365052765,2.1260733622,0.6018511819,0.1157710822,0.0246290521,0.3925101605,1.7065751364,-0.0777823008,0.4020534097,0.0196628832,-0.1008344475,2.5791314208,-0.9624805743,0.0506314072,0.0149391588,0.0985074799,1.9395319162,0.4665767901
