Instance,INF_avg,INF_sd,INF_r1,INF_kr,INF_sk,SUP_avg,SUP_sd,SUP_r1,SUP_kr,SUP_sk,INC_avg,INC_sd,INC_r1,INC_kr,INC_sk,IND_avg,IND_sd,IND_r1,IND_kr,IND_sk
instances/A1/asymmetric/20.4.in,0.2923672426,0.1182488755,0.8844415650,1.9679919273,0.2237073955,0.2331653257,0.0838050597,0.8049531113,2.0163410521,0.3650077874,0.4744674316,0.0565507879,0.7676792325,2.0894882014,0.0137122921,0.0529678518,0.0133677555,0.4892347981,2.5505674528,0.1197313973
