Instance,INF_avg,INF_sd,INF_r1,INF_kr,INF_sk,SUP_avg,SUP_sd,SUP_r1,SUP_kr,SUP_sk,INC_avg,INC_sd,INC_r1,INC_kr,INC_sk,IND_avg,IND_sd,IND_r1,IND_kr,IND_sk
instances/A1/asymmetric/20.4.in,0.4099379412,0.0385628505,0.2524819807,1.3335082681,-0.3773211362,0.1773226060,0.0190144856,-0.6310541892,2.4912365168,0.7665866103,0.4127394529,0.0279253687,0.8134780496,1.6734783763,0.5448210605,0.0397428140,0.0074047546,-0.0513397048,1.2599480987,-0.2662600611
