Instance,INF_avg,INF_sd,INF_r1,INF_kr,INF_sk,SUP_avg,SUP_sd,SUP_r1,SUP_kr,SUP_sk,INC_avg,INC_sd,INC_r1,INC_kr,INC_sk,IND_avg,IND_sd,IND_r1,IND_kr,IND_sk
instances/A3/symmetric/5.3.in,0.3022222222,0.0928027245,0.4942459116,1.6971004124,0.2003526542,0.1655555556,0.0650166171,0.7273447223,1.7954942162,0.2600281807,0.5322222222,0.0564811779,-0.2361637898,1.7367133060,-0.2940329462,0.3688888889,0.0457583562,-0.5488565489,1.7481310075,0.6817327185
