Instance,INF_avg,INF_sd,INF_r1,INF_kr,INF_sk,SUP_avg,SUP_sd,SUP_r1,SUP_kr,SUP_sk,INC_avg,INC_sd,INC_r1,INC_kr,INC_sk,IND_avg,IND_sd,IND_r1,IND_kr,IND_sk
instances/A3/symmetric/5.3.in,0.4455555556,0.1403874709,0.1138113177,1.4205847051,-0.1101460499,0.0555555556,0.0702728369,-0.7500000000,1.5625000000,0.5929270613,0.4988888889,0.0813770374,0.4684945828,1.1982072045,-0.3592463317,0.4211111111,0.0200000000,0.1988778055,1.2381115684,0.1625514403
