Instance,INF_avg,INF_sd,INF_r1,INF_kr,INF_sk,SUP_avg,SUP_sd,SUP_r1,SUP_kr,SUP_sk,INC_avg,INC_sd,INC_r1,INC_kr,INC_sk,IND_avg,IND_sd,IND_r1,IND_kr,IND_sk
instances/A3/symmetric/5.3.in,0.4111111111,0.1241431538,0.0888290713,1.8573736945,0.2488501511,0.1172839506,0.1029218025,0.4502740799,2.7372030433,0.5712823241,0.4716049383,0.1120774168,-0.2546786736,3.0509306405,-0.9682405916,0.4438271605,0.0347876612,0.4669208970,2.1118694047,0.4383566135
