Instance,INF_avg,INF_sd,INF_r1,INF_kr,INF_sk,SUP_avg,SUP_sd,SUP_r1,SUP_kr,SUP_sk,INC_avg,INC_sd,INC_r1,INC_kr,INC_sk,IND_avg,IND_sd,IND_r1,IND_kr,IND_sk
instances/A2/asymmetric/10.1.in,0.5812500000,0.1005842309,0.5739644970,1.4695815507,0.3238799939,0.0750000000,0.0637377439,0.1764705882,2.0000000000,0.5430908358,0.3437500000,0.0541265877,0.0391061453,1.9237333333,0.3233161507,0.2062500000,0.0541265877,-0.3333333333,2.3333333333,1.1547005384
