Instance,INF_avg,INF_sd,INF_r1,INF_kr,INF_sk,SUP_avg,SUP_sd,SUP_r1,SUP_kr,SUP_sk,INC_avg,INC_sd,INC_r1,INC_kr,INC_sk,IND_avg,IND_sd,IND_r1,IND_kr,IND_sk
instances/A2/symmetric/100.3.in,0.3096500000,0.0716458478,0.5047681512,4.3154796888,-1.3648344003,0.2463000000,0.0434143985,0.4574904434,3.2424207503,0.4283019265,0.4440500000,0.0516512101,0.4524318032,2.8330684948,0.4839561514,0.0656000000,0.0140939703,0.2364056124,2.7615405377,0.3544158772
