Instance,INF_avg,INF_sd,INF_r1,INF_kr,INF_sk,SUP_avg,SUP_sd,SUP_r1,SUP_kr,SUP_sk,INC_avg,INC_sd,INC_r1,INC_kr,INC_sk,IND_avg,IND_sd,IND_r1,IND_kr,IND_sk
instances/A2/asymmetric/20.5.in,0.6090899297,0.0218102045,0.6186392297,1.9081761059,0.3062981967,0.1012379777,0.0052648390,-0.4580555525,1.8279446485,-0.6973561769,0.2896720926,0.0258025897,0.3911866805,1.9243717002,-0.0319677762,0.0567716597,0.0143552784,-0.5025171894,2.7986121730,1.0991006402
