Instance,INF_avg,INF_sd,INF_r1,INF_kr,INF_sk,SUP_avg,SUP_sd,SUP_r1,SUP_kr,SUP_sk,INC_avg,INC_sd,INC_r1,INC_kr,INC_sk,IND_avg,IND_sd,IND_r1,IND_kr,IND_sk
instances/A2/symmetric/5.3.in,0.4066666667,0.1607620740,0.5658634964,1.2060978035,0.3065258414,0.2277777778,0.2066786138,0.5792852186,1.3315534264,0.0742312113,0.3655555556,0.0678050947,-0.0678328365,2.0904242923,-0.6439974583,0.3655555556,0.0678050947,-0.0678328365,2.0904242923,-0.6439974583
