Instance,INF_avg,INF_sd,INF_r1,INF_kr,INF_sk,SUP_avg,SUP_sd,SUP_r1,SUP_kr,SUP_sk,INC_avg,INC_sd,INC_r1,INC_kr,INC_sk,IND_avg,IND_sd,IND_r1,IND_kr,IND_sk
instances/A2/asymmetric/8.1.in,0.5264143264,0.1324542040,0.7214309712,1.8255446696,-0.6076248406,0.2652014652,0.1283016091,0.7127201158,1.7213018793,0.6406889005,0.2083842084,0.0186101131,0.0836118231,1.5794703630,0.6130979434,0.1892551893,0.0526609772,0.0537267382,1.7227997608,0.2358119547
