Instance,INF_avg,INF_sd,INF_r1,INF_kr,INF_sk,SUP_avg,SUP_sd,SUP_r1,SUP_kr,SUP_sk,INC_avg,INC_sd,INC_r1,INC_kr,INC_sk,IND_avg,IND_sd,IND_r1,IND_kr,IND_sk
instances/A1/symmetric/5.4.in,0.4746913580,0.1065454272,0.1950949659,2.8390538435,-0.5125449835,0.1049382716,0.0846377111,-0.0910703726,1.6385242191,-0.0007758776,0.4203703704,0.0704677689,-0.1882920003,3.7020275633,0.9607232010,0.3555555556,0.0610830463,0.0298507463,3.1219723183,-0.7062066729
