Instance,INF_avg,INF_sd,INF_r1,INF_kr,INF_sk,SUP_avg,SUP_sd,SUP_r1,SUP_kr,SUP_sk,INC_avg,INC_sd,INC_r1,INC_kr,INC_sk,IND_avg,IND_sd,IND_r1,IND_kr,IND_sk
instances/A2/asymmetric/8.1.in,0.4897435897,0.0932995149,0.1028679782,2.2539795183,-0.4306696443,0.1096037296,0.0726047022,-0.4656424669,1.8856956056,-0.1210199914,0.4006526807,0.0386185676,0.4146199067,1.6662049259,0.0740125414,0.1972494172,0.0725296760,-0.1133720310,2.7349400027,-1.0975555788
