Instance,INF_avg,INF_sd,INF_r1,INF_kr,INF_sk,SUP_avg,SUP_sd,SUP_r1,SUP_kr,SUP_sk,INC_avg,INC_sd,INC_r1,INC_kr,INC_sk,IND_avg,IND_sd,IND_r1,IND_kr,IND_sk
instances/A3/asymmetric/20.3.in,0.2002807091,0.0569267189,0.5918811696,2.4155999722,0.2722195942,0.1561133342,0.0367610101,0.4345002666,3.7131268278,0.1070367717,0.6436059567,0.0546484883,0.6171116142,3.4788253978,-0.9780289123,0.0783773160,0.0168174948,0.6840202383,1.9221597220,0.1933005628
