Instance,INF_avg,INF_sd,INF_r1,INF_kr,INF_sk,SUP_avg,SUP_sd,SUP_r1,SUP_kr,SUP_sk,INC_avg,INC_sd,INC_r1,INC_kr,INC_sk,IND_avg,IND_sd,IND_r1,IND_kr,IND_sk
instances/A3/symmetric/10.4.in,0.2209576138,0.0746401372,0.2230274331,2.0199723424,-0.5185545118,0.1304552590,0.0520483336,-0.0142335093,2.9337380104,1.2286422379,0.6485871272,0.0321644857,0.1770184293,1.4019755243,0.0141248957,0.1597331240,0.0267429475,0.3188093789,1.8135479669,-0.6505452706
