Instance,INF_avg,INF_sd,INF_r1,INF_kr,INF_sk,SUP_avg,SUP_sd,SUP_r1,SUP_kr,SUP_sk,INC_avg,INC_sd,INC_r1,INC_kr,INC_sk,IND_avg,IND_sd,IND_r1,IND_kr,IND_sk
instances/A3/symmetric/8.5.in,0.6342857143,0.0406745838,-0.8709191361,1.4826292705,-0.5551735633,0.0933333333,0.0272054416,0.0186457311,2.5291234141,-0.3130037835,0.2723809524,0.0354306195,-0.1735419630,2.1066691169,0.6656337191,0.1828571429,0.0203372919,-0.1732851986,3.1057248384,-1.3703729243
