Instance,INF_avg,INF_sd,INF_r1,INF_kr,INF_sk,SUP_avg,SUP_sd,SUP_r1,SUP_kr,SUP_sk,INC_avg,INC_sd,INC_r1,INC_kr,INC_sk,IND_avg,IND_sd,IND_r1,IND_kr,IND_sk
instances/A2/symmetric/100.3.in,0.3800000000,0.1166190379,-0.7910447761,1.6280276817,-0.3631734744,0.1600000000,0.1200000000,-0.7672413793,1.3981481481,0.1111111111,0.4600000000,0.0489897949,-0.5384615385,1.1666666667,-0.4082482905,0.4200000000,0.0400000000,-0.3157894737,3.2500000000,1.5000000000
