Instance,INF_avg,INF_sd,INF_r1,INF_kr,INF_sk,SUP_avg,SUP_sd,SUP_r1,SUP_kr,SUP_sk,INC_avg,INC_sd,INC_r1,INC_kr,INC_sk,IND_avg,IND_sd,IND_r1,IND_kr,IND_sk
instances/A2/symmetric/10.1.in,0.1309090909,0.0352558535,-0.9890510949,1.4081032141,0.3752617726,0.4109090909,0.0656562549,-0.5528905289,2.6771989913,-0.8470828206,0.4581818182,0.0506486846,-0.1624649860,2.1905090870,0.6261779404,0.1490909091,0.0312811828,0.7126436782,1.9945215486,0.3958703373
