Instance,INF_avg,INF_sd,INF_r1,INF_kr,INF_sk,SUP_avg,SUP_sd,SUP_r1,SUP_kr,SUP_sk,INC_avg,INC_sd,INC_r1,INC_kr,INC_sk,IND_avg,IND_sd,IND_r1,IND_kr,IND_sk
instances/A3/asymmetric/20.5.in,0.5929135656,0.0519620180,0.3625132325,1.8883156468,0.1900823042,0.0514642786,0.0118080910,0.2329827041,1.4971002968,0.1606204362,0.3556221558,0.0456171561,0.3612610545,1.6350871018,-0.0998361590,0.0741510787,0.0198369793,0.3886772230,2.4844659275,-0.4005018546
