Instance,INF_avg,INF_sd,INF_r1,INF_kr,INF_sk,SUP_avg,SUP_sd,SUP_r1,SUP_kr,SUP_sk,INC_avg,INC_sd,INC_r1,INC_kr,INC_sk,IND_avg,IND_sd,IND_r1,IND_kr,IND_sk
instances/A2/symmetric/100.6.in,0.4454000000,0.0589053478,0.6187532188,2.5914920521,-0.3741282565,0.1900000000,0.0380131556,0.5894224078,2.7087918009,0.3331572887,0.3646000000,0.0427298491,0.4192120215,2.6346068140,0.1375463382,0.0627000000,0.0117136672,0.3366621528,2.1025852321,-0.1484440070
