Instance,INF_avg,INF_sd,INF_r1,INF_kr,INF_sk,SUP_avg,SUP_sd,SUP_r1,SUP_kr,SUP_sk,INC_avg,INC_sd,INC_r1,INC_kr,INC_sk,IND_avg,IND_sd,IND_r1,IND_kr,IND_sk
instances/A2/asymmetric/50.5.in,0.3400000000,0.2059126028,0.3771043771,1.6947312211,-0.2693943807,0.2400000000,0.1428285686,0.1530054645,1.5559400231,-0.3130037835,0.4200000000,0.1661324773,-0.3497822932,2.1354757404,-0.5809925953,0.2800000000,0.1166190379,0.3672839506,2.1470588235,0.3934379306
