Instance,INF_avg,INF_sd,INF_r1,INF_kr,INF_sk,SUP_avg,SUP_sd,SUP_r1,SUP_kr,SUP_sk,INC_avg,INC_sd,INC_r1,INC_kr,INC_sk,IND_avg,IND_sd,IND_r1,IND_kr,IND_sk
instances/A2/symmetric/20.4.in,0.2948562814,0.0693640403,0.7097120321,3.0616894541,0.5131120266,0.3574733668,0.0607411258,0.6417941258,2.3989201671,-0.2310771458,0.3476703518,0.0320421047,0.6446199381,2.4737950380,0.3470896152,0.0584060302,0.0118784831,0.2419207067,3.3257964644,-0.3072912992
