Instance,INF_avg,INF_sd,INF_r1,INF_kr,INF_sk,SUP_avg,SUP_sd,SUP_r1,SUP_kr,SUP_sk,INC_avg,INC_sd,INC_r1,INC_kr,INC_sk,IND_avg,IND_sd,IND_r1,IND_kr,IND_sk
instances/A2/symmetric/10.5.in,0.5601520140,0.1441818948,0.4387386523,2.0515311032,0.0630880801,0.1641364993,0.0920883971,0.4228304920,2.0048767804,-0.1376426513,0.2757114867,0.0563313565,0.3738317622,2.3784258298,0.0240655146,0.1982230319,0.0679942016,0.1232562470,1.6247260396,0.3331981364
