Instance,INF_avg,INF_sd,INF_r1,INF_kr,INF_sk,SUP_avg,SUP_sd,SUP_r1,SUP_kr,SUP_sk,INC_avg,INC_sd,INC_r1,INC_kr,INC_sk,IND_avg,IND_sd,IND_r1,IND_kr,IND_sk
instances/A2/symmetric/10.5.in,0.6582456140,0.0935804409,-0.4842957087,1.4284920073,0.5197235910,0.1001949318,0.0591591439,-0.4698371609,2.0154055474,-0.6164682159,0.2415594542,0.0420341613,-0.3683618043,1.4411543786,-0.1798664185,0.2447953216,0.0541021049,-0.7994834994,1.7455121036,-0.4908199262
