Instance,INF_avg,INF_sd,INF_r1,INF_kr,INF_sk,SUP_avg,SUP_sd,SUP_r1,SUP_kr,SUP_sk,INC_avg,INC_sd,INC_r1,INC_kr,INC_sk,IND_avg,IND_sd,IND_r1,IND_kr,IND_sk
instances/A2/asymmetric/8.6.in,0.6118131868,0.0590335466,0.1635403379,2.7146271544,0.5492984794,0.1410256410,0.0788388679,0.7012296252,2.2877242182,-0.0385429972,0.2471611722,0.0804747260,0.5792240549,1.5563710329,0.2643632360,0.2291717542,0.0811763715,0.5401528907,2.3278373494,0.3726185629
