Instance,INF_avg,INF_sd,INF_r1,INF_kr,INF_sk,SUP_avg,SUP_sd,SUP_r1,SUP_kr,SUP_sk,INC_avg,INC_sd,INC_r1,INC_kr,INC_sk,IND_avg,IND_sd,IND_r1,IND_kr,IND_sk
instances/A1/symmetric/5.1.in,0.2685185185,0.0346449758,0.7662337662,2.7857142857,1.3363062096,0.0493827160,0.0449389499,-0.5457559682,1.1884122464,-0.1101476220,0.6820987654,0.0587231407,-0.2726696259,2.9944598761,-0.6066044331,0.4537037037,0.0627993517,-0.1404358354,2.4073724008,-0.2435997536
