Instance,INF_avg,INF_sd,INF_r1,INF_kr,INF_sk,SUP_avg,SUP_sd,SUP_r1,SUP_kr,SUP_sk,INC_avg,INC_sd,INC_r1,INC_kr,INC_sk,IND_avg,IND_sd,IND_r1,IND_kr,IND_sk
instances/A1/symmetric/20.3.in,0.3118889533,0.0542977748,0.4697939003,2.4252851533,0.2636705380,0.2245569514,0.0444090813,0.3132283924,3.2687197975,0.0616811806,0.4635540953,0.0381590662,0.6748211058,2.7377677121,0.1913608413,0.0522100674,0.0074427759,-0.0355764370,8.0008873358,1.3608382753
