Instance,INF_avg,INF_sd,INF_r1,INF_kr,INF_sk,SUP_avg,SUP_sd,SUP_r1,SUP_kr,SUP_sk,INC_avg,INC_sd,INC_r1,INC_kr,INC_sk,IND_avg,IND_sd,IND_r1,IND_kr,IND_sk
instances/A1/symmetric/8.1.in,0.7125000000,0.0649519053,-0.0909090909,2.3333333333,-1.1547005384,0.0333333333,0.0577350269,-0.0909090909,2.3333333333,1.1547005384,0.2541666667,0.0072168784,-0.0909090909,2.3333333333,1.1547005384,0.2854166667,0.0521666001,-0.5899053628,2.2844944026,1.0979575897
