Instance,INF_avg,INF_sd,INF_r1,INF_kr,INF_sk,SUP_avg,SUP_sd,SUP_r1,SUP_kr,SUP_sk,INC_avg,INC_sd,INC_r1,INC_kr,INC_sk,IND_avg,IND_sd,IND_r1,IND_kr,IND_sk
instances/A1/asymmetric/5.3.in,0.1845679012,0.1189453477,0.4355767674,2.8917953422,0.8719185320,0.2450617284,0.0755612037,0.6451834076,1.6988460587,-0.2110023409,0.5703703704,0.1484025593,0.7292124506,1.4891019086,-0.2388882682,0.3944444444,0.0757676761,-0.1996136510,4.4816163718,1.4940660374
