Instance,INF_avg,INF_sd,INF_r1,INF_kr,INF_sk,SUP_avg,SUP_sd,SUP_r1,SUP_kr,SUP_sk,INC_avg,INC_sd,INC_r1,INC_kr,INC_sk,IND_avg,IND_sd,IND_r1,IND_kr,IND_sk
instances/A2/symmetric/100.2.in,0.4250000000,0.0829156198,-1.1052631579,1.6280991736,-0.4933822002,0.1500000000,0.1118033989,-0.6363636364,1.6400000000,-0.0000000000,0.4250000000,0.1920286437,-0.8434782609,1.5733984487,0.2780305557,0.4250000000,0.0829156198,-0.3714285714,1.6280991736,-0.4933822002
