Instance,INF_avg,INF_sd,INF_r1,INF_kr,INF_sk,SUP_avg,SUP_sd,SUP_r1,SUP_kr,SUP_sk,INC_avg,INC_sd,INC_r1,INC_kr,INC_sk,IND_avg,IND_sd,IND_r1,IND_kr,IND_sk
instances/A2/asymmetric/100.3.in,0.4337000000,0.0635988207,0.5383594499,2.4850655189,-0.1148342134,0.2235000000,0.0537889394,0.5021426258,2.1995276879,0.3809835025,0.3428000000,0.0347010086,0.6114978996,2.6941452177,-0.4437392509,0.0637000000,0.0158369820,0.4299427537,2.8180499607,0.2084191059
