Instance,INF_avg,INF_sd,INF_r1,INF_kr,INF_sk,SUP_avg,SUP_sd,SUP_r1,SUP_kr,SUP_sk,INC_avg,INC_sd,INC_r1,INC_kr,INC_sk,IND_avg,IND_sd,IND_r1,IND_kr,IND_sk
instances/A3/asymmetric/200.5.in,0.3415000000,0.0429563732,-0.0262261459,2.8685107137,0.3610094062,0.1429000000,0.0345411349,0.5741819060,2.9669937231,0.5213024057,0.5156000000,0.0395428881,0.0847237448,2.6800196805,0.3086684819,0.0721000000,0.0122918672,0.1538304745,2.3177785932,0.0518916273
