Instance,INF_avg,INF_sd,INF_r1,INF_kr,INF_sk,SUP_avg,SUP_sd,SUP_r1,SUP_kr,SUP_sk,INC_avg,INC_sd,INC_r1,INC_kr,INC_sk,IND_avg,IND_sd,IND_r1,IND_kr,IND_sk
instances/A1/asymmetric/8.2.in,0.5545787546,0.0252029559,0.3781643190,1.1757158929,-0.3893607927,0.0956043956,0.0324832224,0.1977529942,1.8973718655,-0.0219652832,0.3498168498,0.0511248244,0.4514404514,1.7401897487,0.2700601636,0.2391941392,0.0754756549,0.1979347023,2.8163676426,-1.1787734176
