Instance,INF_avg,INF_sd,INF_r1,INF_kr,INF_sk,SUP_avg,SUP_sd,SUP_r1,SUP_kr,SUP_sk,INC_avg,INC_sd,INC_r1,INC_kr,INC_sk,IND_avg,IND_sd,IND_r1,IND_kr,IND_sk
instances/A1/asymmetric/200.1.in,0.3252000000,0.0263620940,-0.1315785233,3.0512860449,0.2477001731,0.1882000000,0.0175430898,-0.3292669495,3.1785195274,0.0894110979,0.4866000000,0.0262190770,-0.1758973184,2.5185079157,-0.1378052691,0.0664000000,0.0151340675,-0.2080593909,3.5566612283,0.8395933035
