Instance,INF_avg,INF_sd,INF_r1,INF_kr,INF_sk,SUP_avg,SUP_sd,SUP_r1,SUP_kr,SUP_sk,INC_avg,INC_sd,INC_r1,INC_kr,INC_sk,IND_avg,IND_sd,IND_r1,IND_kr,IND_sk
instances/A1/asymmetric/8.1.in,0.6300000000,0.0600000000,-0.3157894737,3.2500000000,1.5000000000,0.0266666667,0.0326598632,-0.6666666667,1.1666666667,0.4082482905,0.3433333333,0.0553774924,-0.3603209336,2.0527725268,-0.5312680038,0.2233333333,0.0512076383,-0.5479723046,2.1368141339,-0.8340916670
