Instance,INF_avg,INF_sd,INF_r1,INF_kr,INF_sk,SUP_avg,SUP_sd,SUP_r1,SUP_kr,SUP_sk,INC_avg,INC_sd,INC_r1,INC_kr,INC_sk,IND_avg,IND_sd,IND_r1,IND_kr,IND_sk
instances/A2/symmetric/200.6.in,0.5691747573,0.1609070121,0.9463051272,2.7046378688,0.4248968992,0.0515533981,0.0590335972,0.8603425427,3.1707795880,1.1482588834,0.3792718447,0.1229055754,0.9143853439,3.2394778671,-0.9130224684,0.0972330097,0.0283633511,0.4842589894,3.2267101942,-0.1729568273
