Instance,INF_avg,INF_sd,INF_r1,INF_kr,INF_sk,SUP_avg,SUP_sd,SUP_r1,SUP_kr,SUP_sk,INC_avg,INC_sd,INC_r1,INC_kr,INC_sk,IND_avg,IND_sd,IND_r1,IND_kr,IND_sk
instances/A1/symmetric/50.4.in,0.5152173913,0.1802382376,0.6656306942,2.5143905398,0.0867594665,0.0826086957,0.0379034691,0.3615717376,2.5180488227,0.0758430304,0.4021739130,0.1535650697,0.6187911869,2.1976484432,-0.0949975608,0.2869565217,0.0810493560,0.4562337059,2.7688680710,0.1807307093
