Instance,INF_avg,INF_sd,INF_r1,INF_kr,INF_sk,SUP_avg,SUP_sd,SUP_r1,SUP_kr,SUP_sk,INC_avg,INC_sd,INC_r1,INC_kr,INC_sk,IND_avg,IND_sd,IND_r1,IND_kr,IND_sk
instances/A3/symmetric/100.2.in,0.3006000000,0.0409590039,0.5173917254,2.7703388394,-0.1635749952,0.1617000000,0.0230132570,0.3026063383,2.2092023565,-0.2616024484,0.5377000000,0.0361138478,0.3465402051,2.5737668686,0.2353228505,0.0825000000,0.0178115131,0.5313445741,2.7986426646,0.4287077549
