Instance,INF_avg,INF_sd,INF_r1,INF_kr,INF_sk,SUP_avg,SUP_sd,SUP_r1,SUP_kr,SUP_sk,INC_avg,INC_sd,INC_r1,INC_kr,INC_sk,IND_avg,IND_sd,IND_r1,IND_kr,IND_sk
instances/A1/symmetric/20.3.in,0.5951549566,0.0205308355,0.2474023954,2.4188770508,-0.1878443685,0.1068132461,0.0191609293,-0.0699923774,2.6790347288,0.8804943339,0.2980317973,0.0053963313,0.2033824414,1.6975140198,-0.0548962234,0.0439043476,0.0034730561,0.2159800846,2.0106104343,0.1810052481
