Instance,INF_avg,INF_sd,INF_r1,INF_kr,INF_sk,SUP_avg,SUP_sd,SUP_r1,SUP_kr,SUP_sk,INC_avg,INC_sd,INC_r1,INC_kr,INC_sk,IND_avg,IND_sd,IND_r1,IND_kr,IND_sk
instances/A3/asymmetric/8.6.in,0.4273260073,0.0650760616,-0.2377381538,1.8892081989,0.0218668762,0.1033699634,0.0401130847,-0.3887179341,1.4517830218,-0.2029181758,0.4693040293,0.0544344529,-0.0906670215,1.6577718614,-0.4397302230,0.2504761905,0.0309573874,-0.2634778383,1.8240773649,-0.5505024292
