Instance,INF_avg,INF_sd,INF_r1,INF_kr,INF_sk,SUP_avg,SUP_sd,SUP_r1,SUP_kr,SUP_sk,INC_avg,INC_sd,INC_r1,INC_kr,INC_sk,IND_avg,IND_sd,IND_r1,IND_kr,IND_sk
instances/A2/symmetric/20.3.in,0.4894760995,0.0448080114,0.7656249639,2.3002491120,-0.6358384359,0.1902157891,0.0527850645,0.4586367729,1.4515336789,0.2345611397,0.3203081113,0.0364750440,0.5391302735,1.5399064432,-0.0520225265,0.0501082696,0.0052731678,-0.2013236548,3.0228148646,0.7050821073
