Instance,INF_avg,INF_sd,INF_r1,INF_kr,INF_sk,SUP_avg,SUP_sd,SUP_r1,SUP_kr,SUP_sk,INC_avg,INC_sd,INC_r1,INC_kr,INC_sk,IND_avg,IND_sd,IND_r1,IND_kr,IND_sk
instances/A1/symmetric/50.2.in,0.6263636364,0.1051425636,0.9825954044,1.6923229780,0.1538422990,0.0652272727,0.0450120507,0.9127137350,1.5662833420,-0.0266734295,0.3084090909,0.0621469367,0.9548156251,2.0047006889,-0.1910775883,0.0581818182,0.0119226155,0.7593955061,2.3078606679,0.2330701260
