Instance,INF_avg,INF_sd,INF_r1,INF_kr,INF_sk,SUP_avg,SUP_sd,SUP_r1,SUP_kr,SUP_sk,INC_avg,INC_sd,INC_r1,INC_kr,INC_sk,IND_avg,IND_sd,IND_r1,IND_kr,IND_sk
instances/A3/symmetric/8.4.in,0.3190365190,0.0889584793,0.0588745387,2.4264019739,0.8723418797,0.0839937840,0.0262173004,-0.1574697571,2.3373979335,-0.3768463578,0.5969696970,0.0805931485,0.2460623594,1.6236114455,-0.4773535420,0.2579383579,0.0488110022,0.2368580987,2.2129875469,0.0360650919
