Instance,INF_avg,INF_sd,INF_r1,INF_kr,INF_sk,SUP_avg,SUP_sd,SUP_r1,SUP_kr,SUP_sk,INC_avg,INC_sd,INC_r1,INC_kr,INC_sk,IND_avg,IND_sd,IND_r1,IND_kr,IND_sk
instances/A3/symmetric/8.4.in,0.3060606061,0.0997701675,0.0186827703,3.0202237170,1.2796939204,0.0793939394,0.0299617142,-0.3695710099,1.9156925273,-0.2094623750,0.6145454545,0.0799081199,0.2452592928,2.6095374369,-0.9887522006,0.2278787879,0.0378678772,-0.8527485047,1.2895265050,0.2103556731
