Instance,INF_avg,INF_sd,INF_r1,INF_kr,INF_sk,SUP_avg,SUP_sd,SUP_r1,SUP_kr,SUP_sk,INC_avg,INC_sd,INC_r1,INC_kr,INC_sk,IND_avg,IND_sd,IND_r1,IND_kr,IND_sk
instances/A1/symmetric/10.1.in,0.6463157895,0.0778093415,0.2602856103,2.6369529882,-1.1341674806,0.0210526316,0.0421052632,-0.3157894737,3.2500000000,1.5000000000,0.3326315789,0.0848919796,-0.2067872873,3.1245520781,1.3889791190,0.3021052632,0.0599722928,-0.4874275854,2.5073754930,0.1577081358
