Instance,INF_avg,INF_sd,INF_r1,INF_kr,INF_sk,SUP_avg,SUP_sd,SUP_r1,SUP_kr,SUP_sk,INC_avg,INC_sd,INC_r1,INC_kr,INC_sk,IND_avg,IND_sd,IND_r1,IND_kr,IND_sk
instances/A2/asymmetric/5.6.in,0.3866666667,0.1066666667,-0.0526315789,3.2500000000,1.5000000000,0.0888888889,0.0831479419,-0.1764705882,1.8469387755,0.3436215967,0.5244444444,0.0938609426,0.0661070304,1.7826720827,0.1203956419,0.4577777778,0.0518306835,-0.1251862891,2.8445069204,1.0554729100
