Instance,INF_avg,INF_sd,INF_r1,INF_kr,INF_sk,SUP_avg,SUP_sd,SUP_r1,SUP_kr,SUP_sk,INC_avg,INC_sd,INC_r1,INC_kr,INC_sk,IND_avg,IND_sd,IND_r1,IND_kr,IND_sk
instances/A2/asymmetric/5.6.in,0.3351851852,0.1419538363,0.1522332779,2.9905612289,0.1067036212,0.2104938272,0.1648136588,0.8674438887,2.3253810585,0.4170114027,0.4543209877,0.1143592449,0.4679864787,2.6077757641,0.1920295947,0.3950617284,0.0823374420,0.6144090376,2.4094152735,0.3330502598
