Instance,INF_avg,INF_sd,INF_r1,INF_kr,INF_sk,SUP_avg,SUP_sd,SUP_r1,SUP_kr,SUP_sk,INC_avg,INC_sd,INC_r1,INC_kr,INC_sk,IND_avg,IND_sd,IND_r1,IND_kr,IND_sk
instances/A2/asymmetric/200.5.in,0.3666000000,0.0436055042,0.4224867676,3.7136824953,0.3597313096,0.1858500000,0.0280094181,0.2541819391,3.5883469790,-0.0262767397,0.4475500000,0.0403825148,0.3437266461,3.4523037321,-0.4171831803,0.0667000000,0.0137698947,0.3235572963,2.4673039576,0.0950151577
