Instance,INF_avg,INF_sd,INF_r1,INF_kr,INF_sk,SUP_avg,SUP_sd,SUP_r1,SUP_kr,SUP_sk,INC_avg,INC_sd,INC_r1,INC_kr,INC_sk,IND_avg,IND_sd,IND_r1,IND_kr,IND_sk
instances/A3/asymmetric/10.6.in,0.4237641723,0.0644990441,-0.0402964816,1.4471255623,-0.4835270680,0.1168253968,0.0416203006,-0.0229178911,1.8272342243,0.4580877034,0.4594104308,0.0254776815,-0.0023143421,1.2862108266,0.2427767710,0.1138321995,0.0206057455,0.4377141291,1.4201026689,0.2987801537
