Instance,INF_avg,INF_sd,INF_r1,INF_kr,INF_sk,SUP_avg,SUP_sd,SUP_r1,SUP_kr,SUP_sk,INC_avg,INC_sd,INC_r1,INC_kr,INC_sk,IND_avg,IND_sd,IND_r1,IND_kr,IND_sk
instances/A1/symmetric/100.5.in,0.9465319865,0.0123288427,-0.3844085541,1.5000000000,-0.3996816023,0.0066835017,0.0062316402,-0.0371244254,1.5000000000,0.3750790039,0.0467845118,0.0083366827,-0.6593977274,1.5000000000,-0.5211752919,0.0284006734,0.0154199748,-0.2723622938,1.5000000000,0.6472295776
