Instance,INF_avg,INF_sd,INF_r1,INF_kr,INF_sk,SUP_avg,SUP_sd,SUP_r1,SUP_kr,SUP_sk,INC_avg,INC_sd,INC_r1,INC_kr,INC_sk,IND_avg,IND_sd,IND_r1,IND_kr,IND_sk
instances/A1/asymmetric/8.2.in,0.4000000000,0.0516397779,-0.1818181818,2.9166666667,1.2909944487,0.1841025641,0.0289822998,-0.8537163163,1.9731778315,0.6986188031,0.4158974359,0.0407490677,0.1344049136,2.2161802327,-0.5964903402,0.1928205128,0.0241298264,-0.9524146889,1.7786872404,0.2791629926
