Instance,INF_avg,INF_sd,INF_r1,INF_kr,INF_sk,SUP_avg,SUP_sd,SUP_r1,SUP_kr,SUP_sk,INC_avg,INC_sd,INC_r1,INC_kr,INC_sk,IND_avg,IND_sd,IND_r1,IND_kr,IND_sk
instances/A1/asymmetric/20.1.in,0.5422911539,0.0841249907,0.7121034546,1.5943579563,-0.2446343016,0.1389310309,0.0632215814,0.5507924185,1.5707901043,0.5020925617,0.3187778152,0.0394852358,0.2276548602,2.4488433631,-0.1461897364,0.0450802508,0.0073262140,0.2084881687,4.0146039886,0.8889009220
