Instance,INF_avg,INF_sd,INF_r1,INF_kr,INF_sk,SUP_avg,SUP_sd,SUP_r1,SUP_kr,SUP_sk,INC_avg,INC_sd,INC_r1,INC_kr,INC_sk,IND_avg,IND_sd,IND_r1,IND_kr,IND_sk
instances/A1/symmetric/50.5.in,0.7906613963,0.0960164411,0.6431086324,1.3870755521,-0.0810523856,0.0140309278,0.0119769414,0.2636600724,2.3162066387,0.6705697029,0.1953076759,0.0851694970,0.6574793013,1.3130432397,0.0430669351,0.0495738476,0.0068880003,0.3129977170,1.6016582942,0.3626579485
