Instance,INF_avg,INF_sd,INF_r1,INF_kr,INF_sk,SUP_avg,SUP_sd,SUP_r1,SUP_kr,SUP_sk,INC_avg,INC_sd,INC_r1,INC_kr,INC_sk,IND_avg,IND_sd,IND_r1,IND_kr,IND_sk
instances/A2/symmetric/8.5.in,0.4808791209,0.1042981101,0.2828739176,2.4313387695,-0.5643186459,0.2159706960,0.0310786811,-0.7273841593,1.6923933587,0.6532814030,0.3031501832,0.0845519639,0.1060503923,1.8381540742,0.1919559486,0.1471794872,0.0250613706,-0.4613332023,2.3196251020,0.5918969488
