Instance,INF_avg,INF_sd,INF_r1,INF_kr,INF_sk,SUP_avg,SUP_sd,SUP_r1,SUP_kr,SUP_sk,INC_avg,INC_sd,INC_r1,INC_kr,INC_sk,IND_avg,IND_sd,IND_r1,IND_kr,IND_sk
instances/A1/asymmetric/10.2.in,0.4514814815,0.0401326675,-0.6557136924,1.2212196869,0.3269655180,0.1795751634,0.0405947602,-1.1897843684,2.3407802146,-0.4171550768,0.3689433551,0.0729299733,-1.0808264718,2.0052801306,0.1181767605,0.1434531590,0.0092889694,-0.3586175952,3.1863739654,-1.4487375574
