Instance,INF_avg,INF_sd,INF_r1,INF_kr,INF_sk,SUP_avg,SUP_sd,SUP_r1,SUP_kr,SUP_sk,INC_avg,INC_sd,INC_r1,INC_kr,INC_sk,IND_avg,IND_sd,IND_r1,IND_kr,IND_sk
instances/A1/asymmetric/10.2.in,0.4881687243,0.0545812679,0.3195392339,1.8301460210,-0.0838907535,0.1767247640,0.0377961196,0.0397690887,2.3609856228,-0.5143351433,0.3351065117,0.0754049035,0.0270163032,2.1252652226,0.4914440688,0.1358508836,0.0158302847,0.2297617523,3.1670781428,-1.1128877308
