Instance,INF_avg,INF_sd,INF_r1,INF_kr,INF_sk,SUP_avg,SUP_sd,SUP_r1,SUP_kr,SUP_sk,INC_avg,INC_sd,INC_r1,INC_kr,INC_sk,IND_avg,IND_sd,IND_r1,IND_kr,IND_sk
instances/A2/asymmetric/8.3.in,0.4185547786,0.0818017237,0.3554848894,1.9937468615,0.1493549725,0.2416783217,0.0803817214,0.0761040957,1.6678823108,0.1728876048,0.3397668998,0.0520565795,0.4067317563,1.9259745599,0.3495358119,0.1356177156,0.0215122091,-0.8119311765,1.7656044829,-0.6847101863
