Instance,INF_avg,INF_sd,INF_r1,INF_kr,INF_sk,SUP_avg,SUP_sd,SUP_r1,SUP_kr,SUP_sk,INC_avg,INC_sd,INC_r1,INC_kr,INC_sk,IND_avg,IND_sd,IND_r1,IND_kr,IND_sk
instances/A1/asymmetric/50.6.in,0.4120000000,0.0964157663,0.1327400114,1.9272575920,-0.1236040979,0.0780000000,0.0509509568,0.5411551620,2.0999404085,0.2932213345,0.5100000000,0.0796241169,0.1420289855,2.6393436097,0.6846046537,0.2200000000,0.0464758002,0.2758620690,2.8189300412,0.5737753105
