Instance,INF_avg,INF_sd,INF_r1,INF_kr,INF_sk,SUP_avg,SUP_sd,SUP_r1,SUP_kr,SUP_sk,INC_avg,INC_sd,INC_r1,INC_kr,INC_sk,IND_avg,IND_sd,IND_r1,IND_kr,IND_sk
instances/A1/asymmetric/20.4.in,0.3074537600,0.0310337867,-0.3478098642,4.3425550684,1.3214110807,0.2770120152,0.0302883841,-0.6531210035,1.6548591292,-0.2639087422,0.4155342249,0.0189010183,0.3159110171,1.6611273630,-0.5426357135,0.0421510814,0.0157393607,0.3144299506,1.4919254135,0.1882949386
