Instance,INF_avg,INF_sd,INF_r1,INF_kr,INF_sk,SUP_avg,SUP_sd,SUP_r1,SUP_kr,SUP_sk,INC_avg,INC_sd,INC_r1,INC_kr,INC_sk,IND_avg,IND_sd,IND_r1,IND_kr,IND_sk
instances/A3/symmetric/10.3.in,0.6770232771,0.0746788799,-0.3826939050,1.6606792285,0.1455249628,0.0828574705,0.0590216859,0.2002877581,2.0668572603,0.2390851130,0.2401192524,0.0844796564,-0.2340749555,2.7813501037,1.1143574678,0.2235248251,0.0542916324,0.3082686882,1.6809033522,0.0075699402
