Instance,INF_avg,INF_sd,INF_r1,INF_kr,INF_sk,SUP_avg,SUP_sd,SUP_r1,SUP_kr,SUP_sk,INC_avg,INC_sd,INC_r1,INC_kr,INC_sk,IND_avg,IND_sd,IND_r1,IND_kr,IND_sk
instances/A2/symmetric/100.5.in,0.6557817259,0.1507444346,0.8890811918,2.0657192807,0.5642786764,0.1202000000,0.0705475726,0.8895439078,2.2098617010,0.0404679929,0.2240182741,0.0904484254,0.8452136031,2.2516898835,-0.3613347574,0.0432152284,0.0110095981,0.2205670267,2.2175667918,-0.3614745336
