Instance,INF_avg,INF_sd,INF_r1,INF_kr,INF_sk,SUP_avg,SUP_sd,SUP_r1,SUP_kr,SUP_sk,INC_avg,INC_sd,INC_r1,INC_kr,INC_sk,IND_avg,IND_sd,IND_r1,IND_kr,IND_sk
instances/A2/asymmetric/50.5.in,0.7144180916,0.1591570347,0.8639334554,2.6615385568,-0.6790810883,0.0443353558,0.0583744129,0.7601015225,6.5550172065,1.9182811484,0.2412465527,0.1098076441,0.8605376906,2.1309744167,0.1518582256,0.0795697739,0.0195689437,0.5412383012,2.7875604850,-0.4662200672
