Instance,INF_avg,INF_sd,INF_r1,INF_kr,INF_sk,SUP_avg,SUP_sd,SUP_r1,SUP_kr,SUP_sk,INC_avg,INC_sd,INC_r1,INC_kr,INC_sk,IND_avg,IND_sd,IND_r1,IND_kr,IND_sk
instances/A2/asymmetric/50.5.in,0.7414382896,0.1665325770,0.8809542505,2.6746305686,-0.7096829574,0.0390573372,0.0566396865,0.7661848134,7.2805895594,2.0732619541,0.2195043732,0.1188927062,0.8891473641,2.0051540862,0.2238191405,0.0756316812,0.0221942907,0.5491002352,2.4233273271,-0.4418796633
