Instance,INF_avg,INF_sd,INF_r1,INF_kr,INF_sk,SUP_avg,SUP_sd,SUP_r1,SUP_kr,SUP_sk,INC_avg,INC_sd,INC_r1,INC_kr,INC_sk,IND_avg,IND_sd,IND_r1,IND_kr,IND_sk
instances/A3/asymmetric/5.2.in,0.4527777778,0.2033477530,0.4406809275,3.2477999752,-1.2246798213,0.0354166667,0.0679243349,0.3494826537,4.3951480085,1.7158085584,0.5118055556,0.1443492608,0.4299279090,2.3450728385,0.9192863763,0.4326388889,0.1095176539,0.1471179030,2.1092913431,0.3570621882
