Instance,INF_avg,INF_sd,INF_r1,INF_kr,INF_sk,SUP_avg,SUP_sd,SUP_r1,SUP_kr,SUP_sk,INC_avg,INC_sd,INC_r1,INC_kr,INC_sk,IND_avg,IND_sd,IND_r1,IND_kr,IND_sk
instances/A3/asymmetric/5.2.in,0.3644444444,0.2129626409,0.2999654019,2.1445515000,-0.5884026471,0.0566666667,0.0785988408,0.3155359293,2.3765980022,0.9958592325,0.5788888889,0.1460762527,0.1823831799,1.6693275565,0.2137795172,0.4122222222,0.1128967626,0.6086126892,2.1322890010,0.4280797075
