Instance,INF_avg,INF_sd,INF_r1,INF_kr,INF_sk,SUP_avg,SUP_sd,SUP_r1,SUP_kr,SUP_sk,INC_avg,INC_sd,INC_r1,INC_kr,INC_sk,IND_avg,IND_sd,IND_r1,IND_kr,IND_sk
instances/A2/symmetric/200.3.in,0.4372670807,0.1170655047,0.1523456573,3.1659056079,0.0435126131,0.0683229814,0.0646753577,0.1830855027,3.9554485603,1.0186078025,0.4944099379,0.1077715822,0.1646178954,2.9951267759,0.0254942887,0.2692546584,0.0822928628,0.0423296276,2.9592541866,0.3078305570
