Instance,INF_avg,INF_sd,INF_r1,INF_kr,INF_sk,SUP_avg,SUP_sd,SUP_r1,SUP_kr,SUP_sk,INC_avg,INC_sd,INC_r1,INC_kr,INC_sk,IND_avg,IND_sd,IND_r1,IND_kr,IND_sk
instances/A1/symmetric/20.3.in,0.5541723561,0.0533760756,0.0649312568,2.9151681912,1.1767466703,0.1350272462,0.0350526523,0.4364691813,2.1997922630,-0.1375024643,0.3108003977,0.0246247173,-0.1914254587,2.8373245481,-1.1715776911,0.0364389831,0.0082362393,0.5722641941,1.6000991240,0.3754269754
