Instance,INF_avg,INF_sd,INF_r1,INF_kr,INF_sk,SUP_avg,SUP_sd,SUP_r1,SUP_kr,SUP_sk,INC_avg,INC_sd,INC_r1,INC_kr,INC_sk,IND_avg,IND_sd,IND_r1,IND_kr,IND_sk
instances/A1/symmetric/20.3.in,0.5510280522,0.0548379939,-0.0804687855,2.4202316517,0.8008033371,0.1434579630,0.0416439221,0.1373524930,2.3486691328,0.3411638452,0.3055139848,0.0233735050,-0.1032631599,2.0160116685,-0.6483660172,0.0365106281,0.0072435506,0.1651687470,1.8122907065,0.4274329529
