Instance,INF_avg,INF_sd,INF_r1,INF_kr,INF_sk,SUP_avg,SUP_sd,SUP_r1,SUP_kr,SUP_sk,INC_avg,INC_sd,INC_r1,INC_kr,INC_sk,IND_avg,IND_sd,IND_r1,IND_kr,IND_sk
instances/A3/symmetric/50.5.in,0.3380000000,0.0388329757,0.5051502602,2.2130731589,0.3072226927,0.1613000000,0.0301132861,0.5062728819,2.5739460755,0.1105482403,0.5007000000,0.0318749118,0.1622531920,2.6455080258,-0.2422852707,0.0675000000,0.0127377392,0.3369313801,2.3319626497,0.0798374921
