Instance,INF_avg,INF_sd,INF_r1,INF_kr,INF_sk,SUP_avg,SUP_sd,SUP_r1,SUP_kr,SUP_sk,INC_avg,INC_sd,INC_r1,INC_kr,INC_sk,IND_avg,IND_sd,IND_r1,IND_kr,IND_sk
instances/A3/asymmetric/10.2.in,0.4504040404,0.0463419548,-0.6606930026,1.2627299453,0.2828164355,0.1423232323,0.0572188120,-0.2380273532,1.5475469048,0.0033747492,0.4072727273,0.0430741466,0.1048352931,2.0669193943,0.3323961246,0.1795959596,0.0412593807,0.1973983711,2.0589644041,0.6718372354
