Instance,INF_avg,INF_sd,INF_r1,INF_kr,INF_sk,SUP_avg,SUP_sd,SUP_r1,SUP_kr,SUP_sk,INC_avg,INC_sd,INC_r1,INC_kr,INC_sk,IND_avg,IND_sd,IND_r1,IND_kr,IND_sk
instances/A2/asymmetric/200.3.in,0.3415000000,0.0272992674,-0.1905939481,2.3437959588,-0.2405776929,0.2385000000,0.0238799079,-0.1725012454,2.4739791438,-0.7723874801,0.4200000000,0.0245967478,0.3786407767,2.0309405095,0.4989573173,0.0660000000,0.0048989795,-0.3807531381,1.9479166667,0.2296396634
