Instance,INF_avg,INF_sd,INF_r1,INF_kr,INF_sk,SUP_avg,SUP_sd,SUP_r1,SUP_kr,SUP_sk,INC_avg,INC_sd,INC_r1,INC_kr,INC_sk,IND_avg,IND_sd,IND_r1,IND_kr,IND_sk
instances/A2/symmetric/50.3.in,0.3290000000,0.0708025423,0.7471211718,3.5640783395,-0.5537521726,0.2665000000,0.0516357434,0.6594108866,2.4320870547,0.3253778112,0.4045000000,0.0531859944,0.6487836912,3.7592333547,1.0274235400,0.0559500000,0.0117621214,0.5238395908,3.0494253627,0.5967713798
