Instance,INF_avg,INF_sd,INF_r1,INF_kr,INF_sk,SUP_avg,SUP_sd,SUP_r1,SUP_kr,SUP_sk,INC_avg,INC_sd,INC_r1,INC_kr,INC_sk,IND_avg,IND_sd,IND_r1,IND_kr,IND_sk
instances/A1/asymmetric/20.5.in,0.5353325222,0.0446183032,0.1299503978,2.1930041694,0.1274392779,0.0907630837,0.0081994812,-0.5424773030,2.5862789688,1.0835124266,0.3739043940,0.0398609237,0.1449994498,2.0928898253,-0.4393995118,0.0528131224,0.0080368479,-0.1180888604,2.5376886807,-1.0741732891
