Instance,INF_avg,INF_sd,INF_r1,INF_kr,INF_sk,SUP_avg,SUP_sd,SUP_r1,SUP_kr,SUP_sk,INC_avg,INC_sd,INC_r1,INC_kr,INC_sk,IND_avg,IND_sd,IND_r1,IND_kr,IND_sk
instances/A1/asymmetric/20.5.in,0.5409943683,0.0633916689,0.1115439520,2.0898983694,-0.0465366424,0.0928510361,0.0217740520,-0.7962165549,3.9823727514,1.3948938910,0.3661545957,0.0479060310,0.1638494058,2.0577467424,-0.5039114820,0.0533773340,0.0096761043,0.1013272965,2.1122201317,-0.4029875490
