Instance,INF_avg,INF_sd,INF_r1,INF_kr,INF_sk,SUP_avg,SUP_sd,SUP_r1,SUP_kr,SUP_sk,INC_avg,INC_sd,INC_r1,INC_kr,INC_sk,IND_avg,IND_sd,IND_r1,IND_kr,IND_sk
instances/A1/asymmetric/200.1.in,0.3630000000,0.0357211422,0.1099352393,2.5373006358,-0.6326434344,0.1890000000,0.0247790234,0.3458594294,1.7993877919,0.6518858395,0.4480000000,0.0160000000,-0.0804224208,1.6707153320,-0.1479492188,0.0660000000,0.0048989795,0.4230769231,1.1666666667,-0.4082482905
