Instance,INF_avg,INF_sd,INF_r1,INF_kr,INF_sk,SUP_avg,SUP_sd,SUP_r1,SUP_kr,SUP_sk,INC_avg,INC_sd,INC_r1,INC_kr,INC_sk,IND_avg,IND_sd,IND_r1,IND_kr,IND_sk
instances/A2/symmetric/50.4.in,0.4370000000,0.0516333226,0.7128052699,2.3748081619,0.7547595379,0.2480000000,0.0342928564,0.7178871549,2.0286122102,0.0604784731,0.3150000000,0.0225831796,0.6274509804,2.3846597463,-0.9377098788,0.0530000000,0.0071414284,-0.3882863341,4.3241061130,-1.3343845507
