Instance,INF_avg,INF_sd,INF_r1,INF_kr,INF_sk,SUP_avg,SUP_sd,SUP_r1,SUP_kr,SUP_sk,INC_avg,INC_sd,INC_r1,INC_kr,INC_sk,IND_avg,IND_sd,IND_r1,IND_kr,IND_sk
instances/A2/symmetric/20.6.in,0.5485120658,0.0527464421,-0.0078061765,2.8211504283,0.5777950428,0.1680433809,0.0429841387,-0.1111209864,2.5432711741,0.2635153417,0.2834445533,0.0163481483,-0.0709630419,4.6981252408,-1.4859082215,0.0657796812,0.0166393829,0.5460565439,1.7946381850,-0.1434967477
