Instance,INF_avg,INF_sd,INF_r1,INF_kr,INF_sk,SUP_avg,SUP_sd,SUP_r1,SUP_kr,SUP_sk,INC_avg,INC_sd,INC_r1,INC_kr,INC_sk,IND_avg,IND_sd,IND_r1,IND_kr,IND_sk
instances/A2/symmetric/20.6.in,0.5651170693,0.0610512222,-0.4132793785,2.2602519787,-0.0090399654,0.1585837639,0.0527147755,-0.7483307488,2.3195710261,0.7450840496,0.2762991668,0.0175712573,-0.0405594804,2.9181983492,-1.2404912947,0.0583326351,0.0167769706,0.6387200295,1.5396241132,0.4021505684
