Instance,INF_avg,INF_sd,INF_r1,INF_kr,INF_sk,SUP_avg,SUP_sd,SUP_r1,SUP_kr,SUP_sk,INC_avg,INC_sd,INC_r1,INC_kr,INC_sk,IND_avg,IND_sd,IND_r1,IND_kr,IND_sk
instances/A3/asymmetric/10.1.in,0.6492637577,0.0843790346,0.3490267203,2.2321901702,0.9071908113,0.0706402759,0.0423464217,0.4537753959,1.9714178087,-0.5331591272,0.2800959664,0.0459575632,0.1800671722,2.2381228728,-0.7058021740,0.2251252062,0.0430473284,-1.1325837731,2.8809774877,1.2039077102
