Instance,INF_avg,INF_sd,INF_r1,INF_kr,INF_sk,SUP_avg,SUP_sd,SUP_r1,SUP_kr,SUP_sk,INC_avg,INC_sd,INC_r1,INC_kr,INC_sk,IND_avg,IND_sd,IND_r1,IND_kr,IND_sk
instances/A2/asymmetric/50.5.in,0.3575000000,0.0411612682,0.5125876707,2.6509263064,0.3660872245,0.2273000000,0.0309388106,0.4303023642,2.7913566720,0.0606310216,0.4152000000,0.0330901798,0.2635180377,3.9072580344,0.2088741330,0.0544000000,0.0106602064,0.0370143060,2.4494137919,0.1814126713
