Instance,INF_avg,INF_sd,INF_r1,INF_kr,INF_sk,SUP_avg,SUP_sd,SUP_r1,SUP_kr,SUP_sk,INC_avg,INC_sd,INC_r1,INC_kr,INC_sk,IND_avg,IND_sd,IND_r1,IND_kr,IND_sk
instances/A2/asymmetric/200.2.in,0.3880952381,0.1034002417,0.2577446699,2.7861943055,-0.2614968018,0.1547619048,0.0937381890,0.2274669020,2.2273873049,0.3822458016,0.4571428571,0.1356516146,0.4158001350,2.6541165979,-0.3655740124,0.2547619048,0.0652919486,0.1399131618,1.9472753508,-0.0481044121
