Instance,INF_avg,INF_sd,INF_r1,INF_kr,INF_sk,SUP_avg,SUP_sd,SUP_r1,SUP_kr,SUP_sk,INC_avg,INC_sd,INC_r1,INC_kr,INC_sk,IND_avg,IND_sd,IND_r1,IND_kr,IND_sk
instances/A3/asymmetric/200.3.in,0.3000000000,0.1497343720,0.0244648318,3.6543452996,0.5805735651,0.0936305732,0.0994773147,0.1439066055,4.0911538710,1.1370213129,0.6063694268,0.1487448671,0.0061675455,3.4107491235,-0.4691752390,0.4936305732,0.1470220438,0.1172746860,2.7437144746,0.2903905248
