Instance,INF_avg,INF_sd,INF_r1,INF_kr,INF_sk,SUP_avg,SUP_sd,SUP_r1,SUP_kr,SUP_sk,INC_avg,INC_sd,INC_r1,INC_kr,INC_sk,IND_avg,IND_sd,IND_r1,IND_kr,IND_sk
instances/A1/asymmetric/8.1.in,0.3333333333,0.0000000000,0.0000000000,0.0000000000,0.0000000000,0.2242424242,0.0309031486,0.3650793651,1.9556213018,0.2715454179,0.4424242424,0.0309031486,0.3650793651,1.9556213018,-0.2715454179,0.2181818182,0.0121212121,-0.3157894737,3.2500000000,1.5000000000
