Instance,INF_avg,INF_sd,INF_r1,INF_kr,INF_sk,SUP_avg,SUP_sd,SUP_r1,SUP_kr,SUP_sk,INC_avg,INC_sd,INC_r1,INC_kr,INC_sk,IND_avg,IND_sd,IND_r1,IND_kr,IND_sk
instances/A1/asymmetric/8.1.in,0.3313131313,0.0672457252,0.0144572954,4.5377692919,-0.3146827419,0.2437710438,0.0762222933,0.6469046086,4.0413000895,1.0734636478,0.4249158249,0.0313547387,0.4831570476,2.0222431952,0.5863137416,0.1932659933,0.0323793004,0.3306691359,2.2562207409,-0.4760521203
