Instance,INF_avg,INF_sd,INF_r1,INF_kr,INF_sk,SUP_avg,SUP_sd,SUP_r1,SUP_kr,SUP_sk,INC_avg,INC_sd,INC_r1,INC_kr,INC_sk,IND_avg,IND_sd,IND_r1,IND_kr,IND_sk
instances/A3/symmetric/10.5.in,0.3835897436,0.0164884178,0.6167957603,2.0669041653,-0.5973804088,0.1767521368,0.0516069480,0.8841625522,2.1137214287,0.7766053257,0.4396581197,0.0377990426,0.7265418386,1.9974249492,-0.4263357334,0.2143589744,0.0476257846,0.0333870932,1.7660050283,0.3483463762
