Instance,INF_avg,INF_sd,INF_r1,INF_kr,INF_sk,SUP_avg,SUP_sd,SUP_r1,SUP_kr,SUP_sk,INC_avg,INC_sd,INC_r1,INC_kr,INC_sk,IND_avg,IND_sd,IND_r1,IND_kr,IND_sk
instances/A2/asymmetric/50.2.in,0.4517857143,0.1606249752,0.6882009286,2.9405134229,0.5558974317,0.0696428571,0.0748084288,0.5584115584,4.7897913166,1.3588636772,0.4785714286,0.1284721839,0.4242293287,2.8757766794,-0.6823917582,0.2678571429,0.0684187288,0.0490911070,2.3842555814,0.0913136981
