Instance,INF_avg,INF_sd,INF_r1,INF_kr,INF_sk,SUP_avg,SUP_sd,SUP_r1,SUP_kr,SUP_sk,INC_avg,INC_sd,INC_r1,INC_kr,INC_sk,IND_avg,IND_sd,IND_r1,IND_kr,IND_sk
instances/A1/symmetric/5.1.in,0.3430415264,0.1241613657,0.0511920531,2.5581410266,0.7223045374,0.0617283951,0.0596885173,-0.8233343383,1.6778432326,0.2485892157,0.5952300786,0.1197951009,-0.1931198937,2.4405442035,0.0762635817,0.3758136925,0.0496495698,0.1125860794,1.4631633098,0.4633011167
