Instance,INF_avg,INF_sd,INF_r1,INF_kr,INF_sk,SUP_avg,SUP_sd,SUP_r1,SUP_kr,SUP_sk,INC_avg,INC_sd,INC_r1,INC_kr,INC_sk,IND_avg,IND_sd,IND_r1,IND_kr,IND_sk
instances/A1/symmetric/5.1.in,0.3396969697,0.1419928994,0.1728432112,2.5963366836,0.9067935819,0.0555555556,0.0702728369,-0.8571428571,1.5625000000,0.5929270613,0.6047474747,0.1372502416,0.0232253062,2.1717902341,0.0965432900,0.4097979798,0.0428782822,-0.4459488798,2.3458146313,-0.8029681947
