Instance,INF_avg,INF_sd,INF_r1,INF_kr,INF_sk,SUP_avg,SUP_sd,SUP_r1,SUP_kr,SUP_sk,INC_avg,INC_sd,INC_r1,INC_kr,INC_sk,IND_avg,IND_sd,IND_r1,IND_kr,IND_sk
instances/A1/asymmetric/5.2.in,0.4141975309,0.1306339694,0.0206428782,1.7427016648,-0.0170089915,0.0740740741,0.0570779074,0.0330578512,1.7742382271,-0.1622214211,0.5117283951,0.1019845750,-0.0138022807,1.5978729969,0.4385781923,0.4129629630,0.0511862036,0.2757566938,2.2790904855,-0.2164094206
