Instance,INF_avg,INF_sd,INF_r1,INF_kr,INF_sk,SUP_avg,SUP_sd,SUP_r1,SUP_kr,SUP_sk,INC_avg,INC_sd,INC_r1,INC_kr,INC_sk,IND_avg,IND_sd,IND_r1,IND_kr,IND_sk
instances/A2/asymmetric/10.4.in,0.6897506020,0.0681142384,-0.7465213173,2.2091684712,-0.4663911590,0.1149925467,0.0751093298,0.5029909892,2.4149059745,0.8234464833,0.1952568513,0.0388800240,-0.0457028214,2.3495784153,0.6566275964,0.1961392042,0.0380055390,-0.2277214815,2.3848882991,0.7096840281
