Instance,INF_avg,INF_sd,INF_r1,INF_kr,INF_sk,SUP_avg,SUP_sd,SUP_r1,SUP_kr,SUP_sk,INC_avg,INC_sd,INC_r1,INC_kr,INC_sk,IND_avg,IND_sd,IND_r1,IND_kr,IND_sk
instances/A1/symmetric/8.6.in,0.1773288440,0.0789971194,0.5992536115,1.6683042972,0.1445680872,0.2418630752,0.0424525882,-0.0028075001,2.3139739974,-0.0741856038,0.5808080808,0.0869818254,0.6078431373,1.9541734741,-0.7463425833,0.1784511785,0.0379442009,-0.1819972196,1.5901026490,0.3681088433
