Instance,INF_avg,INF_sd,INF_r1,INF_kr,INF_sk,SUP_avg,SUP_sd,SUP_r1,SUP_kr,SUP_sk,INC_avg,INC_sd,INC_r1,INC_kr,INC_sk,IND_avg,IND_sd,IND_r1,IND_kr,IND_sk
instances/A1/symmetric/8.6.in,0.1166666667,0.0408248290,-0.6666666667,1.1666666667,0.4082482905,0.2444444444,0.0368513866,-0.2500000000,2.2169421488,0.3700366502,0.6388888889,0.0248451997,-0.0000000000,1.2500000000,0.0000000000,0.1666666667,0.0351364184,-0.5714285714,1.5625000000,0.5929270613
