Instance,INF_avg,INF_sd,INF_r1,INF_kr,INF_sk,SUP_avg,SUP_sd,SUP_r1,SUP_kr,SUP_sk,INC_avg,INC_sd,INC_r1,INC_kr,INC_sk,IND_avg,IND_sd,IND_r1,IND_kr,IND_sk
instances/A1/symmetric/200.5.in,0.4011678832,0.0612320666,0.6563320179,2.8078912504,0.2374628145,0.0857664234,0.0562868387,0.9158038355,2.2943450314,0.4690692337,0.5130656934,0.0400330528,0.1090544569,3.3550619089,-0.1204562177,0.0670072993,0.0185757460,0.2297900607,5.8696288640,1.0634446469
