Instance,INF_avg,INF_sd,INF_r1,INF_kr,INF_sk,SUP_avg,SUP_sd,SUP_r1,SUP_kr,SUP_sk,INC_avg,INC_sd,INC_r1,INC_kr,INC_sk,IND_avg,IND_sd,IND_r1,IND_kr,IND_sk
instances/A1/asymmetric/10.4.in,0.5412578833,0.0394328935,-0.8566435428,1.8983313871,-0.6695221114,0.1153955968,0.0488784419,0.1957128245,2.3584140836,0.5807964760,0.3433465199,0.0270798586,0.3952727439,1.7036485740,-0.5160233153,0.1457906203,0.0632712524,0.1511002140,2.6916252985,0.9717879121
