Instance,INF_avg,INF_sd,INF_r1,INF_kr,INF_sk,SUP_avg,SUP_sd,SUP_r1,SUP_kr,SUP_sk,INC_avg,INC_sd,INC_r1,INC_kr,INC_sk,IND_avg,IND_sd,IND_r1,IND_kr,IND_sk
instances/A3/asymmetric/10.4.in,0.4669389978,0.1082077746,0.6684948815,1.2970252269,0.1244963591,0.1947385621,0.0486817161,-0.2941756884,2.9754919195,1.2460370845,0.3383224401,0.0844956013,0.3922225830,1.5007876750,-0.1722505950,0.2130718954,0.0230747651,-0.1089613035,1.9799955837,-0.3069581509
