Instance,INF_avg,INF_sd,INF_r1,INF_kr,INF_sk,SUP_avg,SUP_sd,SUP_r1,SUP_kr,SUP_sk,INC_avg,INC_sd,INC_r1,INC_kr,INC_sk,IND_avg,IND_sd,IND_r1,IND_kr,IND_sk
instances/A1/asymmetric/50.5.in,0.7781214841,0.0649360564,0.7429763056,2.1639761835,-0.1259420967,0.0375531900,0.0227517379,0.7430809093,2.3739148995,0.2702316983,0.1843253258,0.0481301421,0.5492103700,1.8864782329,-0.1614246263,0.0473041346,0.0260357274,0.1178193497,5.6752619876,1.9019772385
