Instance,INF_avg,INF_sd,INF_r1,INF_kr,INF_sk,SUP_avg,SUP_sd,SUP_r1,SUP_kr,SUP_sk,INC_avg,INC_sd,INC_r1,INC_kr,INC_sk,IND_avg,IND_sd,IND_r1,IND_kr,IND_sk
instances/A1/asymmetric/50.5.in,0.4227933633,0.1710530412,0.9256856057,3.4245362311,1.2856115485,0.1621308509,0.0619649448,0.8478268329,3.0568482989,-0.8713594070,0.4150757858,0.1192214285,0.8993225778,3.0935796858,-1.0375965166,0.0729534548,0.0187950222,0.6434182084,2.8134286803,-0.4356524920
