Instance,INF_avg,INF_sd,INF_r1,INF_kr,INF_sk,SUP_avg,SUP_sd,SUP_r1,SUP_kr,SUP_sk,INC_avg,INC_sd,INC_r1,INC_kr,INC_sk,IND_avg,IND_sd,IND_r1,IND_kr,IND_sk
instances/A2/asymmetric/5.1.in,0.4736111111,0.1985236793,0.4115243576,4.1659739850,-1.6032170974,0.1159722222,0.1718058924,0.3296012924,4.4642948103,1.6519520732,0.4104166667,0.0399109251,0.3294400550,2.7281589439,-0.2090827667,0.3722222222,0.0529966223,0.4480796586,2.5085134646,-0.6980885836
