Instance,INF_avg,INF_sd,INF_r1,INF_kr,INF_sk,SUP_avg,SUP_sd,SUP_r1,SUP_kr,SUP_sk,INC_avg,INC_sd,INC_r1,INC_kr,INC_sk,IND_avg,IND_sd,IND_r1,IND_kr,IND_sk
instances/A2/asymmetric/5.4.in,0.2000000000,0.1115546702,0.4615384615,1.2755102041,0.2561204163,0.2333333333,0.0843274043,-0.2608695652,1.2695312500,0.2223476480,0.5666666667,0.0843274043,-0.1935483871,3.1445312500,1.4082017705,0.3366666667,0.0763034876,-0.3993890798,2.3948633530,-0.8043412919
