Instance,INF_avg,INF_sd,INF_r1,INF_kr,INF_sk,SUP_avg,SUP_sd,SUP_r1,SUP_kr,SUP_sk,INC_avg,INC_sd,INC_r1,INC_kr,INC_sk,IND_avg,IND_sd,IND_r1,IND_kr,IND_sk
instances/A1/asymmetric/20.4.in,0.5363128852,0.1354369263,0.7111119024,2.2434428971,0.4214515980,0.1014909646,0.0246042664,0.3253271239,3.6447972441,-1.0553291884,0.3621961501,0.1130765484,0.7810986832,2.0357628035,-0.2511578060,0.0668874746,0.0234928445,0.2124863669,2.0447224720,0.5334600890
