Instance,INF_avg,INF_sd,INF_r1,INF_kr,INF_sk,SUP_avg,SUP_sd,SUP_r1,SUP_kr,SUP_sk,INC_avg,INC_sd,INC_r1,INC_kr,INC_sk,IND_avg,IND_sd,IND_r1,IND_kr,IND_sk
instances/A3/asymmetric/200.1.in,0.2790000000,0.0269072481,-0.3351229161,1.5513339031,0.4028572141,0.1410000000,0.0208326667,-1.0266272189,2.4012083501,0.2070481003,0.5800000000,0.0303315018,-0.1761006289,1.5105151229,-0.3386492105,0.0760000000,0.0096953597,-1.0620437956,2.3587596197,-0.2830922144
