Instance,INF_avg,INF_sd,INF_r1,INF_kr,INF_sk,SUP_avg,SUP_sd,SUP_r1,SUP_kr,SUP_sk,INC_avg,INC_sd,INC_r1,INC_kr,INC_sk,IND_avg,IND_sd,IND_r1,IND_kr,IND_sk
instances/A3/asymmetric/100.3.in,0.3177000000,0.0417816946,0.4096846561,3.7760787313,0.5702741268,0.1339000000,0.0242855924,0.6314580225,4.9785226258,0.8671222181,0.5484000000,0.0370801834,0.2067787069,3.3597205056,-0.3803950650,0.0899500000,0.0223326555,0.5896554859,3.2824001525,-0.3219898632
