Instance,INF_avg,INF_sd,INF_r1,INF_kr,INF_sk,SUP_avg,SUP_sd,SUP_r1,SUP_kr,SUP_sk,INC_avg,INC_sd,INC_r1,INC_kr,INC_sk,IND_avg,IND_sd,IND_r1,IND_kr,IND_sk
instances/A1/asymmetric/200.4.in,0.2890000000,0.0235372046,-0.6249005569,1.8826063157,-0.5990976107,0.2010000000,0.0496386946,-0.0797450772,2.4067698231,-0.2061814479,0.5100000000,0.0313049517,0.2690058480,2.2995626822,0.7040680512,0.0820000000,0.0211187121,-0.0457063712,2.2894186491,0.9306774222
