Instance,INF_avg,INF_sd,INF_r1,INF_kr,INF_sk,SUP_avg,SUP_sd,SUP_r1,SUP_kr,SUP_sk,INC_avg,INC_sd,INC_r1,INC_kr,INC_sk,IND_avg,IND_sd,IND_r1,IND_kr,IND_sk
instances/A3/asymmetric/50.6.in,0.3390000000,0.0358050276,0.3305375395,2.7162669970,0.2133238274,0.1294000000,0.0179621825,0.3238316041,2.6594564284,-0.7720079498,0.5316000000,0.0419456792,0.6740101872,2.3132741024,-0.1342721732,0.0808000000,0.0128592379,-0.0739449497,3.3197207763,0.0059367846
