Instance,INF_avg,INF_sd,INF_r1,INF_kr,INF_sk,SUP_avg,SUP_sd,SUP_r1,SUP_kr,SUP_sk,INC_avg,INC_sd,INC_r1,INC_kr,INC_sk,IND_avg,IND_sd,IND_r1,IND_kr,IND_sk
instances/A2/asymmetric/10.6.in,0.4733333333,0.0475511421,0.0752653586,1.7005264143,-0.2446609299,0.1388888889,0.0563005603,0.1501614639,1.7278774927,0.2904093830,0.3877777778,0.0508750588,0.1501413009,1.7236312676,0.3469293618,0.1200000000,0.0406125931,-0.0667086218,3.1041091470,1.3889087439
