Instance,INF_avg,INF_sd,INF_r1,INF_kr,INF_sk,SUP_avg,SUP_sd,SUP_r1,SUP_kr,SUP_sk,INC_avg,INC_sd,INC_r1,INC_kr,INC_sk,IND_avg,IND_sd,IND_r1,IND_kr,IND_sk
instances/A3/asymmetric/8.5.in,0.6447619048,0.0903181577,0.4432978238,1.4047058501,0.1037498768,0.0819047619,0.0669653175,0.4432214273,1.1715760204,-0.3998730192,0.2733333333,0.0309120617,-0.0211267606,2.9694429421,1.2864700617,0.2866666667,0.0385861230,0.6308016878,1.1963689018,0.3365218792
