Instance,INF_avg,INF_sd,INF_r1,INF_kr,INF_sk,SUP_avg,SUP_sd,SUP_r1,SUP_kr,SUP_sk,INC_avg,INC_sd,INC_r1,INC_kr,INC_sk,IND_avg,IND_sd,IND_r1,IND_kr,IND_sk
instances/A2/symmetric/200.2.in,0.3440000000,0.0401746189,-0.5499053286,1.7820994735,0.6156210740,0.2090000000,0.0336749165,-0.2774504553,1.7554893013,0.1434506254,0.4470000000,0.0406939799,-0.1764705882,2.3638941399,-0.7500308204,0.0490000000,0.0037416574,-0.3768115942,1.8469387755,0.3436215967
