Instance,INF_avg,INF_sd,INF_r1,INF_kr,INF_sk,SUP_avg,SUP_sd,SUP_r1,SUP_kr,SUP_sk,INC_avg,INC_sd,INC_r1,INC_kr,INC_sk,IND_avg,IND_sd,IND_r1,IND_kr,IND_sk
instances/A2/asymmetric/100.1.in,0.4110000000,0.0540740233,-0.7187392234,1.4812986913,0.2748170785,0.2300000000,0.0427784993,-0.5424657534,1.5217683418,0.0325734340,0.3590000000,0.0205912603,-0.2979846449,2.8077830189,-1.1112518204,0.0620000000,0.0067823300,-0.2389380531,2.3638941399,-0.7500308204
