Instance,INF_avg,INF_sd,INF_r1,INF_kr,INF_sk,SUP_avg,SUP_sd,SUP_r1,SUP_kr,SUP_sk,INC_avg,INC_sd,INC_r1,INC_kr,INC_sk,IND_avg,IND_sd,IND_r1,IND_kr,IND_sk
instances/A2/symmetric/20.3.in,0.6228571429,0.0923060570,0.8711758360,2.5237183979,-0.4418187766,0.0557142857,0.0476166666,0.7590679114,2.1102363162,0.8066379927,0.3214285714,0.0536998461,0.7421477512,2.3289247704,-0.1342570789,0.1000000000,0.0244948974,0.3125000000,2.5238095238,0.4374088826
