Instance,INF_avg,INF_sd,INF_r1,INF_kr,INF_sk,SUP_avg,SUP_sd,SUP_r1,SUP_kr,SUP_sk,INC_avg,INC_sd,INC_r1,INC_kr,INC_sk,IND_avg,IND_sd,IND_r1,IND_kr,IND_sk
instances/A2/symmetric/10.6.in,0.6146987190,0.2021049442,0.5613925876,3.0673976533,-1.0626601594,0.0972507651,0.1404518166,0.4569896766,3.9300407227,1.4550084258,0.2880505159,0.0703412228,0.6809020073,1.6739390811,0.0914806898,0.1280497142,0.0740838825,0.8719567098,3.2635404384,1.2180120080
