Instance,INF_avg,INF_sd,INF_r1,INF_kr,INF_sk,SUP_avg,SUP_sd,SUP_r1,SUP_kr,SUP_sk,INC_avg,INC_sd,INC_r1,INC_kr,INC_sk,IND_avg,IND_sd,IND_r1,IND_kr,IND_sk
instances/A1/asymmetric/200.5.in,0.4886000000,0.1617962917,0.9211099093,4.1292390856,1.1548953369,0.0508000000,0.0542158648,0.8176247727,2.9867498363,0.9727979294,0.4606000000,0.1356894985,0.8838522576,5.0668790266,-1.3402339473,0.1724000000,0.0527469430,0.3656630081,3.5150802100,-0.0499197249
