Instance,INF_avg,INF_sd,INF_r1,INF_kr,INF_sk,SUP_avg,SUP_sd,SUP_r1,SUP_kr,SUP_sk,INC_avg,INC_sd,INC_r1,INC_kr,INC_sk,IND_avg,IND_sd,IND_r1,IND_kr,IND_sk
instances/A3/symmetric/100.6.in,0.5590000000,0.0437492857,0.6149526713,1.4506654481,-0.1717538118,0.0615000000,0.0170367250,0.6670247046,1.6193359997,0.1674449269,0.3795000000,0.0332001506,0.3732991625,1.3601252536,0.0796833086,0.0655000000,0.0056789083,0.0958019376,2.2460789616,-0.1965657837
