Instance,INF_avg,INF_sd,INF_r1,INF_kr,INF_sk,SUP_avg,SUP_sd,SUP_r1,SUP_kr,SUP_sk,INC_avg,INC_sd,INC_r1,INC_kr,INC_sk,IND_avg,IND_sd,IND_r1,IND_kr,IND_sk
instances/A2/symmetric/5.6.in,0.4800000000,0.0949073622,-0.1477505112,1.4826292705,-0.5551735633,0.0944444444,0.0922958207,-0.0632447296,2.0527725268,0.5312680038,0.4255555556,0.0978535060,-1.0748708513,2.3358696696,0.7995589080,0.3922222222,0.1208815357,-0.3349304035,2.1584943821,0.6598106740
