Instance,INF_avg,INF_sd,INF_r1,INF_kr,INF_sk,SUP_avg,SUP_sd,SUP_r1,SUP_kr,SUP_sk,INC_avg,INC_sd,INC_r1,INC_kr,INC_sk,IND_avg,IND_sd,IND_r1,IND_kr,IND_sk
instances/A1/symmetric/8.5.in,0.3890020069,0.1099432178,0.2048388075,2.4101461893,0.8474435959,0.1608364560,0.0617461132,0.2353242365,1.3283918510,0.1157635384,0.4501615371,0.0632126347,0.2410589705,3.2302680228,-1.1430380651,0.2079814183,0.0407272799,0.0499411439,2.5748615752,1.0343254989
