Instance,INF_avg,INF_sd,INF_r1,INF_kr,INF_sk,SUP_avg,SUP_sd,SUP_r1,SUP_kr,SUP_sk,INC_avg,INC_sd,INC_r1,INC_kr,INC_sk,IND_avg,IND_sd,IND_r1,IND_kr,IND_sk
instances/A1/symmetric/8.5.in,0.4289655172,0.1144344426,-0.2092025604,1.8238045535,0.5350589263,0.1357913351,0.0525687359,-0.9686563839,2.6943549632,0.9734345300,0.4352431477,0.0784053374,0.1506231422,1.7730682895,-0.5605957379,0.2038903625,0.0373309652,-0.0240323550,2.9663952083,1.2170009270
