Instance,INF_avg,INF_sd,INF_r1,INF_kr,INF_sk,SUP_avg,SUP_sd,SUP_r1,SUP_kr,SUP_sk,INC_avg,INC_sd,INC_r1,INC_kr,INC_sk,IND_avg,IND_sd,IND_r1,IND_kr,IND_sk
instances/A3/asymmetric/200.6.in,0.5188127076,0.2064846855,0.9848218395,2.4358540478,0.6558872729,0.0427118644,0.0395185221,0.8297471195,3.3169672885,0.9749183380,0.4384754280,0.1779220764,0.9908544380,2.7241638557,-0.7739520059,0.0841957670,0.0283117644,0.7712267985,2.7754690278,-0.1463562514
