Instance,INF_avg,INF_sd,INF_r1,INF_kr,INF_sk,SUP_avg,SUP_sd,SUP_r1,SUP_kr,SUP_sk,INC_avg,INC_sd,INC_r1,INC_kr,INC_sk,IND_avg,IND_sd,IND_r1,IND_kr,IND_sk
instances/A1/symmetric/50.1.in,0.4290000000,0.0139283883,-0.1304836895,1.4252843023,0.0399688047,0.1110000000,0.0096953597,-0.3326226013,2.3587596197,-0.2830922144,0.4600000000,0.0158113883,-0.3260869565,2.7880000000,-1.1384199577,0.0580000000,0.0116619038,-0.7677514793,1.5469290657,0.1097086537
