Instance,INF_avg,INF_sd,INF_r1,INF_kr,INF_sk,SUP_avg,SUP_sd,SUP_r1,SUP_kr,SUP_sk,INC_avg,INC_sd,INC_r1,INC_kr,INC_sk,IND_avg,IND_sd,IND_r1,IND_kr,IND_sk
instances/A3/asymmetric/100.3.in,0.3570000000,0.0261916017,-0.1070223858,2.2217825906,-0.1933497614,0.0860000000,0.0146287388,-0.3985032741,2.3050484758,0.2817396204,0.5570000000,0.0361386220,-0.1822737238,2.2452868021,0.7025016774,0.0770000000,0.0215870331,-0.2069726390,1.6388310708,-0.2588583061
