Instance,INF_avg,INF_sd,INF_r1,INF_kr,INF_sk,SUP_avg,SUP_sd,SUP_r1,SUP_kr,SUP_sk,INC_avg,INC_sd,INC_r1,INC_kr,INC_sk,IND_avg,IND_sd,IND_r1,IND_kr,IND_sk
instances/A3/symmetric/20.4.in,0.7220330105,0.0952525062,0.1941223693,1.9828807601,-0.2335232556,0.0718607595,0.0532476506,-0.1693342804,3.0935975192,1.3630959531,0.2061062301,0.0567216238,-0.0497435542,1.4219048637,-0.4564168143,0.0830589457,0.0296011690,-0.0512107316,2.9719494793,1.2553053467
