Instance,INF_avg,INF_sd,INF_r1,INF_kr,INF_sk,SUP_avg,SUP_sd,SUP_r1,SUP_kr,SUP_sk,INC_avg,INC_sd,INC_r1,INC_kr,INC_sk,IND_avg,IND_sd,IND_r1,IND_kr,IND_sk
instances/A1/symmetric/20.1.in,0.3091233271,0.0470882026,0.3630772269,1.9330677344,-0.1019135625,0.2299218991,0.0415832879,0.3358949280,1.7789687799,-0.1738588082,0.4609547739,0.0415025072,0.4755805088,1.5684323791,-0.1318555427,0.0500671878,0.0068380121,0.1849181230,1.6621153801,0.4561075249
