Instance,INF_avg,INF_sd,INF_r1,INF_kr,INF_sk,SUP_avg,SUP_sd,SUP_r1,SUP_kr,SUP_sk,INC_avg,INC_sd,INC_r1,INC_kr,INC_sk,IND_avg,IND_sd,IND_r1,IND_kr,IND_sk
instances/A3/symmetric/8.6.in,0.2722222222,0.1575271875,0.4977991196,1.7017709958,-0.0136858105,0.1777389277,0.0366753421,0.0300361337,3.1056780709,1.3903338695,0.5500388500,0.1319060718,0.4197406787,1.7212774138,-0.2283595488,0.2097746698,0.0212567106,-0.1849972506,2.7190062316,1.1501494611
