Instance,INF_avg,INF_sd,INF_r1,INF_kr,INF_sk,SUP_avg,SUP_sd,SUP_r1,SUP_kr,SUP_sk,INC_avg,INC_sd,INC_r1,INC_kr,INC_sk,IND_avg,IND_sd,IND_r1,IND_kr,IND_sk
instances/A3/symmetric/8.6.in,0.1777777778,0.0222222222,-0.3380281690,2.0781250000,-0.8437500000,0.0611111111,0.0207869855,-0.1764705882,1.8469387755,-0.3436215967,0.7611111111,0.0136082763,-0.1904761905,1.1666666667,0.4082482905,0.2222222222,0.0248451997,-1.0000000000,1.2500000000,-0.0000000000
