Instance,INF_avg,INF_sd,INF_r1,INF_kr,INF_sk,SUP_avg,SUP_sd,SUP_r1,SUP_kr,SUP_sk,INC_avg,INC_sd,INC_r1,INC_kr,INC_sk,IND_avg,IND_sd,IND_r1,IND_kr,IND_sk
instances/A3/symmetric/8.6.in,0.1543209877,0.0323706435,0.4963730570,1.5119008264,0.0762770071,0.0555555556,0.0226804606,0.1666666667,1.5000000000,0.0000000000,0.7901234568,0.0372933518,0.6578743212,2.1147494840,0.5317084408,0.2407407407,0.0392837101,0.0322580645,3.8703703704,1.0737547418
