Instance,INF_avg,INF_sd,INF_r1,INF_kr,INF_sk,SUP_avg,SUP_sd,SUP_r1,SUP_kr,SUP_sk,INC_avg,INC_sd,INC_r1,INC_kr,INC_sk,IND_avg,IND_sd,IND_r1,IND_kr,IND_sk
instances/A2/asymmetric/20.2.in,0.6676403344,0.0912949465,0.6088675630,2.5412576735,0.8567138742,0.1787223711,0.0596842612,0.4636774029,2.1944937290,-0.7673226600,0.1536372945,0.0385236383,0.5362385611,2.5812464218,-0.1770107296,0.0489165210,0.0044105334,-0.3501273150,2.5302455994,-0.3283328342
