Instance,INF_avg,INF_sd,INF_r1,INF_kr,INF_sk,SUP_avg,SUP_sd,SUP_r1,SUP_kr,SUP_sk,INC_avg,INC_sd,INC_r1,INC_kr,INC_sk,IND_avg,IND_sd,IND_r1,IND_kr,IND_sk
instances/A3/symmetric/8.6.in,0.5020858771,0.1654393901,0.6392697117,1.8049302502,-0.0115757730,0.1352462352,0.0770966853,-0.1365819138,1.9320617243,-0.1779981602,0.3626678877,0.1461770505,0.8633544678,1.6748515738,0.3685916683,0.2586792837,0.0622234876,0.1224750875,2.4173262323,0.5645131493
