Instance,INF_avg,INF_sd,INF_r1,INF_kr,INF_sk,SUP_avg,SUP_sd,SUP_r1,SUP_kr,SUP_sk,INC_avg,INC_sd,INC_r1,INC_kr,INC_sk,IND_avg,IND_sd,IND_r1,IND_kr,IND_sk
instances/A3/symmetric/8.6.in,0.6278571429,0.0937127855,-1.0042459789,1.2497677780,0.0228555922,0.1219047619,0.0979425534,-0.3633014001,1.3126932558,0.2104240237,0.2502380952,0.0646655446,-0.2137546113,2.9174007116,1.2461309960,0.2769047619,0.0506846549,0.0165540895,2.9443486643,1.2670492479
