Instance,INF_avg,INF_sd,INF_r1,INF_kr,INF_sk,SUP_avg,SUP_sd,SUP_r1,SUP_kr,SUP_sk,INC_avg,INC_sd,INC_r1,INC_kr,INC_sk,IND_avg,IND_sd,IND_r1,IND_kr,IND_sk
instances/A2/asymmetric/50.1.in,0.4595238095,0.1528452747,0.2646147706,2.7753186916,0.0195352324,0.0714285714,0.0867006736,0.0329097426,3.1730308552,1.0244103258,0.4690476190,0.1558205550,0.1799782711,2.7370109794,0.1254729927,0.4261904762,0.1389750300,0.0215360636,2.2040181436,0.2972369245
