Instance,INF_avg,INF_sd,INF_r1,INF_kr,INF_sk,SUP_avg,SUP_sd,SUP_r1,SUP_kr,SUP_sk,INC_avg,INC_sd,INC_r1,INC_kr,INC_sk,IND_avg,IND_sd,IND_r1,IND_kr,IND_sk
instances/A1/asymmetric/10.1.in,0.1148033037,0.0694668685,0.3928170449,1.8011152789,0.3542758358,0.2815965927,0.0801487861,0.5605375814,1.8342696708,0.0842497012,0.6036001036,0.0559128353,-0.2096406229,2.3868643381,-0.7366270729,0.1522317189,0.0457567776,0.8307080806,1.7561406986,-0.4560885482
