Instance,INF_avg,INF_sd,INF_r1,INF_kr,INF_sk,SUP_avg,SUP_sd,SUP_r1,SUP_kr,SUP_sk,INC_avg,INC_sd,INC_r1,INC_kr,INC_sk,IND_avg,IND_sd,IND_r1,IND_kr,IND_sk
instances/A2/asymmetric/20.2.in,0.7452660726,0.0743018316,0.6374256034,2.4319600837,-0.6494471145,0.0842687150,0.0431454258,0.6390140286,2.4503328631,0.4759044025,0.1704652124,0.0325231979,0.5769732631,2.2632347384,0.6705589438,0.0432471067,0.0136323007,0.7501182632,2.0676627362,0.6328654317
