Instance,INF_avg,INF_sd,INF_r1,INF_kr,INF_sk,SUP_avg,SUP_sd,SUP_r1,SUP_kr,SUP_sk,INC_avg,INC_sd,INC_r1,INC_kr,INC_sk,IND_avg,IND_sd,IND_r1,IND_kr,IND_sk
instances/A1/symmetric/5.2.in,0.3777777778,0.0544331054,-0.5384615385,1.1666666667,0.4082482905,0.1222222222,0.0515201028,0.3867924528,2.9694429421,1.2864700617,0.5000000000,0.0680413817,0.0384615385,1.1666666667,0.4082482905,0.3944444444,0.0509175077,-0.8436578171,1.2091836735,-0.2961528510
