Instance,INF_avg,INF_sd,INF_r1,INF_kr,INF_sk,SUP_avg,SUP_sd,SUP_r1,SUP_kr,SUP_sk,INC_avg,INC_sd,INC_r1,INC_kr,INC_sk,IND_avg,IND_sd,IND_r1,IND_kr,IND_sk
instances/A2/symmetric/20.5.in,0.6713392446,0.0914278438,0.3531298073,2.2442417449,0.7374238500,0.1369030595,0.0384352751,0.2162436298,2.5319623829,-0.8236093213,0.1917576959,0.0538027845,0.4187746743,1.9543152171,-0.6544815085,0.0607419393,0.0056117400,-0.2386294996,1.4057489722,-0.0824659953
