Instance,INF_avg,INF_sd,INF_r1,INF_kr,INF_sk,SUP_avg,SUP_sd,SUP_r1,SUP_kr,SUP_sk,INC_avg,INC_sd,INC_r1,INC_kr,INC_sk,IND_avg,IND_sd,IND_r1,IND_kr,IND_sk
instances/A2/symmetric/20.5.in,0.6371945547,0.0847733686,0.4154173547,3.6361882958,1.3788048175,0.1567561685,0.0399508726,0.3539776322,3.3759983426,-1.1608591959,0.2060492768,0.0469631146,0.4167644890,3.3816118629,-1.2935095050,0.0591106654,0.0060579086,-0.0975700737,1.9798122173,-0.2250632139
