Instance,INF_avg,INF_sd,INF_r1,INF_kr,INF_sk,SUP_avg,SUP_sd,SUP_r1,SUP_kr,SUP_sk,INC_avg,INC_sd,INC_r1,INC_kr,INC_sk,IND_avg,IND_sd,IND_r1,IND_kr,IND_sk
instances/A1/asymmetric/100.3.in,0.3421000000,0.0335274514,0.2515228004,2.3728970330,0.1642828721,0.1694000000,0.0285418990,0.4497786123,2.4064628879,0.1121038333,0.4885000000,0.0270785893,0.2325569152,3.2854799349,-0.0379997848,0.0645000000,0.0150416090,0.3476547547,2.9216605110,0.4090311220
