Instance,INF_avg,INF_sd,INF_r1,INF_kr,INF_sk,SUP_avg,SUP_sd,SUP_r1,SUP_kr,SUP_sk,INC_avg,INC_sd,INC_r1,INC_kr,INC_sk,IND_avg,IND_sd,IND_r1,IND_kr,IND_sk
instances/A1/symmetric/20.6.in,0.5664202647,0.0482838657,-0.0169923920,1.9054205365,-0.1096851137,0.1033634320,0.0188777548,-0.2088736615,2.3170714934,0.7427265073,0.3302163033,0.0377593635,0.1226162092,1.9218344094,0.1858935308,0.0615389789,0.0098131028,0.8079150495,1.9217661438,0.5345542944
