Instance,INF_avg,INF_sd,INF_r1,INF_kr,INF_sk,SUP_avg,SUP_sd,SUP_r1,SUP_kr,SUP_sk,INC_avg,INC_sd,INC_r1,INC_kr,INC_sk,IND_avg,IND_sd,IND_r1,IND_kr,IND_sk
instances/A3/asymmetric/50.2.in,0.2697000000,0.0720236767,0.5263050701,2.7285376864,-0.7669600413,0.1588000000,0.0261640975,0.4963479369,2.6237688083,0.1067028779,0.5715000000,0.0665000000,0.5069516535,2.7526534495,0.7034115335,0.0900000000,0.0202731349,0.6552984166,2.0916582308,0.0702090559
