Instance,INF_avg,INF_sd,INF_r1,INF_kr,INF_sk,SUP_avg,SUP_sd,SUP_r1,SUP_kr,SUP_sk,INC_avg,INC_sd,INC_r1,INC_kr,INC_sk,IND_avg,IND_sd,IND_r1,IND_kr,IND_sk
instances/A2/asymmetric/100.6.in,0.3712000000,0.0331746891,-0.0651648228,4.8518034016,0.8495105685,0.1960000000,0.0248596058,0.0718050517,3.8467496151,0.2831434662,0.4328000000,0.0228508206,0.1476891950,2.7889302451,-0.2931745886,0.0546000000,0.0110381158,0.3554153238,2.8183956743,0.2351667458
