Instance,INF_avg,INF_sd,INF_r1,INF_kr,INF_sk,SUP_avg,SUP_sd,SUP_r1,SUP_kr,SUP_sk,INC_avg,INC_sd,INC_r1,INC_kr,INC_sk,IND_avg,IND_sd,IND_r1,IND_kr,IND_sk
instances/A3/symmetric/100.5.in,0.3836363636,0.0598137605,0.2918164448,3.9242231196,0.5468053239,0.0754545455,0.0515864035,0.7825835405,1.9793406890,0.1862203292,0.5409090909,0.0496267057,0.0819697533,3.2231802622,-0.2483520326,0.1463636364,0.0302332530,0.3890608294,3.1335065351,0.7639109191
