Instance,INF_avg,INF_sd,INF_r1,INF_kr,INF_sk,SUP_avg,SUP_sd,SUP_r1,SUP_kr,SUP_sk,INC_avg,INC_sd,INC_r1,INC_kr,INC_sk,IND_avg,IND_sd,IND_r1,IND_kr,IND_sk
instances/A1/symmetric/10.5.in,0.5090184612,0.1101766733,0.6469940529,1.9604936215,0.4493177509,0.1750219776,0.1004980556,0.6539054052,1.3315627086,-0.0701996660,0.3159595612,0.0428295609,0.2408296030,3.3215510761,0.8103646763,0.1684245563,0.0672193507,0.5036572270,3.1238927339,1.3156096608
