Instance,INF_avg,INF_sd,INF_r1,INF_kr,INF_sk,SUP_avg,SUP_sd,SUP_r1,SUP_kr,SUP_sk,INC_avg,INC_sd,INC_r1,INC_kr,INC_sk,IND_avg,IND_sd,IND_r1,IND_kr,IND_sk
instances/A1/symmetric/8.4.in,0.4044688645,0.0628152904,0.0523297054,2.0082672583,-0.4787120211,0.2465934066,0.0268369958,-0.3608136290,3.1989890514,1.4637290027,0.3489377289,0.0444813543,-0.0317196168,1.3992476444,-0.3153245105,0.3191941392,0.0572646396,0.3210868365,1.9639610519,-0.1905037726
