Instance,INF_avg,INF_sd,INF_r1,INF_kr,INF_sk,SUP_avg,SUP_sd,SUP_r1,SUP_kr,SUP_sk,INC_avg,INC_sd,INC_r1,INC_kr,INC_sk,IND_avg,IND_sd,IND_r1,IND_kr,IND_sk
instances/A1/symmetric/100.1.in,0.3101500000,0.0555538253,0.3630897861,3.4840889582,-0.2565010709,0.1838500000,0.0358249564,0.3270163025,3.3293679356,-0.5316458722,0.5060000000,0.0439146900,0.2141149454,4.3380947967,0.8007310971,0.0803000000,0.0171729438,0.1214552822,2.5969221630,0.3918579588
