Instance,INF_avg,INF_sd,INF_r1,INF_kr,INF_sk,SUP_avg,SUP_sd,SUP_r1,SUP_kr,SUP_sk,INC_avg,INC_sd,INC_r1,INC_kr,INC_sk,IND_avg,IND_sd,IND_r1,IND_kr,IND_sk
instances/A1/asymmetric/50.4.in,0.4585000000,0.0662589617,0.6165897152,2.3566449987,-0.5937845141,0.1575000000,0.0265753645,0.4201605709,2.5687994361,0.1358634033,0.3840000000,0.0514198405,0.4497406421,1.8092289567,0.0631316204,0.0580000000,0.0084261498,0.4935805991,2.4850228129,0.3911364902
