Instance,INF_avg,INF_sd,INF_r1,INF_kr,INF_sk,SUP_avg,SUP_sd,SUP_r1,SUP_kr,SUP_sk,INC_avg,INC_sd,INC_r1,INC_kr,INC_sk,IND_avg,IND_sd,IND_r1,IND_kr,IND_sk
instances/A1/asymmetric/200.6.in,0.2932500000,0.0459531011,0.3513818839,3.1998544101,-0.5995247020,0.1790500000,0.0324784159,0.3321787033,2.6405656201,0.0932120153,0.5277000000,0.0385124655,0.2295235569,2.6479935523,0.0250133775,0.0694000000,0.0173101127,-0.0453623754,2.9553843467,0.3108019068
