Instance,INF_avg,INF_sd,INF_r1,INF_kr,INF_sk,SUP_avg,SUP_sd,SUP_r1,SUP_kr,SUP_sk,INC_avg,INC_sd,INC_r1,INC_kr,INC_sk,IND_avg,IND_sd,IND_r1,IND_kr,IND_sk
instances/A2/symmetric/100.2.in,0.4318000000,0.0436091733,-0.0057337827,3.5219249760,0.1092392043,0.2188000000,0.0315366454,-0.0276035842,3.0347231992,-0.4510702123,0.3494000000,0.0257029181,0.0498330862,3.7112020835,0.2193336613,0.0370000000,0.0100000000,0.2492974709,2.5168000000,0.4020000000
