Instance,INF_avg,INF_sd,INF_r1,INF_kr,INF_sk,SUP_avg,SUP_sd,SUP_r1,SUP_kr,SUP_sk,INC_avg,INC_sd,INC_r1,INC_kr,INC_sk,IND_avg,IND_sd,IND_r1,IND_kr,IND_sk
instances/A3/asymmetric/10.6.in,0.6005847953,0.0648991083,-0.5202645207,1.7725138264,-0.3399213354,0.0253411306,0.0317684971,-0.8748921484,1.4593124002,0.5442011305,0.3740740741,0.0673753697,-0.3509437528,2.6645635940,1.0466833054,0.2561013645,0.0393616247,-0.6826816230,1.2460172097,-0.1293387577
