Instance,INF_avg,INF_sd,INF_r1,INF_kr,INF_sk,SUP_avg,SUP_sd,SUP_r1,SUP_kr,SUP_sk,INC_avg,INC_sd,INC_r1,INC_kr,INC_sk,IND_avg,IND_sd,IND_r1,IND_kr,IND_sk
instances/A1/symmetric/20.2.in,0.6940277327,0.0813001454,0.5406302453,2.4750960450,0.6954920525,0.0999561462,0.0163144050,0.3670552526,2.3268490335,-0.4398362092,0.2060161211,0.0662348297,0.5547501051,2.5212379118,-0.6761068493,0.0658216557,0.0105646624,0.0475188573,2.3845031906,-0.7686682096
