Instance,INF_avg,INF_sd,INF_r1,INF_kr,INF_sk,SUP_avg,SUP_sd,SUP_r1,SUP_kr,SUP_sk,INC_avg,INC_sd,INC_r1,INC_kr,INC_sk,IND_avg,IND_sd,IND_r1,IND_kr,IND_sk
instances/A2/symmetric/5.1.in,0.2566137566,0.1778989887,0.1967847366,1.8387990156,0.1547565945,0.3888888889,0.1543827037,0.1679389313,2.5435795249,-0.0660167640,0.3544973545,0.0557755784,0.6460438365,2.2433372010,-0.0866459726,0.3055555556,0.0427394032,0.1553398058,2.7520808561,-1.1541925761
