Instance,INF_avg,INF_sd,INF_r1,INF_kr,INF_sk,SUP_avg,SUP_sd,SUP_r1,SUP_kr,SUP_sk,INC_avg,INC_sd,INC_r1,INC_kr,INC_sk,IND_avg,IND_sd,IND_r1,IND_kr,IND_sk
instances/A3/symmetric/20.4.in,0.5532179789,0.1047822309,0.6411349918,2.3844101016,-0.5947931154,0.0302204823,0.0194143963,0.8423187428,1.4714748707,0.2766775953,0.4165615388,0.0883232543,0.5581250030,2.5019700703,0.6553702874,0.0651800860,0.0251717826,0.3688790557,1.6381807902,0.3461924409
