Instance,INF_avg,INF_sd,INF_r1,INF_kr,INF_sk,SUP_avg,SUP_sd,SUP_r1,SUP_kr,SUP_sk,INC_avg,INC_sd,INC_r1,INC_kr,INC_sk,IND_avg,IND_sd,IND_r1,IND_kr,IND_sk
instances/A1/symmetric/5.6.in,0.5222222222,0.0777777778,0.3333333333,1.0000000000,-0.0000000000,0.0833333333,0.0921284664,0.3142857143,1.6280991736,0.4933822002,0.3944444444,0.0396746024,-0.4384236453,2.0380622837,-0.4118470835,0.3944444444,0.0396746024,-0.5369458128,2.0380622837,-0.4118470835
