Instance,INF_avg,INF_sd,INF_r1,INF_kr,INF_sk,SUP_avg,SUP_sd,SUP_r1,SUP_kr,SUP_sk,INC_avg,INC_sd,INC_r1,INC_kr,INC_sk,IND_avg,IND_sd,IND_r1,IND_kr,IND_sk
instances/A2/symmetric/100.2.in,0.4816000000,0.0797805741,0.8128355477,2.5901333694,0.5143411362,0.1797000000,0.0358316899,0.6383518529,3.3446075557,0.3550845553,0.3387000000,0.0596767124,0.7980017366,2.5192688899,-0.6436524233,0.0509500000,0.0118045542,0.3724633487,2.7013209935,0.1235624724
