Instance,INF_avg,INF_sd,INF_r1,INF_kr,INF_sk,SUP_avg,SUP_sd,SUP_r1,SUP_kr,SUP_sk,INC_avg,INC_sd,INC_r1,INC_kr,INC_sk,IND_avg,IND_sd,IND_r1,IND_kr,IND_sk
instances/A3/symmetric/20.4.in,0.4705610255,0.0242797674,0.0062598264,2.9546949004,0.6619392496,0.1734105576,0.0232694165,0.0352205502,3.3085704246,-0.7455001209,0.3560284169,0.0317227751,-0.3932867922,1.9372499978,0.3435510034,0.0477181517,0.0115994507,0.0476556376,4.6766839253,1.5513321798
