Instance,INF_avg,INF_sd,INF_r1,INF_kr,INF_sk,SUP_avg,SUP_sd,SUP_r1,SUP_kr,SUP_sk,INC_avg,INC_sd,INC_r1,INC_kr,INC_sk,IND_avg,IND_sd,IND_r1,IND_kr,IND_sk
instances/A2/asymmetric/20.3.in,0.5701815831,0.0416429567,0.0982370785,1.3814065518,0.2447292411,0.1815073162,0.0233390281,-0.8025716624,1.1832614830,0.3759218102,0.2483111007,0.0264611776,0.4252530095,1.5078919289,-0.3280836961,0.0905927406,0.0059616650,0.5876921319,1.3167085452,-0.1517517962
