Instance,INF_avg,INF_sd,INF_r1,INF_kr,INF_sk,SUP_avg,SUP_sd,SUP_r1,SUP_kr,SUP_sk,INC_avg,INC_sd,INC_r1,INC_kr,INC_sk,IND_avg,IND_sd,IND_r1,IND_kr,IND_sk
instances/A3/symmetric/8.1.in,0.5089151589,0.1544325646,0.7862727509,1.8912886893,0.2813755429,0.0977170977,0.0404127216,0.2265317710,4.0935720112,-1.3590969896,0.3933677434,0.1339383896,0.8796438693,1.6908334813,-0.0374821765,0.2067691568,0.0304101807,0.2866136613,2.9029958188,-0.4759384931
