Instance,INF_avg,INF_sd,INF_r1,INF_kr,INF_sk,SUP_avg,SUP_sd,SUP_r1,SUP_kr,SUP_sk,INC_avg,INC_sd,INC_r1,INC_kr,INC_sk,IND_avg,IND_sd,IND_r1,IND_kr,IND_sk
instances/A1/asymmetric/10.5.in,0.3211412548,0.1045325093,0.5359848610,1.8932421143,-0.2432425273,0.1091740270,0.0768142609,0.2314397299,2.7483111069,0.5713739664,0.5696847182,0.0491311577,0.4623115511,2.3958766241,0.0567559237,0.2299261207,0.0510393465,-0.2176483638,1.5458866434,-0.3073847169
