Instance,INF_avg,INF_sd,INF_r1,INF_kr,INF_sk,SUP_avg,SUP_sd,SUP_r1,SUP_kr,SUP_sk,INC_avg,INC_sd,INC_r1,INC_kr,INC_sk,IND_avg,IND_sd,IND_r1,IND_kr,IND_sk
instances/A1/symmetric/20.4.in,0.4542872349,0.0863817900,0.5118492835,1.9699441123,-0.2256929736,0.1959657604,0.0386985123,0.0847438792,1.5042166781,-0.0896339061,0.3497470047,0.0555990194,0.7898338684,2.3861927895,0.6331696865,0.0455826609,0.0140551868,0.6312718776,3.5632731804,1.1637202518
