Instance,INF_avg,INF_sd,INF_r1,INF_kr,INF_sk,SUP_avg,SUP_sd,SUP_r1,SUP_kr,SUP_sk,INC_avg,INC_sd,INC_r1,INC_kr,INC_sk,IND_avg,IND_sd,IND_r1,IND_kr,IND_sk
instances/A3/symmetric/5.2.in,0.4401234568,0.1178737606,0.3318166442,1.7574799111,0.0229734275,0.1358024691,0.1259017164,-0.2277339346,1.8228550296,0.4733187492,0.4240740741,0.1173554038,0.5708443233,1.9635596062,0.0167700306,0.4462962963,0.1315727383,0.0728345041,5.9274329354,2.0070442908
