Instance,INF_avg,INF_sd,INF_r1,INF_kr,INF_sk,SUP_avg,SUP_sd,SUP_r1,SUP_kr,SUP_sk,INC_avg,INC_sd,INC_r1,INC_kr,INC_sk,IND_avg,IND_sd,IND_r1,IND_kr,IND_sk
instances/A1/asymmetric/50.3.in,0.4230000000,0.0618546684,0.4966607438,1.6348456608,0.1938003157,0.2250000000,0.0529150262,0.4675572519,1.5179209184,0.0151860726,0.3520000000,0.0177763888,-0.4509990485,1.7238022753,-0.2499404134,0.0590000000,0.0096953597,0.5412844037,3.0377999095,-1.3627927530
