Instance,INF_avg,INF_sd,INF_r1,INF_kr,INF_sk,SUP_avg,SUP_sd,SUP_r1,SUP_kr,SUP_sk,INC_avg,INC_sd,INC_r1,INC_kr,INC_sk,IND_avg,IND_sd,IND_r1,IND_kr,IND_sk
instances/A3/symmetric/100.3.in,0.2960000000,0.0274590604,-0.0746606335,1.6910728986,0.5367044719,0.1760000000,0.0210713075,0.4778254649,2.6108473338,0.9825067902,0.5280000000,0.0177763888,-0.5272856130,1.7238022753,0.2499404134,0.0750000000,0.0207364414,-0.1046511628,2.8893996755,1.2616818022
