Instance,INF_avg,INF_sd,INF_r1,INF_kr,INF_sk,SUP_avg,SUP_sd,SUP_r1,SUP_kr,SUP_sk,INC_avg,INC_sd,INC_r1,INC_kr,INC_sk,IND_avg,IND_sd,IND_r1,IND_kr,IND_sk
instances/A3/symmetric/50.5.in,0.3949000000,0.0616156636,0.5956755572,2.6320309502,0.4644961443,0.1689000000,0.0404881464,0.5782219242,2.3997875346,0.1543349120,0.4362000000,0.0418396941,0.2191816725,2.9567859042,-0.2398696015,0.0492000000,0.0100677704,0.2799481960,3.7705877259,-0.2363853795
