Instance,INF_avg,INF_sd,INF_r1,INF_kr,INF_sk,SUP_avg,SUP_sd,SUP_r1,SUP_kr,SUP_sk,INC_avg,INC_sd,INC_r1,INC_kr,INC_sk,IND_avg,IND_sd,IND_r1,IND_kr,IND_sk
instances/A3/asymmetric/5.3.in,0.2022222222,0.1565287021,0.3035235814,1.8199701391,0.1913448160,0.1722222222,0.0491909858,-0.6064139942,1.8248906706,0.3440014146,0.6255555556,0.1491374376,0.6326664731,1.2854856888,0.1580754690,0.3466666667,0.0590668172,-0.1422136422,1.9631830906,-0.4011434619
