Instance,INF_avg,INF_sd,INF_r1,INF_kr,INF_sk,SUP_avg,SUP_sd,SUP_r1,SUP_kr,SUP_sk,INC_avg,INC_sd,INC_r1,INC_kr,INC_sk,IND_avg,IND_sd,IND_r1,IND_kr,IND_sk
instances/A1/symmetric/100.5.in,0.4450000000,0.0294957624,0.1091954023,2.6743955608,-1.0229406305,0.0900000000,0.0281069386,0.2255639098,2.2596539016,0.8444241301,0.4650000000,0.0141421356,-0.5333333333,2.2625000000,0.7954951288,0.0650000000,0.0126491106,0.0000000000,2.5000000000,0.0000000000
