Instance,INF_avg,INF_sd,INF_r1,INF_kr,INF_sk,SUP_avg,SUP_sd,SUP_r1,SUP_kr,SUP_sk,INC_avg,INC_sd,INC_r1,INC_kr,INC_sk,IND_avg,IND_sd,IND_r1,IND_kr,IND_sk
instances/A3/asymmetric/5.1.in,0.3506172840,0.1978700791,0.8742094914,2.4992332104,-0.9547641752,0.1262786596,0.0793019541,0.0210429001,1.9263017044,-0.4470310845,0.5231040564,0.1552603309,0.7500790832,2.3475852378,0.8669581955,0.4313932981,0.1027866203,0.0816577841,2.1043942042,0.1220108575
