Instance,INF_avg,INF_sd,INF_r1,INF_kr,INF_sk,SUP_avg,SUP_sd,SUP_r1,SUP_kr,SUP_sk,INC_avg,INC_sd,INC_r1,INC_kr,INC_sk,IND_avg,IND_sd,IND_r1,IND_kr,IND_sk
instances/A1/asymmetric/8.5.in,0.3695286195,0.0829028434,0.0961381107,5.4034305027,-1.8980378772,0.1507856341,0.0628445163,0.1564263187,2.4799757032,0.6170126351,0.4796857464,0.0428263622,0.0080360115,3.3441162250,0.9122073510,0.2076879910,0.0478267260,-0.1242426522,2.6580943614,-0.3513539986
