Instance,INF_avg,INF_sd,INF_r1,INF_kr,INF_sk,SUP_avg,SUP_sd,SUP_r1,SUP_kr,SUP_sk,INC_avg,INC_sd,INC_r1,INC_kr,INC_sk,IND_avg,IND_sd,IND_r1,IND_kr,IND_sk
instances/A2/symmetric/8.2.in,0.5068453768,0.1260636156,0.3259887501,2.2474575463,-0.1581084521,0.1433488733,0.0891607643,0.2313366361,2.5858097507,0.8527578861,0.3498057498,0.0456732398,0.4447084833,2.2239081236,-0.7961706202,0.1353146853,0.0299658487,0.3843185176,2.1067839612,-0.7568657001
