Instance,INF_avg,INF_sd,INF_r1,INF_kr,INF_sk,SUP_avg,SUP_sd,SUP_r1,SUP_kr,SUP_sk,INC_avg,INC_sd,INC_r1,INC_kr,INC_sk,IND_avg,IND_sd,IND_r1,IND_kr,IND_sk
instances/A3/symmetric/50.4.in,0.3101694915,0.1838338558,0.2832701395,2.7241738840,0.4558967960,0.0847457627,0.0839966894,0.2384904918,3.6112001188,0.9798005858,0.6050847458,0.1731304288,0.2788812591,2.3346722899,-0.1175284728,0.5033898305,0.1119414219,0.1060328337,3.1504171641,-0.2117045253
