Instance,INF_avg,INF_sd,INF_r1,INF_kr,INF_sk,SUP_avg,SUP_sd,SUP_r1,SUP_kr,SUP_sk,INC_avg,INC_sd,INC_r1,INC_kr,INC_sk,IND_avg,IND_sd,IND_r1,IND_kr,IND_sk
instances/A1/symmetric/10.5.in,0.5274853801,0.0505110318,0.0823906544,1.2826213708,0.1553351252,0.0432748538,0.0246386360,0.2672991647,2.4007745469,-0.6743228523,0.4292397661,0.0398996343,-0.6809315792,1.5818953971,-0.1240260619,0.2183235867,0.0419171308,-0.4475602916,1.4655184026,-0.2084235772
