Instance,INF_avg,INF_sd,INF_r1,INF_kr,INF_sk,SUP_avg,SUP_sd,SUP_r1,SUP_kr,SUP_sk,INC_avg,INC_sd,INC_r1,INC_kr,INC_sk,IND_avg,IND_sd,IND_r1,IND_kr,IND_sk
instances/A1/symmetric/5.1.in,0.1285714286,0.0285714286,-0.0526315789,3.2500000000,-1.5000000000,0.1571428571,0.0832993128,0.8314606742,1.6280276817,0.3631734744,0.7142857143,0.1010152545,0.6666666667,1.7000000000,0.0000000000,0.3000000000,0.0285714286,-0.3157894737,3.2500000000,1.5000000000
