Instance,INF_avg,INF_sd,INF_r1,INF_kr,INF_sk,SUP_avg,SUP_sd,SUP_r1,SUP_kr,SUP_sk,INC_avg,INC_sd,INC_r1,INC_kr,INC_sk,IND_avg,IND_sd,IND_r1,IND_kr,IND_sk
instances/A1/asymmetric/10.2.in,0.4061678005,0.0457880124,-1.0092126676,1.4744490684,0.1963366264,0.1961904762,0.0560068486,-0.0904881087,1.3814569985,-0.0985905574,0.3976417234,0.0357183095,0.2257976212,1.4561535395,0.2702634130,0.1580045351,0.0226768254,-0.6663270576,1.6930901410,-0.4053588429
