Instance,INF_avg,INF_sd,INF_r1,INF_kr,INF_sk,SUP_avg,SUP_sd,SUP_r1,SUP_kr,SUP_sk,INC_avg,INC_sd,INC_r1,INC_kr,INC_sk,IND_avg,IND_sd,IND_r1,IND_kr,IND_sk
instances/A3/asymmetric/50.6.in,0.3500000000,0.0742967025,0.8244840713,2.4406210618,0.3732829954,0.1046000000,0.0300639319,0.6680946334,1.8828808966,-0.0565020017,0.5454000000,0.0492325096,0.7262103743,2.8710709738,-0.4476485322,0.0896000000,0.0138506318,0.6345061141,1.6570640950,-0.0074246214
