Instance,INF_avg,INF_sd,INF_r1,INF_kr,INF_sk,SUP_avg,SUP_sd,SUP_r1,SUP_kr,SUP_sk,INC_avg,INC_sd,INC_r1,INC_kr,INC_sk,IND_avg,IND_sd,IND_r1,IND_kr,IND_sk
instances/A2/asymmetric/8.4.in,0.2769360269,0.1405648297,0.4543735674,2.4670121509,-0.7803747310,0.3459595960,0.1334115337,0.4627313881,2.6122107261,1.0689843579,0.3771043771,0.0422220074,-0.5005394713,3.9266487801,0.6605287887,0.1781705948,0.0416664305,-0.6683284598,1.9541979482,-0.1485649034
