Instance,INF_avg,INF_sd,INF_r1,INF_kr,INF_sk,SUP_avg,SUP_sd,SUP_r1,SUP_kr,SUP_sk,INC_avg,INC_sd,INC_r1,INC_kr,INC_sk,IND_avg,IND_sd,IND_r1,IND_kr,IND_sk
instances/A1/symmetric/200.1.in,0.1360000000,0.0635924524,-0.3490916598,3.0111584147,1.3177851113,0.2060000000,0.0255734237,-0.2867274569,1.9157618607,0.1352464823,0.6580000000,0.0450111097,-0.4878457670,3.0412441810,-1.3327410576,0.0530000000,0.0150332964,0.2105263158,2.5084579842,0.7841001948
