Instance,INF_avg,INF_sd,INF_r1,INF_kr,INF_sk,SUP_avg,SUP_sd,SUP_r1,SUP_kr,SUP_sk,INC_avg,INC_sd,INC_r1,INC_kr,INC_sk,IND_avg,IND_sd,IND_r1,IND_kr,IND_sk
instances/A2/symmetric/5.4.in,0.2419047619,0.1145394010,0.3236212279,1.4512099616,-0.5403933775,0.2195238095,0.1305700045,0.0004630135,2.8146016419,1.1027587007,0.5385714286,0.0648458839,-0.8057820773,1.7356705917,0.5407938412,0.3095238095,0.0476190476,-0.2500000000,3.2500000000,-1.5000000000
