Instance,INF_avg,INF_sd,INF_r1,INF_kr,INF_sk,SUP_avg,SUP_sd,SUP_r1,SUP_kr,SUP_sk,INC_avg,INC_sd,INC_r1,INC_kr,INC_sk,IND_avg,IND_sd,IND_r1,IND_kr,IND_sk
instances/A3/symmetric/20.6.in,0.7206694811,0.0195214940,-0.4762340763,2.0616723089,-0.6196162073,0.0526062148,0.0057595336,0.4000198167,2.2633777088,0.5648289273,0.2267243041,0.0215915145,-0.4226452888,2.1813159378,0.6425411625,0.0513435886,0.0107757580,0.3700411786,1.8150037674,0.2414538930
