Instance,INF_avg,INF_sd,INF_r1,INF_kr,INF_sk,SUP_avg,SUP_sd,SUP_r1,SUP_kr,SUP_sk,INC_avg,INC_sd,INC_r1,INC_kr,INC_sk,IND_avg,IND_sd,IND_r1,IND_kr,IND_sk
instances/A3/asymmetric/100.3.in,0.3996409091,0.1560169480,0.8854035551,6.5890877655,2.0199907471,0.1407510101,0.0499792303,0.8603579304,3.0404742382,-0.9065364291,0.4596080808,0.1129434558,0.8603729373,7.5519077801,-2.2422710315,0.0684040404,0.0180291344,0.5195242222,2.7283763724,-0.4482580674
