Instance,INF_avg,INF_sd,INF_r1,INF_kr,INF_sk,SUP_avg,SUP_sd,SUP_r1,SUP_kr,SUP_sk,INC_avg,INC_sd,INC_r1,INC_kr,INC_sk,IND_avg,IND_sd,IND_r1,IND_kr,IND_sk
instances/A2/symmetric/20.6.in,0.5092992576,0.0105441497,0.2210328357,1.4313657177,-0.2063604319,0.1717639959,0.0102065019,0.5948220487,2.3854596604,-0.8298462120,0.3189367465,0.0069993577,-0.7143597794,1.9732056319,-0.3184529351,0.0670091084,0.0051833662,-0.2231786118,2.5073971344,-0.9919121378
