Instance,INF_avg,INF_sd,INF_r1,INF_kr,INF_sk,SUP_avg,SUP_sd,SUP_r1,SUP_kr,SUP_sk,INC_avg,INC_sd,INC_r1,INC_kr,INC_sk,IND_avg,IND_sd,IND_r1,IND_kr,IND_sk
instances/A1/symmetric/10.6.in,0.4523132946,0.1120434513,0.4938748749,3.0046814290,1.0526166249,0.1565628768,0.0780144631,0.4228400317,2.5726814412,-0.4087727194,0.3911238286,0.0572713994,0.1203612569,1.8962546505,0.1145783687,0.2117495040,0.0462749897,0.6589766944,2.1327491959,0.5367201847
