Instance,INF_avg,INF_sd,INF_r1,INF_kr,INF_sk,SUP_avg,SUP_sd,SUP_r1,SUP_kr,SUP_sk,INC_avg,INC_sd,INC_r1,INC_kr,INC_sk,IND_avg,IND_sd,IND_r1,IND_kr,IND_sk
instances/A3/symmetric/10.5.in,0.2542928412,0.1778053883,0.8428130150,1.7057592170,0.1551108365,0.1921806666,0.0476403823,0.6317866379,2.4186518321,-0.9979850338,0.5535264922,0.1384899482,0.8276337522,1.7522465131,0.1292977146,0.1634130329,0.0473359303,0.5476950146,2.3744238929,0.9455106932
