Instance,INF_avg,INF_sd,INF_r1,INF_kr,INF_sk,SUP_avg,SUP_sd,SUP_r1,SUP_kr,SUP_sk,INC_avg,INC_sd,INC_r1,INC_kr,INC_sk,IND_avg,IND_sd,IND_r1,IND_kr,IND_sk
instances/A3/symmetric/5.3.in,0.4037037037,0.1792378316,0.5412034165,1.5000000000,-0.3292063417,0.1450617284,0.1169586131,0.1908927595,1.6498591724,-0.0304686258,0.4512345679,0.1064380838,0.4752436749,2.4856720123,0.8051452848,0.4419753086,0.0503833801,-0.3775816623,3.2397835945,1.2217568061
