Instance,INF_avg,INF_sd,INF_r1,INF_kr,INF_sk,SUP_avg,SUP_sd,SUP_r1,SUP_kr,SUP_sk,INC_avg,INC_sd,INC_r1,INC_kr,INC_sk,IND_avg,IND_sd,IND_r1,IND_kr,IND_sk
instances/A1/symmetric/100.3.in,0.3040000000,0.0124096736,-0.6416893733,2.0324675325,0.6216348580,0.1630000000,0.0237907545,0.7193702943,1.6740189040,0.4050330728,0.5330000000,0.0256124969,0.3850454228,1.9591482005,-0.6074349900,0.1100000000,0.0151657509,0.4285714286,2.1219281664,0.3870276692
