Instance,INF_avg,INF_sd,INF_r1,INF_kr,INF_sk,SUP_avg,SUP_sd,SUP_r1,SUP_kr,SUP_sk,INC_avg,INC_sd,INC_r1,INC_kr,INC_sk,IND_avg,IND_sd,IND_r1,IND_kr,IND_sk
instances/A1/asymmetric/8.5.in,0.4803973804,0.0985014785,-0.2206651024,2.1768399674,-0.1538144759,0.1438376438,0.0622459389,-0.2165660588,1.7264352127,0.4819519992,0.3757649758,0.0576400860,-0.3202826769,2.4262962426,-0.1862365030,0.1981684982,0.0404849468,0.0910474072,2.3633397477,0.7828395880
