Instance,INF_avg,INF_sd,INF_r1,INF_kr,INF_sk,SUP_avg,SUP_sd,SUP_r1,SUP_kr,SUP_sk,INC_avg,INC_sd,INC_r1,INC_kr,INC_sk,IND_avg,IND_sd,IND_r1,IND_kr,IND_sk
instances/A2/asymmetric/50.1.in,0.2865000000,0.0869698224,0.8289076439,1.8769098295,-0.2326863227,0.2918000000,0.0665075936,0.7361826683,2.2169904122,0.3351891264,0.4217000000,0.0505480959,0.6792213958,2.0709282777,-0.0581543032,0.0577500000,0.0116699400,0.3483301879,2.8218031394,0.0169296236
