Instance,INF_avg,INF_sd,INF_r1,INF_kr,INF_sk,SUP_avg,SUP_sd,SUP_r1,SUP_kr,SUP_sk,INC_avg,INC_sd,INC_r1,INC_kr,INC_sk,IND_avg,IND_sd,IND_r1,IND_kr,IND_sk
instances/A2/symmetric/10.5.in,0.3544369916,0.1203285243,0.4702271857,1.3127961945,-0.4492856314,0.2154174397,0.1296857460,0.5159573734,1.2108061041,0.3613428460,0.4301455687,0.0173206415,0.1473262355,2.1722304594,-0.7323679708,0.1577907806,0.0482937983,-0.4004163138,2.3681212496,0.9022769072
