Instance,INF_avg,INF_sd,INF_r1,INF_kr,INF_sk,SUP_avg,SUP_sd,SUP_r1,SUP_kr,SUP_sk,INC_avg,INC_sd,INC_r1,INC_kr,INC_sk,IND_avg,IND_sd,IND_r1,IND_kr,IND_sk
instances/A2/asymmetric/10.5.in,0.5094928881,0.1151496635,0.4304934357,2.3584863764,-0.5712656364,0.1766326531,0.0993581434,0.7278373934,1.4628678826,0.1047420073,0.3138744589,0.0345638637,-0.4289683755,2.8964666508,0.6781641670,0.1407482993,0.0333900681,0.2149531387,2.5772927308,0.8627033333
