Instance,INF_avg,INF_sd,INF_r1,INF_kr,INF_sk,SUP_avg,SUP_sd,SUP_r1,SUP_kr,SUP_sk,INC_avg,INC_sd,INC_r1,INC_kr,INC_sk,IND_avg,IND_sd,IND_r1,IND_kr,IND_sk
instances/A1/asymmetric/10.1.in,0.4930925704,0.1435846625,0.6945944287,1.6786157527,0.1125599407,0.0751133787,0.0793092288,0.2353942495,2.7141658545,1.1044852039,0.4317940510,0.0845622814,0.5932163703,2.2075212225,-0.2949689248,0.1599106309,0.0224688900,-0.2155365813,3.0827463309,1.3759981103
