Instance,INF_avg,INF_sd,INF_r1,INF_kr,INF_sk,SUP_avg,SUP_sd,SUP_r1,SUP_kr,SUP_sk,INC_avg,INC_sd,INC_r1,INC_kr,INC_sk,IND_avg,IND_sd,IND_r1,IND_kr,IND_sk
instances/A2/symmetric/10.4.in,0.5836961451,0.1012163315,0.5279657527,2.9401969020,-1.2734365153,0.1255852084,0.0735580746,0.3341516300,2.8270232275,1.1312368595,0.2907186464,0.0313758695,0.0881280327,2.6302529770,0.7083743106,0.1136795744,0.0170273215,-0.3979644575,2.6686842880,-1.1237975502
