Instance,INF_avg,INF_sd,INF_r1,INF_kr,INF_sk,SUP_avg,SUP_sd,SUP_r1,SUP_kr,SUP_sk,INC_avg,INC_sd,INC_r1,INC_kr,INC_sk,IND_avg,IND_sd,IND_r1,IND_kr,IND_sk
instances/A3/asymmetric/100.2.in,0.3196000000,0.0340417391,0.3825068507,3.1816019688,-0.1015066343,0.1334000000,0.0284682279,0.2164826917,5.0954762646,1.0792057022,0.5470000000,0.0362767143,0.2743688346,3.1505229072,-0.1569747698,0.0913000000,0.0260155723,0.4567289955,2.4745749047,0.2726518178
