Instance,INF_avg,INF_sd,INF_r1,INF_kr,INF_sk,SUP_avg,SUP_sd,SUP_r1,SUP_kr,SUP_sk,INC_avg,INC_sd,INC_r1,INC_kr,INC_sk,IND_avg,IND_sd,IND_r1,IND_kr,IND_sk
instances/A3/symmetric/20.4.in,0.5896749906,0.1845594552,-0.2632893711,4.5059391926,-1.3064470130,0.0548161902,0.0258896146,0.3614287310,1.9157129486,-0.4455681017,0.3555088192,0.1832769019,-0.1682807752,5.0630858307,1.5769064303,0.0755448800,0.0166005553,-0.2616610139,1.4499151776,-0.0972478150
