Instance,INF_avg,INF_sd,INF_r1,INF_kr,INF_sk,SUP_avg,SUP_sd,SUP_r1,SUP_kr,SUP_sk,INC_avg,INC_sd,INC_r1,INC_kr,INC_sk,IND_avg,IND_sd,IND_r1,IND_kr,IND_sk
instances/A3/asymmetric/100.1.in,0.2482000000,0.0661192861,0.3569626717,3.4342777851,-0.5169960518,0.1686000000,0.0332722106,0.2420857529,2.0529695654,0.3485211405,0.5832000000,0.0516890704,0.4595091154,2.5311950628,0.2414782408,0.0854000000,0.0142772546,0.2444817734,3.0979892500,0.4038545373
