Instance,INF_avg,INF_sd,INF_r1,INF_kr,INF_sk,SUP_avg,SUP_sd,SUP_r1,SUP_kr,SUP_sk,INC_avg,INC_sd,INC_r1,INC_kr,INC_sk,IND_avg,IND_sd,IND_r1,IND_kr,IND_sk
instances/A1/symmetric/20.2.in,0.4869277374,0.0274939357,-0.4192721733,2.1887109210,0.3750675458,0.1125246666,0.0236789890,0.1204431855,2.4790290746,-0.5450216055,0.4005475960,0.0116976761,-0.4485375838,2.1478918411,0.6882000404,0.0592562551,0.0081457187,-0.1446488949,1.9812434149,0.7236490811
