Instance,INF_avg,INF_sd,INF_r1,INF_kr,INF_sk,SUP_avg,SUP_sd,SUP_r1,SUP_kr,SUP_sk,INC_avg,INC_sd,INC_r1,INC_kr,INC_sk,IND_avg,IND_sd,IND_r1,IND_kr,IND_sk
instances/A2/asymmetric/20.6.in,0.4878339413,0.0739146779,0.7969927796,1.4435637028,0.1606052581,0.1937341713,0.0562597181,0.8903164000,1.3136752026,0.1916956610,0.3184318874,0.0237999016,0.4165989261,2.2281850807,-0.5507563326,0.0521544866,0.0090717486,0.3899861620,1.7859129951,-0.4751096961
