Instance,INF_avg,INF_sd,INF_r1,INF_kr,INF_sk,SUP_avg,SUP_sd,SUP_r1,SUP_kr,SUP_sk,INC_avg,INC_sd,INC_r1,INC_kr,INC_sk,IND_avg,IND_sd,IND_r1,IND_kr,IND_sk
instances/A3/asymmetric/200.6.in,0.3823214286,0.0417685404,0.2211286789,2.5547802323,-0.6303676834,0.0720535714,0.0393788466,0.8769366562,2.1574786966,0.2673257650,0.5456250000,0.0347319133,0.0970814961,2.2419840278,-0.0801495317,0.1231250000,0.0185540355,0.2681941029,3.5415171907,-0.0470143045
