Instance,INF_avg,INF_sd,INF_r1,INF_kr,INF_sk,SUP_avg,SUP_sd,SUP_r1,SUP_kr,SUP_sk,INC_avg,INC_sd,INC_r1,INC_kr,INC_sk,IND_avg,IND_sd,IND_r1,IND_kr,IND_sk
instances/A2/asymmetric/200.3.in,0.5588235294,0.1562005631,0.8908651199,2.9383899508,0.3805615780,0.0835294118,0.0871964995,0.8255627565,3.4909566170,1.1554575774,0.3576470588,0.1053581797,0.7020498631,4.0633820685,-0.7691359730,0.1239215686,0.0417310921,0.0274350796,4.2761402964,1.0209526129
