Instance,INF_avg,INF_sd,INF_r1,INF_kr,INF_sk,SUP_avg,SUP_sd,SUP_r1,SUP_kr,SUP_sk,INC_avg,INC_sd,INC_r1,INC_kr,INC_sk,IND_avg,IND_sd,IND_r1,IND_kr,IND_sk
instances/A3/asymmetric/10.4.in,0.5506472245,0.0934685066,0.6531956423,3.1755653767,-0.5664537221,0.0704124145,0.0548148900,0.5565746579,1.4561683870,-0.2439541362,0.3789403611,0.0682349274,0.0331183897,4.6758885297,1.4840633457,0.2817305610,0.0765675238,0.5209264300,2.3475254586,0.1411403035
