Instance,INF_avg,INF_sd,INF_r1,INF_kr,INF_sk,SUP_avg,SUP_sd,SUP_r1,SUP_kr,SUP_sk,INC_avg,INC_sd,INC_r1,INC_kr,INC_sk,IND_avg,IND_sd,IND_r1,IND_kr,IND_sk
instances/A3/asymmetric/10.4.in,0.6115789474,0.0561359647,0.3132262697,2.2994460171,0.0863200352,0.0315789474,0.0421052632,-0.7741935484,2.0781250000,0.8437500000,0.3568421053,0.0418942079,0.3383767150,1.3138534971,-0.2462152299,0.3252631579,0.0624876719,-0.1358653370,1.2141466139,0.2784371427
