Instance,INF_avg,INF_sd,INF_r1,INF_kr,INF_sk,SUP_avg,SUP_sd,SUP_r1,SUP_kr,SUP_sk,INC_avg,INC_sd,INC_r1,INC_kr,INC_sk,IND_avg,IND_sd,IND_r1,IND_kr,IND_sk
instances/A2/symmetric/8.3.in,0.2424451411,0.0379153659,-0.5718219031,1.4281016161,0.5295478459,0.4294252874,0.0219048870,-0.8435901477,1.3955604666,0.0431150148,0.3281295716,0.0220111811,-0.1726202941,1.9742200775,0.3218785860,0.1898641588,0.0170474512,0.0596960472,1.4859942242,0.0985771507
