Instance,INF_avg,INF_sd,INF_r1,INF_kr,INF_sk,SUP_avg,SUP_sd,SUP_r1,SUP_kr,SUP_sk,INC_avg,INC_sd,INC_r1,INC_kr,INC_sk,IND_avg,IND_sd,IND_r1,IND_kr,IND_sk
instances/A3/asymmetric/100.4.in,0.2893000000,0.0437836728,0.5288847445,2.9080425926,0.5633439525,0.1346000000,0.0228438175,0.2421528580,3.0776745026,0.1548779655,0.5761000000,0.0386431106,0.3825998605,2.4042795890,-0.3246090923,0.0890000000,0.0172626765,0.2358977939,3.9547317688,-0.2595116563
