Instance,INF_avg,INF_sd,INF_r1,INF_kr,INF_sk,SUP_avg,SUP_sd,SUP_r1,SUP_kr,SUP_sk,INC_avg,INC_sd,INC_r1,INC_kr,INC_sk,IND_avg,IND_sd,IND_r1,IND_kr,IND_sk
instances/A1/asymmetric/8.6.in,0.3379487179,0.0497832250,-0.5282830120,1.9347149639,0.7726327580,0.3215384615,0.0446360106,-0.5844287971,2.3799098387,0.6899825138,0.3405128205,0.0640594727,-0.4700678471,1.4009483532,0.3918491584,0.1928205128,0.0241298264,-0.3844609753,1.7786872404,0.2791629926
