Instance,INF_avg,INF_sd,INF_r1,INF_kr,INF_sk,SUP_avg,SUP_sd,SUP_r1,SUP_kr,SUP_sk,INC_avg,INC_sd,INC_r1,INC_kr,INC_sk,IND_avg,IND_sd,IND_r1,IND_kr,IND_sk
instances/A2/symmetric/5.6.in,0.3755555556,0.1329902995,0.0772399922,1.9567127374,0.6461864212,0.1833333333,0.1160034057,0.1154903758,1.8612280111,-0.3598439117,0.4411111111,0.0339934634,-0.3575958925,2.2826402586,0.6120248192,0.3300000000,0.0848819078,0.0383166078,1.4310919532,0.0255162388
