Instance,INF_avg,INF_sd,INF_r1,INF_kr,INF_sk,SUP_avg,SUP_sd,SUP_r1,SUP_kr,SUP_sk,INC_avg,INC_sd,INC_r1,INC_kr,INC_sk,IND_avg,IND_sd,IND_r1,IND_kr,IND_sk
instances/A2/symmetric/20.4.in,0.6066666667,0.1233783702,0.8715203426,2.0223347008,0.2203969308,0.0700000000,0.0585946528,0.6584022039,2.6725421812,0.8748603072,0.3233333333,0.0855699844,0.6926135495,3.0795659953,-0.1275625871,0.1550000000,0.0392640633,0.3433652531,2.3644996348,-0.1775917311
