Instance,INF_avg,INF_sd,INF_r1,INF_kr,INF_sk,SUP_avg,SUP_sd,SUP_r1,SUP_kr,SUP_sk,INC_avg,INC_sd,INC_r1,INC_kr,INC_sk,IND_avg,IND_sd,IND_r1,IND_kr,IND_sk
instances/A3/asymmetric/50.5.in,0.1596000000,0.0853922713,0.6727113389,1.7626600703,0.3105357124,0.1952000000,0.0344522858,0.3085035593,2.8194712642,0.0553343886,0.6452000000,0.0632531422,0.5616496191,1.8729017265,-0.0708711056,0.0856000000,0.0226856783,0.3364023589,1.9990574139,-0.3067735369
