Instance,INF_avg,INF_sd,INF_r1,INF_kr,INF_sk,SUP_avg,SUP_sd,SUP_r1,SUP_kr,SUP_sk,INC_avg,INC_sd,INC_r1,INC_kr,INC_sk,IND_avg,IND_sd,IND_r1,IND_kr,IND_sk
instances/A2/asymmetric/10.2.in,0.2951748252,0.0941743867,0.3906209311,2.2494686394,0.7903196866,0.3399300699,0.0878209761,0.2863529646,1.6436597483,-0.0797767104,0.3648951049,0.0404112315,-0.1042886227,2.8690706314,1.1977654888,0.1348951049,0.0245815884,-0.4259768723,2.8160294045,1.1851385229
