Instance,INF_avg,INF_sd,INF_r1,INF_kr,INF_sk,SUP_avg,SUP_sd,SUP_r1,SUP_kr,SUP_sk,INC_avg,INC_sd,INC_r1,INC_kr,INC_sk,IND_avg,IND_sd,IND_r1,IND_kr,IND_sk
instances/A2/asymmetric/10.2.in,0.2811577312,0.0721765135,0.3574759911,4.5986650370,1.5189242770,0.3605672106,0.0771140488,0.3992708504,2.1300238896,-0.4533538867,0.3582750583,0.0415235860,0.1899752121,2.4638270975,0.6309758925,0.1274669775,0.0242553708,-0.0339069644,3.4594398508,0.8420920136
