Instance,INF_avg,INF_sd,INF_r1,INF_kr,INF_sk,SUP_avg,SUP_sd,SUP_r1,SUP_kr,SUP_sk,INC_avg,INC_sd,INC_r1,INC_kr,INC_sk,IND_avg,IND_sd,IND_r1,IND_kr,IND_sk
instances/A1/asymmetric/50.4.in,0.3760000000,0.0239582971,-0.1025457153,2.9274423630,-1.1924029546,0.1190000000,0.0210713075,0.5032632342,1.7342951059,0.1718745560,0.5050000000,0.0250998008,-0.5181818182,1.8046107332,-0.4078954778,0.0670000000,0.0097979590,-0.1093247588,2.4361979167,-0.5677202789
