Instance,INF_avg,INF_sd,INF_r1,INF_kr,INF_sk,SUP_avg,SUP_sd,SUP_r1,SUP_kr,SUP_sk,INC_avg,INC_sd,INC_r1,INC_kr,INC_sk,IND_avg,IND_sd,IND_r1,IND_kr,IND_sk
instances/A2/asymmetric/8.2.in,0.2237373737,0.1136038113,0.1137393104,2.1209414985,-0.6764981094,0.3997979798,0.1172176852,-0.0541255660,2.4679975643,0.8382019661,0.3764646465,0.0255369837,-0.5724881609,1.8856323109,-0.7223409033,0.1416161616,0.0394968870,-0.1732484152,2.3496101898,0.8128426458
