Instance,INF_avg,INF_sd,INF_r1,INF_kr,INF_sk,SUP_avg,SUP_sd,SUP_r1,SUP_kr,SUP_sk,INC_avg,INC_sd,INC_r1,INC_kr,INC_sk,IND_avg,IND_sd,IND_r1,IND_kr,IND_sk
instances/A3/asymmetric/200.5.in,0.2728000000,0.0337662553,0.0979943892,3.1992761968,0.4232118253,0.1528000000,0.0232520967,0.1303131452,2.5232163767,0.0386990278,0.5744000000,0.0350947289,0.2411526657,2.7100251944,-0.3670485283,0.0753000000,0.0201596131,0.0003780722,2.4728052349,0.3343318865
