Instance,INF_avg,INF_sd,INF_r1,INF_kr,INF_sk,SUP_avg,SUP_sd,SUP_r1,SUP_kr,SUP_sk,INC_avg,INC_sd,INC_r1,INC_kr,INC_sk,IND_avg,IND_sd,IND_r1,IND_kr,IND_sk
instances/A3/symmetric/200.3.in,0.2768000000,0.0320742888,-0.1161129166,3.8391114246,0.5569902069,0.1590000000,0.0217715411,0.0209508461,2.4346258612,-0.1872145548,0.5642000000,0.0337099392,-0.1731016813,3.2773095379,-0.2641115892,0.0791000000,0.0184035323,0.2185274586,2.9964585184,0.7280001241
