Instance,INF_avg,INF_sd,INF_r1,INF_kr,INF_sk,SUP_avg,SUP_sd,SUP_r1,SUP_kr,SUP_sk,INC_avg,INC_sd,INC_r1,INC_kr,INC_sk,IND_avg,IND_sd,IND_r1,IND_kr,IND_sk
instances/A1/symmetric/10.2.in,0.4744712078,0.0976700596,0.7304495880,2.2881982303,-0.1847611037,0.1333678667,0.0785372760,1.0627483006,2.3462701445,0.4989386080,0.3921609255,0.0296584236,-0.2773397241,2.4898415800,-0.4489146796,0.1848916516,0.0397652218,0.0378393281,2.8629883322,-0.4602624909
