Instance,INF_avg,INF_sd,INF_r1,INF_kr,INF_sk,SUP_avg,SUP_sd,SUP_r1,SUP_kr,SUP_sk,INC_avg,INC_sd,INC_r1,INC_kr,INC_sk,IND_avg,IND_sd,IND_r1,IND_kr,IND_sk
instances/A1/symmetric/200.6.in,0.2690000000,0.0247790234,-0.2000897263,2.7543050855,0.9476598139,0.1860000000,0.0162480768,0.8118279570,1.4421487603,0.3804646085,0.5450000000,0.0181659021,-0.7692307692,1.8939393939,-0.5504818826,0.0660000000,0.0274590604,-0.2104072398,2.3496295619,0.7975219799
