Instance,INF_avg,INF_sd,INF_r1,INF_kr,INF_sk,SUP_avg,SUP_sd,SUP_r1,SUP_kr,SUP_sk,INC_avg,INC_sd,INC_r1,INC_kr,INC_sk,IND_avg,IND_sd,IND_r1,IND_kr,IND_sk
instances/A2/asymmetric/100.2.in,0.5656250000,0.1503524505,0.9980849013,3.2177204673,0.4713652746,0.0650000000,0.0519615242,0.6945543048,3.6113683128,1.1894484712,0.3693750000,0.1143442582,0.9436107711,3.9435242023,-0.9704287933,0.1437500000,0.0410601693,0.4975216180,4.3556179520,0.2669628172
