Instance,INF_avg,INF_sd,INF_r1,INF_kr,INF_sk,SUP_avg,SUP_sd,SUP_r1,SUP_kr,SUP_sk,INC_avg,INC_sd,INC_r1,INC_kr,INC_sk,IND_avg,IND_sd,IND_r1,IND_kr,IND_sk
instances/A1/asymmetric/200.2.in,0.2200000000,0.0510881591,0.6947040498,1.8053904082,-0.6474046673,0.1655000000,0.0248445165,-0.4746403581,2.9208548086,0.7718477714,0.6145000000,0.0525095229,0.5757676872,2.5161369056,0.8795886482,0.0965000000,0.0202546291,-0.3275044640,3.0215434696,1.2531497846
