Instance,INF_avg,INF_sd,INF_r1,INF_kr,INF_sk,SUP_avg,SUP_sd,SUP_r1,SUP_kr,SUP_sk,INC_avg,INC_sd,INC_r1,INC_kr,INC_sk,IND_avg,IND_sd,IND_r1,IND_kr,IND_sk
instances/A2/symmetric/50.6.in,0.4320000000,0.0297657521,-0.2234649623,2.1584339283,0.2777898233,0.1500000000,0.0100000000,-0.6315789474,2.0500000000,0.0000000000,0.4180000000,0.0347275107,-0.3408562894,2.6055749445,-0.8167353058,0.0730000000,0.0081240384,0.1277258567,2.2685950413,-0.1790421687
