Instance,INF_avg,INF_sd,INF_r1,INF_kr,INF_sk,SUP_avg,SUP_sd,SUP_r1,SUP_kr,SUP_sk,INC_avg,INC_sd,INC_r1,INC_kr,INC_sk,IND_avg,IND_sd,IND_r1,IND_kr,IND_sk
instances/A3/asymmetric/200.4.in,0.2745000000,0.0261199158,-0.2129856563,2.0561394176,-0.2589180179,0.1455000000,0.0219601913,-0.1315300434,1.9033859073,-0.0033993364,0.5800000000,0.0224722051,0.3636363636,1.8287422802,0.2709617902,0.0955000000,0.0158823802,0.2426522219,2.8723225362,0.0209668179
