Instance,INF_avg,INF_sd,INF_r1,INF_kr,INF_sk,SUP_avg,SUP_sd,SUP_r1,SUP_kr,SUP_sk,INC_avg,INC_sd,INC_r1,INC_kr,INC_sk,IND_avg,IND_sd,IND_r1,IND_kr,IND_sk
instances/A1/symmetric/50.5.in,0.2965000000,0.0467787345,0.2907552701,2.4381424402,0.3246956059,0.2081000000,0.0333600060,0.3020093188,3.7644770881,-0.2645629339,0.4954000000,0.0448646854,0.4109780156,2.9649501858,-0.6365671456,0.0688000000,0.0151512376,0.5411586168,2.2314903750,-0.3441102247
