Instance,INF_avg,INF_sd,INF_r1,INF_kr,INF_sk,SUP_avg,SUP_sd,SUP_r1,SUP_kr,SUP_sk,INC_avg,INC_sd,INC_r1,INC_kr,INC_sk,IND_avg,IND_sd,IND_r1,IND_kr,IND_sk
instances/A1/asymmetric/10.1.in,0.7333333333,0.0148148148,-0.2500000000,3.2500000000,-1.5000000000,0.0740740741,0.0523782801,0.6666666667,1.7000000000,0.0000000000,0.1925925926,0.0637209279,0.7126436782,1.9945215486,0.3958703373,0.1925925926,0.0544331054,-0.9594594595,2.8127572016,1.1642636432
