Instance,INF_avg,INF_sd,INF_r1,INF_kr,INF_sk,SUP_avg,SUP_sd,SUP_r1,SUP_kr,SUP_sk,INC_avg,INC_sd,INC_r1,INC_kr,INC_sk,IND_avg,IND_sd,IND_r1,IND_kr,IND_sk
instances/A3/asymmetric/8.4.in,0.3208333333,0.2012547446,0.3625562349,1.4831463585,0.2266463789,0.2333333333,0.1490711985,0.3239436620,2.7150000000,0.3242298567,0.4458333333,0.1140327682,-0.4568370987,1.5929115991,0.4134930568,0.4625000000,0.0535218024,0.7704918033,1.6611570248,-0.7643444179
