Instance,INF_avg,INF_sd,INF_r1,INF_kr,INF_sk,SUP_avg,SUP_sd,SUP_r1,SUP_kr,SUP_sk,INC_avg,INC_sd,INC_r1,INC_kr,INC_sk,IND_avg,IND_sd,IND_r1,IND_kr,IND_sk
instances/A3/asymmetric/5.6.in,0.4796296296,0.1228379552,0.3058245151,1.9924524793,-0.5031813189,0.1265432099,0.1249904737,0.2306231003,1.4815020821,0.2484983119,0.3938271605,0.0350821537,-0.1247969387,2.4865157339,-0.7418932784,0.4228395062,0.1108776697,0.2266410743,2.1995297490,0.3684008011
