Instance,INF_avg,INF_sd,INF_r1,INF_kr,INF_sk,SUP_avg,SUP_sd,SUP_r1,SUP_kr,SUP_sk,INC_avg,INC_sd,INC_r1,INC_kr,INC_sk,IND_avg,IND_sd,IND_r1,IND_kr,IND_sk
instances/A3/asymmetric/8.4.in,0.1181818182,0.0609083371,-0.1898016997,1.5393833938,0.4788000737,0.1075757576,0.0255337872,-0.7551963048,2.0052073001,0.7672292692,0.7742424242,0.0534399760,-0.1163304780,1.7211179578,0.0180507234,0.2454545455,0.0492365964,0.4577685089,1.7649793388,-0.4937647309
