Instance,INF_avg,INF_sd,INF_r1,INF_kr,INF_sk,SUP_avg,SUP_sd,SUP_r1,SUP_kr,SUP_sk,INC_avg,INC_sd,INC_r1,INC_kr,INC_sk,IND_avg,IND_sd,IND_r1,IND_kr,IND_sk
instances/A2/asymmetric/50.2.in,0.4904000000,0.0324936917,0.2959202915,3.1413631451,-0.0200265013,0.1484000000,0.0317716855,0.3188352249,2.8251461411,0.4810924021,0.3612000000,0.0267686384,0.0901543784,1.9721161975,0.0093140543,0.0482000000,0.0093680307,0.3681789399,2.3548398757,-0.2739976700
