Instance,INF_avg,INF_sd,INF_r1,INF_kr,INF_sk,SUP_avg,SUP_sd,SUP_r1,SUP_kr,SUP_sk,INC_avg,INC_sd,INC_r1,INC_kr,INC_sk,IND_avg,IND_sd,IND_r1,IND_kr,IND_sk
instances/A3/asymmetric/10.3.in,0.1381449826,0.0646939413,0.0372365600,1.9526661493,-0.0046117900,0.1762079484,0.0263407846,0.2957870487,1.4661331475,0.1934012868,0.6856470690,0.0571676649,-0.2786229174,3.3397307910,-0.8225576813,0.2057728280,0.0225995745,-0.2774891444,3.1246974434,0.0022763125
