Instance,INF_avg,INF_sd,INF_r1,INF_kr,INF_sk,SUP_avg,SUP_sd,SUP_r1,SUP_kr,SUP_sk,INC_avg,INC_sd,INC_r1,INC_kr,INC_sk,IND_avg,IND_sd,IND_r1,IND_kr,IND_sk
instances/A3/asymmetric/10.3.in,0.1756643357,0.0446719067,-1.0698618536,2.5199935499,0.2594757310,0.1637062937,0.0169317437,-0.5480097585,1.9632560061,0.6684105353,0.6606293706,0.0602449074,-1.0071612399,2.4914585680,-0.4361525935,0.2169230769,0.0171315827,-0.4294529000,2.9756276015,1.2280874634
