Instance,INF_avg,INF_sd,INF_r1,INF_kr,INF_sk,SUP_avg,SUP_sd,SUP_r1,SUP_kr,SUP_sk,INC_avg,INC_sd,INC_r1,INC_kr,INC_sk,IND_avg,IND_sd,IND_r1,IND_kr,IND_sk
instances/A2/asymmetric/10.6.in,0.5044117647,0.0579195242,-0.6071708157,1.3580199834,0.4142439093,0.1929411765,0.0601425642,-0.1269176221,1.4157708536,0.1922362238,0.3026470588,0.0371730266,0.0905237318,2.9939024412,1.3053461478,0.1229411765,0.0151292014,0.2007377805,2.3520438158,0.1053131590
