Instance,INF_avg,INF_sd,INF_r1,INF_kr,INF_sk,SUP_avg,SUP_sd,SUP_r1,SUP_kr,SUP_sk,INC_avg,INC_sd,INC_r1,INC_kr,INC_sk,IND_avg,IND_sd,IND_r1,IND_kr,IND_sk
instances/A3/asymmetric/20.1.in,0.1486046512,0.0714332147,0.5073706765,2.5662345987,0.3681572723,0.2316279070,0.0763766746,0.6642676594,2.2559112698,0.4627200411,0.6197674419,0.0541418624,0.5251300914,2.2741656074,-0.0857297980,0.0744186047,0.0158924182,0.4882820813,2.0559262732,0.1235587438
