Instance,INF_avg,INF_sd,INF_r1,INF_kr,INF_sk,SUP_avg,SUP_sd,SUP_r1,SUP_kr,SUP_sk,INC_avg,INC_sd,INC_r1,INC_kr,INC_sk,IND_avg,IND_sd,IND_r1,IND_kr,IND_sk
instances/A1/symmetric/200.6.in,0.4707000000,0.1631747836,0.8857282368,3.8246130417,1.3342673409,0.1652000000,0.0698209138,0.8752072491,2.8182398782,-0.8267665868,0.3641000000,0.0984870042,0.8493272030,4.3235469376,-1.4562254837,0.0596000000,0.0143471251,0.5157880241,2.4007889940,0.0040877523
