Instance,INF_avg,INF_sd,INF_r1,INF_kr,INF_sk,SUP_avg,SUP_sd,SUP_r1,SUP_kr,SUP_sk,INC_avg,INC_sd,INC_r1,INC_kr,INC_sk,IND_avg,IND_sd,IND_r1,IND_kr,IND_sk
instances/A3/asymmetric/8.6.in,0.2654882155,0.1694435872,0.5044086958,1.8232600229,0.2138368755,0.1186868687,0.0607732449,0.6258562233,2.0841866072,0.1526908468,0.6158249158,0.1170197164,0.3133844674,1.5977241862,-0.2382374230,0.2121212121,0.0279197474,0.1244755245,1.9475411858,-0.5864363817
