Instance,INF_avg,INF_sd,INF_r1,INF_kr,INF_sk,SUP_avg,SUP_sd,SUP_r1,SUP_kr,SUP_sk,INC_avg,INC_sd,INC_r1,INC_kr,INC_sk,IND_avg,IND_sd,IND_r1,IND_kr,IND_sk
instances/A3/symmetric/10.2.in,0.4776306047,0.0702442515,0.6936852053,1.3641321826,-0.3673224470,0.0933787346,0.0126809479,0.5363657784,1.8996239470,-0.0975590631,0.4289906608,0.0582575566,0.6701903628,1.3020714104,0.4095447104,0.1941648765,0.0170503536,0.5753247935,1.8030367321,0.6156732485
