Instance,INF_avg,INF_sd,INF_r1,INF_kr,INF_sk,SUP_avg,SUP_sd,SUP_r1,SUP_kr,SUP_sk,INC_avg,INC_sd,INC_r1,INC_kr,INC_sk,IND_avg,IND_sd,IND_r1,IND_kr,IND_sk
instances/A3/asymmetric/50.3.in,0.3560000000,0.0364554523,-0.1020392806,2.9634274145,0.4909668857,0.1440000000,0.0220000000,0.1510821601,2.7787207158,0.9793388430,0.5000000000,0.0409878031,-0.2634730539,2.6783056973,0.1862487862,0.0840000000,0.0156204994,0.3790426908,2.2346479441,0.0086582316
