Instance,INF_avg,INF_sd,INF_r1,INF_kr,INF_sk,SUP_avg,SUP_sd,SUP_r1,SUP_kr,SUP_sk,INC_avg,INC_sd,INC_r1,INC_kr,INC_sk,IND_avg,IND_sd,IND_r1,IND_kr,IND_sk
instances/A3/asymmetric/8.2.in,0.4306249306,0.1797238169,0.6828550035,1.4313232124,0.0694377234,0.1738594739,0.0732516906,-0.0626717766,3.2020081494,0.6160979747,0.3955155955,0.1453753296,0.7484417704,1.7313060193,0.4761328715,0.1997224997,0.0402030787,-0.2576217307,2.3734239175,0.0998621003
