Instance,INF_avg,INF_sd,INF_r1,INF_kr,INF_sk,SUP_avg,SUP_sd,SUP_r1,SUP_kr,SUP_sk,INC_avg,INC_sd,INC_r1,INC_kr,INC_sk,IND_avg,IND_sd,IND_r1,IND_kr,IND_sk
instances/A2/asymmetric/20.1.in,0.5438915524,0.0311683892,0.5018669804,2.0183139788,-0.2010214650,0.2086482810,0.0197175696,0.4823889244,1.4776459484,-0.3251683004,0.2474601666,0.0147720367,0.1609766368,2.1755751773,0.7193734913,0.0368214625,0.0078282798,0.2009954667,1.6391108039,-0.0442212187
