Instance,INF_avg,INF_sd,INF_r1,INF_kr,INF_sk,SUP_avg,SUP_sd,SUP_r1,SUP_kr,SUP_sk,INC_avg,INC_sd,INC_r1,INC_kr,INC_sk,IND_avg,IND_sd,IND_r1,IND_kr,IND_sk
instances/A1/asymmetric/8.5.in,0.4338624339,0.0923955289,0.1756011794,2.1395208709,-0.0285696988,0.1879527880,0.0521576063,0.4780645286,3.3900251217,1.1511842137,0.3781847782,0.0966271254,0.2467149097,3.4339108857,1.0256489868,0.1905168905,0.0586735096,0.4438040598,1.4578474861,0.3242606610
