Instance,INF_avg,INF_sd,INF_r1,INF_kr,INF_sk,SUP_avg,SUP_sd,SUP_r1,SUP_kr,SUP_sk,INC_avg,INC_sd,INC_r1,INC_kr,INC_sk,IND_avg,IND_sd,IND_r1,IND_kr,IND_sk
instances/A2/asymmetric/8.6.in,0.5762006512,0.0868716889,0.3459026286,1.3282503326,0.2239503326,0.1487179487,0.0715742126,0.1624175273,3.0427691788,-0.4587907206,0.2750814001,0.0708344425,0.6196857470,1.7783230393,-0.2797633675,0.2231074481,0.0699661933,0.4821805322,3.2259152838,0.6328760187
