Instance,INF_avg,INF_sd,INF_r1,INF_kr,INF_sk,SUP_avg,SUP_sd,SUP_r1,SUP_kr,SUP_sk,INC_avg,INC_sd,INC_r1,INC_kr,INC_sk,IND_avg,IND_sd,IND_r1,IND_kr,IND_sk
instances/A2/symmetric/5.3.in,0.4191358025,0.0821150081,-0.4013126725,2.0918241400,0.6390987689,0.1141975309,0.1238419917,-0.1338312629,1.7323799236,0.5584129572,0.4666666667,0.0822772589,0.5908440629,2.3339446236,0.4238106233,0.4543209877,0.0923989745,0.1572096082,2.0391649096,0.3701363561
