Instance,INF_avg,INF_sd,INF_r1,INF_kr,INF_sk,SUP_avg,SUP_sd,SUP_r1,SUP_kr,SUP_sk,INC_avg,INC_sd,INC_r1,INC_kr,INC_sk,IND_avg,IND_sd,IND_r1,IND_kr,IND_sk
instances/A1/asymmetric/20.6.in,0.7058331806,0.0470234045,0.4745950126,1.9446457808,-0.0419917354,0.0945437521,0.0228390827,0.4422763810,1.5133682758,0.3215328115,0.1996230673,0.0296541727,-0.1318703218,2.4961120920,0.3961205572,0.0743805820,0.0061905613,0.5428275027,1.5474819570,0.0495392297
