Instance,INF_avg,INF_sd,INF_r1,INF_kr,INF_sk,SUP_avg,SUP_sd,SUP_r1,SUP_kr,SUP_sk,INC_avg,INC_sd,INC_r1,INC_kr,INC_sk,IND_avg,IND_sd,IND_r1,IND_kr,IND_sk
instances/A1/asymmetric/8.3.in,0.6114285714,0.0797729203,-0.2771925807,1.6114988513,0.3268766897,0.0952380952,0.0351220741,-0.6346153846,1.2153979239,0.4306707618,0.2933333333,0.0679869268,-0.0714285714,1.9556213018,0.2715454179,0.2571428571,0.0295084445,-0.1276595745,2.9947916667,-1.2506508722
