Instance,INF_avg,INF_sd,INF_r1,INF_kr,INF_sk,SUP_avg,SUP_sd,SUP_r1,SUP_kr,SUP_sk,INC_avg,INC_sd,INC_r1,INC_kr,INC_sk,IND_avg,IND_sd,IND_r1,IND_kr,IND_sk
instances/A2/symmetric/8.5.in,0.6076190476,0.0269643251,-0.4389901823,2.3754586635,-0.7292424337,0.0845714286,0.0235636832,-0.2783103339,2.2405727286,-0.0759076590,0.3078095238,0.0210249824,-0.7124532875,1.3356808645,-0.2591509699,0.2152380952,0.0314372282,-0.0637049455,2.1061764573,-0.8562586086
