Instance,INF_avg,INF_sd,INF_r1,INF_kr,INF_sk,SUP_avg,SUP_sd,SUP_r1,SUP_kr,SUP_sk,INC_avg,INC_sd,INC_r1,INC_kr,INC_sk,IND_avg,IND_sd,IND_r1,IND_kr,IND_sk
instances/A1/symmetric/20.4.in,0.5233135864,0.0386045737,-0.0977408885,1.9125356577,-0.4031454395,0.1191580432,0.0414363257,-0.0528807459,2.5531117955,0.7984981587,0.3575283705,0.0400943734,0.4996593290,1.8533279812,0.5665061034,0.0504672981,0.0058201377,0.1194554004,1.4042947751,-0.1951693797
