Instance,INF_avg,INF_sd,INF_r1,INF_kr,INF_sk,SUP_avg,SUP_sd,SUP_r1,SUP_kr,SUP_sk,INC_avg,INC_sd,INC_r1,INC_kr,INC_sk,IND_avg,IND_sd,IND_r1,IND_kr,IND_sk
instances/A1/symmetric/20.4.in,0.5152578047,0.0338789673,-0.0360944938,2.1203859253,0.0482958771,0.1252979528,0.0373505531,-0.2345509873,2.2297626278,0.3791976403,0.3594442425,0.0361274184,0.4006193892,1.8489058277,0.3291287334,0.0480255778,0.0062173397,-0.2257989825,1.7617288014,0.0945184761
