Instance,INF_avg,INF_sd,INF_r1,INF_kr,INF_sk,SUP_avg,SUP_sd,SUP_r1,SUP_kr,SUP_sk,INC_avg,INC_sd,INC_r1,INC_kr,INC_sk,IND_avg,IND_sd,IND_r1,IND_kr,IND_sk
instances/A2/asymmetric/5.3.in,0.3351851852,0.1457443879,1.1542745269,3.3348932884,-1.2733773721,0.3228395062,0.1740828297,-0.1629189794,3.1412602266,0.2312482425,0.3419753086,0.1286766854,-0.1760392949,2.5645441570,1.0009128647,0.3864197531,0.1574425040,-0.0409502873,5.4237053763,1.8580872135
