Instance,INF_avg,INF_sd,INF_r1,INF_kr,INF_sk,SUP_avg,SUP_sd,SUP_r1,SUP_kr,SUP_sk,INC_avg,INC_sd,INC_r1,INC_kr,INC_sk,IND_avg,IND_sd,IND_r1,IND_kr,IND_sk
instances/A1/asymmetric/10.4.in,0.5464852608,0.0303590774,-0.8126874489,1.2297032476,-0.2143706911,0.1048526077,0.0381938040,-0.5482460139,2.8701292124,1.1629791416,0.3486621315,0.0255669714,-0.0040383761,2.0518557863,0.0460452949,0.1441269841,0.0222312907,0.1734417344,2.0478818104,0.0427697756
