Instance,INF_avg,INF_sd,INF_r1,INF_kr,INF_sk,SUP_avg,SUP_sd,SUP_r1,SUP_kr,SUP_sk,INC_avg,INC_sd,INC_r1,INC_kr,INC_sk,IND_avg,IND_sd,IND_r1,IND_kr,IND_sk
instances/A2/symmetric/200.6.in,0.3238000000,0.0359799944,0.5373191863,2.2798806994,-0.4074401952,0.1848000000,0.0229120056,-0.1637343936,2.8117227503,0.1105750379,0.4914000000,0.0400629505,0.3882612629,3.7832334787,0.1555315351,0.0708000000,0.0137608139,-0.4127385198,2.9343714242,0.4202340807
