Instance,INF_avg,INF_sd,INF_r1,INF_kr,INF_sk,SUP_avg,SUP_sd,SUP_r1,SUP_kr,SUP_sk,INC_avg,INC_sd,INC_r1,INC_kr,INC_sk,IND_avg,IND_sd,IND_r1,IND_kr,IND_sk
instances/A2/asymmetric/10.2.in,0.5474183007,0.0613347765,0.3207017403,2.0443172431,-0.5299427957,0.2183006536,0.0370229853,0.0977138475,2.8997510802,-1.2266901846,0.2342810458,0.0437958977,-0.0984813157,2.5663525570,0.5799510286,0.1157516340,0.0184081808,0.2539985579,2.6116028590,1.0344041527
