Instance,INF_avg,INF_sd,INF_r1,INF_kr,INF_sk,SUP_avg,SUP_sd,SUP_r1,SUP_kr,SUP_sk,INC_avg,INC_sd,INC_r1,INC_kr,INC_sk,IND_avg,IND_sd,IND_r1,IND_kr,IND_sk
instances/A3/symmetric/8.5.in,0.4874745625,0.1543439831,0.9772797499,1.5281378436,-0.3124369115,0.1590964591,0.0706036500,0.4160577466,3.2350173358,-1.0577340235,0.3534289784,0.1101859665,0.8815008635,1.7732331371,0.2855497498,0.2485449735,0.0555859456,0.0552117124,3.6380454963,0.8331772337
