Instance,INF_avg,INF_sd,INF_r1,INF_kr,INF_sk,SUP_avg,SUP_sd,SUP_r1,SUP_kr,SUP_sk,INC_avg,INC_sd,INC_r1,INC_kr,INC_sk,IND_avg,IND_sd,IND_r1,IND_kr,IND_sk
instances/A3/symmetric/8.4.in,0.1757575758,0.1056702774,0.0353460972,2.5196069945,-0.2569607151,0.0830303030,0.0460606061,0.5755388369,2.5321961014,0.8663024858,0.7412121212,0.0788251660,-0.0382100332,2.4581804514,-0.7884549106,0.2952525253,0.0352980806,-0.1959768380,2.5765111188,1.0909801316
