Instance,INF_avg,INF_sd,INF_r1,INF_kr,INF_sk,SUP_avg,SUP_sd,SUP_r1,SUP_kr,SUP_sk,INC_avg,INC_sd,INC_r1,INC_kr,INC_sk,IND_avg,IND_sd,IND_r1,IND_kr,IND_sk
instances/A2/symmetric/5.2.in,0.4185185185,0.1051486635,-0.0238322212,1.5000000000,0.2587135314,0.2333333333,0.1699673171,-0.1379310345,1.5000000000,-0.5280049792,0.3481481481,0.0680917641,-0.5000000000,1.5000000000,0.7071067812,0.4481481481,0.0409087445,-0.5369863014,1.5000000000,0.1350615228
