Instance,INF_avg,INF_sd,INF_r1,INF_kr,INF_sk,SUP_avg,SUP_sd,SUP_r1,SUP_kr,SUP_sk,INC_avg,INC_sd,INC_r1,INC_kr,INC_sk,IND_avg,IND_sd,IND_r1,IND_kr,IND_sk
instances/A1/symmetric/20.2.in,0.5395386861,0.0590469983,0.8350570694,1.9327940196,-0.0881733353,0.0973395000,0.0283095439,0.7585819393,1.7648643875,0.5184641309,0.3631218139,0.0363018973,0.8320719804,2.2823216270,-0.5654465096,0.0540596414,0.0086436737,0.3647063278,1.7357854390,-0.0458680033
