Instance,INF_avg,INF_sd,INF_r1,INF_kr,INF_sk,SUP_avg,SUP_sd,SUP_r1,SUP_kr,SUP_sk,INC_avg,INC_sd,INC_r1,INC_kr,INC_sk,IND_avg,IND_sd,IND_r1,IND_kr,IND_sk
instances/A1/symmetric/20.2.in,0.4936781609,0.0328108969,0.2615233737,1.9543650503,-0.5660394956,0.1167040898,0.0234573679,0.5495269650,1.7114826171,-0.2738926449,0.3896177493,0.0145949776,-0.2328286958,2.6645146944,0.9778673033,0.0590858059,0.0066314172,-0.6932742077,1.3226830945,-0.3306853393
