Instance,INF_avg,INF_sd,INF_r1,INF_kr,INF_sk,SUP_avg,SUP_sd,SUP_r1,SUP_kr,SUP_sk,INC_avg,INC_sd,INC_r1,INC_kr,INC_sk,IND_avg,IND_sd,IND_r1,IND_kr,IND_sk
instances/A2/asymmetric/100.4.in,0.3497000000,0.0497936743,0.2661289846,4.5269900516,-0.8474154168,0.1740000000,0.0295296461,0.4319373643,1.9163343784,0.1991079450,0.4763000000,0.0435523823,0.3079810951,5.4499858700,1.3102162631,0.0749000000,0.0131715603,0.4587985316,2.7606072214,0.3433269134
