Instance,INF_avg,INF_sd,INF_r1,INF_kr,INF_sk,SUP_avg,SUP_sd,SUP_r1,SUP_kr,SUP_sk,INC_avg,INC_sd,INC_r1,INC_kr,INC_sk,IND_avg,IND_sd,IND_r1,IND_kr,IND_sk
instances/A1/symmetric/20.6.in,0.5312509734,0.0422765049,0.7063468630,1.7388401081,-0.5495746566,0.1151995141,0.0283734179,0.5681519404,1.6914219222,0.4412757969,0.3535495125,0.0149199760,0.7970779368,1.7195187998,0.5547240499,0.0674391801,0.0124591744,0.4427935946,1.9995277067,-0.2597408522
