Instance,INF_avg,INF_sd,INF_r1,INF_kr,INF_sk,SUP_avg,SUP_sd,SUP_r1,SUP_kr,SUP_sk,INC_avg,INC_sd,INC_r1,INC_kr,INC_sk,IND_avg,IND_sd,IND_r1,IND_kr,IND_sk
instances/A1/symmetric/20.6.in,0.5022287637,0.0349936961,0.3654481965,1.2518498567,0.1823721845,0.1337959069,0.0240520459,0.2615749211,1.5391547386,-0.3411783983,0.3639753294,0.0122949617,0.4990316868,1.7646154960,-0.3200636220,0.0639192599,0.0147820583,0.6387230815,1.6175045961,0.2918442125
