Instance,INF_avg,INF_sd,INF_r1,INF_kr,INF_sk,SUP_avg,SUP_sd,SUP_r1,SUP_kr,SUP_sk,INC_avg,INC_sd,INC_r1,INC_kr,INC_sk,IND_avg,IND_sd,IND_r1,IND_kr,IND_sk
instances/A1/asymmetric/100.1.in,0.3050000000,0.0466904701,0.2958715596,1.7652659709,0.1186321494,0.2070000000,0.0192613603,-0.0530005609,2.1093060934,0.2821172640,0.4880000000,0.0416052881,0.4410462542,1.4052936212,-0.0417391283,0.0740000000,0.0131909060,-0.5083440308,3.4655172414,0.9358589641
