Instance,INF_avg,INF_sd,INF_r1,INF_kr,INF_sk,SUP_avg,SUP_sd,SUP_r1,SUP_kr,SUP_sk,INC_avg,INC_sd,INC_r1,INC_kr,INC_sk,IND_avg,IND_sd,IND_r1,IND_kr,IND_sk
instances/A2/symmetric/50.1.in,0.7138915277,0.1480993253,0.9766140027,2.1608116697,-0.2741945108,0.0409110992,0.0540712951,0.8404729309,4.4164791598,1.5699879070,0.2451973731,0.1046787491,0.9954897842,2.1132858995,-0.3342410689,0.0472438059,0.0164311863,0.6148493065,3.7847736837,0.9905524025
