Instance,INF_avg,INF_sd,INF_r1,INF_kr,INF_sk,SUP_avg,SUP_sd,SUP_r1,SUP_kr,SUP_sk,INC_avg,INC_sd,INC_r1,INC_kr,INC_sk,IND_avg,IND_sd,IND_r1,IND_kr,IND_sk
instances/A2/asymmetric/5.1.in,0.4500000000,0.1319371343,-0.1517444304,1.4241361099,-0.5276888101,0.1888888889,0.0643102050,-0.8670309654,1.1963689018,-0.3365218792,0.3611111111,0.0929622252,0.0576923077,2.0216836735,0.0320150520,0.3611111111,0.0745355992,0.2000000000,1.6203703704,-0.1242259987
