Instance,INF_avg,INF_sd,INF_r1,INF_kr,INF_sk,SUP_avg,SUP_sd,SUP_r1,SUP_kr,SUP_sk,INC_avg,INC_sd,INC_r1,INC_kr,INC_sk,IND_avg,IND_sd,IND_r1,IND_kr,IND_sk
instances/A1/asymmetric/10.4.in,0.4781557067,0.0510158658,0.6242867449,2.3947208364,0.6478642209,0.1389896699,0.0731822050,0.8960186195,1.7383397463,0.5597440895,0.3828546233,0.0397561685,0.3818399770,1.6469589566,0.0234627816,0.1714789620,0.0382420536,0.0111008547,1.7811665673,-0.0115000420
