Instance,INF_avg,INF_sd,INF_r1,INF_kr,INF_sk,SUP_avg,SUP_sd,SUP_r1,SUP_kr,SUP_sk,INC_avg,INC_sd,INC_r1,INC_kr,INC_sk,IND_avg,IND_sd,IND_r1,IND_kr,IND_sk
instances/A1/asymmetric/8.6.in,0.4396336996,0.0518417391,-0.1630680387,2.1855924662,0.3005516613,0.2155311355,0.0396624651,-0.2938450252,1.8864810282,-0.2769866331,0.3448351648,0.0435941143,0.0147717339,1.4334123262,-0.0653179659,0.2481318681,0.0299001635,-0.3560706621,3.2089820746,1.4706878008
