Instance,INF_avg,INF_sd,INF_r1,INF_kr,INF_sk,SUP_avg,SUP_sd,SUP_r1,SUP_kr,SUP_sk,INC_avg,INC_sd,INC_r1,INC_kr,INC_sk,IND_avg,IND_sd,IND_r1,IND_kr,IND_sk
instances/A2/asymmetric/50.6.in,0.3679500000,0.0758488464,0.7809414427,3.5977145636,-0.9355394779,0.2323000000,0.0589212186,0.8059375840,2.3397885523,0.4386570279,0.3997500000,0.0338922926,0.4470673638,4.1707971104,0.9460882986,0.0563500000,0.0133389467,0.2880113828,2.3687263637,0.0413687872
