Instance,INF_avg,INF_sd,INF_r1,INF_kr,INF_sk,SUP_avg,SUP_sd,SUP_r1,SUP_kr,SUP_sk,INC_avg,INC_sd,INC_r1,INC_kr,INC_sk,IND_avg,IND_sd,IND_r1,IND_kr,IND_sk
instances/A2/asymmetric/50.1.in,0.4865000000,0.0236696008,-0.0213454413,2.2885049046,-0.2836912843,0.1720000000,0.0246170673,-0.3324066720,1.6061660622,-0.1604778916,0.3415000000,0.0209821353,-0.3182620580,3.2581563248,0.9177922060,0.0440000000,0.0043588989,-0.3218390805,2.6786703601,-0.5071295170
