Instance,INF_avg,INF_sd,INF_r1,INF_kr,INF_sk,SUP_avg,SUP_sd,SUP_r1,SUP_kr,SUP_sk,INC_avg,INC_sd,INC_r1,INC_kr,INC_sk,IND_avg,IND_sd,IND_r1,IND_kr,IND_sk
instances/A2/symmetric/5.2.in,0.4188888889,0.0988576730,-0.2228538710,2.4362829033,-0.4633015139,0.0777777778,0.0666666667,-0.6959064327,1.3981481481,-0.1111111111,0.5033333333,0.1008360116,-0.9582465815,1.9015153624,-0.6943409311,0.4200000000,0.1568832231,0.0046700316,1.8366691551,-0.4439919980
