Instance,INF_avg,INF_sd,INF_r1,INF_kr,INF_sk,SUP_avg,SUP_sd,SUP_r1,SUP_kr,SUP_sk,INC_avg,INC_sd,INC_r1,INC_kr,INC_sk,IND_avg,IND_sd,IND_r1,IND_kr,IND_sk
instances/A2/symmetric/5.5.in,0.3253086420,0.1355806269,0.3824344656,2.5598759769,-0.1334895248,0.1888888889,0.0896189158,0.3628546862,3.0566300891,-0.5747523453,0.4858024691,0.0746786031,0.1494264263,2.8832819912,-0.3381113096,0.3092592593,0.0521814919,0.4003172924,2.4828626538,0.5662990867
