Instance,INF_avg,INF_sd,INF_r1,INF_kr,INF_sk,SUP_avg,SUP_sd,SUP_r1,SUP_kr,SUP_sk,INC_avg,INC_sd,INC_r1,INC_kr,INC_sk,IND_avg,IND_sd,IND_r1,IND_kr,IND_sk
instances/A3/symmetric/100.2.in,0.3264000000,0.0467444114,0.7640617126,1.9163838337,0.0141483309,0.1100000000,0.0211660105,0.3626126126,3.8763552296,-0.5504951309,0.5636000000,0.0418931975,0.6901015461,1.9885775589,0.2328335880,0.0824000000,0.0189799895,0.0361060938,2.2237271533,0.6716706117
