Instance,INF_avg,INF_sd,INF_r1,INF_kr,INF_sk,SUP_avg,SUP_sd,SUP_r1,SUP_kr,SUP_sk,INC_avg,INC_sd,INC_r1,INC_kr,INC_sk,IND_avg,IND_sd,IND_r1,IND_kr,IND_sk
instances/A3/asymmetric/50.6.in,0.5753651369,0.1594256056,0.9429971485,3.1635238436,0.8672478546,0.0438571429,0.0335960396,0.7454854440,4.6757473612,1.0473241048,0.3807777203,0.1336425559,0.9511903841,3.4006568788,-1.1443871232,0.0657797441,0.0173985272,0.5962500488,2.6312663285,-0.0816333017
