Instance,INF_avg,INF_sd,INF_r1,INF_kr,INF_sk,SUP_avg,SUP_sd,SUP_r1,SUP_kr,SUP_sk,INC_avg,INC_sd,INC_r1,INC_kr,INC_sk,IND_avg,IND_sd,IND_r1,IND_kr,IND_sk
instances/A3/asymmetric/50.6.in,0.5587822776,0.1418936287,0.9232082411,3.4905792295,0.8395044059,0.0458208955,0.0330038104,0.7279152490,4.8272507428,1.0805435602,0.3953968269,0.1169143960,0.9286037432,3.8264058627,-1.1850532514,0.0670051957,0.0167567363,0.5467822898,2.8510534741,-0.1123902532
