Instance,INF_avg,INF_sd,INF_r1,INF_kr,INF_sk,SUP_avg,SUP_sd,SUP_r1,SUP_kr,SUP_sk,INC_avg,INC_sd,INC_r1,INC_kr,INC_sk,IND_avg,IND_sd,IND_r1,IND_kr,IND_sk
instances/A2/asymmetric/8.1.in,0.6255596256,0.0625640782,0.0019115523,2.8922511654,-0.3366428171,0.1113960114,0.0596179887,0.2123191676,2.3328526372,-0.1332980207,0.2630443630,0.0422743155,0.2312440375,2.1093320556,-0.1006410863,0.1865282865,0.0507354372,0.5294046789,1.9550829167,0.4021703545
