Instance,INF_avg,INF_sd,INF_r1,INF_kr,INF_sk,SUP_avg,SUP_sd,SUP_r1,SUP_kr,SUP_sk,INC_avg,INC_sd,INC_r1,INC_kr,INC_sk,IND_avg,IND_sd,IND_r1,IND_kr,IND_sk
instances/A1/asymmetric/8.3.in,0.5229166667,0.1086333985,0.7552426299,3.2469367822,0.6410935457,0.0791666667,0.0739509973,0.5849930523,1.5941647770,0.3037189258,0.3979166667,0.0879699680,0.0927030250,1.7374980694,-0.0981030000,0.3458333333,0.1650967730,0.2525974566,2.2182916143,0.9928070229
