Instance,INF_avg,INF_sd,INF_r1,INF_kr,INF_sk,SUP_avg,SUP_sd,SUP_r1,SUP_kr,SUP_sk,INC_avg,INC_sd,INC_r1,INC_kr,INC_sk,IND_avg,IND_sd,IND_r1,IND_kr,IND_sk
instances/A1/symmetric/8.1.in,0.4124137931,0.0187098758,-0.0548271752,2.8158081285,1.2332237528,0.1040459770,0.0276809102,-0.3061498274,1.3296103407,0.0649384565,0.4835402299,0.0250165647,-0.3127386999,1.7709291830,0.0545127775,0.2312183908,0.0158912941,-0.1173900041,3.0643278456,-1.3775098396
