Instance,INF_avg,INF_sd,INF_r1,INF_kr,INF_sk,SUP_avg,SUP_sd,SUP_r1,SUP_kr,SUP_sk,INC_avg,INC_sd,INC_r1,INC_kr,INC_sk,IND_avg,IND_sd,IND_r1,IND_kr,IND_sk
instances/A1/symmetric/8.1.in,0.3368628817,0.0924865807,0.8940614488,1.4626558889,-0.4536349076,0.1500592128,0.0747616032,0.4183229374,4.2825034563,1.3843895140,0.5130779055,0.0563909068,-0.3617734294,2.0279100926,0.6281294558,0.2321583653,0.0345003368,0.2129860498,3.7267559532,-1.2086833626
