Instance,INF_avg,INF_sd,INF_r1,INF_kr,INF_sk,SUP_avg,SUP_sd,SUP_r1,SUP_kr,SUP_sk,INC_avg,INC_sd,INC_r1,INC_kr,INC_sk,IND_avg,IND_sd,IND_r1,IND_kr,IND_sk
instances/A2/asymmetric/20.2.in,0.4791924495,0.0442647929,0.2617327816,2.1660345528,-0.4268542428,0.2494818148,0.0357524986,0.1634418001,2.3823320103,0.5451788035,0.2713257357,0.0092602694,0.5672918333,1.3471217965,-0.0191550981,0.0759565993,0.0144474101,0.7260398417,2.4023065579,-0.7618188030
