Instance,INF_avg,INF_sd,INF_r1,INF_kr,INF_sk,SUP_avg,SUP_sd,SUP_r1,SUP_kr,SUP_sk,INC_avg,INC_sd,INC_r1,INC_kr,INC_sk,IND_avg,IND_sd,IND_r1,IND_kr,IND_sk
instances/A3/asymmetric/200.6.in,0.3518987342,0.1595966113,0.6751143954,4.4806033380,1.0934779024,0.0740506329,0.0724178974,0.4491714997,2.4792481775,0.6752046488,0.5740506329,0.1416138357,0.4554348707,3.7416434768,-0.8041098342,0.3727848101,0.1113204601,0.2409320529,2.2188442974,-0.2028107887
