Instance,INF_avg,INF_sd,INF_r1,INF_kr,INF_sk,SUP_avg,SUP_sd,SUP_r1,SUP_kr,SUP_sk,INC_avg,INC_sd,INC_r1,INC_kr,INC_sk,IND_avg,IND_sd,IND_r1,IND_kr,IND_sk
instances/A3/asymmetric/200.5.in,0.2748148148,0.0813938923,0.1446597338,2.5535355809,0.6655730835,0.0977777778,0.0449965705,-0.0937157872,2.3714098751,-0.0761274518,0.6274074074,0.0744656318,0.0355429906,2.1168428237,-0.4041706863,0.2266666667,0.0480740170,0.2589552239,2.2855029586,0.2133462293
