Instance,INF_avg,INF_sd,INF_r1,INF_kr,INF_sk,SUP_avg,SUP_sd,SUP_r1,SUP_kr,SUP_sk,INC_avg,INC_sd,INC_r1,INC_kr,INC_sk,IND_avg,IND_sd,IND_r1,IND_kr,IND_sk
instances/A1/symmetric/5.3.in,0.2419753086,0.1791634101,0.5307445982,1.4729978234,-0.4521240114,0.3149911817,0.1570285532,0.5700582484,2.4585183029,-0.8159447341,0.4430335097,0.1651051303,0.1770300676,1.2461899270,-0.2122457695,0.4945326279,0.0714965818,-0.5532441291,1.5311227932,0.3554195096
