Instance,INF_avg,INF_sd,INF_r1,INF_kr,INF_sk,SUP_avg,SUP_sd,SUP_r1,SUP_kr,SUP_sk,INC_avg,INC_sd,INC_r1,INC_kr,INC_sk,IND_avg,IND_sd,IND_r1,IND_kr,IND_sk
instances/A1/symmetric/200.3.in,0.2903000000,0.0290243002,0.0713382774,3.6728126556,0.1594783835,0.1845000000,0.0287271648,0.1334477992,1.9851042541,0.2547971636,0.5252000000,0.0338372576,-0.1048675263,2.7793035029,-0.1542753788,0.0817000000,0.0214151815,0.0173335476,2.4675833253,0.0986309598
