Instance,INF_avg,INF_sd,INF_r1,INF_kr,INF_sk,SUP_avg,SUP_sd,SUP_r1,SUP_kr,SUP_sk,INC_avg,INC_sd,INC_r1,INC_kr,INC_sk,IND_avg,IND_sd,IND_r1,IND_kr,IND_sk
instances/A3/asymmetric/200.3.in,0.2730000000,0.0503587132,0.3420377894,1.7487629243,0.2233503071,0.1505000000,0.0170953210,-0.3306393419,2.6615840786,0.6803296283,0.5765000000,0.0516260593,0.3035921318,1.4674279008,0.2946335324,0.0915000000,0.0167406690,0.0484723591,4.1766717782,-1.3326022354
