Instance,INF_avg,INF_sd,INF_r1,INF_kr,INF_sk,SUP_avg,SUP_sd,SUP_r1,SUP_kr,SUP_sk,INC_avg,INC_sd,INC_r1,INC_kr,INC_sk,IND_avg,IND_sd,IND_r1,IND_kr,IND_sk
instances/A2/symmetric/5.5.in,0.4790123457,0.0929540271,0.5531182848,1.5002147254,0.0522860529,0.1944444444,0.1207259705,0.4628099174,1.9251903114,-0.5928188208,0.3265432099,0.0680301806,0.2049225983,1.6148317622,-0.1787617652,0.3858024691,0.1090899854,0.4604022683,2.5995518583,0.9838319678
