Instance,INF_avg,INF_sd,INF_r1,INF_kr,INF_sk,SUP_avg,SUP_sd,SUP_r1,SUP_kr,SUP_sk,INC_avg,INC_sd,INC_r1,INC_kr,INC_sk,IND_avg,IND_sd,IND_r1,IND_kr,IND_sk
instances/A2/symmetric/5.5.in,0.4811111111,0.0801695734,0.4416747551,1.3665207806,0.5007473926,0.2277777778,0.1222222222,0.1909317804,2.6352878902,-1.0356874530,0.2911111111,0.0659779237,-0.2359446435,1.8153229442,0.6270395790,0.4311111111,0.1205747553,0.4430538173,1.2562618147,0.4495377033
