Instance,INF_avg,INF_sd,INF_r1,INF_kr,INF_sk,SUP_avg,SUP_sd,SUP_r1,SUP_kr,SUP_sk,INC_avg,INC_sd,INC_r1,INC_kr,INC_sk,IND_avg,IND_sd,IND_r1,IND_kr,IND_sk
instances/A3/symmetric/200.4.in,0.2940000000,0.0595734840,-0.0919564573,2.3820001443,0.0488255257,0.1685000000,0.0442747106,0.3255454301,2.7085749401,-0.2245432877,0.5375000000,0.0465429909,-0.4890756303,2.9810600978,0.7914801507,0.0715000000,0.0097596106,-0.2661356770,2.4374108748,0.1403825203
