Instance,INF_avg,INF_sd,INF_r1,INF_kr,INF_sk,SUP_avg,SUP_sd,SUP_r1,SUP_kr,SUP_sk,INC_avg,INC_sd,INC_r1,INC_kr,INC_sk,IND_avg,IND_sd,IND_r1,IND_kr,IND_sk
instances/A2/symmetric/200.5.in,0.3660500000,0.0399893423,0.3376525663,3.1483085175,0.0803028859,0.1824500000,0.0273541130,0.3815176991,2.2265456307,0.1179629874,0.4515000000,0.0316741219,-0.0016497643,2.7138131126,-0.1275448276,0.0685500000,0.0131775377,0.1665004724,3.1811388478,0.0206119622
