Instance,INF_avg,INF_sd,INF_r1,INF_kr,INF_sk,SUP_avg,SUP_sd,SUP_r1,SUP_kr,SUP_sk,INC_avg,INC_sd,INC_r1,INC_kr,INC_sk,IND_avg,IND_sd,IND_r1,IND_kr,IND_sk
instances/A2/asymmetric/10.2.in,0.7834586466,0.0405178754,-0.0243902439,5.1666666667,-2.0412414523,0.0075187970,0.0184172161,-0.0243902439,5.1666666667,2.0412414523,0.2090225564,0.0221006593,-0.0243902439,5.1666666667,2.0412414523,0.2443609023,0.0483079050,-0.9899665552,1.0933056438,0.2738460691
