Instance,INF_avg,INF_sd,INF_r1,INF_kr,INF_sk,SUP_avg,SUP_sd,SUP_r1,SUP_kr,SUP_sk,INC_avg,INC_sd,INC_r1,INC_kr,INC_sk,IND_avg,IND_sd,IND_r1,IND_kr,IND_sk
instances/A2/asymmetric/20.3.in,0.5912165426,0.0793852388,0.8491978372,1.5054333448,-0.2401262685,0.1589946406,0.0651563109,0.8239734345,1.4477485584,0.1740722098,0.2497888168,0.0146023978,0.8951008968,1.7941244152,0.5300307138,0.0534473487,0.0086526073,-0.2674434768,3.4733523556,-0.8050740774
