Instance,INF_avg,INF_sd,INF_r1,INF_kr,INF_sk,SUP_avg,SUP_sd,SUP_r1,SUP_kr,SUP_sk,INC_avg,INC_sd,INC_r1,INC_kr,INC_sk,IND_avg,IND_sd,IND_r1,IND_kr,IND_sk
instances/A2/asymmetric/20.3.in,0.6459464682,0.0404820497,-0.0806952815,2.6940840240,-0.8061956462,0.1143914250,0.0353948057,-0.2161187526,2.7021155371,0.8501526828,0.2396621068,0.0055374773,0.3454605739,2.0072288324,0.3317975682,0.0544046469,0.0106409196,-1.2767778137,2.7185608424,-0.9511368857
