Instance,INF_avg,INF_sd,INF_r1,INF_kr,INF_sk,SUP_avg,SUP_sd,SUP_r1,SUP_kr,SUP_sk,INC_avg,INC_sd,INC_r1,INC_kr,INC_sk,IND_avg,IND_sd,IND_r1,IND_kr,IND_sk
instances/A1/symmetric/200.6.in,0.3122000000,0.0357373754,0.3436808276,2.4472606374,0.2543711471,0.1506000000,0.0251722069,0.1146466549,4.9521015851,0.7344292126,0.5372000000,0.0324832264,-0.0041488441,2.4323217440,0.0370618805,0.0698000000,0.0137825977,-0.0792931223,2.8357532995,0.4885082136
