Instance,INF_avg,INF_sd,INF_r1,INF_kr,INF_sk,SUP_avg,SUP_sd,SUP_r1,SUP_kr,SUP_sk,INC_avg,INC_sd,INC_r1,INC_kr,INC_sk,IND_avg,IND_sd,IND_r1,IND_kr,IND_sk
instances/A2/asymmetric/5.6.in,0.3588888889,0.1516005147,0.0194820726,1.8702857531,0.3577805934,0.2777777778,0.1648044108,-0.2105263158,2.2830578512,-0.4596817244,0.3633333333,0.0371184291,-0.6132264529,1.2989073881,0.4692912730,0.3244444444,0.0572626610,-0.0073937153,2.6376106837,-0.6760925664
