Instance,INF_avg,INF_sd,INF_r1,INF_kr,INF_sk,SUP_avg,SUP_sd,SUP_r1,SUP_kr,SUP_sk,INC_avg,INC_sd,INC_r1,INC_kr,INC_sk,IND_avg,IND_sd,IND_r1,IND_kr,IND_sk
instances/A2/asymmetric/5.6.in,0.4487654321,0.1577399054,0.5838703584,1.8240993694,-0.5096923561,0.1913580247,0.1835317129,0.4559041336,1.5333531254,0.1795062354,0.3598765432,0.0584304176,-0.3454433697,3.6348049864,-1.2381368344,0.3851851852,0.0971472374,0.2520215633,3.5788263926,0.6525520219
