Instance,INF_avg,INF_sd,INF_r1,INF_kr,INF_sk,SUP_avg,SUP_sd,SUP_r1,SUP_kr,SUP_sk,INC_avg,INC_sd,INC_r1,INC_kr,INC_sk,IND_avg,IND_sd,IND_r1,IND_kr,IND_sk
instances/A3/symmetric/50.1.in,0.3291139241,0.1600252344,0.2429157436,3.2824807633,0.5756360203,0.0911392405,0.0930358219,0.1387419528,4.6149702395,1.2140002399,0.5797468354,0.1562047884,0.1088148983,2.2991393441,-0.1601596585,0.4962025316,0.1382009525,0.0337370798,2.1482416896,-0.3347598033
