Instance,INF_avg,INF_sd,INF_r1,INF_kr,INF_sk,SUP_avg,SUP_sd,SUP_r1,SUP_kr,SUP_sk,INC_avg,INC_sd,INC_r1,INC_kr,INC_sk,IND_avg,IND_sd,IND_r1,IND_kr,IND_sk
instances/A3/asymmetric/8.2.in,0.5174358974,0.0420512821,-0.0526315789,3.2500000000,-1.5000000000,0.0517948718,0.0166489057,-0.2356221680,1.4119897454,0.5219983963,0.4307692308,0.0376844576,-0.0119047619,2.7291666667,0.8675276172,0.1717948718,0.0385469138,-1.2046589018,2.0385699742,0.0988955201
