Instance,INF_avg,INF_sd,INF_r1,INF_kr,INF_sk,SUP_avg,SUP_sd,SUP_r1,SUP_kr,SUP_sk,INC_avg,INC_sd,INC_r1,INC_kr,INC_sk,IND_avg,IND_sd,IND_r1,IND_kr,IND_sk
instances/A3/asymmetric/100.4.in,0.3284000000,0.0307805133,-0.0943835315,3.4593305840,0.0292088286,0.1496000000,0.0279256155,0.1264626564,2.2314885694,-0.4038169286,0.5220000000,0.0293938769,0.1757550336,2.2672646605,0.1601807529,0.0822000000,0.0237941169,0.6053345926,3.9519119097,1.0888125709
