Instance,INF_avg,INF_sd,INF_r1,INF_kr,INF_sk,SUP_avg,SUP_sd,SUP_r1,SUP_kr,SUP_sk,INC_avg,INC_sd,INC_r1,INC_kr,INC_sk,IND_avg,IND_sd,IND_r1,IND_kr,IND_sk
instances/A2/asymmetric/5.3.in,0.2870370370,0.1302366739,0.1205294882,1.5625377612,-0.3810760629,0.2481481481,0.1200422879,0.0471473596,1.6270932157,-0.1841801048,0.4648148148,0.0910990657,0.7403551447,1.6493258657,-0.2132076537,0.3351851852,0.0615862561,-0.1673867176,1.5643931343,0.0440979255
