Instance,INF_avg,INF_sd,INF_r1,INF_kr,INF_sk,SUP_avg,SUP_sd,SUP_r1,SUP_kr,SUP_sk,INC_avg,INC_sd,INC_r1,INC_kr,INC_sk,IND_avg,IND_sd,IND_r1,IND_kr,IND_sk
instances/A1/asymmetric/10.4.in,0.4250000000,0.1520690633,0.7602179837,3.2264426589,0.6398230857,0.0687500000,0.0982264603,0.4695901853,2.6689340917,1.0525747132,0.5062500000,0.1197327754,0.9400749064,3.3995723482,-0.7757397346,0.4625000000,0.1316956719,0.4846441948,2.2515217921,-0.1077422590
