Instance,INF_avg,INF_sd,INF_r1,INF_kr,INF_sk,SUP_avg,SUP_sd,SUP_r1,SUP_kr,SUP_sk,INC_avg,INC_sd,INC_r1,INC_kr,INC_sk,IND_avg,IND_sd,IND_r1,IND_kr,IND_sk
instances/A3/asymmetric/10.4.in,0.5894417346,0.1184443867,0.6670282560,2.1422200853,-0.2206116246,0.1627106983,0.0563848919,-0.1217076378,2.1230159199,-0.6335592933,0.2478475671,0.1100829947,0.9837802241,1.8925457675,0.5096342136,0.2059597768,0.0487452998,0.3933510741,2.0194781262,0.3622242968
