Instance,INF_avg,INF_sd,INF_r1,INF_kr,INF_sk,SUP_avg,SUP_sd,SUP_r1,SUP_kr,SUP_sk,INC_avg,INC_sd,INC_r1,INC_kr,INC_sk,IND_avg,IND_sd,IND_r1,IND_kr,IND_sk
instances/A3/asymmetric/10.4.in,0.6709666323,0.0619684730,-0.2083851447,2.7938133309,1.2208259716,0.1628138975,0.0688867351,-0.2137422969,1.6242729489,-0.5975071198,0.1662194702,0.0484523024,0.0728884881,2.9291429612,1.1928379493,0.1869166380,0.0563929419,0.6477132720,2.9392040255,1.2965070151
