Instance,INF_avg,INF_sd,INF_r1,INF_kr,INF_sk,SUP_avg,SUP_sd,SUP_r1,SUP_kr,SUP_sk,INC_avg,INC_sd,INC_r1,INC_kr,INC_sk,IND_avg,IND_sd,IND_r1,IND_kr,IND_sk
instances/A3/asymmetric/10.4.in,0.4500000000,0.1080123450,-0.8000000000,1.5000000000,0.5951700641,0.0666666667,0.0471404521,-0.5000000000,1.5000000000,-0.7071067812,0.4833333333,0.0623609564,-0.9411764706,1.5000000000,-0.3818017742,0.2166666667,0.0471404521,-0.2000000000,1.5000000000,-0.7071067812
