Instance,INF_avg,INF_sd,INF_r1,INF_kr,INF_sk,SUP_avg,SUP_sd,SUP_r1,SUP_kr,SUP_sk,INC_avg,INC_sd,INC_r1,INC_kr,INC_sk,IND_avg,IND_sd,IND_r1,IND_kr,IND_sk
instances/A2/symmetric/20.2.in,0.6554683512,0.0767921821,0.0036323716,1.4612299366,0.4077654626,0.0688958261,0.0057518897,-0.0012195019,2.5202077060,-0.2608585463,0.2756358228,0.0771072615,0.0685485597,1.4552105370,-0.4055474611,0.0737712323,0.0126377449,0.0358668563,1.4706040666,0.3381012274
