Instance,INF_avg,INF_sd,INF_r1,INF_kr,INF_sk,SUP_avg,SUP_sd,SUP_r1,SUP_kr,SUP_sk,INC_avg,INC_sd,INC_r1,INC_kr,INC_sk,IND_avg,IND_sd,IND_r1,IND_kr,IND_sk
instances/A3/symmetric/20.6.in,0.5984234234,0.1766482785,0.9205088490,1.9975346523,-0.5577542939,0.0496058559,0.0606085032,0.8712962806,3.0262253244,1.1962516294,0.3519707207,0.1291685981,0.9159873401,2.3282678665,0.4690544120,0.1141075450,0.0193325938,0.6533978358,2.8201439720,-0.0191060576
