Instance,INF_avg,INF_sd,INF_r1,INF_kr,INF_sk,SUP_avg,SUP_sd,SUP_r1,SUP_kr,SUP_sk,INC_avg,INC_sd,INC_r1,INC_kr,INC_sk,IND_avg,IND_sd,IND_r1,IND_kr,IND_sk
instances/A3/symmetric/5.3.in,0.3766666667,0.1314872195,-0.3005431503,2.3228319268,0.4862309980,0.2144444444,0.1132897520,0.0869180848,2.8211383651,-1.0994654082,0.4088888889,0.0751623757,-0.5247678019,1.9213897990,0.5222570323,0.4000000000,0.1032795559,-0.0833333333,2.9166666667,1.2909944487
