Instance,INF_avg,INF_sd,INF_r1,INF_kr,INF_sk,SUP_avg,SUP_sd,SUP_r1,SUP_kr,SUP_sk,INC_avg,INC_sd,INC_r1,INC_kr,INC_sk,IND_avg,IND_sd,IND_r1,IND_kr,IND_sk
instances/A2/symmetric/20.6.in,0.5444300686,0.0342859263,0.6083760151,1.3884789688,-0.3251906892,0.1597748739,0.0291431632,0.4577416400,2.6806304910,0.9597528481,0.2957950576,0.0164639656,-0.3770428644,3.1196412302,1.3876416176,0.0636046060,0.0119441039,0.8252678225,2.0626312260,0.6378247382
