Instance,INF_avg,INF_sd,INF_r1,INF_kr,INF_sk,SUP_avg,SUP_sd,SUP_r1,SUP_kr,SUP_sk,INC_avg,INC_sd,INC_r1,INC_kr,INC_sk,IND_avg,IND_sd,IND_r1,IND_kr,IND_sk
instances/A1/asymmetric/200.4.in,0.3050000000,0.0878919792,-0.0302426055,2.0994438684,-0.1524377808,0.1000000000,0.0670820393,-0.4285714286,3.1481481481,0.7453559925,0.5950000000,0.0788986692,0.0797804981,1.3499298398,0.0122163711,0.3600000000,0.0624499800,0.1807909605,2.0295857988,-0.0739053018
