Instance,INF_avg,INF_sd,INF_r1,INF_kr,INF_sk,SUP_avg,SUP_sd,SUP_r1,SUP_kr,SUP_sk,INC_avg,INC_sd,INC_r1,INC_kr,INC_sk,IND_avg,IND_sd,IND_r1,IND_kr,IND_sk
instances/A1/asymmetric/10.2.in,0.4442290249,0.0443013069,-0.1954787606,1.6294657327,0.2035983513,0.1798356009,0.0330973607,-0.1078920932,1.4791017690,0.4069143404,0.3759353741,0.0223210641,-0.1050925741,2.8116973547,-1.1894583079,0.1550283447,0.0315322898,0.5527269113,1.6193713735,0.4297809804
