Instance,INF_avg,INF_sd,INF_r1,INF_kr,INF_sk,SUP_avg,SUP_sd,SUP_r1,SUP_kr,SUP_sk,INC_avg,INC_sd,INC_r1,INC_kr,INC_sk,IND_avg,IND_sd,IND_r1,IND_kr,IND_sk
instances/A1/asymmetric/10.2.in,0.3491112779,0.1128543815,0.6603824047,1.4388332356,-0.0526084587,0.2253765181,0.0595586018,0.4608189952,1.8117088193,0.0934844700,0.4255122039,0.0624327344,0.6615376970,1.9982639084,0.3884720775,0.1478738741,0.0273500580,0.4328142254,2.5229627323,0.7412282917
