Instance,INF_avg,INF_sd,INF_r1,INF_kr,INF_sk,SUP_avg,SUP_sd,SUP_r1,SUP_kr,SUP_sk,INC_avg,INC_sd,INC_r1,INC_kr,INC_sk,IND_avg,IND_sd,IND_r1,IND_kr,IND_sk
instances/A1/asymmetric/20.3.in,0.5502148279,0.0323036085,0.2117104504,2.3343386681,-0.2942312275,0.1624191426,0.0494116835,0.3131794109,2.4071491127,-0.6669321910,0.2873660295,0.0227527011,0.2633366306,2.2690771481,0.8204052277,0.0846780217,0.0084648806,-0.1450716362,1.5309744895,0.2521867158
