Instance,INF_avg,INF_sd,INF_r1,INF_kr,INF_sk,SUP_avg,SUP_sd,SUP_r1,SUP_kr,SUP_sk,INC_avg,INC_sd,INC_r1,INC_kr,INC_sk,IND_avg,IND_sd,IND_r1,IND_kr,IND_sk
instances/A1/asymmetric/20.3.in,0.5367596537,0.0373418881,0.3036835662,2.4548706946,-0.4411790217,0.1907666184,0.0542371322,0.4994154316,2.7749001269,-0.6845660655,0.2724737279,0.0290557385,0.0015596916,2.7575628467,0.0313847744,0.0847629184,0.0079546557,0.0367857768,1.7697777529,0.4658861529
