Instance,INF_avg,INF_sd,INF_r1,INF_kr,INF_sk,SUP_avg,SUP_sd,SUP_r1,SUP_kr,SUP_sk,INC_avg,INC_sd,INC_r1,INC_kr,INC_sk,IND_avg,IND_sd,IND_r1,IND_kr,IND_sk
instances/A3/asymmetric/5.4.in,0.0518518519,0.0419026241,0.2468619247,2.3789062500,0.2099223257,0.2666666667,0.0702728369,0.5000000000,1.9800000000,-0.5692099788,0.6814814815,0.0931096673,1.0112923463,2.3017945842,0.8237542512,0.4222222222,0.0314269681,0.1176470588,1.5000000000,0.7071067812
