Instance,INF_avg,INF_sd,INF_r1,INF_kr,INF_sk,SUP_avg,SUP_sd,SUP_r1,SUP_kr,SUP_sk,INC_avg,INC_sd,INC_r1,INC_kr,INC_sk,IND_avg,IND_sd,IND_r1,IND_kr,IND_sk
instances/A2/symmetric/8.6.in,0.2715151515,0.0691440519,0.1087344029,2.5382028983,0.6585365933,0.4012121212,0.0865118346,-0.0035778879,2.5186810692,0.2715898333,0.3272727273,0.0296907848,-0.5126050420,2.7291666667,-0.8675276172,0.1981818182,0.0211340555,-0.5447667087,1.7841418153,0.6991425623
