Instance,INF_avg,INF_sd,INF_r1,INF_kr,INF_sk,SUP_avg,SUP_sd,SUP_r1,SUP_kr,SUP_sk,INC_avg,INC_sd,INC_r1,INC_kr,INC_sk,IND_avg,IND_sd,IND_r1,IND_kr,IND_sk
instances/A1/asymmetric/20.5.in,0.5283333333,0.1922166024,0.7963813661,2.0984412706,-0.1010193054,0.0400000000,0.0597215762,0.1650853890,6.0793955804,1.7980633526,0.4316666667,0.1604594099,0.7909557138,2.2523244630,0.1153187204,0.2933333333,0.0863455590,0.6028663640,2.2301989379,0.1285284850
