Instance,INF_avg,INF_sd,INF_r1,INF_kr,INF_sk,SUP_avg,SUP_sd,SUP_r1,SUP_kr,SUP_sk,INC_avg,INC_sd,INC_r1,INC_kr,INC_sk,IND_avg,IND_sd,IND_r1,IND_kr,IND_sk
instances/A3/symmetric/50.1.in,0.7270000000,0.0520192272,0.7010543973,1.5142559116,0.0011082377,0.0610000000,0.0190787840,0.1546866015,2.7518717546,-1.1041549626,0.2120000000,0.0403236903,0.8401826484,1.6881737268,0.4077703281,0.0550000000,0.0104880885,0.1666666667,2.8305785124,-1.1701586323
