Instance,INF_avg,INF_sd,INF_r1,INF_kr,INF_sk,SUP_avg,SUP_sd,SUP_r1,SUP_kr,SUP_sk,INC_avg,INC_sd,INC_r1,INC_kr,INC_sk,IND_avg,IND_sd,IND_r1,IND_kr,IND_sk
instances/A3/symmetric/10.6.in,0.6700974659,0.1457631768,-0.1195243039,1.9814026351,-0.7252594007,0.0495126706,0.0579914656,-0.1865682536,2.6530599946,1.0546868312,0.2803898635,0.0955912983,-0.1467165463,1.3518764195,0.4880775024,0.2255360624,0.0492643155,-0.8034606787,1.8148396832,0.2036232998
