Instance,INF_avg,INF_sd,INF_r1,INF_kr,INF_sk,SUP_avg,SUP_sd,SUP_r1,SUP_kr,SUP_sk,INC_avg,INC_sd,INC_r1,INC_kr,INC_sk,IND_avg,IND_sd,IND_r1,IND_kr,IND_sk
instances/A1/asymmetric/10.4.in,0.3544671202,0.0429654416,-0.6742973906,1.2683052277,0.1369346396,0.1364625850,0.0243822279,-0.3198544810,1.6062621368,-0.1759357244,0.5090702948,0.0305070840,-0.3359926358,1.7338924331,0.2821232478,0.1825963719,0.0291060110,-0.3319376154,1.6944081861,0.1303491969
