Instance,INF_avg,INF_sd,INF_r1,INF_kr,INF_sk,SUP_avg,SUP_sd,SUP_r1,SUP_kr,SUP_sk,INC_avg,INC_sd,INC_r1,INC_kr,INC_sk,IND_avg,IND_sd,IND_r1,IND_kr,IND_sk
instances/A2/asymmetric/50.6.in,0.2015000000,0.0772673929,-0.1402798818,2.3424607311,0.4025920755,0.2870000000,0.0530188646,0.1268682148,1.7482314296,-0.4113032312,0.5115000000,0.0399405809,-0.1736519156,2.3406596791,-0.6583121821,0.0610000000,0.0066332496,-0.0658307210,2.2169421488,-0.3700366502
