Instance,INF_avg,INF_sd,INF_r1,INF_kr,INF_sk,SUP_avg,SUP_sd,SUP_r1,SUP_kr,SUP_sk,INC_avg,INC_sd,INC_r1,INC_kr,INC_sk,IND_avg,IND_sd,IND_r1,IND_kr,IND_sk
instances/A3/symmetric/20.2.in,0.1308000000,0.0655084727,0.5752048782,2.8093405938,0.7599597679,0.1728000000,0.0484990722,0.5309975806,2.6718263750,0.2987432301,0.6964000000,0.0433248197,-0.0795239168,5.4462560686,-1.5765801454,0.0518000000,0.0192291445,0.5456222899,4.4503049307,1.3238032286
