Instance,INF_avg,INF_sd,INF_r1,INF_kr,INF_sk,SUP_avg,SUP_sd,SUP_r1,SUP_kr,SUP_sk,INC_avg,INC_sd,INC_r1,INC_kr,INC_sk,IND_avg,IND_sd,IND_r1,IND_kr,IND_sk
instances/A2/symmetric/8.5.in,0.4145054945,0.0612546219,-0.1720329366,2.3623138564,0.8178258185,0.1993406593,0.0583954017,-0.3827221400,2.6193842014,1.0017019459,0.3861538462,0.0643298535,0.6587583887,1.2894791416,0.1645279679,0.1770695971,0.0398042952,0.2884575773,1.9819793412,-0.2003698377
