Instance,INF_avg,INF_sd,INF_r1,INF_kr,INF_sk,SUP_avg,SUP_sd,SUP_r1,SUP_kr,SUP_sk,INC_avg,INC_sd,INC_r1,INC_kr,INC_sk,IND_avg,IND_sd,IND_r1,IND_kr,IND_sk
instances/A1/symmetric/10.5.in,0.4773794470,0.1373566052,0.5913836796,1.8696085757,-0.2261258058,0.1061113490,0.1101971444,0.7936028737,1.7131806552,0.5558037718,0.4165092040,0.0567139608,-0.4756777497,2.5569856876,-0.6065548103,0.1609458935,0.0411140842,-0.0613212980,2.1439384370,0.1742655384
