Instance,INF_avg,INF_sd,INF_r1,INF_kr,INF_sk,SUP_avg,SUP_sd,SUP_r1,SUP_kr,SUP_sk,INC_avg,INC_sd,INC_r1,INC_kr,INC_sk,IND_avg,IND_sd,IND_r1,IND_kr,IND_sk
instances/A1/symmetric/10.5.in,0.3722954823,0.0844453872,0.4892042099,1.1769647107,-0.3874583215,0.1849398221,0.0879719256,0.7638342880,1.6829357257,-0.2603414069,0.4427646956,0.0376207172,-0.2860091967,2.0159194297,0.0712999390,0.1517346939,0.0378366434,0.0312350605,1.6122429688,-0.1690496254
