Instance,INF_avg,INF_sd,INF_r1,INF_kr,INF_sk,SUP_avg,SUP_sd,SUP_r1,SUP_kr,SUP_sk,INC_avg,INC_sd,INC_r1,INC_kr,INC_sk,IND_avg,IND_sd,IND_r1,IND_kr,IND_sk
instances/A2/asymmetric/100.1.in,0.5525000000,0.1683461216,0.9005346168,3.1134459123,0.8795392845,0.0465000000,0.0553270579,0.8319676368,3.7227548072,1.2673200215,0.4010000000,0.1400678407,0.8685497350,3.4947562498,-1.1553378589,0.1428333333,0.0462093665,0.3747370342,3.3700111043,0.2975591197
