Instance,INF_avg,INF_sd,INF_r1,INF_kr,INF_sk,SUP_avg,SUP_sd,SUP_r1,SUP_kr,SUP_sk,INC_avg,INC_sd,INC_r1,INC_kr,INC_sk,IND_avg,IND_sd,IND_r1,IND_kr,IND_sk
instances/A3/asymmetric/200.5.in,0.3769500000,0.0973187931,0.8501985091,6.6474081718,1.9245459694,0.1224000000,0.0310441621,0.7167539802,5.1327537050,-1.2534134742,0.5006500000,0.0718876032,0.7988653281,5.7899567402,-1.6749103925,0.0878000000,0.0146512798,0.3361236607,2.6752691897,0.2599022691
