Instance,INF_avg,INF_sd,INF_r1,INF_kr,INF_sk,SUP_avg,SUP_sd,SUP_r1,SUP_kr,SUP_sk,INC_avg,INC_sd,INC_r1,INC_kr,INC_sk,IND_avg,IND_sd,IND_r1,IND_kr,IND_sk
instances/A2/asymmetric/20.6.in,0.5878170198,0.0418198607,0.1109817121,1.8907887054,-0.2785552083,0.1359824729,0.0300080273,0.1138168352,1.7209223816,0.4577267562,0.2762005073,0.0200813836,0.0332012831,3.1836610057,-0.2115406750,0.0568348682,0.0111579461,-0.4660586631,4.4377374536,1.1867028212
