Instance,INF_avg,INF_sd,INF_r1,INF_kr,INF_sk,SUP_avg,SUP_sd,SUP_r1,SUP_kr,SUP_sk,INC_avg,INC_sd,INC_r1,INC_kr,INC_sk,IND_avg,IND_sd,IND_r1,IND_kr,IND_sk
instances/A3/asymmetric/8.3.in,0.2745143745,0.1115149609,0.7560959093,1.6472224447,0.5845990007,0.2557109557,0.0571086585,0.6289553338,1.4311512768,0.0817970821,0.4697746698,0.0669501492,0.7045521697,2.3040592275,-0.7472792129,0.2385392385,0.0493166011,0.5399761641,1.4917968581,-0.0505610741
