Instance,INF_avg,INF_sd,INF_r1,INF_kr,INF_sk,SUP_avg,SUP_sd,SUP_r1,SUP_kr,SUP_sk,INC_avg,INC_sd,INC_r1,INC_kr,INC_sk,IND_avg,IND_sd,IND_r1,IND_kr,IND_sk
instances/A3/asymmetric/8.3.in,0.3486713287,0.1000536584,0.7992750704,1.9819639834,-0.5375880054,0.2239160839,0.0555959645,0.2781807822,3.0944452661,1.3831884545,0.4274125874,0.0593750908,0.5684769718,1.2796957711,-0.3456729195,0.2051282051,0.0368932210,-0.6773997570,2.5255584639,0.9462226845
