Instance,INF_avg,INF_sd,INF_r1,INF_kr,INF_sk,SUP_avg,SUP_sd,SUP_r1,SUP_kr,SUP_sk,INC_avg,INC_sd,INC_r1,INC_kr,INC_sk,IND_avg,IND_sd,IND_r1,IND_kr,IND_sk
instances/A3/asymmetric/20.4.in,0.5411029181,0.0525865169,-0.8415227023,2.4200735556,-0.4838871403,0.0485027538,0.0161886317,-0.9686308456,2.5307837842,1.0248054983,0.4103943281,0.0402747165,-0.4927899577,1.9228430407,0.0148388495,0.0655642893,0.0159973310,0.8628859044,1.8948288725,-0.5486137079
