Instance,INF_avg,INF_sd,INF_r1,INF_kr,INF_sk,SUP_avg,SUP_sd,SUP_r1,SUP_kr,SUP_sk,INC_avg,INC_sd,INC_r1,INC_kr,INC_sk,IND_avg,IND_sd,IND_r1,IND_kr,IND_sk
instances/A3/asymmetric/20.4.in,0.5105034313,0.0574983089,0.4207154862,1.7611925413,0.4219280943,0.0590144588,0.0197654866,0.3658536794,1.6079325464,0.1658586499,0.4304821099,0.0424083836,0.2996695907,2.1287109664,-0.5331622473,0.0607877564,0.0224859947,0.3846958724,1.4536773564,-0.0307562469
