Instance,INF_avg,INF_sd,INF_r1,INF_kr,INF_sk,SUP_avg,SUP_sd,SUP_r1,SUP_kr,SUP_sk,INC_avg,INC_sd,INC_r1,INC_kr,INC_sk,IND_avg,IND_sd,IND_r1,IND_kr,IND_sk
instances/A3/symmetric/20.6.in,0.6936855444,0.1111568431,0.5569493248,1.4992840280,0.2236250516,0.0503996632,0.0271164740,0.1830543814,2.6621016152,-0.9982075864,0.2559147925,0.0885085100,0.5133766172,1.3620376844,-0.1539050163,0.1328986751,0.0161732389,0.5260513128,1.3693496783,0.1960973695
