Instance,INF_avg,INF_sd,INF_r1,INF_kr,INF_sk,SUP_avg,SUP_sd,SUP_r1,SUP_kr,SUP_sk,INC_avg,INC_sd,INC_r1,INC_kr,INC_sk,IND_avg,IND_sd,IND_r1,IND_kr,IND_sk
instances/A3/symmetric/200.1.in,0.3030000000,0.0324191302,-0.0455365672,2.4499769600,0.7781640764,0.1550000000,0.0241867732,0.4928229665,1.9910146833,-0.3339396700,0.5420000000,0.0387427413,0.1338819751,3.1857273920,-0.7461198643,0.1010000000,0.0270924344,0.2243083004,3.5535233018,1.1124494819
