Instance,INF_avg,INF_sd,INF_r1,INF_kr,INF_sk,SUP_avg,SUP_sd,SUP_r1,SUP_kr,SUP_sk,INC_avg,INC_sd,INC_r1,INC_kr,INC_sk,IND_avg,IND_sd,IND_r1,IND_kr,IND_sk
instances/A2/symmetric/100.4.in,0.4880000000,0.0416052881,0.3957476392,2.4705858206,-0.6561624236,0.1245000000,0.0133135270,0.6283541398,1.8486017972,-0.1786151173,0.3875000000,0.0465966737,0.5534937663,2.2076009000,0.7683619015,0.0495000000,0.0096046864,-0.7998163453,5.1851631524,1.6658534601
