Instance,INF_avg,INF_sd,INF_r1,INF_kr,INF_sk,SUP_avg,SUP_sd,SUP_r1,SUP_kr,SUP_sk,INC_avg,INC_sd,INC_r1,INC_kr,INC_sk,IND_avg,IND_sd,IND_r1,IND_kr,IND_sk
instances/A1/asymmetric/20.5.in,0.4934726576,0.0828573249,-0.3074822362,2.6319958106,1.0819554887,0.1472309300,0.0556234532,-0.5749781792,2.0565209473,0.1082831764,0.3592964124,0.0415628839,-0.1891568987,2.3015275260,-0.8832995213,0.0650923023,0.0121522281,0.1353499469,1.8006900571,0.5359839616
