Instance,INF_avg,INF_sd,INF_r1,INF_kr,INF_sk,SUP_avg,SUP_sd,SUP_r1,SUP_kr,SUP_sk,INC_avg,INC_sd,INC_r1,INC_kr,INC_sk,IND_avg,IND_sd,IND_r1,IND_kr,IND_sk
instances/A3/symmetric/5.4.in,0.4177777778,0.2311111111,0.8857813834,2.3190566901,-0.9527338416,0.1088888889,0.1019319550,0.7709436028,1.6896234223,0.2905216006,0.4733333333,0.1404753834,0.6065808298,2.5743243243,1.0145729387,0.3988888889,0.0365823947,-0.1268695204,2.5545437834,-0.7417248524
