Instance,INF_avg,INF_sd,INF_r1,INF_kr,INF_sk,SUP_avg,SUP_sd,SUP_r1,SUP_kr,SUP_sk,INC_avg,INC_sd,INC_r1,INC_kr,INC_sk,IND_avg,IND_sd,IND_r1,IND_kr,IND_sk
instances/A3/symmetric/5.4.in,0.2506172840,0.2586824860,0.7429893735,1.3479815813,0.3251954695,0.2141975309,0.1526427262,0.8960321210,1.9647385897,0.0619777383,0.5351851852,0.1348168498,0.4737625527,1.8282574582,0.1240028970,0.3993827160,0.0416106162,0.2612055263,2.3264647856,-0.2699118628
