Instance,INF_avg,INF_sd,INF_r1,INF_kr,INF_sk,SUP_avg,SUP_sd,SUP_r1,SUP_kr,SUP_sk,INC_avg,INC_sd,INC_r1,INC_kr,INC_sk,IND_avg,IND_sd,IND_r1,IND_kr,IND_sk
instances/A2/asymmetric/100.1.in,0.7736609898,0.1680131001,0.9419759281,1.9945073820,-0.5171919666,0.0459230769,0.0452080005,0.8591197443,2.4239091653,0.6777915185,0.1804159333,0.1261552538,0.9323095251,2.2565153498,0.5959810442,0.0434889396,0.0185119421,0.8013070238,2.3079646508,0.6204472395
