Instance,INF_avg,INF_sd,INF_r1,INF_kr,INF_sk,SUP_avg,SUP_sd,SUP_r1,SUP_kr,SUP_sk,INC_avg,INC_sd,INC_r1,INC_kr,INC_sk,IND_avg,IND_sd,IND_r1,IND_kr,IND_sk
instances/A3/symmetric/8.2.in,0.3637044335,0.0684197859,0.4951238930,2.3666297670,-0.8021576616,0.1136814450,0.0164207501,0.3424384255,1.5965489681,0.1001440271,0.5226141215,0.0528067936,0.4952587874,2.6185776855,1.0094530700,0.2453070608,0.0358185051,0.0328942136,2.6867619910,0.7886215158
