Instance,INF_avg,INF_sd,INF_r1,INF_kr,INF_sk,SUP_avg,SUP_sd,SUP_r1,SUP_kr,SUP_sk,INC_avg,INC_sd,INC_r1,INC_kr,INC_sk,IND_avg,IND_sd,IND_r1,IND_kr,IND_sk
instances/A1/asymmetric/20.5.in,0.8324610035,0.0345742371,-0.5685634279,1.3753809933,-0.1654608459,0.0231345516,0.0176370325,-0.5876613046,1.9316004534,0.3614295428,0.1444044449,0.0238838686,-0.1514390098,2.2150904325,-0.3313938196,0.0973290294,0.0364220140,0.5397038333,1.4780074810,0.2682295035
