Instance,INF_avg,INF_sd,INF_r1,INF_kr,INF_sk,SUP_avg,SUP_sd,SUP_r1,SUP_kr,SUP_sk,INC_avg,INC_sd,INC_r1,INC_kr,INC_sk,IND_avg,IND_sd,IND_r1,IND_kr,IND_sk
instances/A2/asymmetric/20.2.in,0.4122892290,0.0531273716,0.4734767234,1.2296909358,-0.1034815496,0.3279354286,0.0514787203,0.3843570766,1.6235176175,-0.1487986403,0.2597753424,0.0141177849,-0.0995067928,2.0504626290,-0.6995478585,0.0770582967,0.0068652661,-0.0224387532,2.1067494375,0.2832681894
