Instance,INF_avg,INF_sd,INF_r1,INF_kr,INF_sk,SUP_avg,SUP_sd,SUP_r1,SUP_kr,SUP_sk,INC_avg,INC_sd,INC_r1,INC_kr,INC_sk,IND_avg,IND_sd,IND_r1,IND_kr,IND_sk
instances/A1/symmetric/5.4.in,0.5600000000,0.0602873776,-0.1620977354,2.8158081285,-1.2332237528,0.0666666667,0.0888888889,-0.0563380282,2.0781250000,0.8437500000,0.3733333333,0.0774915368,-0.4150943396,3.0422437673,-1.3040473294,0.3733333333,0.0326598632,0.0384615385,1.1666666667,-0.4082482905
