Instance,INF_avg,INF_sd,INF_r1,INF_kr,INF_sk,SUP_avg,SUP_sd,SUP_r1,SUP_kr,SUP_sk,INC_avg,INC_sd,INC_r1,INC_kr,INC_sk,IND_avg,IND_sd,IND_r1,IND_kr,IND_sk
instances/A1/symmetric/8.2.in,0.4707671958,0.1318907112,0.4908579971,2.7502124265,0.9116959065,0.1091168091,0.0634017025,0.3975102575,2.3400388314,-0.7860249789,0.4201159951,0.0783368873,0.4069466229,3.1226017462,-0.6766435869,0.2595950346,0.0595355453,0.1410274282,2.2430352683,0.6366641544
