Instance,INF_avg,INF_sd,INF_r1,INF_kr,INF_sk,SUP_avg,SUP_sd,SUP_r1,SUP_kr,SUP_sk,INC_avg,INC_sd,INC_r1,INC_kr,INC_sk,IND_avg,IND_sd,IND_r1,IND_kr,IND_sk
instances/A1/symmetric/10.1.in,0.4598302284,0.0863746536,0.3559120894,2.1326072646,0.5197739980,0.1876561736,0.0603429788,-0.1937010772,1.2031179331,-0.1331559434,0.3525135980,0.0458021192,0.5860956889,3.0993096080,-1.1047699412,0.1214860018,0.0233395999,-0.2252776835,1.7705526450,-0.4729665300
