Instance,INF_avg,INF_sd,INF_r1,INF_kr,INF_sk,SUP_avg,SUP_sd,SUP_r1,SUP_kr,SUP_sk,INC_avg,INC_sd,INC_r1,INC_kr,INC_sk,IND_avg,IND_sd,IND_r1,IND_kr,IND_sk
instances/A1/asymmetric/50.6.in,0.4534000000,0.0743803738,0.7177514899,2.6874496286,0.4612941004,0.1540500000,0.0469025319,0.7544104907,1.9790111546,-0.0122925635,0.3925500000,0.0583930433,0.6932676853,3.4281815110,0.4500758909,0.0535500000,0.0131964957,0.3637383402,3.6611384048,0.5403683022
