Instance,INF_avg,INF_sd,INF_r1,INF_kr,INF_sk,SUP_avg,SUP_sd,SUP_r1,SUP_kr,SUP_sk,INC_avg,INC_sd,INC_r1,INC_kr,INC_sk,IND_avg,IND_sd,IND_r1,IND_kr,IND_sk
instances/A1/asymmetric/100.2.in,0.3680000000,0.0600499792,-0.0957780098,1.3790138086,0.1177333219,0.1940000000,0.0466261729,0.0929372075,1.8187092755,-0.3443190129,0.4380000000,0.0304302481,-0.0740835683,2.8186468193,-1.1670637304,0.0480000000,0.0150332964,-0.6030195382,2.0385699742,-0.0988955201
