Instance,INF_avg,INF_sd,INF_r1,INF_kr,INF_sk,SUP_avg,SUP_sd,SUP_r1,SUP_kr,SUP_sk,INC_avg,INC_sd,INC_r1,INC_kr,INC_sk,IND_avg,IND_sd,IND_r1,IND_kr,IND_sk
instances/A2/symmetric/8.4.in,0.6902197802,0.0599283072,0.4653866189,1.1893735152,-0.3770056316,0.0821245421,0.0466560272,0.3830377853,2.2655178473,-0.7566794867,0.2276556777,0.0552450905,-0.0726131932,2.0254929744,-0.6898655948,0.2181501832,0.0964650537,-0.0815006302,1.9776138226,0.4109016026
