Instance,INF_avg,INF_sd,INF_r1,INF_kr,INF_sk,SUP_avg,SUP_sd,SUP_r1,SUP_kr,SUP_sk,INC_avg,INC_sd,INC_r1,INC_kr,INC_sk,IND_avg,IND_sd,IND_r1,IND_kr,IND_sk
instances/A2/asymmetric/50.4.in,0.7925714286,0.1419928138,0.7579860624,3.7421278181,-1.2120906824,0.0217142857,0.0325563875,0.5587789526,6.4988656592,1.9284126487,0.1857142857,0.1166750240,0.7516270490,2.9537575053,0.9725670421,0.1165714286,0.0398527903,0.4984170358,2.9215894366,0.9304036684
