Instance,INF_avg,INF_sd,INF_r1,INF_kr,INF_sk,SUP_avg,SUP_sd,SUP_r1,SUP_kr,SUP_sk,INC_avg,INC_sd,INC_r1,INC_kr,INC_sk,IND_avg,IND_sd,IND_r1,IND_kr,IND_sk
instances/A2/asymmetric/5.2.in,0.3133333333,0.1664665465,0.1993558510,1.6050135401,-0.1087271829,0.2766666667,0.1356465997,0.1671880866,1.6938449555,-0.1069310322,0.4100000000,0.0429469958,-0.0653753027,2.6376106837,-0.6760925664,0.3700000000,0.0805536398,-0.6134361233,1.9378987615,0.4196131911
