Instance,INF_avg,INF_sd,INF_r1,INF_kr,INF_sk,SUP_avg,SUP_sd,SUP_r1,SUP_kr,SUP_sk,INC_avg,INC_sd,INC_r1,INC_kr,INC_sk,IND_avg,IND_sd,IND_r1,IND_kr,IND_sk
instances/A1/symmetric/20.4.in,0.5062006150,0.1131960222,0.7295195565,1.7641575826,0.2904473247,0.1294543214,0.0634914157,0.8410021484,1.5916622944,0.3165946292,0.3643450635,0.0612091388,0.2923634969,3.1429361625,-0.7684782648,0.0662542766,0.0083636749,-0.0648759638,1.7899091804,0.0279498894
