Instance,INF_avg,INF_sd,INF_r1,INF_kr,INF_sk,SUP_avg,SUP_sd,SUP_r1,SUP_kr,SUP_sk,INC_avg,INC_sd,INC_r1,INC_kr,INC_sk,IND_avg,IND_sd,IND_r1,IND_kr,IND_sk
instances/A2/symmetric/5.1.in,0.3805555556,0.1644998030,0.3470523909,1.6667452093,-0.4578198930,0.1541666667,0.1254851696,0.4050464807,1.6383427197,0.2312963029,0.4652777778,0.0431003351,0.1486076647,1.9722602330,0.5973086303,0.3166666667,0.0288675135,-0.4545454545,2.3333333333,-1.1547005384
