Instance,INF_avg,INF_sd,INF_r1,INF_kr,INF_sk,SUP_avg,SUP_sd,SUP_r1,SUP_kr,SUP_sk,INC_avg,INC_sd,INC_r1,INC_kr,INC_sk,IND_avg,IND_sd,IND_r1,IND_kr,IND_sk
instances/A2/symmetric/5.6.in,0.4477777778,0.0863241093,0.0949918796,2.5550313098,0.6212299964,0.2833333333,0.1452966315,0.0161725067,3.0422437673,-1.3040473294,0.2688888889,0.0667221991,-0.1991270134,3.0802826312,1.3715973560,0.3300000000,0.0476095229,-0.0255152110,2.5291234141,-0.3130037835
