Instance,INF_avg,INF_sd,INF_r1,INF_kr,INF_sk,SUP_avg,SUP_sd,SUP_r1,SUP_kr,SUP_sk,INC_avg,INC_sd,INC_r1,INC_kr,INC_sk,IND_avg,IND_sd,IND_r1,IND_kr,IND_sk
instances/A1/asymmetric/200.3.in,0.2685000000,0.0248042335,0.0875407348,2.8503058109,-0.1550049327,0.1805000000,0.0219601913,0.1924461370,2.6657532126,0.2303050419,0.5510000000,0.0394841740,0.2118109702,2.9450166449,0.3983700823,0.0760000000,0.0154596248,0.3670348343,3.4083261848,-1.3445740826
