Instance,INF_avg,INF_sd,INF_r1,INF_kr,INF_sk,SUP_avg,SUP_sd,SUP_r1,SUP_kr,SUP_sk,INC_avg,INC_sd,INC_r1,INC_kr,INC_sk,IND_avg,IND_sd,IND_r1,IND_kr,IND_sk
instances/A2/symmetric/8.6.in,0.5613095238,0.1170350719,-0.0407963507,2.1044861217,0.6761463711,0.1214285714,0.1059189353,0.2639698965,1.8966702167,0.5219809201,0.3172619048,0.0561767285,-0.5855461744,1.7166847363,0.3311646501,0.2053571429,0.0454997134,-0.3516650702,1.8684229758,-0.6627542989
