Instance,INF_avg,INF_sd,INF_r1,INF_kr,INF_sk,SUP_avg,SUP_sd,SUP_r1,SUP_kr,SUP_sk,INC_avg,INC_sd,INC_r1,INC_kr,INC_sk,IND_avg,IND_sd,IND_r1,IND_kr,IND_sk
instances/A3/asymmetric/20.6.in,0.4129661777,0.0387854139,-0.3825495904,2.6704085865,1.0622993691,0.0844470673,0.0280583066,-0.0157862476,2.3382449015,-0.7690137162,0.5025867550,0.0289573221,0.1094818549,1.6364524466,0.3610307610,0.0817594100,0.0194120840,0.7934974610,1.5242438459,-0.3153807787
