Instance,INF_avg,INF_sd,INF_r1,INF_kr,INF_sk,SUP_avg,SUP_sd,SUP_r1,SUP_kr,SUP_sk,INC_avg,INC_sd,INC_r1,INC_kr,INC_sk,IND_avg,IND_sd,IND_r1,IND_kr,IND_sk
instances/A3/asymmetric/20.6.in,0.4654195560,0.0662557924,0.4655315123,1.3409507134,-0.0949179817,0.0646431656,0.0309338725,0.2900764385,1.5956910195,0.3998920822,0.4699372784,0.0436574422,0.5348143795,2.0605979428,0.3005611249,0.0698756482,0.0203155620,0.6782545877,1.8115390209,0.5313382667
