Instance,INF_avg,INF_sd,INF_r1,INF_kr,INF_sk,SUP_avg,SUP_sd,SUP_r1,SUP_kr,SUP_sk,INC_avg,INC_sd,INC_r1,INC_kr,INC_sk,IND_avg,IND_sd,IND_r1,IND_kr,IND_sk
instances/A2/symmetric/50.6.in,0.3513000000,0.0570290277,0.5997370408,2.7159518563,0.4832498909,0.2091500000,0.0436752504,0.7153081045,2.7396086776,-0.1573780664,0.4395500000,0.0328336337,0.2066804351,2.6690098232,-0.2842336184,0.0576000000,0.0137927517,0.1651220608,2.1486743583,0.0613780896
