Instance,INF_avg,INF_sd,INF_r1,INF_kr,INF_sk,SUP_avg,SUP_sd,SUP_r1,SUP_kr,SUP_sk,INC_avg,INC_sd,INC_r1,INC_kr,INC_sk,IND_avg,IND_sd,IND_r1,IND_kr,IND_sk
instances/A2/symmetric/10.3.in,0.5106060606,0.0563027545,0.5061753573,1.3015014512,-0.3781385654,0.1650349650,0.0256394363,0.3038335421,2.0073771662,0.1557945589,0.3243589744,0.0429998857,0.3645200725,1.3832880846,0.3594412960,0.1365967366,0.0171554487,-0.7043317240,1.4601814389,0.1278718220
