Instance,INF_avg,INF_sd,INF_r1,INF_kr,INF_sk,SUP_avg,SUP_sd,SUP_r1,SUP_kr,SUP_sk,INC_avg,INC_sd,INC_r1,INC_kr,INC_sk,IND_avg,IND_sd,IND_r1,IND_kr,IND_sk
instances/A3/symmetric/20.2.in,0.2344309044,0.0831557561,0.8383020133,2.8863905108,-0.7449628505,0.1412090065,0.0320743721,0.6521188447,2.8390481482,0.7780183347,0.6243600892,0.0764186794,0.8088414918,2.9786438803,0.5855640951,0.0789930064,0.0180376233,0.6510543973,2.3617754712,-0.1001399232
