Instance,INF_avg,INF_sd,INF_r1,INF_kr,INF_sk,SUP_avg,SUP_sd,SUP_r1,SUP_kr,SUP_sk,INC_avg,INC_sd,INC_r1,INC_kr,INC_sk,IND_avg,IND_sd,IND_r1,IND_kr,IND_sk
instances/A1/asymmetric/20.4.in,0.3687500000,0.1390537216,0.0566388115,1.4296541169,0.1334779526,0.0937500000,0.0726184377,0.5134502924,1.6037860082,0.4628454172,0.5375000000,0.1316956719,-0.4944071588,2.3917701485,0.7234123103,0.3312500000,0.0826797285,-0.3705486044,1.9799836735,0.1114455246
