Instance,INF_avg,INF_sd,INF_r1,INF_kr,INF_sk,SUP_avg,SUP_sd,SUP_r1,SUP_kr,SUP_sk,INC_avg,INC_sd,INC_r1,INC_kr,INC_sk,IND_avg,IND_sd,IND_r1,IND_kr,IND_sk
instances/A2/symmetric/5.3.in,0.1785714286,0.1706995079,0.5471478463,1.3715764054,0.2320178704,0.2766666667,0.1210723065,0.3055104285,1.6872004018,0.4095674680,0.5447619048,0.1194222676,0.1858212623,1.4326520649,0.1891308748,0.3928571429,0.0752923252,0.3529411765,1.7305000000,-0.0711512474
