Instance,INF_avg,INF_sd,INF_r1,INF_kr,INF_sk,SUP_avg,SUP_sd,SUP_r1,SUP_kr,SUP_sk,INC_avg,INC_sd,INC_r1,INC_kr,INC_sk,IND_avg,IND_sd,IND_r1,IND_kr,IND_sk
instances/A2/symmetric/200.2.in,0.6856375371,0.1591115316,0.9762355596,2.1540168297,0.1487485043,0.0473129252,0.0558096623,0.9203904494,3.1889738254,1.1562016930,0.2670495378,0.1168308257,0.9634467553,2.3049464613,-0.6855223951,0.0458564451,0.0152571760,0.6477527891,2.3039757566,0.2261709126
