Instance,INF_avg,INF_sd,INF_r1,INF_kr,INF_sk,SUP_avg,SUP_sd,SUP_r1,SUP_kr,SUP_sk,INC_avg,INC_sd,INC_r1,INC_kr,INC_sk,IND_avg,IND_sd,IND_r1,IND_kr,IND_sk
instances/A2/symmetric/5.3.in,0.2796296296,0.0830654129,-0.6844189770,2.7207816718,0.3743867938,0.2407407407,0.1133418055,0.6799513039,1.6110925510,-0.0253497655,0.4796296296,0.1162101592,0.5156787376,1.5933019445,0.2247866399,0.3833333333,0.0360041150,-0.0303030303,1.5000000000,-0.5951700641
