Instance,INF_avg,INF_sd,INF_r1,INF_kr,INF_sk,SUP_avg,SUP_sd,SUP_r1,SUP_kr,SUP_sk,INC_avg,INC_sd,INC_r1,INC_kr,INC_sk,IND_avg,IND_sd,IND_r1,IND_kr,IND_sk
instances/A2/symmetric/5.3.in,0.2933333333,0.0620035841,-0.4157591288,3.1992549033,1.4580548133,0.1666666667,0.0894427191,0.5454545455,2.7314814815,0.9938079900,0.5400000000,0.1036018018,0.5983819705,1.2952625285,-0.2316162345,0.4066666667,0.0081649658,0.5238095238,1.1666666667,0.4082482905
