Instance,INF_avg,INF_sd,INF_r1,INF_kr,INF_sk,SUP_avg,SUP_sd,SUP_r1,SUP_kr,SUP_sk,INC_avg,INC_sd,INC_r1,INC_kr,INC_sk,IND_avg,IND_sd,IND_r1,IND_kr,IND_sk
instances/A3/symmetric/10.2.in,0.6033332696,0.1549471780,0.7820436328,1.4669211258,0.1672034268,0.0690469365,0.0534814309,0.7575135954,1.3790226438,-0.2870463136,0.3276197939,0.1038526012,0.7519334572,1.6498893379,0.0245179558,0.1895017136,0.0498454555,0.3672419316,3.8670673889,0.5390242920
