Instance,INF_avg,INF_sd,INF_r1,INF_kr,INF_sk,SUP_avg,SUP_sd,SUP_r1,SUP_kr,SUP_sk,INC_avg,INC_sd,INC_r1,INC_kr,INC_sk,IND_avg,IND_sd,IND_r1,IND_kr,IND_sk
instances/A1/symmetric/5.2.in,0.3611111111,0.0912870929,-0.6000000000,1.1831275720,-0.3719103786,0.1444444444,0.0593171014,-0.3357400722,2.2746999077,0.8478566294,0.4944444444,0.0902670934,-0.1521352313,2.7980371901,1.1931482023,0.4277777778,0.0136082763,-0.9230769231,1.1666666667,0.4082482905
