Instance,INF_avg,INF_sd,INF_r1,INF_kr,INF_sk,SUP_avg,SUP_sd,SUP_r1,SUP_kr,SUP_sk,INC_avg,INC_sd,INC_r1,INC_kr,INC_sk,IND_avg,IND_sd,IND_r1,IND_kr,IND_sk
instances/A3/asymmetric/100.6.in,0.3230000000,0.0454532727,0.4642412160,2.0058968840,0.6379113758,0.1260000000,0.0058309519,0.5522388060,1.6280276817,0.3631734744,0.5510000000,0.0512249939,0.4766758134,1.9591482005,-0.6074349900,0.0630000000,0.0081240384,0.0965732087,1.4421487603,0.3804646085
