Instance,INF_avg,INF_sd,INF_r1,INF_kr,INF_sk,SUP_avg,SUP_sd,SUP_r1,SUP_kr,SUP_sk,INC_avg,INC_sd,INC_r1,INC_kr,INC_sk,IND_avg,IND_sd,IND_r1,IND_kr,IND_sk
instances/A3/symmetric/10.1.in,0.5088815789,0.1720816090,0.6195405686,1.9850745866,-0.3595260223,0.0944078947,0.0804187179,0.6138536058,2.4020026413,0.9089425471,0.3967105263,0.1247695244,0.3533697978,1.8273404382,0.0556456194,0.2276315789,0.0787827231,-0.3954336314,3.1854220573,0.9950458875
