Instance,INF_avg,INF_sd,INF_r1,INF_kr,INF_sk,SUP_avg,SUP_sd,SUP_r1,SUP_kr,SUP_sk,INC_avg,INC_sd,INC_r1,INC_kr,INC_sk,IND_avg,IND_sd,IND_r1,IND_kr,IND_sk
instances/A1/asymmetric/50.5.in,0.3190000000,0.0396736688,-0.3289707546,1.5945752855,-0.1697777242,0.2080000000,0.0498598034,0.5593425987,1.6353465165,0.4055942172,0.4730000000,0.0355808937,0.1383876842,2.0920726549,0.7970623159,0.0680000000,0.0067823300,-0.0840707965,2.3638941399,0.7500308204
