Instance,INF_avg,INF_sd,INF_r1,INF_kr,INF_sk,SUP_avg,SUP_sd,SUP_r1,SUP_kr,SUP_sk,INC_avg,INC_sd,INC_r1,INC_kr,INC_sk,IND_avg,IND_sd,IND_r1,IND_kr,IND_sk
instances/A1/asymmetric/10.1.in,0.4850829563,0.0563507482,0.1010636324,1.7325695691,-0.1911416298,0.1507767722,0.0684059359,-0.0522947932,2.0621668052,0.5768036851,0.3641402715,0.0399768769,-0.5976196236,2.3619803961,0.8550610470,0.2062543992,0.0293167838,0.0462809033,2.1742864838,-0.6475555912
