Instance,INF_avg,INF_sd,INF_r1,INF_kr,INF_sk,SUP_avg,SUP_sd,SUP_r1,SUP_kr,SUP_sk,INC_avg,INC_sd,INC_r1,INC_kr,INC_sk,IND_avg,IND_sd,IND_r1,IND_kr,IND_sk
instances/A1/symmetric/200.4.in,0.3530000000,0.0294278779,-0.3894373149,1.9855591528,-0.4040096102,0.1160000000,0.0165529454,-0.2948960302,2.4098513506,0.6508643867,0.5310000000,0.0139283883,-0.4532019704,1.4252843023,-0.0399688047,0.0770000000,0.0074833148,-0.0869565217,1.8469387755,-0.3436215967
