Instance,INF_avg,INF_sd,INF_r1,INF_kr,INF_sk,SUP_avg,SUP_sd,SUP_r1,SUP_kr,SUP_sk,INC_avg,INC_sd,INC_r1,INC_kr,INC_sk,IND_avg,IND_sd,IND_r1,IND_kr,IND_sk
instances/A2/symmetric/50.3.in,0.8788114195,0.0710282575,1.1122287928,2.9362501664,-0.9237804156,0.0389528049,0.0261573156,0.9199458085,2.2510101768,0.5062440540,0.0822357756,0.0459371828,1.1520869574,3.3704673703,1.0939823068,0.0357325147,0.0091950241,0.2836793672,5.0854463109,1.6375455938
