Instance,INF_avg,INF_sd,INF_r1,INF_kr,INF_sk,SUP_avg,SUP_sd,SUP_r1,SUP_kr,SUP_sk,INC_avg,INC_sd,INC_r1,INC_kr,INC_sk,IND_avg,IND_sd,IND_r1,IND_kr,IND_sk
instances/A1/asymmetric/8.4.in,0.3569023569,0.1205857366,0.8713525801,1.7232387647,0.3836481609,0.1882154882,0.0836183610,0.6556691614,1.9519205639,0.0588405550,0.4548821549,0.0550008013,0.3033424319,1.6157964607,-0.1758909120,0.2316498316,0.0410083871,-0.2755073763,2.0929265036,0.0608643681
