Instance,INF_avg,INF_sd,INF_r1,INF_kr,INF_sk,SUP_avg,SUP_sd,SUP_r1,SUP_kr,SUP_sk,INC_avg,INC_sd,INC_r1,INC_kr,INC_sk,IND_avg,IND_sd,IND_r1,IND_kr,IND_sk
instances/A2/asymmetric/200.6.in,0.3178000000,0.0344406736,-0.2748700000,2.4149697369,-0.2214252157,0.1998000000,0.0287221169,0.0799348633,2.0996665856,-0.0147719749,0.4824000000,0.0330187825,0.0181143343,2.2740243470,-0.3726152535,0.0522000000,0.0116687617,0.0826810176,2.3617279595,-0.1600585496
