Instance,INF_avg,INF_sd,INF_r1,INF_kr,INF_sk,SUP_avg,SUP_sd,SUP_r1,SUP_kr,SUP_sk,INC_avg,INC_sd,INC_r1,INC_kr,INC_sk,IND_avg,IND_sd,IND_r1,IND_kr,IND_sk
instances/A3/symmetric/20.6.in,0.6269211806,0.0381166329,0.7094078476,2.4291744397,0.4325321130,0.0601873217,0.0209731087,0.3327277990,2.1066644569,0.5654121548,0.3128914978,0.0389299522,0.6079392265,2.4862555394,0.2936913159,0.1061060268,0.0287766340,0.3904344394,1.5935322551,0.3873562859
