Instance,INF_avg,INF_sd,INF_r1,INF_kr,INF_sk,SUP_avg,SUP_sd,SUP_r1,SUP_kr,SUP_sk,INC_avg,INC_sd,INC_r1,INC_kr,INC_sk,IND_avg,IND_sd,IND_r1,IND_kr,IND_sk
instances/A3/symmetric/20.6.in,0.6543706112,0.0273886901,0.2960475934,2.3532217322,0.5921638342,0.0611573980,0.0264416121,0.4102396700,1.3749616678,0.4572235443,0.2844719908,0.0213564564,-0.4681414830,1.3937017041,-0.2381733510,0.1209745083,0.0313187797,0.1705499907,2.0369285035,-0.8010313409
