Instance,INF_avg,INF_sd,INF_r1,INF_kr,INF_sk,SUP_avg,SUP_sd,SUP_r1,SUP_kr,SUP_sk,INC_avg,INC_sd,INC_r1,INC_kr,INC_sk,IND_avg,IND_sd,IND_r1,IND_kr,IND_sk
instances/A2/asymmetric/50.1.in,0.3420000000,0.0304302481,0.8901702361,2.1511062700,0.7518522226,0.2050000000,0.0144913767,-0.0606060606,1.2755102041,-0.3943231768,0.4530000000,0.0290860791,0.6464465183,1.5958871955,0.1436187031,0.0480000000,0.0120830460,-0.3876651982,1.8297053856,-0.1224403232
