Instance,INF_avg,INF_sd,INF_r1,INF_kr,INF_sk,SUP_avg,SUP_sd,SUP_r1,SUP_kr,SUP_sk,INC_avg,INC_sd,INC_r1,INC_kr,INC_sk,IND_avg,IND_sd,IND_r1,IND_kr,IND_sk
instances/A3/asymmetric/8.5.in,0.2407407407,0.1293562643,0.5120475857,2.1593691247,0.1653298342,0.1189674523,0.0516975442,-0.3337213324,2.0272494354,0.6886251060,0.6402918070,0.1067137650,0.6866694002,2.2739423928,-0.3367264548,0.2762065095,0.0375624233,0.0331134148,3.1921212411,1.0698615695
