Instance,INF_avg,INF_sd,INF_r1,INF_kr,INF_sk,SUP_avg,SUP_sd,SUP_r1,SUP_kr,SUP_sk,INC_avg,INC_sd,INC_r1,INC_kr,INC_sk,IND_avg,IND_sd,IND_r1,IND_kr,IND_sk
instances/A1/asymmetric/50.5.in,0.4337500000,0.0623372882,0.0482113403,2.0766082544,0.0561655211,0.0712500000,0.0435710626,0.5562967080,2.4963979068,0.5682500668,0.4950000000,0.0460977223,-0.2744665195,2.6310034602,-0.0306254764,0.1750000000,0.0502493781,-0.0246808511,2.5096559161,0.3783111693
