Instance,INF_avg,INF_sd,INF_r1,INF_kr,INF_sk,SUP_avg,SUP_sd,SUP_r1,SUP_kr,SUP_sk,INC_avg,INC_sd,INC_r1,INC_kr,INC_sk,IND_avg,IND_sd,IND_r1,IND_kr,IND_sk
instances/A1/asymmetric/200.1.in,0.3330500000,0.0361448129,0.3412783653,2.1276348659,0.0167590207,0.1830000000,0.0237065392,0.1689560440,3.3552038348,0.1491772730,0.4839500000,0.0343605515,0.0541707044,2.4755190686,-0.0525924021,0.0727500000,0.0147033160,-0.0082731140,2.6416648300,0.1948631480
