Instance,INF_avg,INF_sd,INF_r1,INF_kr,INF_sk,SUP_avg,SUP_sd,SUP_r1,SUP_kr,SUP_sk,INC_avg,INC_sd,INC_r1,INC_kr,INC_sk,IND_avg,IND_sd,IND_r1,IND_kr,IND_sk
instances/A2/symmetric/8.1.in,0.1492704826,0.0802841853,0.3600787567,1.6000288290,0.1478518073,0.4750280584,0.0971735229,0.4349387282,1.4440887956,0.0913847758,0.3757014590,0.0381820590,0.3240975664,2.6571396642,0.8854842879,0.1756453423,0.0338821415,0.3710173303,2.0486430147,-0.4596756614
