Instance,INF_avg,INF_sd,INF_r1,INF_kr,INF_sk,SUP_avg,SUP_sd,SUP_r1,SUP_kr,SUP_sk,INC_avg,INC_sd,INC_r1,INC_kr,INC_sk,IND_avg,IND_sd,IND_r1,IND_kr,IND_sk
instances/A1/asymmetric/20.2.in,0.4383333333,0.1520325258,0.6294156006,3.3754912492,0.8484217516,0.0983333333,0.0651707160,0.4239071457,2.5501208166,0.2423244352,0.4633333333,0.1290564046,0.5304975923,3.2983950608,-0.7258687230,0.2950000000,0.1002912426,0.2412503340,3.2368165815,0.8064334271
