Instance,INF_avg,INF_sd,INF_r1,INF_kr,INF_sk,SUP_avg,SUP_sd,SUP_r1,SUP_kr,SUP_sk,INC_avg,INC_sd,INC_r1,INC_kr,INC_sk,IND_avg,IND_sd,IND_r1,IND_kr,IND_sk
instances/A2/symmetric/20.2.in,0.6941880188,0.0602378170,0.7064966048,1.4459960300,-0.4777635974,0.0611471307,0.0347237828,0.7174732702,1.4749753806,0.4589854048,0.2446648505,0.0309131003,0.6020574021,2.2821918375,0.2680850635,0.0445889246,0.0118555435,0.0159533364,1.7174723357,-0.0032053768
