Instance,INF_avg,INF_sd,INF_r1,INF_kr,INF_sk,SUP_avg,SUP_sd,SUP_r1,SUP_kr,SUP_sk,INC_avg,INC_sd,INC_r1,INC_kr,INC_sk,IND_avg,IND_sd,IND_r1,IND_kr,IND_sk
instances/A1/asymmetric/50.3.in,0.3044500000,0.1022592172,0.8710390057,2.5378135723,-0.5509856965,0.1881500000,0.0657520152,0.8673526167,2.5850707732,0.4384410855,0.5074000000,0.0507172554,0.6309402304,2.3256603061,0.3743077454,0.0699500000,0.0193066698,0.1889072021,2.5210006454,0.1607948549
