Instance,INF_avg,INF_sd,INF_r1,INF_kr,INF_sk,SUP_avg,SUP_sd,SUP_r1,SUP_kr,SUP_sk,INC_avg,INC_sd,INC_r1,INC_kr,INC_sk,IND_avg,IND_sd,IND_r1,IND_kr,IND_sk
instances/A1/symmetric/5.4.in,0.5481481481,0.0733295921,-0.2000000000,1.5000000000,-0.7071067812,0.0000000000,0.0000000000,0.0000000000,0.0000000000,0.0000000000,0.4518518519,0.0733295921,-0.2000000000,1.5000000000,0.7071067812,0.4444444444,0.1133115447,-0.1379310345,1.5000000000,0.5280049792
