Instance,INF_avg,INF_sd,INF_r1,INF_kr,INF_sk,SUP_avg,SUP_sd,SUP_r1,SUP_kr,SUP_sk,INC_avg,INC_sd,INC_r1,INC_kr,INC_sk,IND_avg,IND_sd,IND_r1,IND_kr,IND_sk
instances/A1/asymmetric/100.4.in,0.3144000000,0.0583321524,0.4201221712,3.3380739380,-0.5376020248,0.1694000000,0.0249527554,0.3200114508,3.4355714360,0.7180451179,0.5162000000,0.0597792606,0.4101170263,3.0143344411,0.4673777009,0.0725000000,0.0146714008,-0.1088216355,2.7302949734,0.1353696727
