Instance,INF_avg,INF_sd,INF_r1,INF_kr,INF_sk,SUP_avg,SUP_sd,SUP_r1,SUP_kr,SUP_sk,INC_avg,INC_sd,INC_r1,INC_kr,INC_sk,IND_avg,IND_sd,IND_r1,IND_kr,IND_sk
instances/A3/asymmetric/10.4.in,0.2392686678,0.0511834877,0.2029485405,2.3939709249,-0.1150559863,0.1370748299,0.0206394138,-0.1679740556,3.4184991477,0.8711609592,0.6236565022,0.0552302351,0.3176974678,2.0866301588,0.3322881954,0.1628427128,0.0320006775,0.7632742939,1.4109227678,-0.0733326952
