Instance,INF_avg,INF_sd,INF_r1,INF_kr,INF_sk,SUP_avg,SUP_sd,SUP_r1,SUP_kr,SUP_sk,INC_avg,INC_sd,INC_r1,INC_kr,INC_sk,IND_avg,IND_sd,IND_r1,IND_kr,IND_sk
instances/A3/asymmetric/10.4.in,0.2561381476,0.0498845523,0.1896603166,1.4878587520,0.0569900782,0.1449165121,0.0222752187,-0.0445966805,2.4599403957,0.5676179824,0.5989453404,0.0461873085,0.3645693605,1.2094421585,0.3101640014,0.1367532468,0.0161927677,-0.5428048907,2.1535015010,0.4256737218
