Instance,INF_avg,INF_sd,INF_r1,INF_kr,INF_sk,SUP_avg,SUP_sd,SUP_r1,SUP_kr,SUP_sk,INC_avg,INC_sd,INC_r1,INC_kr,INC_sk,IND_avg,IND_sd,IND_r1,IND_kr,IND_sk
instances/A3/asymmetric/10.3.in,0.3008542163,0.0852853648,0.6313337772,2.4106773477,-0.2590367429,0.0602702192,0.0229942230,0.4137327684,1.7746024031,-0.0782984986,0.6388755645,0.0695119673,0.4314853882,2.9535612402,0.6511375364,0.2220397988,0.0190909283,0.2361157975,2.0962230910,-0.2928496226
