Instance,INF_avg,INF_sd,INF_r1,INF_kr,INF_sk,SUP_avg,SUP_sd,SUP_r1,SUP_kr,SUP_sk,INC_avg,INC_sd,INC_r1,INC_kr,INC_sk,IND_avg,IND_sd,IND_r1,IND_kr,IND_sk
instances/A3/symmetric/50.1.in,0.3655000000,0.0542332924,0.6658035543,3.3421646571,-0.2472484002,0.1362000000,0.0273049446,0.5191348129,3.1015538939,0.5879538741,0.4983000000,0.0468893378,0.5085947515,3.2821977342,-0.1337131944,0.0807000000,0.0158432951,0.2900005657,2.4200416001,0.0603586956
