Instance,INF_avg,INF_sd,INF_r1,INF_kr,INF_sk,SUP_avg,SUP_sd,SUP_r1,SUP_kr,SUP_sk,INC_avg,INC_sd,INC_r1,INC_kr,INC_sk,IND_avg,IND_sd,IND_r1,IND_kr,IND_sk
instances/A3/asymmetric/5.4.in,0.2537037037,0.1177929177,-0.1916341045,2.7875549568,1.0412083311,0.0925925926,0.0694382713,0.6454251884,1.9922593478,0.3058783047,0.6537037037,0.1278448563,-0.2057641548,2.0047376252,-0.4896867987,0.3907407407,0.0445215381,-0.3240556660,1.8999952108,-0.0957105657
