Instance,INF_avg,INF_sd,INF_r1,INF_kr,INF_sk,SUP_avg,SUP_sd,SUP_r1,SUP_kr,SUP_sk,INC_avg,INC_sd,INC_r1,INC_kr,INC_sk,IND_avg,IND_sd,IND_r1,IND_kr,IND_sk
instances/A3/asymmetric/5.6.in,0.3598765432,0.1107022656,0.6097977298,2.8599110476,0.9024878667,0.2253086420,0.1075385888,0.0991650345,2.6324226691,-0.8310401560,0.4148148148,0.0765332530,0.1828117884,4.7994134230,-1.4585450970,0.4333333333,0.0711940103,0.1429543907,2.0070579597,0.1149919607
