Instance,INF_avg,INF_sd,INF_r1,INF_kr,INF_sk,SUP_avg,SUP_sd,SUP_r1,SUP_kr,SUP_sk,INC_avg,INC_sd,INC_r1,INC_kr,INC_sk,IND_avg,IND_sd,IND_r1,IND_kr,IND_sk
instances/A2/asymmetric/20.5.in,0.6325809776,0.0439301837,0.3745871443,2.2389052389,0.3043064384,0.1133377454,0.0256756952,0.4281200657,2.1582597716,-0.2428405196,0.2540812770,0.0189944273,0.2518391128,2.0864010329,-0.3750274962,0.0702562363,0.0202602959,0.3962787284,2.2230460187,0.5057949315
