Instance,INF_avg,INF_sd,INF_r1,INF_kr,INF_sk,SUP_avg,SUP_sd,SUP_r1,SUP_kr,SUP_sk,INC_avg,INC_sd,INC_r1,INC_kr,INC_sk,IND_avg,IND_sd,IND_r1,IND_kr,IND_sk
instances/A1/symmetric/200.6.in,0.2585000000,0.0463707882,-0.1151084212,2.7737910360,-0.8766328657,0.1950000000,0.0223606798,-0.4701986755,3.2570000000,0.7043614129,0.5465000000,0.0411734138,0.0957062199,3.3302150163,0.8904897704,0.0605000000,0.0157241852,0.1091111336,2.1483405427,0.4479391570
