Instance,INF_avg,INF_sd,INF_r1,INF_kr,INF_sk,SUP_avg,SUP_sd,SUP_r1,SUP_kr,SUP_sk,INC_avg,INC_sd,INC_r1,INC_kr,INC_sk,IND_avg,IND_sd,IND_r1,IND_kr,IND_sk
instances/A1/symmetric/8.6.in,0.5189010989,0.0570514908,0.3531730617,1.3715475911,0.3167205973,0.2401465201,0.0436660765,0.0427345205,1.6623364396,0.3488127742,0.2409523810,0.0254945055,0.2261034709,1.8464016559,-0.3638262183,0.2532600733,0.0362341982,-0.9744058837,2.1726421896,-0.5101482136
