Instance,INF_avg,INF_sd,INF_r1,INF_kr,INF_sk,SUP_avg,SUP_sd,SUP_r1,SUP_kr,SUP_sk,INC_avg,INC_sd,INC_r1,INC_kr,INC_sk,IND_avg,IND_sd,IND_r1,IND_kr,IND_sk
instances/A1/symmetric/8.6.in,0.4359040704,0.1218551938,0.5934588126,1.7149056828,-0.3594398886,0.2424824218,0.0533784926,-0.1186288586,1.7231713570,0.3248977489,0.3216135078,0.1096604629,0.9953763129,2.5657398519,0.8929698710,0.2401311332,0.0368219917,-0.5402865064,1.5321627883,0.1576353841
