Instance,INF_avg,INF_sd,INF_r1,INF_kr,INF_sk,SUP_avg,SUP_sd,SUP_r1,SUP_kr,SUP_sk,INC_avg,INC_sd,INC_r1,INC_kr,INC_sk,IND_avg,IND_sd,IND_r1,IND_kr,IND_sk
instances/A2/asymmetric/200.6.in,0.2970588235,0.0915079364,-0.0470477022,2.6281077112,0.5474632141,0.1852941176,0.0981665839,0.0096866858,1.9821804422,-0.2389893360,0.5176470588,0.1136832241,-0.0094947976,1.7940597732,0.1311247608,0.2852941176,0.0762440082,0.4541048167,1.8688881803,0.1047058446
