Instance,INF_avg,INF_sd,INF_r1,INF_kr,INF_sk,SUP_avg,SUP_sd,SUP_r1,SUP_kr,SUP_sk,INC_avg,INC_sd,INC_r1,INC_kr,INC_sk,IND_avg,IND_sd,IND_r1,IND_kr,IND_sk
instances/A3/symmetric/20.5.in,0.2339434634,0.1034470733,0.5566152336,3.1780959239,-0.1772300239,0.1835291487,0.0717848107,0.5949607020,2.7964596339,0.6162350582,0.5825273879,0.0546156097,0.4460749965,3.3062443520,-0.6423081162,0.0638287572,0.0137031229,0.2951544321,2.4185523467,0.5612571423
