Instance,INF_avg,INF_sd,INF_r1,INF_kr,INF_sk,SUP_avg,SUP_sd,SUP_r1,SUP_kr,SUP_sk,INC_avg,INC_sd,INC_r1,INC_kr,INC_sk,IND_avg,IND_sd,IND_r1,IND_kr,IND_sk
instances/A3/symmetric/20.5.in,0.2418684436,0.1020493950,0.5827240134,3.1895463876,-0.3228865290,0.1825821479,0.0684654753,0.5937148358,3.0996383860,0.6841986665,0.5755494085,0.0569064841,0.5270880947,2.7234276187,-0.4325183871,0.0652514092,0.0138893456,0.3567920260,2.1415739615,0.3609284460
