Instance,INF_avg,INF_sd,INF_r1,INF_kr,INF_sk,SUP_avg,SUP_sd,SUP_r1,SUP_kr,SUP_sk,INC_avg,INC_sd,INC_r1,INC_kr,INC_sk,IND_avg,IND_sd,IND_r1,IND_kr,IND_sk
instances/A3/symmetric/200.5.in,0.2800000000,0.0316701752,0.2908629442,2.8810129929,0.0977485233,0.1571000000,0.0226072997,-0.0577594854,2.2933020676,0.2612321880,0.5629000000,0.0344541725,0.0075207936,2.0854381140,0.0893743228,0.0712000000,0.0204342849,0.1966151295,2.4275854046,0.3369519506
