Instance,INF_avg,INF_sd,INF_r1,INF_kr,INF_sk,SUP_avg,SUP_sd,SUP_r1,SUP_kr,SUP_sk,INC_avg,INC_sd,INC_r1,INC_kr,INC_sk,IND_avg,IND_sd,IND_r1,IND_kr,IND_sk
instances/A2/symmetric/8.3.in,0.4358070537,0.0520687749,-0.0691100631,1.9599546360,-0.3599982067,0.1801807643,0.0572370126,0.3567571741,3.3289326896,1.0868586836,0.3840121819,0.0438441270,-0.0679498662,5.5874079691,1.8811415221,0.2050397878,0.0390502422,-0.0066098158,5.6377303820,1.7557435845
