Instance,INF_avg,INF_sd,INF_r1,INF_kr,INF_sk,SUP_avg,SUP_sd,SUP_r1,SUP_kr,SUP_sk,INC_avg,INC_sd,INC_r1,INC_kr,INC_sk,IND_avg,IND_sd,IND_r1,IND_kr,IND_sk
instances/A3/symmetric/5.4.in,0.0266666667,0.0533333333,-0.0526315789,3.2500000000,1.5000000000,0.2000000000,0.0942809042,0.6666666667,1.7000000000,-0.0000000000,0.7733333333,0.0679869268,0.6969696970,1.9556213018,-0.2715454179,0.4000000000,0.0421637021,0.0000000000,2.5000000000,-0.0000000000
