Instance,INF_avg,INF_sd,INF_r1,INF_kr,INF_sk,SUP_avg,SUP_sd,SUP_r1,SUP_kr,SUP_sk,INC_avg,INC_sd,INC_r1,INC_kr,INC_sk,IND_avg,IND_sd,IND_r1,IND_kr,IND_sk
instances/A1/symmetric/20.5.in,0.4416533837,0.0488846842,0.7877091327,1.9028121914,0.1281378965,0.1819940473,0.0402030345,0.6970239180,2.7196983852,-0.9956520527,0.3763525690,0.0268464248,0.7664736358,2.3071934003,-0.0978711876,0.0570083311,0.0070351920,-0.0300819271,2.5599836276,0.4202916722
