Instance,INF_avg,INF_sd,INF_r1,INF_kr,INF_sk,SUP_avg,SUP_sd,SUP_r1,SUP_kr,SUP_sk,INC_avg,INC_sd,INC_r1,INC_kr,INC_sk,IND_avg,IND_sd,IND_r1,IND_kr,IND_sk
instances/A3/symmetric/20.1.in,0.5977020037,0.0287913986,-0.0690101561,2.3763749986,-0.2066999158,0.0692176013,0.0187482041,0.4280164493,1.1805271457,-0.4138889287,0.3330803950,0.0245984720,0.0411870524,1.1777272911,0.4040637746,0.0931573498,0.0074161557,-0.6839517476,1.2786185278,-0.0215614991
