Instance,INF_avg,INF_sd,INF_r1,INF_kr,INF_sk,SUP_avg,SUP_sd,SUP_r1,SUP_kr,SUP_sk,INC_avg,INC_sd,INC_r1,INC_kr,INC_sk,IND_avg,IND_sd,IND_r1,IND_kr,IND_sk
instances/A3/symmetric/20.1.in,0.5725764127,0.0437039580,0.4325164995,2.4629425332,-0.3540484913,0.0775187278,0.0186879474,0.5007577426,2.2431647349,-0.9070283099,0.3499048595,0.0360547613,0.2922199532,2.9757751484,0.8132052746,0.0924810706,0.0070600235,-0.7084615527,1.3808986364,0.0680602978
