Instance,INF_avg,INF_sd,INF_r1,INF_kr,INF_sk,SUP_avg,SUP_sd,SUP_r1,SUP_kr,SUP_sk,INC_avg,INC_sd,INC_r1,INC_kr,INC_sk,IND_avg,IND_sd,IND_r1,IND_kr,IND_sk
instances/A1/symmetric/5.3.in,0.4493827160,0.0796272370,0.0628348214,1.6206545858,0.3402010389,0.0864197531,0.1144891172,-0.1668965517,2.8044889129,1.0632812986,0.4641975309,0.1363624817,-0.1415353122,1.7274743349,-0.3789440439,0.5234567901,0.1313060326,-0.2894940999,2.7712514179,0.6698847369
