Instance,INF_avg,INF_sd,INF_r1,INF_kr,INF_sk,SUP_avg,SUP_sd,SUP_r1,SUP_kr,SUP_sk,INC_avg,INC_sd,INC_r1,INC_kr,INC_sk,IND_avg,IND_sd,IND_r1,IND_kr,IND_sk
instances/A3/asymmetric/100.5.in,0.2420000000,0.0357211422,0.7297675721,1.6646677018,0.2508985406,0.1700000000,0.0134164079,-0.0740740741,2.7314814815,0.9938079900,0.5880000000,0.0317175031,0.2651979922,1.9296171282,0.4887205027,0.0790000000,0.0115758369,-0.1956521739,1.3968589886,0.2436882574
