Instance,INF_avg,INF_sd,INF_r1,INF_kr,INF_sk,SUP_avg,SUP_sd,SUP_r1,SUP_kr,SUP_sk,INC_avg,INC_sd,INC_r1,INC_kr,INC_sk,IND_avg,IND_sd,IND_r1,IND_kr,IND_sk
instances/A3/asymmetric/200.5.in,0.2732000000,0.0347528416,0.0669467243,1.9827083287,0.0107863390,0.1406000000,0.0207036229,0.0984228058,2.1709811537,0.2122094798,0.5862000000,0.0348792202,-0.0450955141,2.1538108294,0.1632859060,0.0836000000,0.0255546473,-0.1659022823,2.2101194277,0.1534324219
