Instance,INF_avg,INF_sd,INF_r1,INF_kr,INF_sk,SUP_avg,SUP_sd,SUP_r1,SUP_kr,SUP_sk,INC_avg,INC_sd,INC_r1,INC_kr,INC_sk,IND_avg,IND_sd,IND_r1,IND_kr,IND_sk
instances/A1/asymmetric/200.1.in,0.5500000000,0.1384437310,0.6190476190,2.2400756144,0.5652900928,0.1333333333,0.0745355992,0.7857142857,2.0400000000,-0.6260990337,0.3166666667,0.0897527468,0.1360000000,1.3234244946,-0.3329709512,0.3333333333,0.0745355992,-0.0714285714,2.0400000000,-0.6260990337
