Instance,INF_avg,INF_sd,INF_r1,INF_kr,INF_sk,SUP_avg,SUP_sd,SUP_r1,SUP_kr,SUP_sk,INC_avg,INC_sd,INC_r1,INC_kr,INC_sk,IND_avg,IND_sd,IND_r1,IND_kr,IND_sk
instances/A1/symmetric/50.1.in,0.3932000000,0.0498373354,0.7730656897,2.1887228535,-0.2266598954,0.1574000000,0.0334400957,0.3361326282,2.3910978673,0.1004129731,0.4494000000,0.0365053421,0.7547705131,2.0579669179,0.2111878562,0.0696000000,0.0144166570,0.2683831771,3.1975858139,-0.6409541188
