Instance,INF_avg,INF_sd,INF_r1,INF_kr,INF_sk,SUP_avg,SUP_sd,SUP_r1,SUP_kr,SUP_sk,INC_avg,INC_sd,INC_r1,INC_kr,INC_sk,IND_avg,IND_sd,IND_r1,IND_kr,IND_sk
instances/A3/asymmetric/20.5.in,0.3364969611,0.1027475388,0.7919059548,2.1540033176,0.4088300431,0.1767295906,0.0426590866,0.6065099701,3.4231288888,0.4215149874,0.4867734483,0.0805011747,0.7957037554,1.9846917956,-0.1330908372,0.0676895705,0.0148870764,0.3326781536,1.8396460620,0.2004330617
