Instance,INF_avg,INF_sd,INF_r1,INF_kr,INF_sk,SUP_avg,SUP_sd,SUP_r1,SUP_kr,SUP_sk,INC_avg,INC_sd,INC_r1,INC_kr,INC_sk,IND_avg,IND_sd,IND_r1,IND_kr,IND_sk
instances/A3/asymmetric/20.5.in,0.4271428571,0.0963941738,0.5042488144,2.8528710998,0.5919968109,0.0771428571,0.0353409054,0.7622080679,2.6265538895,-0.6372504658,0.4957142857,0.0741344614,0.3687624228,2.0470969764,-0.0746184962,0.1371428571,0.0291372544,0.7335390947,2.6357248521,0.8033218612
