Instance,INF_avg,INF_sd,INF_r1,INF_kr,INF_sk,SUP_avg,SUP_sd,SUP_r1,SUP_kr,SUP_sk,INC_avg,INC_sd,INC_r1,INC_kr,INC_sk,IND_avg,IND_sd,IND_r1,IND_kr,IND_sk
instances/A1/asymmetric/20.5.in,0.5078932466,0.0281681334,-0.4601459882,4.2211108853,-1.5152340916,0.0965306946,0.0261505150,-0.3497387059,5.8580657450,2.0118908272,0.3955760588,0.0085703387,-0.5418417483,2.2308151809,0.7103901267,0.0640957367,0.0099970439,0.4015640231,1.9444762901,0.3353271631
