Instance,INF_avg,INF_sd,INF_r1,INF_kr,INF_sk,SUP_avg,SUP_sd,SUP_r1,SUP_kr,SUP_sk,INC_avg,INC_sd,INC_r1,INC_kr,INC_sk,IND_avg,IND_sd,IND_r1,IND_kr,IND_sk
instances/A3/symmetric/8.5.in,0.3860974275,0.1069097472,0.2546315752,1.7433466651,0.1381061102,0.0764750958,0.0401298519,0.4340180857,2.2963006886,-0.4354086010,0.5374274767,0.0727266003,0.1701931870,1.6869150579,0.1670690968,0.2846998723,0.0301232498,0.4691827970,1.9743330844,0.0499298359
