Instance,INF_avg,INF_sd,INF_r1,INF_kr,INF_sk,SUP_avg,SUP_sd,SUP_r1,SUP_kr,SUP_sk,INC_avg,INC_sd,INC_r1,INC_kr,INC_sk,IND_avg,IND_sd,IND_r1,IND_kr,IND_sk
instances/A1/symmetric/50.2.in,0.3274000000,0.0600269939,0.7718177624,2.8737278562,0.3010534309,0.1893000000,0.0362216786,0.5334837546,4.1973977250,0.0101121969,0.4833000000,0.0542642608,0.7867439560,2.5483196983,0.2171478627,0.0592000000,0.0135779233,0.1618570655,3.4263293665,0.3607249304
