Instance,INF_avg,INF_sd,INF_r1,INF_kr,INF_sk,SUP_avg,SUP_sd,SUP_r1,SUP_kr,SUP_sk,INC_avg,INC_sd,INC_r1,INC_kr,INC_sk,IND_avg,IND_sd,IND_r1,IND_kr,IND_sk
instances/A2/asymmetric/5.4.in,0.3555555556,0.1973764829,0.7965023847,1.5115215235,-0.1179795315,0.1240740741,0.0786546688,0.1005745351,1.8559864504,-0.4546200105,0.5203703704,0.1547155450,0.8188677094,1.4457196575,0.1834678846,0.3345679012,0.0662941122,0.6854080586,1.7600725191,0.1388588857
