Instance,INF_avg,INF_sd,INF_r1,INF_kr,INF_sk,SUP_avg,SUP_sd,SUP_r1,SUP_kr,SUP_sk,INC_avg,INC_sd,INC_r1,INC_kr,INC_sk,IND_avg,IND_sd,IND_r1,IND_kr,IND_sk
instances/A3/asymmetric/20.3.in,0.4520594040,0.0907168967,0.6003955995,1.5036861832,0.5604500576,0.0938268326,0.0388585158,0.5493968051,1.4540560434,-0.3756976522,0.4541137634,0.0544844115,0.5992676456,1.7022690106,-0.4198836939,0.0671425485,0.0191540843,0.6642292585,1.5057599494,0.3438214364
