Instance,INF_avg,INF_sd,INF_r1,INF_kr,INF_sk,SUP_avg,SUP_sd,SUP_r1,SUP_kr,SUP_sk,INC_avg,INC_sd,INC_r1,INC_kr,INC_sk,IND_avg,IND_sd,IND_r1,IND_kr,IND_sk
instances/A3/asymmetric/200.5.in,0.3155963303,0.1569048750,0.7027795518,8.0685197808,1.8893835725,0.0825688073,0.0785114223,0.1805289172,4.5220626314,1.1556776351,0.6018348624,0.1559120261,0.5395807738,5.2265609364,-1.0108352721,0.3692660550,0.1172913445,0.0667935642,2.9237002821,0.0741957412
