Instance,INF_avg,INF_sd,INF_r1,INF_kr,INF_sk,SUP_avg,SUP_sd,SUP_r1,SUP_kr,SUP_sk,INC_avg,INC_sd,INC_r1,INC_kr,INC_sk,IND_avg,IND_sd,IND_r1,IND_kr,IND_sk
instances/A1/asymmetric/50.3.in,0.6940065413,0.1453667025,0.9528572527,1.9646135960,-0.0612386686,0.0431969632,0.0385773857,0.8674604754,3.6589156851,1.1166070374,0.2627964955,0.1115897664,0.9423714173,1.8930333786,-0.2034075138,0.0559100084,0.0131902678,0.3451380068,2.7883122167,0.5394878431
