Instance,INF_avg,INF_sd,INF_r1,INF_kr,INF_sk,SUP_avg,SUP_sd,SUP_r1,SUP_kr,SUP_sk,INC_avg,INC_sd,INC_r1,INC_kr,INC_sk,IND_avg,IND_sd,IND_r1,IND_kr,IND_sk
instances/A1/asymmetric/50.3.in,0.7037488230,0.1502290924,0.9527761242,1.9276222370,-0.0766372796,0.0414690846,0.0387342179,0.8730767647,3.7088964655,1.1374093956,0.2547820924,0.1161911899,0.9425936398,1.8296026730,-0.1725935682,0.0558923602,0.0134989810,0.2697904072,2.6959591062,0.5416988586
