Instance,INF_avg,INF_sd,INF_r1,INF_kr,INF_sk,SUP_avg,SUP_sd,SUP_r1,SUP_kr,SUP_sk,INC_avg,INC_sd,INC_r1,INC_kr,INC_sk,IND_avg,IND_sd,IND_r1,IND_kr,IND_sk
instances/A3/symmetric/200.4.in,0.6496428571,0.2078139990,0.9731727305,1.7460921942,-0.1014725013,0.0290714286,0.0357899912,0.9304528486,2.8412069733,1.0888456673,0.3212857143,0.1776587534,0.9715781649,1.7325416597,-0.0580136428,0.0681428571,0.0256789440,0.7839509265,1.9618215254,-0.2099736282
