Instance,INF_avg,INF_sd,INF_r1,INF_kr,INF_sk,SUP_avg,SUP_sd,SUP_r1,SUP_kr,SUP_sk,INC_avg,INC_sd,INC_r1,INC_kr,INC_sk,IND_avg,IND_sd,IND_r1,IND_kr,IND_sk
instances/A3/symmetric/100.1.in,0.2965000000,0.0324846117,-0.1160217998,1.9397140604,0.1031377850,0.1945000000,0.0343110769,0.3372646747,3.3859002075,-1.0873619082,0.5090000000,0.0282665881,0.6012039127,1.7137300850,-0.1041398981,0.0675000000,0.0128937970,0.0113207547,2.8596868110,0.4198556757
