Instance,INF_avg,INF_sd,INF_r1,INF_kr,INF_sk,SUP_avg,SUP_sd,SUP_r1,SUP_kr,SUP_sk,INC_avg,INC_sd,INC_r1,INC_kr,INC_sk,IND_avg,IND_sd,IND_r1,IND_kr,IND_sk
instances/A3/symmetric/50.1.in,0.3639000000,0.0573348934,0.7061627308,2.2719899671,0.2697519803,0.1501000000,0.0321168180,0.5131865585,4.1818412311,0.3633780433,0.4860000000,0.0420356991,0.7036128482,2.0776151727,-0.3115631349,0.0666000000,0.0140513345,0.3275477889,2.6150759708,0.2066081299
