Instance,INF_avg,INF_sd,INF_r1,INF_kr,INF_sk,SUP_avg,SUP_sd,SUP_r1,SUP_kr,SUP_sk,INC_avg,INC_sd,INC_r1,INC_kr,INC_sk,IND_avg,IND_sd,IND_r1,IND_kr,IND_sk
instances/A1/symmetric/20.4.in,0.6561843231,0.1124515991,0.6350538239,1.8731799760,-0.6546556292,0.0882555393,0.0681621408,0.7206555339,1.7994953559,0.6226333786,0.2555601377,0.0461399517,0.4696778980,1.7640896908,0.6087515912,0.0621980898,0.0197453872,0.6567093690,1.9264155494,0.6347623092
