Instance,INF_avg,INF_sd,INF_r1,INF_kr,INF_sk,SUP_avg,SUP_sd,SUP_r1,SUP_kr,SUP_sk,INC_avg,INC_sd,INC_r1,INC_kr,INC_sk,IND_avg,IND_sd,IND_r1,IND_kr,IND_sk
instances/A3/asymmetric/5.4.in,0.0666666667,0.0421637021,-1.0000000000,2.5000000000,-0.0000000000,0.2933333333,0.0326598632,-0.5384615385,1.1666666667,0.4082482905,0.6400000000,0.0533333333,-0.7605633803,2.0781250000,0.8437500000,0.4000000000,0.0730296743,0.5000000000,2.5000000000,-0.9128709292
