Instance,INF_avg,INF_sd,INF_r1,INF_kr,INF_sk,SUP_avg,SUP_sd,SUP_r1,SUP_kr,SUP_sk,INC_avg,INC_sd,INC_r1,INC_kr,INC_sk,IND_avg,IND_sd,IND_r1,IND_kr,IND_sk
instances/A3/asymmetric/5.4.in,0.1666666667,0.1257078722,0.5071868583,2.2798004150,0.5422417968,0.2000000000,0.1141257699,0.7667560322,1.7442667505,-0.4173494890,0.6333333333,0.0926296222,-0.0145985401,3.7677397650,-1.0601515637,0.3888888889,0.0737027731,-0.0814624759,2.5238894628,-0.9704896404
