Instance,INF_avg,INF_sd,INF_r1,INF_kr,INF_sk,SUP_avg,SUP_sd,SUP_r1,SUP_kr,SUP_sk,INC_avg,INC_sd,INC_r1,INC_kr,INC_sk,IND_avg,IND_sd,IND_r1,IND_kr,IND_sk
instances/A2/symmetric/100.6.in,0.3424000000,0.0373930475,0.3439538355,2.9960868073,0.3930202220,0.1762000000,0.0291986301,-0.1517449894,3.7132043447,0.7105869505,0.4814000000,0.0334819354,-0.0438951862,2.0728625419,0.1415730972,0.0600000000,0.0122474487,-0.1027397260,2.2866666667,0.6042074699
