Instance,INF_avg,INF_sd,INF_r1,INF_kr,INF_sk,SUP_avg,SUP_sd,SUP_r1,SUP_kr,SUP_sk,INC_avg,INC_sd,INC_r1,INC_kr,INC_sk,IND_avg,IND_sd,IND_r1,IND_kr,IND_sk
instances/A2/asymmetric/10.2.in,0.6072222222,0.0515081199,0.0442903026,2.6177083349,-1.0625379365,0.1455555556,0.0618041510,-0.1252167451,2.4539898103,0.0786868836,0.2472222222,0.0343367492,-1.0942928040,1.8874551136,0.1880563167,0.1294444444,0.0317007614,-0.8297404772,1.5729316959,0.0694002559
