Instance,INF_avg,INF_sd,INF_r1,INF_kr,INF_sk,SUP_avg,SUP_sd,SUP_r1,SUP_kr,SUP_sk,INC_avg,INC_sd,INC_r1,INC_kr,INC_sk,IND_avg,IND_sd,IND_r1,IND_kr,IND_sk
instances/A2/asymmetric/20.6.in,0.4683282235,0.0152183202,0.1500245385,2.3182194433,-0.4834197161,0.2419741178,0.0129630592,-0.3715959991,1.6753478704,-0.0220559878,0.2896976587,0.0252243698,-0.0440154041,2.0655871009,0.7632793674,0.0524484711,0.0046188550,-1.2566782427,2.5825072602,-0.9492911868
