Instance,INF_avg,INF_sd,INF_r1,INF_kr,INF_sk,SUP_avg,SUP_sd,SUP_r1,SUP_kr,SUP_sk,INC_avg,INC_sd,INC_r1,INC_kr,INC_sk,IND_avg,IND_sd,IND_r1,IND_kr,IND_sk
instances/A1/symmetric/50.4.in,0.3620000000,0.0278567766,0.0981466980,2.3235266766,-0.4354934346,0.1300000000,0.0221359436,0.2448979592,1.9752186589,0.2489256467,0.5080000000,0.0224944438,0.4673539519,1.9858223062,0.4870768025,0.0660000000,0.0037416574,-0.0869565217,1.8469387755,-0.3436215967
