Instance,INF_avg,INF_sd,INF_r1,INF_kr,INF_sk,SUP_avg,SUP_sd,SUP_r1,SUP_kr,SUP_sk,INC_avg,INC_sd,INC_r1,INC_kr,INC_sk,IND_avg,IND_sd,IND_r1,IND_kr,IND_sk
instances/A1/asymmetric/8.2.in,0.6261904762,0.1324289053,0.7114628944,1.3421354590,-0.4625328917,0.1090109890,0.0900549581,0.3352687870,1.3591516118,0.2616992082,0.2647985348,0.0557273251,0.5868114360,2.6102690974,0.8815546972,0.1788644689,0.0499746477,0.5474807606,2.0809934291,-0.2166389942
