Instance,INF_avg,INF_sd,INF_r1,INF_kr,INF_sk,SUP_avg,SUP_sd,SUP_r1,SUP_kr,SUP_sk,INC_avg,INC_sd,INC_r1,INC_kr,INC_sk,IND_avg,IND_sd,IND_r1,IND_kr,IND_sk
instances/A3/asymmetric/10.3.in,0.3362702346,0.1153909082,0.5622052196,2.7248901611,0.2682031013,0.1129720264,0.0565941292,0.1148417935,2.4700758390,0.3476486796,0.5507577390,0.0908201090,0.5604083593,2.4734811033,0.4790007348,0.1840137194,0.0169522090,-0.3959121917,1.6371880211,-0.3051350237
