Instance,INF_avg,INF_sd,INF_r1,INF_kr,INF_sk,SUP_avg,SUP_sd,SUP_r1,SUP_kr,SUP_sk,INC_avg,INC_sd,INC_r1,INC_kr,INC_sk,IND_avg,IND_sd,IND_r1,IND_kr,IND_sk
instances/A3/asymmetric/10.3.in,0.4150980392,0.0842306933,0.2860602279,2.0567219469,0.6408102603,0.0825490196,0.0453453482,-0.2387558666,1.8085553325,0.4802610335,0.5023529412,0.0600078312,-0.0149788461,2.4415675885,0.1720528918,0.1864052288,0.0179156514,-0.5556411244,1.9761803877,-0.7930777491
