Instance,INF_avg,INF_sd,INF_r1,INF_kr,INF_sk,SUP_avg,SUP_sd,SUP_r1,SUP_kr,SUP_sk,INC_avg,INC_sd,INC_r1,INC_kr,INC_sk,IND_avg,IND_sd,IND_r1,IND_kr,IND_sk
instances/A1/asymmetric/8.6.in,0.4934798535,0.1111407225,-0.0019265917,2.3345397116,0.8393860025,0.1385347985,0.0878493060,0.0742062067,1.7628587859,-0.3255159707,0.3679853480,0.0319581903,-0.5255941712,2.7552897522,-1.1004385662,0.2246153846,0.0675016741,-0.2251797710,1.7377528978,0.5266239483
