Instance,INF_avg,INF_sd,INF_r1,INF_kr,INF_sk,SUP_avg,SUP_sd,SUP_r1,SUP_kr,SUP_sk,INC_avg,INC_sd,INC_r1,INC_kr,INC_sk,IND_avg,IND_sd,IND_r1,IND_kr,IND_sk
instances/A1/symmetric/20.5.in,0.6641763857,0.0638174979,0.6132193804,1.4511260971,0.2053235050,0.0741947949,0.0271576580,0.5563084583,2.0326372761,0.0965550732,0.2616288195,0.0436643045,0.5446050677,1.9933686547,-0.0925146021,0.0647810313,0.0175225399,0.4337323644,2.0513640606,0.6097339904
