Instance,INF_avg,INF_sd,INF_r1,INF_kr,INF_sk,SUP_avg,SUP_sd,SUP_r1,SUP_kr,SUP_sk,INC_avg,INC_sd,INC_r1,INC_kr,INC_sk,IND_avg,IND_sd,IND_r1,IND_kr,IND_sk
instances/A1/asymmetric/200.3.in,0.3775590551,0.1387101239,0.4816372801,4.3886593699,0.5482215462,0.0685039370,0.0663452998,0.4896945700,2.5719848458,0.7155507269,0.5539370079,0.1305057243,0.3043751171,3.9587975176,-0.1870620346,0.3346456693,0.0892911303,0.2763721365,2.6832876306,-0.0638603549
