Instance,INF_avg,INF_sd,INF_r1,INF_kr,INF_sk,SUP_avg,SUP_sd,SUP_r1,SUP_kr,SUP_sk,INC_avg,INC_sd,INC_r1,INC_kr,INC_sk,IND_avg,IND_sd,IND_r1,IND_kr,IND_sk
instances/A2/symmetric/20.5.in,0.5400000000,0.1356465997,0.0983606557,2.9310018904,1.1731251294,0.0400000000,0.0489897949,-0.5384615385,1.1666666667,0.4082482905,0.4200000000,0.1326649916,0.3434343434,2.2169421488,-0.3700366502,0.3600000000,0.0800000000,-0.2500000000,3.2500000000,-1.5000000000
