Instance,INF_avg,INF_sd,INF_r1,INF_kr,INF_sk,SUP_avg,SUP_sd,SUP_r1,SUP_kr,SUP_sk,INC_avg,INC_sd,INC_r1,INC_kr,INC_sk,IND_avg,IND_sd,IND_r1,IND_kr,IND_sk
instances/A3/asymmetric/8.6.in,0.5277838828,0.0698260067,0.4689568964,1.2615476330,0.4288576940,0.0572893773,0.0325241724,-0.1505424361,2.3254924655,-0.7318115055,0.4149267399,0.0535979553,0.4787097271,1.5923467915,-0.3547459453,0.3136080586,0.0627409443,0.4714878430,1.3798708474,0.2724899180
