Instance,INF_avg,INF_sd,INF_r1,INF_kr,INF_sk,SUP_avg,SUP_sd,SUP_r1,SUP_kr,SUP_sk,INC_avg,INC_sd,INC_r1,INC_kr,INC_sk,IND_avg,IND_sd,IND_r1,IND_kr,IND_sk
instances/A1/symmetric/10.4.in,0.6911500975,0.0900084754,0.1542784397,1.2197965538,0.3289121737,0.0717348928,0.0606284824,0.2310675846,1.3259957374,-0.1944936852,0.2371150097,0.0303376973,0.0051222599,1.1700271827,-0.4016073625,0.2012475634,0.0093091709,-0.9733647777,2.1675861496,-0.6322402119
