Instance,INF_avg,INF_sd,INF_r1,INF_kr,INF_sk,SUP_avg,SUP_sd,SUP_r1,SUP_kr,SUP_sk,INC_avg,INC_sd,INC_r1,INC_kr,INC_sk,IND_avg,IND_sd,IND_r1,IND_kr,IND_sk
instances/A2/symmetric/5.3.in,0.2466666667,0.0644635987,-0.9053601340,2.5660013155,-0.5947891022,0.2166666667,0.1095445115,-0.4139534884,2.2826646091,0.4099466673,0.5366666667,0.0777460253,0.0061430452,1.8621999351,0.6653451543,0.3633333333,0.0702376917,-0.3197969543,1.7342951059,0.1718745560
