Instance,INF_avg,INF_sd,INF_r1,INF_kr,INF_sk,SUP_avg,SUP_sd,SUP_r1,SUP_kr,SUP_sk,INC_avg,INC_sd,INC_r1,INC_kr,INC_sk,IND_avg,IND_sd,IND_r1,IND_kr,IND_sk
instances/A3/symmetric/100.2.in,0.2940000000,0.0336005952,-0.3642602251,2.7372232652,0.5453528595,0.1375000000,0.0253229145,0.0536585366,4.5360395791,-1.0045682722,0.5685000000,0.0290731835,-0.0753731110,2.6084329492,0.5684641652,0.0810000000,0.0170000000,0.3303389138,3.3606757582,0.8054142072
