Instance,INF_avg,INF_sd,INF_r1,INF_kr,INF_sk,SUP_avg,SUP_sd,SUP_r1,SUP_kr,SUP_sk,INC_avg,INC_sd,INC_r1,INC_kr,INC_sk,IND_avg,IND_sd,IND_r1,IND_kr,IND_sk
instances/A2/asymmetric/5.4.in,0.1733333333,0.0997775303,-0.1764705882,1.8469387755,0.3436215967,0.2733333333,0.0611010093,-0.0670731707,2.2295918367,-0.6858276550,0.5533333333,0.0400000000,-0.3362068966,1.3981481481,0.1111111111,0.2366666667,0.0305505046,-0.6460396040,1.2091836735,-0.2961528510
