Instance,INF_avg,INF_sd,INF_r1,INF_kr,INF_sk,SUP_avg,SUP_sd,SUP_r1,SUP_kr,SUP_sk,INC_avg,INC_sd,INC_r1,INC_kr,INC_sk,IND_avg,IND_sd,IND_r1,IND_kr,IND_sk
instances/A2/asymmetric/50.5.in,0.3938461538,0.0758072923,0.0749748744,2.7588356869,0.8825545131,0.1030769231,0.0591457932,0.8384380306,1.8620058558,-0.0074971802,0.5030769231,0.0542621295,-0.0890897799,2.4262207794,-0.1163724667,0.1738461538,0.0286996279,0.4136953955,1.9902893381,-0.2319829709
