Instance,INF_avg,INF_sd,INF_r1,INF_kr,INF_sk,SUP_avg,SUP_sd,SUP_r1,SUP_kr,SUP_sk,INC_avg,INC_sd,INC_r1,INC_kr,INC_sk,IND_avg,IND_sd,IND_r1,IND_kr,IND_sk
instances/A2/asymmetric/20.3.in,0.7053532043,0.0369517556,0.1554470085,1.5552065262,-0.3917175900,0.0539314120,0.0218809561,0.0682223527,2.2194271256,0.6738184818,0.2407153837,0.0214457226,0.1494002687,2.4829818837,0.7485883367,0.0623075373,0.0101792697,0.4947614426,2.8761301307,0.6735223415
