Instance,INF_avg,INF_sd,INF_r1,INF_kr,INF_sk,SUP_avg,SUP_sd,SUP_r1,SUP_kr,SUP_sk,INC_avg,INC_sd,INC_r1,INC_kr,INC_sk,IND_avg,IND_sd,IND_r1,IND_kr,IND_sk
instances/A2/symmetric/8.4.in,0.4587878788,0.1288445508,0.2153577862,2.2356993721,0.2252322296,0.2686646687,0.0988405124,0.0784442478,1.8150046175,0.3748270480,0.2725474525,0.0477606607,0.2548962998,2.3018625431,-0.5509571116,0.1621978022,0.0209840566,-0.3693519293,1.5469522556,0.0934223466
