Instance,INF_avg,INF_sd,INF_r1,INF_kr,INF_sk,SUP_avg,SUP_sd,SUP_r1,SUP_kr,SUP_sk,INC_avg,INC_sd,INC_r1,INC_kr,INC_sk,IND_avg,IND_sd,IND_r1,IND_kr,IND_sk
instances/A1/asymmetric/8.2.in,0.6101343101,0.1035723957,0.5620392131,1.7965448769,-0.0035551113,0.0478632479,0.0426837299,0.0010803194,2.3658258570,0.4993485758,0.3420024420,0.0803169647,0.8073502330,1.6033626829,0.3016876894,0.2150590151,0.0471854005,0.2262871318,2.7630983948,-1.0367950487
