Instance,INF_avg,INF_sd,INF_r1,INF_kr,INF_sk,SUP_avg,SUP_sd,SUP_r1,SUP_kr,SUP_sk,INC_avg,INC_sd,INC_r1,INC_kr,INC_sk,IND_avg,IND_sd,IND_r1,IND_kr,IND_sk
instances/A1/asymmetric/8.2.in,0.6828571429,0.0688980317,0.1409474251,1.2060978035,-0.3065258414,0.0400000000,0.0533333333,-0.0563380282,2.0781250000,0.8437500000,0.2771428571,0.0310292087,0.1928154597,2.3887602285,0.9164758702,0.2409523810,0.0224062673,-0.5656153707,2.5894920964,-0.8928953733
