Instance,INF_avg,INF_sd,INF_r1,INF_kr,INF_sk,SUP_avg,SUP_sd,SUP_r1,SUP_kr,SUP_sk,INC_avg,INC_sd,INC_r1,INC_kr,INC_sk,IND_avg,IND_sd,IND_r1,IND_kr,IND_sk
instances/A2/symmetric/10.5.in,0.6567671903,0.0938545210,-0.4672012582,1.5000000000,0.7059638884,0.0762527233,0.0539848004,-0.4149108590,1.5000000000,-0.6993411305,0.2669800864,0.0399287515,-0.5385343499,1.5000000000,-0.7055282265,0.1938615602,0.0871106238,-0.2645757328,1.5000000000,0.6426448351
