Instance,INF_avg,INF_sd,INF_r1,INF_kr,INF_sk,SUP_avg,SUP_sd,SUP_r1,SUP_kr,SUP_sk,INC_avg,INC_sd,INC_r1,INC_kr,INC_sk,IND_avg,IND_sd,IND_r1,IND_kr,IND_sk
instances/A3/asymmetric/10.2.in,0.6052568054,0.0834147512,0.1200497386,1.7499805103,0.3153033172,0.0758364252,0.0545809160,0.2227868538,1.6376703923,-0.0384739116,0.3189067694,0.0600887459,0.3417140774,1.9918057997,0.2463715528,0.2192684254,0.0519408579,0.6118930826,1.8409808927,0.4943382541
