Instance,INF_avg,INF_sd,INF_r1,INF_kr,INF_sk,SUP_avg,SUP_sd,SUP_r1,SUP_kr,SUP_sk,INC_avg,INC_sd,INC_r1,INC_kr,INC_sk,IND_avg,IND_sd,IND_r1,IND_kr,IND_sk
instances/A3/asymmetric/10.2.in,0.6085840865,0.0770574059,0.5447678467,1.2600283640,0.2271568681,0.0556441609,0.0560937242,0.7605966481,2.0962231464,0.6151047069,0.3357717526,0.0443370791,0.0120013524,1.6507276082,0.6328053717,0.2460322523,0.0528093470,0.6824310424,1.2281970744,-0.2317749584
