Instance,INF_avg,INF_sd,INF_r1,INF_kr,INF_sk,SUP_avg,SUP_sd,SUP_r1,SUP_kr,SUP_sk,INC_avg,INC_sd,INC_r1,INC_kr,INC_sk,IND_avg,IND_sd,IND_r1,IND_kr,IND_sk
instances/A3/symmetric/5.2.in,0.5555555556,0.0811440826,0.1379310345,6.3000000000,-2.1908902300,0.0432098765,0.0629508582,0.5434047351,2.0924556213,0.9013799288,0.4012345679,0.0481323178,-0.7797353608,2.9221433518,0.4164662127,0.4586419753,0.1055104228,0.3069561553,1.5400724456,0.3839152648
