Instance,INF_avg,INF_sd,INF_r1,INF_kr,INF_sk,SUP_avg,SUP_sd,SUP_r1,SUP_kr,SUP_sk,INC_avg,INC_sd,INC_r1,INC_kr,INC_sk,IND_avg,IND_sd,IND_r1,IND_kr,IND_sk
instances/A1/symmetric/10.4.in,0.4334593096,0.0790488823,0.6744983516,1.9590122942,-0.5170061039,0.1964945432,0.0534996086,0.6820924868,1.7800488346,0.2197697918,0.3700461471,0.0499342424,-0.6172369214,1.8496508838,0.4851648439,0.1852902760,0.0235111068,0.3217002615,1.8231774448,0.1614733662
