Instance,INF_avg,INF_sd,INF_r1,INF_kr,INF_sk,SUP_avg,SUP_sd,SUP_r1,SUP_kr,SUP_sk,INC_avg,INC_sd,INC_r1,INC_kr,INC_sk,IND_avg,IND_sd,IND_r1,IND_kr,IND_sk
instances/A1/asymmetric/20.5.in,0.7478210506,0.0170767779,-0.4767139464,1.2907994819,0.2502431659,0.0317285634,0.0066737212,0.0838714348,1.5925976629,-0.0550840301,0.2204503860,0.0188479913,-0.3637914975,1.5100503783,-0.4387972207,0.0869986538,0.0257174952,-0.2328774946,1.8728756108,0.4110279616
