Instance,INF_avg,INF_sd,INF_r1,INF_kr,INF_sk,SUP_avg,SUP_sd,SUP_r1,SUP_kr,SUP_sk,INC_avg,INC_sd,INC_r1,INC_kr,INC_sk,IND_avg,IND_sd,IND_r1,IND_kr,IND_sk
instances/A1/asymmetric/200.2.in,0.3738000000,0.0285404975,0.4010447196,2.6517239222,-0.2170452235,0.1726000000,0.0237116005,0.3292193270,1.8857845308,0.4937102015,0.4536000000,0.0277315705,0.4255200146,2.0211648890,-0.1721921464,0.0622000000,0.0090642154,0.1843257614,2.1112062909,-0.1046090146
