Instance,INF_avg,INF_sd,INF_r1,INF_kr,INF_sk,SUP_avg,SUP_sd,SUP_r1,SUP_kr,SUP_sk,INC_avg,INC_sd,INC_r1,INC_kr,INC_sk,IND_avg,IND_sd,IND_r1,IND_kr,IND_sk
instances/A2/asymmetric/50.4.in,0.3910000000,0.0338230691,-0.0403060272,2.3621968067,-0.9060415200,0.1490000000,0.0190787840,-0.1480466073,1.8099565270,0.4993752491,0.4600000000,0.0189736660,0.0000000000,2.5000000000,0.0000000000,0.0630000000,0.0092736185,-0.1971830986,2.9694429421,-1.2864700617
