Instance,INF_avg,INF_sd,INF_r1,INF_kr,INF_sk,SUP_avg,SUP_sd,SUP_r1,SUP_kr,SUP_sk,INC_avg,INC_sd,INC_r1,INC_kr,INC_sk,IND_avg,IND_sd,IND_r1,IND_kr,IND_sk
instances/A3/asymmetric/8.2.in,0.3236363636,0.1046994913,0.4334490403,1.9438486779,-0.4331327958,0.1151515152,0.0718379975,0.6912045889,2.3496371626,0.7565820942,0.5612121212,0.0401740931,0.0884564084,1.6088083245,-0.3155464050,0.2478787879,0.0276671811,-0.0029751688,2.0241350791,-0.7954055931
