Instance,INF_avg,INF_sd,INF_r1,INF_kr,INF_sk,SUP_avg,SUP_sd,SUP_r1,SUP_kr,SUP_sk,INC_avg,INC_sd,INC_r1,INC_kr,INC_sk,IND_avg,IND_sd,IND_r1,IND_kr,IND_sk
instances/A3/asymmetric/200.1.in,0.2780000000,0.0390640500,-0.0362941738,2.4173916852,0.4900712490,0.1340000000,0.0318433667,-0.1622132892,1.3732420667,-0.2038454140,0.5880000000,0.0496588361,-0.2828403454,3.0227611329,1.3319103800,0.1080000000,0.0174928557,-0.0815253123,2.5251185441,0.9236263670
