Instance,INF_avg,INF_sd,INF_r1,INF_kr,INF_sk,SUP_avg,SUP_sd,SUP_r1,SUP_kr,SUP_sk,INC_avg,INC_sd,INC_r1,INC_kr,INC_sk,IND_avg,IND_sd,IND_r1,IND_kr,IND_sk
instances/A1/asymmetric/5.5.in,0.0666666667,0.0843274043,-0.8571428571,1.5625000000,0.5929270613,0.3200000000,0.0777460253,-0.2337662338,2.6660899654,1.1500493357,0.6133333333,0.0777460253,-0.8539325843,1.6280276817,0.3631734744,0.4000000000,0.0000000000,0.0000000000,0.0000000000,0.0000000000
