Instance,INF_avg,INF_sd,INF_r1,INF_kr,INF_sk,SUP_avg,SUP_sd,SUP_r1,SUP_kr,SUP_sk,INC_avg,INC_sd,INC_r1,INC_kr,INC_sk,IND_avg,IND_sd,IND_r1,IND_kr,IND_sk
instances/A2/symmetric/100.2.in,0.3500000000,0.0298328678,0.4507042254,2.0155283424,-0.5338731231,0.2380000000,0.0284780617,0.4233473980,2.5696108228,-0.1288551099,0.4120000000,0.0289136646,0.7009903504,2.0377309356,0.3930609522,0.0565000000,0.0083815273,-0.3328044427,2.0366636694,-0.4789383520
