Instance,INF_avg,INF_sd,INF_r1,INF_kr,INF_sk,SUP_avg,SUP_sd,SUP_r1,SUP_kr,SUP_sk,INC_avg,INC_sd,INC_r1,INC_kr,INC_sk,IND_avg,IND_sd,IND_r1,IND_kr,IND_sk
instances/A1/asymmetric/100.2.in,0.3182000000,0.0430320811,0.3154922712,2.1514220548,0.2927189647,0.2032000000,0.0355071824,0.4137503855,2.8856062531,-0.0665920934,0.4786000000,0.0295472503,-0.0282709733,2.4729314351,-0.0265734929,0.0612000000,0.0121061968,0.3848020704,2.7376608355,0.4963443857
