Instance,INF_avg,INF_sd,INF_r1,INF_kr,INF_sk,SUP_avg,SUP_sd,SUP_r1,SUP_kr,SUP_sk,INC_avg,INC_sd,INC_r1,INC_kr,INC_sk,IND_avg,IND_sd,IND_r1,IND_kr,IND_sk
instances/A1/asymmetric/100.2.in,0.3901785714,0.0574919582,0.3832008280,2.4490320965,0.2490062851,0.0882142857,0.0570434403,0.7261230748,4.1637582972,1.0632993954,0.5216071429,0.0562131399,-0.0330614631,3.2906837988,-0.2043194827,0.1039285714,0.0242515516,0.1388181724,2.1839239904,0.2208893922
