Instance,INF_avg,INF_sd,INF_r1,INF_kr,INF_sk,SUP_avg,SUP_sd,SUP_r1,SUP_kr,SUP_sk,INC_avg,INC_sd,INC_r1,INC_kr,INC_sk,IND_avg,IND_sd,IND_r1,IND_kr,IND_sk
instances/A3/asymmetric/5.3.in,0.5377777778,0.0762063476,-0.1904761905,1.1666666667,-0.4082482905,0.0444444444,0.0544331054,-0.1904761905,1.1666666667,0.4082482905,0.4177777778,0.0217732422,-0.1904761905,1.1666666667,0.4082482905,0.4133333333,0.0979795897,-0.0683760684,2.8127572016,1.1642636432
