Instance,INF_avg,INF_sd,INF_r1,INF_kr,INF_sk,SUP_avg,SUP_sd,SUP_r1,SUP_kr,SUP_sk,INC_avg,INC_sd,INC_r1,INC_kr,INC_sk,IND_avg,IND_sd,IND_r1,IND_kr,IND_sk
instances/A3/asymmetric/5.3.in,0.4037037037,0.1917181001,0.8122931056,2.6433375486,-0.7909494871,0.1037037037,0.0947525837,0.8221014035,2.0821570242,0.5362751567,0.4925925926,0.1159442655,0.1701849837,2.7752186589,1.1770322838,0.3827160494,0.0992925747,0.1784712589,3.1418922236,0.7266234408
