Instance,INF_avg,INF_sd,INF_r1,INF_kr,INF_sk,SUP_avg,SUP_sd,SUP_r1,SUP_kr,SUP_sk,INC_avg,INC_sd,INC_r1,INC_kr,INC_sk,IND_avg,IND_sd,IND_r1,IND_kr,IND_sk
instances/A3/asymmetric/200.6.in,0.2840000000,0.0340881211,0.3621319245,2.4133823220,-0.0695650695,0.1418000000,0.0266975654,0.2906058696,3.0657782094,-0.0015626711,0.5742000000,0.0335910702,0.1564552064,2.5123275628,0.0925017188,0.0700000000,0.0219658826,0.2673935618,2.0478939032,-0.1443595283
