Instance,INF_avg,INF_sd,INF_r1,INF_kr,INF_sk,SUP_avg,SUP_sd,SUP_r1,SUP_kr,SUP_sk,INC_avg,INC_sd,INC_r1,INC_kr,INC_sk,IND_avg,IND_sd,IND_r1,IND_kr,IND_sk
instances/A1/symmetric/8.1.in,0.4447619048,0.0742327854,0.0928110539,2.4735551783,-0.8992583669,0.1192999593,0.0702829694,0.2975135098,1.7217657234,-0.2124837290,0.4359381359,0.0491425566,0.1328270960,1.7709483912,-0.2298007303,0.2199593000,0.0261605628,-0.2170972279,3.3032349782,1.1492083503
