Instance,INF_avg,INF_sd,INF_r1,INF_kr,INF_sk,SUP_avg,SUP_sd,SUP_r1,SUP_kr,SUP_sk,INC_avg,INC_sd,INC_r1,INC_kr,INC_sk,IND_avg,IND_sd,IND_r1,IND_kr,IND_sk
instances/A1/symmetric/200.6.in,0.3470899471,0.1496185533,0.1154419237,3.4433917165,0.1035764620,0.0687830688,0.0843844850,0.0805071867,3.1288678026,1.0107453994,0.5841269841,0.1548575203,0.1089369480,3.0645558668,-0.0504599319,0.4941798942,0.1318087014,-0.0874105087,3.0582738597,0.3012196910
