Instance,INF_avg,INF_sd,INF_r1,INF_kr,INF_sk,SUP_avg,SUP_sd,SUP_r1,SUP_kr,SUP_sk,INC_avg,INC_sd,INC_r1,INC_kr,INC_sk,IND_avg,IND_sd,IND_r1,IND_kr,IND_sk
instances/A1/symmetric/100.2.in,0.3472000000,0.0488790344,0.2703618475,2.7850710133,-0.2352212974,0.1711000000,0.0365142438,0.2921529997,2.3089277153,-0.1123301177,0.4817000000,0.0380606096,0.3744474693,2.9970977236,0.4951425790,0.0573000000,0.0111000000,0.4228154255,4.2089047569,0.9799309902
