Instance,INF_avg,INF_sd,INF_r1,INF_kr,INF_sk,SUP_avg,SUP_sd,SUP_r1,SUP_kr,SUP_sk,INC_avg,INC_sd,INC_r1,INC_kr,INC_sk,IND_avg,IND_sd,IND_r1,IND_kr,IND_sk
instances/A2/symmetric/10.5.in,0.5910303143,0.1033566962,0.5679787923,3.8891210015,-1.1065525499,0.0963731755,0.0682753586,0.3929462841,3.5481472063,0.9860363858,0.3125965102,0.0487582725,0.6396675666,2.1106658580,0.1641165363,0.1244941560,0.0314716137,-0.0617418846,1.7821117753,0.4868189535
