Instance,INF_avg,INF_sd,INF_r1,INF_kr,INF_sk,SUP_avg,SUP_sd,SUP_r1,SUP_kr,SUP_sk,INC_avg,INC_sd,INC_r1,INC_kr,INC_sk,IND_avg,IND_sd,IND_r1,IND_kr,IND_sk
instances/A3/asymmetric/20.1.in,0.7155631340,0.0643064947,0.0137648643,2.6404267708,0.7947315637,0.0337559895,0.0226018554,0.4316680126,1.5855384474,0.1131621060,0.2506808766,0.0462772880,-0.2554362259,3.0372498828,-0.8522314871,0.0931868778,0.0311636478,-0.1234254029,2.2049143744,0.6943259817
