Instance,INF_avg,INF_sd,INF_r1,INF_kr,INF_sk,SUP_avg,SUP_sd,SUP_r1,SUP_kr,SUP_sk,INC_avg,INC_sd,INC_r1,INC_kr,INC_sk,IND_avg,IND_sd,IND_r1,IND_kr,IND_sk
instances/A2/symmetric/8.5.in,0.6809523810,0.0809523810,-1.0000000000,1.0000000000,-0.0000000000,0.0333333333,0.0333333333,-1.0000000000,1.0000000000,0.0000000000,0.2857142857,0.0476190476,-1.0000000000,1.0000000000,0.0000000000,0.2761904762,0.0095238095,-1.0000000000,1.0000000000,-0.0000000000
