Instance,INF_avg,INF_sd,INF_r1,INF_kr,INF_sk,SUP_avg,SUP_sd,SUP_r1,SUP_kr,SUP_sk,INC_avg,INC_sd,INC_r1,INC_kr,INC_sk,IND_avg,IND_sd,IND_r1,IND_kr,IND_sk
instances/A3/asymmetric/20.3.in,0.6569082321,0.1066681585,0.4425235274,2.3369325108,-0.5966799472,0.0145641026,0.0239506396,0.1505885982,5.6589478643,1.9166924358,0.3285276653,0.0925928564,0.5028799220,1.8493788454,0.1125061161,0.1706774629,0.0487287900,0.1684914479,1.9640496313,0.4268879222
