Instance,INF_avg,INF_sd,INF_r1,INF_kr,INF_sk,SUP_avg,SUP_sd,SUP_r1,SUP_kr,SUP_sk,INC_avg,INC_sd,INC_r1,INC_kr,INC_sk,IND_avg,IND_sd,IND_r1,IND_kr,IND_sk
instances/A3/asymmetric/20.3.in,0.6917476383,0.1068779483,0.5525243345,2.8953068533,-0.9320065243,0.0122344322,0.0214132565,0.1169966795,7.2572861668,2.1858414584,0.2960179294,0.0955051722,0.6162992957,2.0674782746,0.5115364755,0.1669674185,0.0475959176,0.2163386725,1.9746693521,0.3348402984
