Instance,INF_avg,INF_sd,INF_r1,INF_kr,INF_sk,SUP_avg,SUP_sd,SUP_r1,SUP_kr,SUP_sk,INC_avg,INC_sd,INC_r1,INC_kr,INC_sk,IND_avg,IND_sd,IND_r1,IND_kr,IND_sk
instances/A2/symmetric/200.1.in,0.6519692401,0.1766220867,0.9883697861,1.9304571848,0.5801869200,0.0362121212,0.0406319456,0.9121719766,3.4545784840,1.2196498506,0.3118186386,0.1496421956,0.9859030655,2.0624927173,-0.7624250470,0.0512731841,0.0161577948,0.5245575762,2.9976738061,0.2365546955
