Instance,INF_avg,INF_sd,INF_r1,INF_kr,INF_sk,SUP_avg,SUP_sd,SUP_r1,SUP_kr,SUP_sk,INC_avg,INC_sd,INC_r1,INC_kr,INC_sk,IND_avg,IND_sd,IND_r1,IND_kr,IND_sk
instances/A3/symmetric/200.5.in,0.2680000000,0.0102956301,-0.7634854772,1.7481310075,0.6817327185,0.1850000000,0.0230217289,0.2592592593,2.1511213955,0.7376132424,0.5470000000,0.0180554701,0.1411238825,2.5078286725,-0.6819475415,0.0720000000,0.0140000000,-0.8803945746,1.1883590171,-0.3586005831
