Instance,INF_avg,INF_sd,INF_r1,INF_kr,INF_sk,SUP_avg,SUP_sd,SUP_r1,SUP_kr,SUP_sk,INC_avg,INC_sd,INC_r1,INC_kr,INC_sk,IND_avg,IND_sd,IND_r1,IND_kr,IND_sk
instances/A2/symmetric/50.1.in,0.3963500000,0.0445581362,0.3776853441,3.1017995801,0.3878601971,0.2268500000,0.0363294302,0.4897575449,2.6311575695,0.0157434429,0.3768000000,0.0351035611,0.3687864095,2.3327391868,-0.0762895671,0.0509000000,0.0107559286,0.3351914084,2.7632423112,0.4053575201
