Instance,INF_avg,INF_sd,INF_r1,INF_kr,INF_sk,SUP_avg,SUP_sd,SUP_r1,SUP_kr,SUP_sk,INC_avg,INC_sd,INC_r1,INC_kr,INC_sk,IND_avg,IND_sd,IND_r1,IND_kr,IND_sk
instances/A3/symmetric/200.6.in,0.2625000000,0.1815729881,-0.9555555556,2.0439118618,0.5814120343,0.1125000000,0.0892678554,-1.0813008130,1.1522491349,-0.1153171834,0.6250000000,0.1299038106,-0.4237288136,1.2798353909,-0.2138334330,0.4125000000,0.0216506351,-0.0909090909,2.3333333333,1.1547005384
