Instance,INF_avg,INF_sd,INF_r1,INF_kr,INF_sk,SUP_avg,SUP_sd,SUP_r1,SUP_kr,SUP_sk,INC_avg,INC_sd,INC_r1,INC_kr,INC_sk,IND_avg,IND_sd,IND_r1,IND_kr,IND_sk
instances/A2/asymmetric/20.4.in,0.4176632028,0.0447344739,0.4667260795,2.4435205200,0.7636216644,0.2813184974,0.0498746701,0.7074498878,1.9222655017,-0.7091458481,0.3010182998,0.0189354423,0.2919012437,2.1575549352,-0.7328387818,0.0432940110,0.0110923093,0.4760631397,1.2222074918,0.3255550754
