Instance,INF_avg,INF_sd,INF_r1,INF_kr,INF_sk,SUP_avg,SUP_sd,SUP_r1,SUP_kr,SUP_sk,INC_avg,INC_sd,INC_r1,INC_kr,INC_sk,IND_avg,IND_sd,IND_r1,IND_kr,IND_sk
instances/A1/asymmetric/5.4.in,0.3911111111,0.1819510177,0.4444444444,2.2923556485,-0.8400068183,0.2855555556,0.0702376917,-0.6801835450,1.7300866933,0.6089242838,0.3233333333,0.1292141490,0.7772657450,1.6747006931,0.6464196894,0.4477777778,0.1067823447,0.0645556065,2.0716219846,-0.5694749875
