Instance,INF_avg,INF_sd,INF_r1,INF_kr,INF_sk,SUP_avg,SUP_sd,SUP_r1,SUP_kr,SUP_sk,INC_avg,INC_sd,INC_r1,INC_kr,INC_sk,IND_avg,IND_sd,IND_r1,IND_kr,IND_sk
instances/A1/asymmetric/100.6.in,0.3772916667,0.0657881570,0.6266130257,2.2771063057,0.2033975030,0.0962500000,0.0552126571,0.8396698549,2.0447906040,0.3043309718,0.5264583333,0.0402849012,0.0797259458,2.3767848895,-0.0258761676,0.1152083333,0.0301378488,0.1617991806,2.4886936542,-0.0844776056
