Instance,INF_avg,INF_sd,INF_r1,INF_kr,INF_sk,SUP_avg,SUP_sd,SUP_r1,SUP_kr,SUP_sk,INC_avg,INC_sd,INC_r1,INC_kr,INC_sk,IND_avg,IND_sd,IND_r1,IND_kr,IND_sk
instances/A2/symmetric/20.6.in,0.4912601018,0.0928690350,0.6479121509,2.0165308790,0.0459815122,0.2453975811,0.0777328018,0.6983168500,2.2596503500,0.3193605567,0.2633423170,0.0230227213,0.3546924556,2.3930547484,0.1971376022,0.0617059999,0.0065055434,-0.2825117045,1.9592871937,0.2531425416
