Instance,INF_avg,INF_sd,INF_r1,INF_kr,INF_sk,SUP_avg,SUP_sd,SUP_r1,SUP_kr,SUP_sk,INC_avg,INC_sd,INC_r1,INC_kr,INC_sk,IND_avg,IND_sd,IND_r1,IND_kr,IND_sk
instances/A2/symmetric/10.3.in,0.3051959152,0.0856395790,0.2891493515,2.5912883687,-1.0780819766,0.2948254920,0.0841174770,0.4424314406,1.8644809249,0.7108755982,0.3999785928,0.0182322729,-0.5088197163,2.8071742037,-1.1309518707,0.1247503290,0.0190395216,-0.4598928281,1.8813497996,0.4239158103
