Instance,INF_avg,INF_sd,INF_r1,INF_kr,INF_sk,SUP_avg,SUP_sd,SUP_r1,SUP_kr,SUP_sk,INC_avg,INC_sd,INC_r1,INC_kr,INC_sk,IND_avg,IND_sd,IND_r1,IND_kr,IND_sk
instances/A1/asymmetric/8.4.in,0.1631313131,0.0569745324,-0.2392799838,1.6423732930,0.0859659665,0.2292929293,0.0818025924,0.6754281163,1.2156213591,-0.3810625012,0.6075757576,0.1087865188,0.2721413159,2.0098644106,0.2171979829,0.2585858586,0.0224506169,0.2282321900,1.6753347867,-0.6246073025
