Instance,INF_avg,INF_sd,INF_r1,INF_kr,INF_sk,SUP_avg,SUP_sd,SUP_r1,SUP_kr,SUP_sk,INC_avg,INC_sd,INC_r1,INC_kr,INC_sk,IND_avg,IND_sd,IND_r1,IND_kr,IND_sk
instances/A3/symmetric/20.3.in,0.7140214435,0.0653476187,0.4926119441,4.3578842088,-1.5751178135,0.0454717935,0.0305415523,0.0665746468,4.8402095875,1.7537408090,0.2405067630,0.0359288068,0.7322219096,3.5790712058,1.2349049595,0.0780369961,0.0118288001,0.3273444079,3.2007136876,-0.7908247973
