Instance,INF_avg,INF_sd,INF_r1,INF_kr,INF_sk,SUP_avg,SUP_sd,SUP_r1,SUP_kr,SUP_sk,INC_avg,INC_sd,INC_r1,INC_kr,INC_sk,IND_avg,IND_sd,IND_r1,IND_kr,IND_sk
instances/A3/asymmetric/5.6.in,0.2433333333,0.0637704216,-1.1187584345,2.5641404640,-0.4635823444,0.1500000000,0.0394405319,-0.6315789474,2.1683673469,-0.5433134495,0.6066666667,0.0522812905,-0.5452538631,1.4839381321,0.0171057167,0.4066666667,0.0429469958,-0.0472154964,2.4634199448,-0.4460527720
