Instance,INF_avg,INF_sd,INF_r1,INF_kr,INF_sk,SUP_avg,SUP_sd,SUP_r1,SUP_kr,SUP_sk,INC_avg,INC_sd,INC_r1,INC_kr,INC_sk,IND_avg,IND_sd,IND_r1,IND_kr,IND_sk
instances/A1/asymmetric/10.4.in,0.2302185469,0.1468705413,0.4283591109,1.6677119883,0.2295238679,0.3028104171,0.1030416433,0.2950907245,3.0600281024,0.9614558213,0.4669710360,0.0853564409,0.2558633994,2.6614667463,-0.8486483099,0.1133351657,0.0296184863,0.9726004204,2.6403825167,0.8306971835
