Instance,INF_avg,INF_sd,INF_r1,INF_kr,INF_sk,SUP_avg,SUP_sd,SUP_r1,SUP_kr,SUP_sk,INC_avg,INC_sd,INC_r1,INC_kr,INC_sk,IND_avg,IND_sd,IND_r1,IND_kr,IND_sk
instances/A3/symmetric/5.4.in,0.1133333333,0.1142122780,-0.6122189224,1.2134884450,0.2808661654,0.3333333333,0.0900617072,0.3692307692,1.3740851942,-0.4867286862,0.5533333333,0.1326649916,-0.2532366649,2.2016375880,-0.4081062644,0.4333333333,0.0278886676,0.2000000000,1.2755102041,0.2561204163
