Instance,INF_avg,INF_sd,INF_r1,INF_kr,INF_sk,SUP_avg,SUP_sd,SUP_r1,SUP_kr,SUP_sk,INC_avg,INC_sd,INC_r1,INC_kr,INC_sk,IND_avg,IND_sd,IND_r1,IND_kr,IND_sk
instances/A3/symmetric/5.4.in,0.0629629630,0.1020704724,-0.0805774078,2.6020447169,1.2108428360,0.3259259259,0.0770245716,0.2785645538,1.4756904674,-0.2149080514,0.6111111111,0.1237280970,0.0291457286,3.2169614984,-1.0066587493,0.4111111111,0.0376796110,0.4439024390,3.0708884688,-0.2756523528
