Instance,INF_avg,INF_sd,INF_r1,INF_kr,INF_sk,SUP_avg,SUP_sd,SUP_r1,SUP_kr,SUP_sk,INC_avg,INC_sd,INC_r1,INC_kr,INC_sk,IND_avg,IND_sd,IND_r1,IND_kr,IND_sk
instances/A2/asymmetric/100.5.in,0.3679000000,0.0354554650,0.4783539689,3.1345155782,0.4223946125,0.1757000000,0.0258845514,0.3617632489,2.4383144933,-0.2522566534,0.4564000000,0.0350434017,0.3044502718,2.3462270012,0.4058234033,0.0604000000,0.0112623266,0.2401608637,2.4989979852,0.1524157801
