Instance,INF_avg,INF_sd,INF_r1,INF_kr,INF_sk,SUP_avg,SUP_sd,SUP_r1,SUP_kr,SUP_sk,INC_avg,INC_sd,INC_r1,INC_kr,INC_sk,IND_avg,IND_sd,IND_r1,IND_kr,IND_sk
instances/A1/symmetric/5.2.in,0.2555555556,0.1463548875,0.4778796333,1.3538066091,-0.1617927154,0.2555555556,0.0408248290,-0.5985130112,2.8127572016,1.1642636432,0.4888888889,0.1507184441,0.6686746988,1.2296786389,0.2115471545,0.4777777778,0.0643102050,0.5446265938,1.1963689018,0.3365218792
