Instance,INF_avg,INF_sd,INF_r1,INF_kr,INF_sk,SUP_avg,SUP_sd,SUP_r1,SUP_kr,SUP_sk,INC_avg,INC_sd,INC_r1,INC_kr,INC_sk,IND_avg,IND_sd,IND_r1,IND_kr,IND_sk
instances/A1/symmetric/10.3.in,0.3133437991,0.1071543861,0.4529726018,1.7676642296,0.6475515514,0.3249607535,0.1161422281,0.4431926128,1.3722421752,-0.3109694821,0.3616954474,0.0281795105,-0.4451701284,1.5859573300,0.3388987411,0.1086342229,0.0250211546,-0.2220552108,1.2533125400,-0.2067299566
