Instance,INF_avg,INF_sd,INF_r1,INF_kr,INF_sk,SUP_avg,SUP_sd,SUP_r1,SUP_kr,SUP_sk,INC_avg,INC_sd,INC_r1,INC_kr,INC_sk,IND_avg,IND_sd,IND_r1,IND_kr,IND_sk
instances/A1/symmetric/10.3.in,0.2269792524,0.1265423035,0.5804663293,2.6560701163,0.8851020995,0.3843871003,0.1093464274,0.5162461886,2.6853848796,-1.1704816029,0.3886336474,0.0427058335,0.3837092665,2.0403575443,0.2923924331,0.1173669364,0.0254489633,0.0212915916,2.4050314810,-0.0134199646
