Instance,INF_avg,INF_sd,INF_r1,INF_kr,INF_sk,SUP_avg,SUP_sd,SUP_r1,SUP_kr,SUP_sk,INC_avg,INC_sd,INC_r1,INC_kr,INC_sk,IND_avg,IND_sd,IND_r1,IND_kr,IND_sk
instances/A3/asymmetric/50.6.in,0.5240000000,0.0508330601,0.4133278823,1.5273845240,-0.1421517055,0.0440000000,0.0165529454,-0.6533226581,1.5467259843,-0.2539958582,0.4320000000,0.0533479147,0.5344420491,1.2035239260,-0.3394231890,0.0600000000,0.0214476106,-0.3626373626,2.7906427221,0.9730484956
