Instance,INF_avg,INF_sd,INF_r1,INF_kr,INF_sk,SUP_avg,SUP_sd,SUP_r1,SUP_kr,SUP_sk,INC_avg,INC_sd,INC_r1,INC_kr,INC_sk,IND_avg,IND_sd,IND_r1,IND_kr,IND_sk
instances/A1/asymmetric/20.5.in,0.3535414333,0.0378056905,0.0798639301,1.7184648185,0.0762442170,0.2271528262,0.0223583217,-0.3686404430,2.0776989193,-0.2754178653,0.4193057405,0.0428985488,0.5036055695,2.8181587904,-0.6793030565,0.0550948453,0.0095982718,0.3074226781,1.5353918756,-0.4057014926
