Instance,INF_avg,INF_sd,INF_r1,INF_kr,INF_sk,SUP_avg,SUP_sd,SUP_r1,SUP_kr,SUP_sk,INC_avg,INC_sd,INC_r1,INC_kr,INC_sk,IND_avg,IND_sd,IND_r1,IND_kr,IND_sk
instances/A1/asymmetric/20.5.in,0.3706454554,0.0331767850,-0.2953906187,2.1152559180,-0.3702023262,0.2311677068,0.0272859758,-0.4774892623,1.7542262252,-0.6677924861,0.3981868378,0.0374122994,0.3493384907,2.2647245021,-0.8687016916,0.0588909497,0.0063967156,0.0525813030,2.1930607540,-0.6246578117
