Instance,INF_avg,INF_sd,INF_r1,INF_kr,INF_sk,SUP_avg,SUP_sd,SUP_r1,SUP_kr,SUP_sk,INC_avg,INC_sd,INC_r1,INC_kr,INC_sk,IND_avg,IND_sd,IND_r1,IND_kr,IND_sk
instances/A2/asymmetric/10.5.in,0.2923076923,0.0600788437,-0.7546174142,2.5243886052,1.0736207227,0.3115384615,0.1063098074,0.0035657686,2.5558030208,0.6597409294,0.3961538462,0.0735812557,-0.1145423919,3.1822538744,-1.4490161632,0.1576923077,0.0224267381,-0.7346938776,2.6660899654,-1.1500493357
