Instance,INF_avg,INF_sd,INF_r1,INF_kr,INF_sk,SUP_avg,SUP_sd,SUP_r1,SUP_kr,SUP_sk,INC_avg,INC_sd,INC_r1,INC_kr,INC_sk,IND_avg,IND_sd,IND_r1,IND_kr,IND_sk
instances/A2/asymmetric/50.6.in,0.4435000000,0.0293300188,0.1912323507,2.8595676983,0.4077103326,0.2050000000,0.0464219776,0.3558897243,2.9725023013,1.0570839146,0.3515000000,0.0401901729,0.1836258765,2.1933162678,-0.5874331243,0.0495000000,0.0082006097,0.5234006011,1.3849587485,0.1604740590
