Instance,INF_avg,INF_sd,INF_r1,INF_kr,INF_sk,SUP_avg,SUP_sd,SUP_r1,SUP_kr,SUP_sk,INC_avg,INC_sd,INC_r1,INC_kr,INC_sk,IND_avg,IND_sd,IND_r1,IND_kr,IND_sk
instances/A1/symmetric/50.3.in,0.5835336540,0.1424180195,0.8444979006,3.3052440921,0.6471748097,0.1344872700,0.0637917283,0.8585202864,1.9381792568,-0.0696770028,0.2819790760,0.0900368877,0.7967245541,3.6033195215,-0.8663465944,0.0511475590,0.0127000674,0.5743296689,3.0120209300,-0.4377702135
