Instance,INF_avg,INF_sd,INF_r1,INF_kr,INF_sk,SUP_avg,SUP_sd,SUP_r1,SUP_kr,SUP_sk,INC_avg,INC_sd,INC_r1,INC_kr,INC_sk,IND_avg,IND_sd,IND_r1,IND_kr,IND_sk
instances/A1/symmetric/50.3.in,0.4996048078,0.1246769017,0.8419645670,5.4619890562,1.5230307897,0.1711243988,0.0610075627,0.7868698505,2.7462750598,-0.6097561909,0.3292707934,0.0783902697,0.8010784170,5.7550066785,-1.4877961098,0.0562549260,0.0138626724,0.6446704294,4.2496755393,0.5061324830
