Instance,INF_avg,INF_sd,INF_r1,INF_kr,INF_sk,SUP_avg,SUP_sd,SUP_r1,SUP_kr,SUP_sk,INC_avg,INC_sd,INC_r1,INC_kr,INC_sk,IND_avg,IND_sd,IND_r1,IND_kr,IND_sk
instances/A2/symmetric/5.2.in,0.1638095238,0.0609523810,-0.3157894737,3.2500000000,1.5000000000,0.3095238095,0.0636030776,-0.2824858757,1.8734792576,-0.1359730174,0.5266666667,0.0442216639,-0.0431654676,2.2169421488,0.3700366502,0.3123809524,0.0635745496,-0.5238285943,2.3941753237,1.0050138992
