Instance,INF_avg,INF_sd,INF_r1,INF_kr,INF_sk,SUP_avg,SUP_sd,SUP_r1,SUP_kr,SUP_sk,INC_avg,INC_sd,INC_r1,INC_kr,INC_sk,IND_avg,IND_sd,IND_r1,IND_kr,IND_sk
instances/A3/asymmetric/10.5.in,0.6058431755,0.1410676079,0.8903390675,2.0297448478,-0.5443577738,0.1203983998,0.0786613788,0.6161048825,1.7756232400,0.1595253938,0.2737584247,0.0718076159,0.8070348079,1.8883926509,0.6493916051,0.1970094536,0.0384323001,0.1827958875,3.7834064836,-0.6604661073
