Instance,INF_avg,INF_sd,INF_r1,INF_kr,INF_sk,SUP_avg,SUP_sd,SUP_r1,SUP_kr,SUP_sk,INC_avg,INC_sd,INC_r1,INC_kr,INC_sk,IND_avg,IND_sd,IND_r1,IND_kr,IND_sk
instances/A3/asymmetric/8.5.in,0.2034231201,0.1168798315,0.6566016026,1.3838684039,-0.0985621155,0.1630190797,0.0241367151,-0.2571088799,2.4014634039,-0.8030261211,0.6335578002,0.1098118380,0.6046056837,1.6602192903,-0.0014728577,0.2354096521,0.0521447869,0.3210661564,2.1594672016,0.2492527754
