Instance,INF_avg,INF_sd,INF_r1,INF_kr,INF_sk,SUP_avg,SUP_sd,SUP_r1,SUP_kr,SUP_sk,INC_avg,INC_sd,INC_r1,INC_kr,INC_sk,IND_avg,IND_sd,IND_r1,IND_kr,IND_sk
instances/A1/symmetric/20.1.in,0.5875443841,0.0425131096,-0.4073241224,1.8863465332,0.2889811115,0.0711338470,0.0345511693,-0.3550352627,2.4151113468,0.7099579722,0.3413217689,0.0177085724,0.4908176759,2.2815322050,0.2900873469,0.0643088712,0.0045153201,0.0207291035,2.2922487115,0.0948777173
