Instance,INF_avg,INF_sd,INF_r1,INF_kr,INF_sk,SUP_avg,SUP_sd,SUP_r1,SUP_kr,SUP_sk,INC_avg,INC_sd,INC_r1,INC_kr,INC_sk,IND_avg,IND_sd,IND_r1,IND_kr,IND_sk
instances/A1/symmetric/8.5.in,0.4846153846,0.0744208408,-0.6337448560,1.6400942362,0.4081484856,0.1610256410,0.0605779745,-0.5897700061,1.6416693795,-0.4553731556,0.3543589744,0.0233544565,-0.5249165612,3.0577694726,1.3207918754,0.2205128205,0.0521717691,-0.0742786986,2.0138276272,0.4964591471
