Instance,INF_avg,INF_sd,INF_r1,INF_kr,INF_sk,SUP_avg,SUP_sd,SUP_r1,SUP_kr,SUP_sk,INC_avg,INC_sd,INC_r1,INC_kr,INC_sk,IND_avg,IND_sd,IND_r1,IND_kr,IND_sk
instances/A1/symmetric/8.4.in,0.2184223184,0.1043920819,0.2997155597,1.3937373752,0.3851503427,0.2411736412,0.0661437839,0.1262585119,2.1332546208,-0.4931495891,0.5404040404,0.0689635939,0.2044239941,3.2372531258,-0.2137538521,0.2033750200,0.0417231359,-0.4588112996,2.3154512726,-0.4475027249
