Instance,INF_avg,INF_sd,INF_r1,INF_kr,INF_sk,SUP_avg,SUP_sd,SUP_r1,SUP_kr,SUP_sk,INC_avg,INC_sd,INC_r1,INC_kr,INC_sk,IND_avg,IND_sd,IND_r1,IND_kr,IND_sk
instances/A2/asymmetric/200.2.in,0.4312500000,0.0632727232,0.3838629331,3.0627829268,0.1931841094,0.0948750000,0.0504230540,0.7408981389,2.0670384820,0.0942888059,0.4738750000,0.0474471746,0.0272094778,3.5691553231,-0.0909639236,0.0976250000,0.0236243386,0.1785001545,2.3984706713,0.0968850350
