Instance,INF_avg,INF_sd,INF_r1,INF_kr,INF_sk,SUP_avg,SUP_sd,SUP_r1,SUP_kr,SUP_sk,INC_avg,INC_sd,INC_r1,INC_kr,INC_sk,IND_avg,IND_sd,IND_r1,IND_kr,IND_sk
instances/A3/symmetric/5.2.in,0.0518518519,0.1031732465,-0.2516205068,6.1984801786,2.1723785521,0.1444444444,0.1052896759,0.1860538527,1.4538805785,-0.1560869411,0.8037037037,0.1034496402,-0.6333683053,2.1814473080,0.6022149129,0.4087301587,0.0700394015,0.2761322058,3.6185926276,1.1335651509
