Instance,INF_avg,INF_sd,INF_r1,INF_kr,INF_sk,SUP_avg,SUP_sd,SUP_r1,SUP_kr,SUP_sk,INC_avg,INC_sd,INC_r1,INC_kr,INC_sk,IND_avg,IND_sd,IND_r1,IND_kr,IND_sk
instances/A3/asymmetric/50.3.in,0.8180794338,0.1106640216,0.7750995295,2.0336381480,-0.5350925635,0.0125508486,0.0083179942,0.1985468716,2.6554298584,0.3728081399,0.1693697176,0.1058292492,0.7903048530,1.9007706213,0.4721936709,0.0601185323,0.0185554681,-0.3623482761,1.6760853666,-0.3770846395
