Instance,INF_avg,INF_sd,INF_r1,INF_kr,INF_sk,SUP_avg,SUP_sd,SUP_r1,SUP_kr,SUP_sk,INC_avg,INC_sd,INC_r1,INC_kr,INC_sk,IND_avg,IND_sd,IND_r1,IND_kr,IND_sk
instances/A3/asymmetric/50.3.in,0.8289964004,0.1128478939,0.7815203776,2.1059380939,-0.6039264087,0.0115853987,0.0086632509,0.2099043461,2.5285244271,0.4064129521,0.1594182008,0.1073624554,0.7878863391,1.9752834123,0.5617466287,0.0585709529,0.0186161325,-0.1462131731,1.5267197648,-0.1918091747
