Instance,INF_avg,INF_sd,INF_r1,INF_kr,INF_sk,SUP_avg,SUP_sd,SUP_r1,SUP_kr,SUP_sk,INC_avg,INC_sd,INC_r1,INC_kr,INC_sk,IND_avg,IND_sd,IND_r1,IND_kr,IND_sk
instances/A1/symmetric/10.1.in,0.4206533050,0.1736975403,0.7496195023,2.1535466690,-0.2855800189,0.1112083849,0.0822595929,0.8463444450,1.5780868636,0.1913840849,0.4681383101,0.0975059820,0.5186983084,3.1229913722,0.6557713732,0.1484558596,0.0378103845,-0.0128715830,3.2106220630,0.9884620949
