Instance,INF_avg,INF_sd,INF_r1,INF_kr,INF_sk,SUP_avg,SUP_sd,SUP_r1,SUP_kr,SUP_sk,INC_avg,INC_sd,INC_r1,INC_kr,INC_sk,IND_avg,IND_sd,IND_r1,IND_kr,IND_sk
instances/A2/symmetric/8.5.in,0.5494505495,0.0789969862,-0.7283509574,1.4581339066,0.4163780023,0.1362637363,0.0894373185,-0.3147255481,1.6150799902,-0.2937264573,0.3142857143,0.0633667873,0.0238503476,2.2084157719,0.5977691233,0.1857142857,0.0463858348,-0.8526807233,1.6047401236,-0.2904546734
