Instance,INF_avg,INF_sd,INF_r1,INF_kr,INF_sk,SUP_avg,SUP_sd,SUP_r1,SUP_kr,SUP_sk,INC_avg,INC_sd,INC_r1,INC_kr,INC_sk,IND_avg,IND_sd,IND_r1,IND_kr,IND_sk
instances/A2/symmetric/8.5.in,0.5688644689,0.0721505315,-0.2362763575,1.5408288809,0.0346605118,0.1424908425,0.0832479313,-0.1457645677,1.6847087424,-0.3098466969,0.2886446886,0.0571198935,0.2108473988,3.6889226956,1.2421394867,0.1848188848,0.0365392082,-0.7694614705,2.3471284425,-0.3231812054
