Instance,INF_avg,INF_sd,INF_r1,INF_kr,INF_sk,SUP_avg,SUP_sd,SUP_r1,SUP_kr,SUP_sk,INC_avg,INC_sd,INC_r1,INC_kr,INC_sk,IND_avg,IND_sd,IND_r1,IND_kr,IND_sk
instances/A2/symmetric/20.4.in,0.7865947932,0.0558419331,0.5163743424,1.6647276843,0.4504861609,0.0152028445,0.0119159385,0.3417232049,2.4771721549,0.4462433112,0.1982023623,0.0541251991,0.4943948285,1.7124521674,-0.2090303329,0.1035729049,0.0373490555,0.5726164311,2.1954066232,0.7374856955
