Instance,INF_avg,INF_sd,INF_r1,INF_kr,INF_sk,SUP_avg,SUP_sd,SUP_r1,SUP_kr,SUP_sk,INC_avg,INC_sd,INC_r1,INC_kr,INC_sk,IND_avg,IND_sd,IND_r1,IND_kr,IND_sk
instances/A2/symmetric/20.4.in,0.7996878457,0.0517119981,0.3647168424,1.4539795287,0.4446444722,0.0179099494,0.0115714375,0.4353045823,2.5590058921,0.4918968981,0.1824022048,0.0454328408,0.3006785343,1.6155293949,-0.3011046513,0.0892188241,0.0292892501,0.9849383149,3.9737130684,1.4400489471
