Instance,INF_avg,INF_sd,INF_r1,INF_kr,INF_sk,SUP_avg,SUP_sd,SUP_r1,SUP_kr,SUP_sk,INC_avg,INC_sd,INC_r1,INC_kr,INC_sk,IND_avg,IND_sd,IND_r1,IND_kr,IND_sk
instances/A2/symmetric/8.1.in,0.3393939394,0.0121212121,-0.0526315789,3.2500000000,1.5000000000,0.2727272727,0.0331953065,-0.3333333333,2.5000000000,-0.9128709292,0.3878787879,0.0226767114,-0.5217391304,1.8469387755,0.3436215967,0.1939393939,0.0492365964,0.2367601246,1.4421487603,-0.3804646085
