Instance,INF_avg,INF_sd,INF_r1,INF_kr,INF_sk,SUP_avg,SUP_sd,SUP_r1,SUP_kr,SUP_sk,INC_avg,INC_sd,INC_r1,INC_kr,INC_sk,IND_avg,IND_sd,IND_r1,IND_kr,IND_sk
instances/A3/asymmetric/50.2.in,0.2754000000,0.0464633189,0.5290168720,3.1283123183,0.1724141903,0.1437000000,0.0297457560,0.4684310521,4.9501772896,1.0207495167,0.5809000000,0.0360512136,0.2498749994,3.1734553028,-0.0849932313,0.0962000000,0.0247903207,0.0690112079,2.9602314055,0.4670686479
