Instance,INF_avg,INF_sd,INF_r1,INF_kr,INF_sk,SUP_avg,SUP_sd,SUP_r1,SUP_kr,SUP_sk,INC_avg,INC_sd,INC_r1,INC_kr,INC_sk,IND_avg,IND_sd,IND_r1,IND_kr,IND_sk
instances/A1/symmetric/10.3.in,0.5638866397,0.0520329708,0.1742180273,3.0895132400,-1.3786400066,0.0336032389,0.0456898331,-0.7728186746,2.2344727771,0.9226796317,0.4025101215,0.0197052483,-0.1046225454,2.1855330939,-0.6422371377,0.2742510121,0.0444729793,-1.0985014024,2.5030846732,-1.0135766462
