Instance,INF_avg,INF_sd,INF_r1,INF_kr,INF_sk,SUP_avg,SUP_sd,SUP_r1,SUP_kr,SUP_sk,INC_avg,INC_sd,INC_r1,INC_kr,INC_sk,IND_avg,IND_sd,IND_r1,IND_kr,IND_sk
instances/A2/symmetric/10.6.in,0.6724228873,0.0548190265,-0.3479087812,1.6105567335,-0.4206732530,0.0948400413,0.0465829857,-0.1400525006,2.9803834696,1.2742381958,0.2327370714,0.0744040027,-0.8246311288,1.9796886240,-0.3914219756,0.1365898406,0.0185961404,-0.4501602017,1.3243578262,-0.3289959787
