Instance,INF_avg,INF_sd,INF_r1,INF_kr,INF_sk,SUP_avg,SUP_sd,SUP_r1,SUP_kr,SUP_sk,INC_avg,INC_sd,INC_r1,INC_kr,INC_sk,IND_avg,IND_sd,IND_r1,IND_kr,IND_sk
instances/A3/asymmetric/50.3.in,0.3387096774,0.0522859344,-0.1097724164,2.6537295209,0.1679304703,0.1077419355,0.0602526764,0.5921944139,2.1801310694,-0.0478195669,0.5535483871,0.0728032429,0.0204671999,1.9370423276,0.0592288530,0.2193548387,0.0398331588,0.1950182675,2.5787073790,0.2405014972
