Instance,INF_avg,INF_sd,INF_r1,INF_kr,INF_sk,SUP_avg,SUP_sd,SUP_r1,SUP_kr,SUP_sk,INC_avg,INC_sd,INC_r1,INC_kr,INC_sk,IND_avg,IND_sd,IND_r1,IND_kr,IND_sk
instances/A3/asymmetric/50.6.in,0.3240000000,0.0480000000,-0.6339732888,1.3466073495,0.2521701389,0.1930000000,0.0265706605,-0.7385138968,1.8450553331,0.2955399327,0.4830000000,0.0265706605,-0.3590033975,1.8450553331,0.2955399327,0.0690000000,0.0091651514,0.5426829268,2.2295918367,0.6858276550
