Instance,INF_avg,INF_sd,INF_r1,INF_kr,INF_sk,SUP_avg,SUP_sd,SUP_r1,SUP_kr,SUP_sk,INC_avg,INC_sd,INC_r1,INC_kr,INC_sk,IND_avg,IND_sd,IND_r1,IND_kr,IND_sk
instances/A3/asymmetric/8.2.in,0.4845746846,0.1468009564,0.2832229938,1.6248570175,0.2589183556,0.1932437932,0.0983831705,-0.0920883443,1.4350484786,-0.1619287615,0.3221815222,0.0709831580,0.4491278329,1.9976238029,-0.2410547250,0.2021571022,0.0620127863,0.3689794453,5.7128909693,1.8675646534
