Instance,INF_avg,INF_sd,INF_r1,INF_kr,INF_sk,SUP_avg,SUP_sd,SUP_r1,SUP_kr,SUP_sk,INC_avg,INC_sd,INC_r1,INC_kr,INC_sk,IND_avg,IND_sd,IND_r1,IND_kr,IND_sk
instances/A1/asymmetric/5.2.in,0.1067901235,0.1395116354,1.0625190797,4.0533033539,1.5353381115,0.1790123457,0.0324764110,0.0867936310,2.6766848207,-1.1508663331,0.7141975309,0.1156810546,0.9248267538,3.6020242151,-1.3868576315,0.4290123457,0.0535295886,0.2171053613,2.4052901483,-1.0743133539
