Instance,INF_avg,INF_sd,INF_r1,INF_kr,INF_sk,SUP_avg,SUP_sd,SUP_r1,SUP_kr,SUP_sk,INC_avg,INC_sd,INC_r1,INC_kr,INC_sk,IND_avg,IND_sd,IND_r1,IND_kr,IND_sk
instances/A3/asymmetric/20.4.in,0.5088479691,0.0139007335,0.0328247392,2.2246286097,-0.7163581037,0.0929294400,0.0152174947,0.0384616300,1.4235726041,0.4070428621,0.3982225909,0.0060296006,-1.2594566450,2.3302480572,0.4734019536,0.0937989624,0.0112133035,-0.1984894501,1.6419272582,-0.1857203558
