Instance,INF_avg,INF_sd,INF_r1,INF_kr,INF_sk,SUP_avg,SUP_sd,SUP_r1,SUP_kr,SUP_sk,INC_avg,INC_sd,INC_r1,INC_kr,INC_sk,IND_avg,IND_sd,IND_r1,IND_kr,IND_sk
instances/A2/symmetric/8.6.in,0.3128032461,0.1337342052,0.3663322326,2.6691866419,-0.1165320162,0.2535785202,0.0761606995,0.0397273891,4.6382758446,1.4937698797,0.4336182336,0.0744024216,0.5223238508,3.0109177711,-0.9960687306,0.2018086851,0.0519831235,0.0734264187,2.4257744410,0.5858849884
