Instance,INF_avg,INF_sd,INF_r1,INF_kr,INF_sk,SUP_avg,SUP_sd,SUP_r1,SUP_kr,SUP_sk,INC_avg,INC_sd,INC_r1,INC_kr,INC_sk,IND_avg,IND_sd,IND_r1,IND_kr,IND_sk
instances/A3/symmetric/50.1.in,0.3850000000,0.0401248053,-0.0326797386,1.9344353999,-0.4040189106,0.1070000000,0.0172046505,0.2214532872,2.6519357195,-1.0179522960,0.5080000000,0.0317175031,-0.3748507760,2.5189242280,0.7801852118,0.0670000000,0.0186010752,0.0999359385,1.6054829764,0.2666263917
