Instance,INF_avg,INF_sd,INF_r1,INF_kr,INF_sk,SUP_avg,SUP_sd,SUP_r1,SUP_kr,SUP_sk,INC_avg,INC_sd,INC_r1,INC_kr,INC_sk,IND_avg,IND_sd,IND_r1,IND_kr,IND_sk
instances/A2/asymmetric/20.6.in,0.6923123123,0.0582599919,-0.1227769166,2.4760140006,-0.0211648854,0.0690604891,0.0216890907,-0.6675696573,2.1015260392,0.4017007711,0.2386271986,0.0381140225,0.1640026180,2.4620775183,-0.2449043930,0.0655855856,0.0166817830,0.1508435260,2.3709620092,0.6012720602
