Instance,INF_avg,INF_sd,INF_r1,INF_kr,INF_sk,SUP_avg,SUP_sd,SUP_r1,SUP_kr,SUP_sk,INC_avg,INC_sd,INC_r1,INC_kr,INC_sk,IND_avg,IND_sd,IND_r1,IND_kr,IND_sk
instances/A3/asymmetric/5.6.in,0.3043209877,0.1612659490,0.4830836320,2.7984796082,0.0627243994,0.1364197531,0.0727714685,-0.4775484347,1.9674693309,-0.4070806352,0.5592592593,0.1567633884,0.6972183028,1.7686023380,-0.2712712663,0.4197530864,0.0733815363,-0.2141128133,4.4741224205,1.2857137449
