Instance,INF_avg,INF_sd,INF_r1,INF_kr,INF_sk,SUP_avg,SUP_sd,SUP_r1,SUP_kr,SUP_sk,INC_avg,INC_sd,INC_r1,INC_kr,INC_sk,IND_avg,IND_sd,IND_r1,IND_kr,IND_sk
instances/A3/asymmetric/10.3.in,0.3771508033,0.0787759962,-0.0169035474,1.6411162925,-0.1960616917,0.1574975289,0.0381242787,0.0482497754,2.2383821300,0.1724249990,0.4653516677,0.0735243318,-0.2707699520,1.6010535518,0.4230998297,0.1986898463,0.0372267885,-0.4261425290,1.8137513642,0.2848045786
