Instance,INF_avg,INF_sd,INF_r1,INF_kr,INF_sk,SUP_avg,SUP_sd,SUP_r1,SUP_kr,SUP_sk,INC_avg,INC_sd,INC_r1,INC_kr,INC_sk,IND_avg,IND_sd,IND_r1,IND_kr,IND_sk
instances/A3/asymmetric/10.1.in,0.4434155799,0.1380801960,0.7319918524,2.2679092572,0.2352351279,0.1113815601,0.0423959366,0.1033286559,5.4309804691,-1.8416451834,0.4452028599,0.1152333263,0.9639547387,1.6849338531,0.2841986893,0.2392035248,0.0338644521,0.2117276513,2.1138225856,0.1235941572
