Instance,INF_avg,INF_sd,INF_r1,INF_kr,INF_sk,SUP_avg,SUP_sd,SUP_r1,SUP_kr,SUP_sk,INC_avg,INC_sd,INC_r1,INC_kr,INC_sk,IND_avg,IND_sd,IND_r1,IND_kr,IND_sk
instances/A2/asymmetric/8.6.in,0.3891133558,0.1045274553,-0.0015861921,1.9109167132,0.3555173793,0.2196408530,0.0905631416,-0.1197610187,2.4533565018,-0.6782231317,0.3912457912,0.0572147899,0.2994591707,2.8629462121,-1.2873360833,0.1705387205,0.0350847567,0.5426591129,2.2592730880,0.1152067566
