Instance,INF_avg,INF_sd,INF_r1,INF_kr,INF_sk,SUP_avg,SUP_sd,SUP_r1,SUP_kr,SUP_sk,INC_avg,INC_sd,INC_r1,INC_kr,INC_sk,IND_avg,IND_sd,IND_r1,IND_kr,IND_sk
instances/A1/symmetric/5.3.in,0.4133333333,0.0435464843,-0.7628205128,2.4361979167,-1.0269996057,0.1611111111,0.0936238864,-0.7568728522,2.0052073001,-0.7672292692,0.4255555556,0.0978535060,-0.7131160244,2.3358696696,0.7995589080,0.5044444444,0.1573860552,-0.4665417132,2.7751439413,1.0453036298
