Instance,INF_avg,INF_sd,INF_r1,INF_kr,INF_sk,SUP_avg,SUP_sd,SUP_r1,SUP_kr,SUP_sk,INC_avg,INC_sd,INC_r1,INC_kr,INC_sk,IND_avg,IND_sd,IND_r1,IND_kr,IND_sk
instances/A1/symmetric/5.3.in,0.4864197531,0.0891628152,0.4845114345,1.7454387632,-0.1353616601,0.1141975309,0.0948289599,-0.3650905009,1.5425793594,0.0726796145,0.3993827160,0.0816683230,-0.4991525693,4.2465743792,1.4316428607,0.4777777778,0.1375864861,-0.4598046582,3.6942533081,1.2236484317
