Instance,INF_avg,INF_sd,INF_r1,INF_kr,INF_sk,SUP_avg,SUP_sd,SUP_r1,SUP_kr,SUP_sk,INC_avg,INC_sd,INC_r1,INC_kr,INC_sk,IND_avg,IND_sd,IND_r1,IND_kr,IND_sk
instances/A3/asymmetric/10.2.in,0.3675223366,0.0754217232,0.4865695285,2.4067439388,-0.2082238244,0.1049780026,0.0234932818,-0.0881158544,1.6691840975,-0.1753163114,0.5274996608,0.0632055334,0.5206037887,2.4563033400,0.3885450438,0.2307062426,0.0366135023,0.1073276187,3.0140913266,-0.5224450885
