Instance,INF_avg,INF_sd,INF_r1,INF_kr,INF_sk,SUP_avg,SUP_sd,SUP_r1,SUP_kr,SUP_sk,INC_avg,INC_sd,INC_r1,INC_kr,INC_sk,IND_avg,IND_sd,IND_r1,IND_kr,IND_sk
instances/A3/symmetric/10.1.in,0.6333333333,0.0693814735,-0.1062795754,2.8541038455,-1.2395356191,0.0569200780,0.0582894898,0.7570990624,2.1662408470,0.6722248069,0.3097465887,0.1007938653,0.2009568179,2.7482914975,1.1093885177,0.2528265107,0.1336720388,0.2214015728,2.6503090106,0.9632690367
