Instance,INF_avg,INF_sd,INF_r1,INF_kr,INF_sk,SUP_avg,SUP_sd,SUP_r1,SUP_kr,SUP_sk,INC_avg,INC_sd,INC_r1,INC_kr,INC_sk,IND_avg,IND_sd,IND_r1,IND_kr,IND_sk
instances/A3/symmetric/5.2.in,0.4419753086,0.1188107252,-0.1193867161,2.2165381155,-0.4016496403,0.2438271605,0.1525828036,0.2329472938,2.3714537891,-0.3143259869,0.3141975309,0.0753642782,0.2381095330,1.3639663066,0.0695706936,0.4444444444,0.0692404411,-0.0577812018,3.6379469137,0.8144096163
