Instance,INF_avg,INF_sd,INF_r1,INF_kr,INF_sk,SUP_avg,SUP_sd,SUP_r1,SUP_kr,SUP_sk,INC_avg,INC_sd,INC_r1,INC_kr,INC_sk,IND_avg,IND_sd,IND_r1,IND_kr,IND_sk
instances/A1/asymmetric/100.2.in,0.4852500000,0.1389970773,0.8950860843,4.5597922781,1.2975168477,0.1574000000,0.0591247833,0.8619027819,3.1216335731,-0.6942000739,0.3573500000,0.0867538328,0.8440879688,5.1382910856,-1.3958815084,0.0522500000,0.0135346777,0.3875958507,2.6015284327,0.5115560432
