Instance,INF_avg,INF_sd,INF_r1,INF_kr,INF_sk,SUP_avg,SUP_sd,SUP_r1,SUP_kr,SUP_sk,INC_avg,INC_sd,INC_r1,INC_kr,INC_sk,IND_avg,IND_sd,IND_r1,IND_kr,IND_sk
instances/A1/symmetric/8.1.in,0.5513846154,0.0840684108,-0.3487057311,1.6128920271,-0.1162274165,0.0967179487,0.0789807523,-0.4442943822,2.6210011860,0.8126796320,0.3518974359,0.0617469971,0.2432493719,2.7580093734,0.9575114778,0.2166300366,0.0400549744,-0.5862323176,2.2689594628,0.6181249279
