Instance,INF_avg,INF_sd,INF_r1,INF_kr,INF_sk,SUP_avg,SUP_sd,SUP_r1,SUP_kr,SUP_sk,INC_avg,INC_sd,INC_r1,INC_kr,INC_sk,IND_avg,IND_sd,IND_r1,IND_kr,IND_sk
instances/A1/asymmetric/10.4.in,0.2961538462,0.0694441157,0.3360711841,1.1867401859,-0.3761414691,0.2884615385,0.0719549497,0.5185185185,1.2591836735,0.3436215967,0.4153846154,0.0196116135,0.1975308642,1.9556213018,-0.2715454179,0.1423076923,0.0356677634,0.1762452107,1.5091941590,0.1579875514
