Instance,INF_avg,INF_sd,INF_r1,INF_kr,INF_sk,SUP_avg,SUP_sd,SUP_r1,SUP_kr,SUP_sk,INC_avg,INC_sd,INC_r1,INC_kr,INC_sk,IND_avg,IND_sd,IND_r1,IND_kr,IND_sk
instances/A2/symmetric/5.2.in,0.3858024691,0.1091214168,0.5796650204,1.8622809600,0.3909565109,0.1580246914,0.0919276536,0.0538098152,2.6194663845,0.2391042901,0.4561728395,0.0763737671,0.4737979357,2.4753480814,0.5167102271,0.4216049383,0.1156019744,-0.0247002383,2.7628953637,0.7127328701
