Instance,INF_avg,INF_sd,INF_r1,INF_kr,INF_sk,SUP_avg,SUP_sd,SUP_r1,SUP_kr,SUP_sk,INC_avg,INC_sd,INC_r1,INC_kr,INC_sk,IND_avg,IND_sd,IND_r1,IND_kr,IND_sk
instances/A2/asymmetric/100.2.in,0.4643500000,0.0546838870,0.5426974706,2.5022902022,0.0550086412,0.2013000000,0.0367941571,0.4693008607,2.8051191886,0.0379513510,0.3343500000,0.0395009810,0.4922053173,3.0185799872,-0.6161461053,0.0503500000,0.0107297484,0.5372935173,2.6208140457,0.0488333053
