Instance,INF_avg,INF_sd,INF_r1,INF_kr,INF_sk,SUP_avg,SUP_sd,SUP_r1,SUP_kr,SUP_sk,INC_avg,INC_sd,INC_r1,INC_kr,INC_sk,IND_avg,IND_sd,IND_r1,IND_kr,IND_sk
instances/A3/symmetric/5.1.in,0.5377777778,0.0762063476,-0.9230769231,1.1666666667,-0.4082482905,0.1333333333,0.1632993162,-0.9230769231,1.1666666667,0.4082482905,0.3288888889,0.0870929686,-0.9230769231,1.1666666667,-0.4082482905,0.3733333333,0.0774915368,-0.1455525606,3.0422437673,-1.3040473294
