Instance,INF_avg,INF_sd,INF_r1,INF_kr,INF_sk,SUP_avg,SUP_sd,SUP_r1,SUP_kr,SUP_sk,INC_avg,INC_sd,INC_r1,INC_kr,INC_sk,IND_avg,IND_sd,IND_r1,IND_kr,IND_sk
instances/A3/asymmetric/50.1.in,0.4380000000,0.0438634244,0.1418352706,1.7457306979,-0.0905048916,0.1054000000,0.0267177843,0.6087825245,2.9367556394,-0.3542676666,0.4566000000,0.0321471616,-0.1743320649,2.5699530326,0.4351129133,0.0808000000,0.0087954534,-0.3588261078,2.4744120613,0.0203169744
