Instance,INF_avg,INF_sd,INF_r1,INF_kr,INF_sk,SUP_avg,SUP_sd,SUP_r1,SUP_kr,SUP_sk,INC_avg,INC_sd,INC_r1,INC_kr,INC_sk,IND_avg,IND_sd,IND_r1,IND_kr,IND_sk
instances/A1/asymmetric/100.3.in,0.3647368421,0.0793969654,-0.0447755588,2.9615458839,0.4530057141,0.0968421053,0.0460037334,0.4701478570,2.4744228503,-0.0402521634,0.5384210526,0.0655955035,-0.3086019575,2.6714118357,0.0297102059,0.1857894737,0.0437475761,-0.1021145411,2.4893397054,-0.0699381547
