Instance,INF_avg,INF_sd,INF_r1,INF_kr,INF_sk,SUP_avg,SUP_sd,SUP_r1,SUP_kr,SUP_sk,INC_avg,INC_sd,INC_r1,INC_kr,INC_sk,IND_avg,IND_sd,IND_r1,IND_kr,IND_sk
instances/A1/asymmetric/20.1.in,0.4504507452,0.0509518077,0.5689246440,2.0437468299,-0.3047220324,0.1252875708,0.0433821663,0.8446287920,1.5927349771,0.4385900703,0.4242616840,0.0164642827,-0.5627550951,1.9294994320,-0.3547099827,0.0731803769,0.0145516716,-0.4777986317,2.7395047985,0.8907756487
