Instance,INF_avg,INF_sd,INF_r1,INF_kr,INF_sk,SUP_avg,SUP_sd,SUP_r1,SUP_kr,SUP_sk,INC_avg,INC_sd,INC_r1,INC_kr,INC_sk,IND_avg,IND_sd,IND_r1,IND_kr,IND_sk
instances/A3/asymmetric/200.6.in,0.2748000000,0.0433815629,0.2156707333,2.5839636064,-0.0104824987,0.1460000000,0.0307245830,0.1742081448,2.1093099145,0.1157426309,0.5792000000,0.0409555857,0.0798238978,2.4434785620,-0.5626690687,0.0928000000,0.0184434270,0.0805312513,3.6795250578,0.4751097973
