Instance,INF_avg,INF_sd,INF_r1,INF_kr,INF_sk,SUP_avg,SUP_sd,SUP_r1,SUP_kr,SUP_sk,INC_avg,INC_sd,INC_r1,INC_kr,INC_sk,IND_avg,IND_sd,IND_r1,IND_kr,IND_sk
instances/A2/symmetric/100.1.in,0.5020000000,0.0691086102,0.0596683194,2.7524852066,0.9281145049,0.1880000000,0.0430813185,0.4670542636,1.7636741974,-0.4034071140,0.3100000000,0.0352136337,-0.4426229508,2.1253902185,-0.5771225090,0.0500000000,0.0083666003,0.1538461538,2.5000000000,0.7683612489
