Instance,INF_avg,INF_sd,INF_r1,INF_kr,INF_sk,SUP_avg,SUP_sd,SUP_r1,SUP_kr,SUP_sk,INC_avg,INC_sd,INC_r1,INC_kr,INC_sk,IND_avg,IND_sd,IND_r1,IND_kr,IND_sk
instances/A1/symmetric/20.1.in,0.6511161682,0.0906200829,0.7230879008,2.1911754886,0.5671132020,0.0935531556,0.0393250525,0.7028709943,1.3364150306,-0.1536698919,0.2553306762,0.0572198341,0.6129456462,2.5541532628,-0.7159895663,0.0825428951,0.0157424486,0.2501085840,2.4418814977,0.2242413280
