Instance,INF_avg,INF_sd,INF_r1,INF_kr,INF_sk,SUP_avg,SUP_sd,SUP_r1,SUP_kr,SUP_sk,INC_avg,INC_sd,INC_r1,INC_kr,INC_sk,IND_avg,IND_sd,IND_r1,IND_kr,IND_sk
instances/A2/symmetric/50.5.in,0.3740000000,0.0298998328,-0.1994002999,2.6095446151,1.1095211433,0.1330000000,0.0273130006,-0.4165497896,2.1163847940,-0.8498442414,0.4930000000,0.0060000000,-0.3362068966,1.3981481481,0.1111111111,0.0510000000,0.0073484692,-0.4765100671,1.5781893004,-0.3477670622
