Instance,INF_avg,INF_sd,INF_r1,INF_kr,INF_sk,SUP_avg,SUP_sd,SUP_r1,SUP_kr,SUP_sk,INC_avg,INC_sd,INC_r1,INC_kr,INC_sk,IND_avg,IND_sd,IND_r1,IND_kr,IND_sk
instances/A1/asymmetric/50.5.in,0.4080000000,0.0632613626,0.6750529887,2.9698909915,0.6262541545,0.1859000000,0.0426226466,0.5754296327,2.5886160797,-0.2221079378,0.4061000000,0.0352744950,0.5765495061,2.1138487736,-0.2323898976,0.0715000000,0.0107819293,0.4146384402,2.7750398890,0.4834851971
