Instance,INF_avg,INF_sd,INF_r1,INF_kr,INF_sk,SUP_avg,SUP_sd,SUP_r1,SUP_kr,SUP_sk,INC_avg,INC_sd,INC_r1,INC_kr,INC_sk,IND_avg,IND_sd,IND_r1,IND_kr,IND_sk
instances/A3/symmetric/100.6.in,0.2843000000,0.0595735680,0.6633738165,2.5819509869,-0.5675913154,0.1643000000,0.0411462027,0.7748298521,1.9650630955,0.3533280857,0.5514000000,0.0380531208,0.4395810001,2.3967926932,0.2517218430,0.0698000000,0.0176623894,0.2932506599,3.4378767988,0.5775331537
