Instance,INF_avg,INF_sd,INF_r1,INF_kr,INF_sk,SUP_avg,SUP_sd,SUP_r1,SUP_kr,SUP_sk,INC_avg,INC_sd,INC_r1,INC_kr,INC_sk,IND_avg,IND_sd,IND_r1,IND_kr,IND_sk
instances/A2/symmetric/10.1.in,0.6415686275,0.0221282133,0.1076003416,2.8238743971,-1.0248498627,0.0677015251,0.0298659755,0.0973867842,2.9364864927,1.1800718652,0.2907298475,0.0079100570,-0.0626192670,3.1968251477,-1.4559318063,0.1295751634,0.0149364639,-0.3573275442,1.3010646274,0.1561129351
