Instance,INF_avg,INF_sd,INF_r1,INF_kr,INF_sk,SUP_avg,SUP_sd,SUP_r1,SUP_kr,SUP_sk,INC_avg,INC_sd,INC_r1,INC_kr,INC_sk,IND_avg,IND_sd,IND_r1,IND_kr,IND_sk
instances/A2/symmetric/10.1.in,0.5465504720,0.1201307378,1.0105665668,1.7450063389,-0.6346854370,0.1922415880,0.1549886665,1.0304130790,1.6762258461,0.5783351291,0.2612079400,0.0355488569,1.0351931860,1.6107510959,-0.4567941576,0.1429738562,0.0248678758,0.0190983109,3.5325317809,0.9582324659
