Instance,INF_avg,INF_sd,INF_r1,INF_kr,INF_sk,SUP_avg,SUP_sd,SUP_r1,SUP_kr,SUP_sk,INC_avg,INC_sd,INC_r1,INC_kr,INC_sk,IND_avg,IND_sd,IND_r1,IND_kr,IND_sk
instances/A3/asymmetric/20.3.in,0.7283395247,0.1381465252,0.8474776424,2.0330832464,-0.8699249045,0.0261436916,0.0320048795,0.2865074935,9.5545763633,2.5398458848,0.2455167837,0.1159625664,0.8992675661,1.8644040999,0.8026105615,0.0921203035,0.0229544669,0.5268070593,2.0126992882,0.0469761174
