Instance,INF_avg,INF_sd,INF_r1,INF_kr,INF_sk,SUP_avg,SUP_sd,SUP_r1,SUP_kr,SUP_sk,INC_avg,INC_sd,INC_r1,INC_kr,INC_sk,IND_avg,IND_sd,IND_r1,IND_kr,IND_sk
instances/A2/asymmetric/200.1.in,0.3380000000,0.0180554701,-0.0514541387,1.7625992698,-0.2354706758,0.2380000000,0.0240000000,-0.1697375768,1.3466073495,-0.2521701389,0.4240000000,0.0327719392,0.1327727806,1.8917792828,0.2144497130,0.0560000000,0.0101980390,-0.5992292871,2.7045118343,1.0013237284
