Instance,INF_avg,INF_sd,INF_r1,INF_kr,INF_sk,SUP_avg,SUP_sd,SUP_r1,SUP_kr,SUP_sk,INC_avg,INC_sd,INC_r1,INC_kr,INC_sk,IND_avg,IND_sd,IND_r1,IND_kr,IND_sk
instances/A3/asymmetric/8.6.in,0.5371794872,0.1135313829,0.4007718268,2.6847237875,-0.0133502133,0.1072446072,0.0607709806,0.4969241814,2.1902787159,0.0705181398,0.3555759056,0.0584574728,0.2271703467,2.8421109015,0.2632312361,0.2441798942,0.0441222419,-0.2230199048,3.4036859808,-1.2248584148
