Instance,INF_avg,INF_sd,INF_r1,INF_kr,INF_sk,SUP_avg,SUP_sd,SUP_r1,SUP_kr,SUP_sk,INC_avg,INC_sd,INC_r1,INC_kr,INC_sk,IND_avg,IND_sd,IND_r1,IND_kr,IND_sk
instances/A1/asymmetric/50.1.in,0.3351000000,0.0496839008,0.5602927610,2.1755916763,-0.1636689381,0.2304000000,0.0423419414,0.6645762738,2.4576333856,0.1950740906,0.4345000000,0.0311648841,0.0406036278,4.3149845709,-0.6440770586,0.0864000000,0.0183586492,0.3203453321,3.1050761861,-0.5993135507
