Instance,INF_avg,INF_sd,INF_r1,INF_kr,INF_sk,SUP_avg,SUP_sd,SUP_r1,SUP_kr,SUP_sk,INC_avg,INC_sd,INC_r1,INC_kr,INC_sk,IND_avg,IND_sd,IND_r1,IND_kr,IND_sk
instances/A1/symmetric/20.4.in,0.7282051282,0.0507666407,-0.5000000000,1.5000000000,0.7071067812,0.0256410256,0.0209358098,0.0000000000,1.5000000000,-0.0000000000,0.2461538462,0.0342733977,-0.9245283019,1.5000000000,-0.4220804430,0.1863247863,0.0230610899,-0.2510373444,1.5000000000,-0.6809718997
