Instance,INF_avg,INF_sd,INF_r1,INF_kr,INF_sk,SUP_avg,SUP_sd,SUP_r1,SUP_kr,SUP_sk,INC_avg,INC_sd,INC_r1,INC_kr,INC_sk,IND_avg,IND_sd,IND_r1,IND_kr,IND_sk
instances/A1/symmetric/10.5.in,0.2875000000,0.1780975856,0.4714714715,2.2365260016,0.0560106945,0.1875000000,0.1218349293,0.0953271028,3.4390027701,0.7581440033,0.5250000000,0.1030776406,0.0450450450,3.3806228374,0.8560080884,0.3500000000,0.0661437828,0.2307692308,3.5102040816,-1.2958781932
