Instance,INF_avg,INF_sd,INF_r1,INF_kr,INF_sk,SUP_avg,SUP_sd,SUP_r1,SUP_kr,SUP_sk,INC_avg,INC_sd,INC_r1,INC_kr,INC_sk,IND_avg,IND_sd,IND_r1,IND_kr,IND_sk
instances/A1/symmetric/20.5.in,0.4545454545,0.1707220124,0.1130076516,2.4072330359,0.0685502801,0.0484848485,0.0656954042,0.2125344172,2.8665006790,1.0177285774,0.4969696970,0.1424564760,-0.0677604775,2.6031960853,-0.0724395600,0.4545454545,0.1478961738,-0.2023899371,2.1095781332,-0.2011263724
