Instance,INF_avg,INF_sd,INF_r1,INF_kr,INF_sk,SUP_avg,SUP_sd,SUP_r1,SUP_kr,SUP_sk,INC_avg,INC_sd,INC_r1,INC_kr,INC_sk,IND_avg,IND_sd,IND_r1,IND_kr,IND_sk
instances/A1/symmetric/10.4.in,0.4011471825,0.1903643064,0.6430662754,2.7017604686,-0.8162659340,0.1826745953,0.0872105004,0.6077397458,2.5639201864,0.9178787338,0.4161782221,0.1152814413,0.6003771813,2.5351568530,0.1605260660,0.1580811475,0.0302959478,0.3059742625,1.7340558364,0.6143239054
