Instance,INF_avg,INF_sd,INF_r1,INF_kr,INF_sk,SUP_avg,SUP_sd,SUP_r1,SUP_kr,SUP_sk,INC_avg,INC_sd,INC_r1,INC_kr,INC_sk,IND_avg,IND_sd,IND_r1,IND_kr,IND_sk
instances/A1/symmetric/8.4.in,0.4657342657,0.1204315011,0.0335326818,1.9022003907,0.2766312319,0.2767365967,0.0824401940,0.3419172862,1.8643344383,-0.0524155392,0.2575291375,0.0679330069,-0.0890020451,1.7156334248,0.5263690036,0.2539393939,0.0283895031,-0.5327252895,2.0047415872,0.8036605212
