Instance,INF_avg,INF_sd,INF_r1,INF_kr,INF_sk,SUP_avg,SUP_sd,SUP_r1,SUP_kr,SUP_sk,INC_avg,INC_sd,INC_r1,INC_kr,INC_sk,IND_avg,IND_sd,IND_r1,IND_kr,IND_sk
instances/A1/symmetric/20.6.in,0.3984274989,0.0256302829,-0.6832199944,2.0590883561,0.6457795878,0.1906482767,0.0218156610,0.1395536158,2.7950944544,-1.1520767339,0.4109242244,0.0106055214,-0.3438228687,1.7327366209,-0.2525159866,0.0748045289,0.0047003061,0.4131656232,2.5280522137,-0.8298980861
