Instance,INF_avg,INF_sd,INF_r1,INF_kr,INF_sk,SUP_avg,SUP_sd,SUP_r1,SUP_kr,SUP_sk,INC_avg,INC_sd,INC_r1,INC_kr,INC_sk,IND_avg,IND_sd,IND_r1,IND_kr,IND_sk
instances/A3/symmetric/100.3.in,0.3072000000,0.0437739649,0.5378470958,3.1442022975,0.5423679524,0.1364000000,0.0298670387,0.4593669068,2.8243810991,0.6454209572,0.5564000000,0.0405097519,0.4969119421,2.9084572724,-0.5393520489,0.0799000000,0.0204080866,0.5422324411,2.5537788460,-0.0879497360
