Instance,INF_avg,INF_sd,INF_r1,INF_kr,INF_sk,SUP_avg,SUP_sd,SUP_r1,SUP_kr,SUP_sk,INC_avg,INC_sd,INC_r1,INC_kr,INC_sk,IND_avg,IND_sd,IND_r1,IND_kr,IND_sk
instances/A1/symmetric/20.6.in,0.5708055726,0.0827695570,0.5186707656,2.4369309589,-0.9349618685,0.1017973009,0.0458119336,0.7103597243,1.7029362871,0.6833848673,0.3273971265,0.0460559127,0.3959509393,2.2118825682,0.3145412596,0.0552060469,0.0116543653,-0.1075703905,1.8715793700,0.6389713374
