Instance,INF_avg,INF_sd,INF_r1,INF_kr,INF_sk,SUP_avg,SUP_sd,SUP_r1,SUP_kr,SUP_sk,INC_avg,INC_sd,INC_r1,INC_kr,INC_sk,IND_avg,IND_sd,IND_r1,IND_kr,IND_sk
instances/A3/symmetric/8.2.in,0.5670634921,0.0650624252,-0.1161132648,1.5000000000,-0.6296135491,0.0920634921,0.0652147257,-0.3976470588,1.5000000000,-0.6958131889,0.3408730159,0.0525280522,-0.7741642683,1.5000000000,-0.7003028883,0.3952380952,0.0875465539,-0.0018867925,1.5000000000,-0.0814283185
