Instance,INF_avg,INF_sd,INF_r1,INF_kr,INF_sk,SUP_avg,SUP_sd,SUP_r1,SUP_kr,SUP_sk,INC_avg,INC_sd,INC_r1,INC_kr,INC_sk,IND_avg,IND_sd,IND_r1,IND_kr,IND_sk
instances/A1/asymmetric/10.3.in,0.5263368984,0.0266023298,-0.6449342012,2.5647005065,-0.9729628965,0.0844919786,0.0196415809,-0.2705620832,1.6523717689,0.2603000994,0.3891711230,0.0173765937,-0.5225168638,1.1824214646,0.4154884289,0.1394385027,0.0454734940,0.2474130310,1.7342734535,0.0851355568
