Instance,INF_avg,INF_sd,INF_r1,INF_kr,INF_sk,SUP_avg,SUP_sd,SUP_r1,SUP_kr,SUP_sk,INC_avg,INC_sd,INC_r1,INC_kr,INC_sk,IND_avg,IND_sd,IND_r1,IND_kr,IND_sk
instances/A2/asymmetric/20.5.in,0.5774674713,0.0482194516,0.4710874872,1.3606098342,0.1614812544,0.1398711693,0.0136694887,-0.3933141586,1.6058312781,0.1257353986,0.2826613594,0.0383027565,0.6558826703,1.3772432628,-0.0223090858,0.0622966958,0.0122216441,-0.2925834990,3.2398369771,-1.4921242871
