Instance,INF_avg,INF_sd,INF_r1,INF_kr,INF_sk,SUP_avg,SUP_sd,SUP_r1,SUP_kr,SUP_sk,INC_avg,INC_sd,INC_r1,INC_kr,INC_sk,IND_avg,IND_sd,IND_r1,IND_kr,IND_sk
instances/A1/symmetric/5.5.in,0.2476190476,0.1019648243,0.2534627549,1.9606279782,0.4879970098,0.1476190476,0.1014632179,0.2191659272,1.6835277223,-0.1383159724,0.6047619048,0.0314069189,-0.9328263625,1.2063020214,0.3476794476,0.4380952381,0.0613528511,-0.0982658960,2.1150384671,-0.5863209393
