Instance,INF_avg,INF_sd,INF_r1,INF_kr,INF_sk,SUP_avg,SUP_sd,SUP_r1,SUP_kr,SUP_sk,INC_avg,INC_sd,INC_r1,INC_kr,INC_sk,IND_avg,IND_sd,IND_r1,IND_kr,IND_sk
instances/A2/asymmetric/8.3.in,0.5263135013,0.1390239340,0.5750740609,1.9121785689,0.0071951653,0.2360565361,0.1466120878,0.5846555632,1.7977759630,-0.1591130764,0.2376299626,0.0525171363,-0.1393161921,5.3751740638,1.7865687658,0.2020914271,0.0673454731,-0.0008629356,5.0019866942,1.6918729368
