Instance,INF_avg,INF_sd,INF_r1,INF_kr,INF_sk,SUP_avg,SUP_sd,SUP_r1,SUP_kr,SUP_sk,INC_avg,INC_sd,INC_r1,INC_kr,INC_sk,IND_avg,IND_sd,IND_r1,IND_kr,IND_sk
instances/A2/symmetric/5.4.in,0.2600000000,0.1607620740,0.2872306549,1.2060978035,-0.3065258414,0.3533333333,0.0974109280,0.1432456936,1.2397945472,0.1507412059,0.3866666667,0.0653197265,0.4230769231,1.1666666667,0.4082482905,0.2300000000,0.0244948974,0.4230769231,1.1666666667,-0.4082482905
