Instance,INF_avg,INF_sd,INF_r1,INF_kr,INF_sk,SUP_avg,SUP_sd,SUP_r1,SUP_kr,SUP_sk,INC_avg,INC_sd,INC_r1,INC_kr,INC_sk,IND_avg,IND_sd,IND_r1,IND_kr,IND_sk
instances/A1/asymmetric/10.4.in,0.5928849903,0.0712312950,-0.1656880238,2.0015749801,0.2939192049,0.1372405687,0.0810431199,0.1945240262,2.2162489570,-1.0062569584,0.2698744410,0.0308671682,-0.3573258870,1.7425059783,-0.5688563629,0.2283396399,0.1047613338,0.1723724913,2.1212704705,0.7862683586
