Instance,INF_avg,INF_sd,INF_r1,INF_kr,INF_sk,SUP_avg,SUP_sd,SUP_r1,SUP_kr,SUP_sk,INC_avg,INC_sd,INC_r1,INC_kr,INC_sk,IND_avg,IND_sd,IND_r1,IND_kr,IND_sk
instances/A2/symmetric/20.5.in,0.8652361673,0.0125954678,0.6302001831,1.1959981293,-0.3375924056,0.0035087719,0.0070175439,-0.0526315789,3.2500000000,1.5000000000,0.1312550607,0.0170821312,0.4871228655,1.6642150665,-0.2013406571,0.1134547908,0.0527378352,0.8232012031,1.7240738079,0.6628786161
