Instance,INF_avg,INF_sd,INF_r1,INF_kr,INF_sk,SUP_avg,SUP_sd,SUP_r1,SUP_kr,SUP_sk,INC_avg,INC_sd,INC_r1,INC_kr,INC_sk,IND_avg,IND_sd,IND_r1,IND_kr,IND_sk
instances/A1/symmetric/200.6.in,0.2640000000,0.0139283883,-0.1687631027,1.5209374004,0.3730421773,0.1760000000,0.0135646600,-0.3465553236,1.9651465028,-0.1514485311,0.5600000000,0.0200000000,0.2181818182,1.6281250000,-0.2812500000,0.0800000000,0.0109544512,-0.1666666667,2.5000000000,-0.9128709292
