Instance,INF_avg,INF_sd,INF_r1,INF_kr,INF_sk,SUP_avg,SUP_sd,SUP_r1,SUP_kr,SUP_sk,INC_avg,INC_sd,INC_r1,INC_kr,INC_sk,IND_avg,IND_sd,IND_r1,IND_kr,IND_sk
instances/A1/symmetric/10.2.in,0.2961538462,0.0615384615,0.1549295775,2.0781250000,0.8437500000,0.1461538462,0.0260858846,0.0265486726,2.3638941399,0.7500308204,0.5576923077,0.0719549497,0.2727272727,1.2591836735,-0.3436215967,0.1653846154,0.0312463016,-0.8944099379,2.2685950413,-0.1790421687
