Instance,INF_avg,INF_sd,INF_r1,INF_kr,INF_sk,SUP_avg,SUP_sd,SUP_r1,SUP_kr,SUP_sk,INC_avg,INC_sd,INC_r1,INC_kr,INC_sk,IND_avg,IND_sd,IND_r1,IND_kr,IND_sk
instances/A2/asymmetric/10.3.in,0.4416099773,0.0649661249,0.0908174157,2.4531485807,0.3046460566,0.2528911565,0.0463445966,0.3756921321,1.2500807942,0.3007225123,0.3054988662,0.0509621486,-0.0332991650,1.6039046592,-0.5470716887,0.1196825397,0.0322749588,0.3742129475,1.8485636859,-0.5680072909
