Instance,INF_avg,INF_sd,INF_r1,INF_kr,INF_sk,SUP_avg,SUP_sd,SUP_r1,SUP_kr,SUP_sk,INC_avg,INC_sd,INC_r1,INC_kr,INC_sk,IND_avg,IND_sd,IND_r1,IND_kr,IND_sk
instances/A2/asymmetric/10.3.in,0.4131393298,0.1108578472,-0.2064080432,2.1358379416,0.2993882622,0.2357331822,0.0555731123,0.5362907688,2.6732168606,-0.3910768081,0.3511274880,0.0874924391,-0.0773933648,2.0875444171,0.3154223597,0.1345175107,0.0329421877,0.4034178224,2.7703696707,-0.6286128136
