Instance,INF_avg,INF_sd,INF_r1,INF_kr,INF_sk,SUP_avg,SUP_sd,SUP_r1,SUP_kr,SUP_sk,INC_avg,INC_sd,INC_r1,INC_kr,INC_sk,IND_avg,IND_sd,IND_r1,IND_kr,IND_sk
instances/A3/asymmetric/5.4.in,0.0766666667,0.0916515139,-0.5473977695,2.7544931553,1.1182223635,0.2066666667,0.0326598632,-0.0119047619,2.7291666667,0.8675276172,0.7166666667,0.0829993307,-0.2166666667,1.7650884495,-0.4663854168,0.4400000000,0.0679869268,-0.2878787879,1.9556213018,-0.2715454179
