Instance,INF_avg,INF_sd,INF_r1,INF_kr,INF_sk,SUP_avg,SUP_sd,SUP_r1,SUP_kr,SUP_sk,INC_avg,INC_sd,INC_r1,INC_kr,INC_sk,IND_avg,IND_sd,IND_r1,IND_kr,IND_sk
instances/A1/asymmetric/8.5.in,0.5638888889,0.0432120811,-0.5000000000,1.5000000000,0.7071067812,0.0666666667,0.0544331054,0.0000000000,1.5000000000,0.0000000000,0.3694444444,0.0274985970,-0.4172413793,1.5000000000,-0.2947996201,0.3250000000,0.0446177178,-0.9800000000,1.5000000000,-0.2736424661
