Instance,INF_avg,INF_sd,INF_r1,INF_kr,INF_sk,SUP_avg,SUP_sd,SUP_r1,SUP_kr,SUP_sk,INC_avg,INC_sd,INC_r1,INC_kr,INC_sk,IND_avg,IND_sd,IND_r1,IND_kr,IND_sk
instances/A3/symmetric/100.1.in,0.2270000000,0.0851586754,0.6653330367,2.8403115454,-0.8291196267,0.1636000000,0.0418573769,0.6124593073,5.3573644532,1.1173780549,0.6094000000,0.0640635622,0.5749681851,2.9748556481,0.7885500237,0.0962000000,0.0206169833,0.2148522813,2.6512167065,0.2359863797
