Instance,INF_avg,INF_sd,INF_r1,INF_kr,INF_sk,SUP_avg,SUP_sd,SUP_r1,SUP_kr,SUP_sk,INC_avg,INC_sd,INC_r1,INC_kr,INC_sk,IND_avg,IND_sd,IND_r1,IND_kr,IND_sk
instances/A1/symmetric/10.5.in,0.3587999302,0.0662134885,0.3676491316,2.5212018541,0.3885488746,0.1841095413,0.0459436840,0.3901513421,1.2870191787,-0.1832034314,0.4570905285,0.0344202437,0.2787312057,2.5029757130,-0.5536632400,0.1573783359,0.0287860944,0.0526479336,1.7218859922,0.2486848868
