Instance,INF_avg,INF_sd,INF_r1,INF_kr,INF_sk,SUP_avg,SUP_sd,SUP_r1,SUP_kr,SUP_sk,INC_avg,INC_sd,INC_r1,INC_kr,INC_sk,IND_avg,IND_sd,IND_r1,IND_kr,IND_sk
instances/A3/asymmetric/5.2.in,0.4339506173,0.0921636153,-0.0685587928,3.1212940819,-0.3364946663,0.0617283951,0.0596885173,-0.0195549562,1.6778432326,0.2485892157,0.5043209877,0.0816403240,-0.0134184497,2.2972850573,0.4990643548,0.4333333333,0.0758581450,-0.4062038405,2.1733923267,0.4093016999
