Instance,INF_avg,INF_sd,INF_r1,INF_kr,INF_sk,SUP_avg,SUP_sd,SUP_r1,SUP_kr,SUP_sk,INC_avg,INC_sd,INC_r1,INC_kr,INC_sk,IND_avg,IND_sd,IND_r1,IND_kr,IND_sk
instances/A2/symmetric/8.1.in,0.6666666667,0.0000000000,0.0000000000,0.0000000000,0.0000000000,0.0238095238,0.0238095238,-1.0000000000,1.0000000000,0.0000000000,0.3095238095,0.0238095238,-1.0000000000,1.0000000000,0.0000000000,0.1952380952,0.0047619048,-1.0000000000,1.0000000000,0.0000000000
