Instance,INF_avg,INF_sd,INF_r1,INF_kr,INF_sk,SUP_avg,SUP_sd,SUP_r1,SUP_kr,SUP_sk,INC_avg,INC_sd,INC_r1,INC_kr,INC_sk,IND_avg,IND_sd,IND_r1,IND_kr,IND_sk
instances/A3/symmetric/100.3.in,0.5222652868,0.1746825721,0.9736428063,2.4063560714,0.7082626828,0.0456930693,0.0414647035,0.8920701792,2.2698890622,0.6310974667,0.4320416439,0.1420712061,0.9663912176,2.7828629556,-0.9918746848,0.0929752724,0.0271257344,0.7408924343,2.4325928457,0.2058054546
