Instance,INF_avg,INF_sd,INF_r1,INF_kr,INF_sk,SUP_avg,SUP_sd,SUP_r1,SUP_kr,SUP_sk,INC_avg,INC_sd,INC_r1,INC_kr,INC_sk,IND_avg,IND_sd,IND_r1,IND_kr,IND_sk
instances/A2/asymmetric/10.6.in,0.5393790850,0.0616119250,0.5102680088,1.3693205321,-0.3380768029,0.1558823529,0.0729618619,0.5610262896,2.4421692738,0.9801537369,0.3047385621,0.0387458235,0.0081145377,3.2566188308,-0.3143830813,0.1488562092,0.0430356299,0.2089869587,3.8049883173,1.0998151160
