Instance,INF_avg,INF_sd,INF_r1,INF_kr,INF_sk,SUP_avg,SUP_sd,SUP_r1,SUP_kr,SUP_sk,INC_avg,INC_sd,INC_r1,INC_kr,INC_sk,IND_avg,IND_sd,IND_r1,IND_kr,IND_sk
instances/A3/asymmetric/200.4.in,0.3626160338,0.1207637101,0.7529692923,10.4808743285,2.2894542841,0.0710548523,0.0526206184,0.5836596772,2.9492976079,0.6765991814,0.5663291139,0.1091220493,0.6432118945,9.0147183506,-1.7937365235,0.2223628692,0.0520417227,0.0979060979,3.3058697919,-0.3005935467
