Instance,INF_avg,INF_sd,INF_r1,INF_kr,INF_sk,SUP_avg,SUP_sd,SUP_r1,SUP_kr,SUP_sk,INC_avg,INC_sd,INC_r1,INC_kr,INC_sk,IND_avg,IND_sd,IND_r1,IND_kr,IND_sk
instances/A1/asymmetric/200.5.in,0.3090000000,0.0259615100,0.1043536058,3.0697681586,1.3743239612,0.1850000000,0.0308220700,-0.6961325967,1.7997229917,-0.5378920806,0.5060000000,0.0348425028,-0.2363726462,2.5275967637,0.9570484637,0.0750000000,0.0223606798,0.0357142857,1.6820000000,0.4024922359
