Instance,INF_avg,INF_sd,INF_r1,INF_kr,INF_sk,SUP_avg,SUP_sd,SUP_r1,SUP_kr,SUP_sk,INC_avg,INC_sd,INC_r1,INC_kr,INC_sk,IND_avg,IND_sd,IND_r1,IND_kr,IND_sk
instances/A1/symmetric/5.6.in,0.3666666667,0.1000000000,-0.3157894737,3.2500000000,-1.5000000000,0.2333333333,0.1105541597,0.2465753425,2.2169421488,0.3700366502,0.4000000000,0.0623609564,-0.1111111111,1.8469387755,0.3436215967,0.4833333333,0.0623609564,-0.3768115942,1.8469387755,0.3436215967
