Instance,INF_avg,INF_sd,INF_r1,INF_kr,INF_sk,SUP_avg,SUP_sd,SUP_r1,SUP_kr,SUP_sk,INC_avg,INC_sd,INC_r1,INC_kr,INC_sk,IND_avg,IND_sd,IND_r1,IND_kr,IND_sk
instances/A2/asymmetric/10.1.in,0.4399551639,0.1313042455,0.6103328156,1.4563286373,-0.1396567554,0.2449938157,0.0754020210,0.6045647014,1.6609509661,0.0025896867,0.3150510204,0.0567306369,0.5862182560,1.2670562065,0.2754730909,0.1383441558,0.0051106550,-0.3936546860,1.4180474698,0.3784302210
