Instance,INF_avg,INF_sd,INF_r1,INF_kr,INF_sk,SUP_avg,SUP_sd,SUP_r1,SUP_kr,SUP_sk,INC_avg,INC_sd,INC_r1,INC_kr,INC_sk,IND_avg,IND_sd,IND_r1,IND_kr,IND_sk
instances/A1/symmetric/10.6.in,0.3971244053,0.1039591811,0.7833843099,1.9986919185,-0.0061719643,0.1269596728,0.0645328355,0.6762123185,2.2107199431,0.6958570923,0.4759159219,0.0541834770,0.7186880875,2.2692422478,-0.8377403986,0.1586864375,0.0275953251,-0.3348107073,4.0260422528,1.1869604441
