Instance,INF_avg,INF_sd,INF_r1,INF_kr,INF_sk,SUP_avg,SUP_sd,SUP_r1,SUP_kr,SUP_sk,INC_avg,INC_sd,INC_r1,INC_kr,INC_sk,IND_avg,IND_sd,IND_r1,IND_kr,IND_sk
instances/A1/symmetric/200.2.in,0.3130000000,0.0223830293,-0.0064074238,1.7665148744,-0.2306067057,0.1925000000,0.0274089401,-0.6201214224,2.7722653038,-0.4097670737,0.4945000000,0.0284121453,-0.2077369679,2.0206681264,-0.0752756479,0.0860000000,0.0175783958,0.4084413426,1.5668771798,0.2203720092
