Instance,INF_avg,INF_sd,INF_r1,INF_kr,INF_sk,SUP_avg,SUP_sd,SUP_r1,SUP_kr,SUP_sk,INC_avg,INC_sd,INC_r1,INC_kr,INC_sk,IND_avg,IND_sd,IND_r1,IND_kr,IND_sk
instances/A2/asymmetric/10.6.in,0.4759649123,0.1348158577,0.6662806442,3.0076373135,0.7889514281,0.0733333333,0.0833999734,0.7574668763,2.1203697088,0.7046122543,0.4507017544,0.0999467387,0.1719070580,3.1239330736,-0.7461055419,0.2540350877,0.0821843224,0.0782834002,1.7506612060,0.1454498003
