Instance,INF_avg,INF_sd,INF_r1,INF_kr,INF_sk,SUP_avg,SUP_sd,SUP_r1,SUP_kr,SUP_sk,INC_avg,INC_sd,INC_r1,INC_kr,INC_sk,IND_avg,IND_sd,IND_r1,IND_kr,IND_sk
instances/A1/asymmetric/100.6.in,0.3189000000,0.0601355968,0.7924022195,2.4945433025,0.2342995055,0.1877000000,0.0374594447,0.6393108740,2.1595068563,0.2603864749,0.4934000000,0.0429120030,0.5350845408,2.5840670289,0.0180082281,0.0599000000,0.0151818971,0.1801097361,2.3573425085,0.5977374518
