Instance,INF_avg,INF_sd,INF_r1,INF_kr,INF_sk,SUP_avg,SUP_sd,SUP_r1,SUP_kr,SUP_sk,INC_avg,INC_sd,INC_r1,INC_kr,INC_sk,IND_avg,IND_sd,IND_r1,IND_kr,IND_sk
instances/A2/asymmetric/100.6.in,0.3476000000,0.0315632698,0.0429430077,2.5711825295,0.7132149170,0.2002000000,0.0268506983,0.5125292276,2.8249194889,0.6009013366,0.4522000000,0.0302681351,0.1999793374,2.4096582141,-0.4349839974,0.0556000000,0.0154479772,0.3985301379,5.0767282901,1.0674695134
