Instance,INF_avg,INF_sd,INF_r1,INF_kr,INF_sk,SUP_avg,SUP_sd,SUP_r1,SUP_kr,SUP_sk,INC_avg,INC_sd,INC_r1,INC_kr,INC_sk,IND_avg,IND_sd,IND_r1,IND_kr,IND_sk
instances/A3/asymmetric/50.4.in,0.3595000000,0.0430377741,-0.1651475659,1.6520101431,0.0704494641,0.1135000000,0.0213365883,-0.3405856821,4.4813610568,0.8019266566,0.5270000000,0.0433128157,-0.3890142480,1.7331970213,-0.0050950810,0.0660000000,0.0113578167,0.4342359768,2.0027041644,-0.6572668394
