Instance,INF_avg,INF_sd,INF_r1,INF_kr,INF_sk,SUP_avg,SUP_sd,SUP_r1,SUP_kr,SUP_sk,INC_avg,INC_sd,INC_r1,INC_kr,INC_sk,IND_avg,IND_sd,IND_r1,IND_kr,IND_sk
instances/A1/symmetric/8.6.in,0.3001295716,0.1442900662,0.5025712226,2.5828386036,0.7718721829,0.1434399164,0.0612010282,-0.5598455814,1.2746004727,-0.1115070792,0.5564305120,0.1189787035,0.8833159845,1.8161209704,-0.6148347295,0.1990637409,0.0275149658,-1.1488575739,1.9723634770,0.1272953078
