Instance,INF_avg,INF_sd,INF_r1,INF_kr,INF_sk,SUP_avg,SUP_sd,SUP_r1,SUP_kr,SUP_sk,INC_avg,INC_sd,INC_r1,INC_kr,INC_sk,IND_avg,IND_sd,IND_r1,IND_kr,IND_sk
instances/A1/symmetric/8.6.in,0.3336073377,0.1408396590,0.5756561834,1.8608357542,0.1971786111,0.1734262162,0.0933531521,0.4172894888,2.4478108841,0.6644537286,0.4929664461,0.1157318610,0.6744734384,1.6356375428,0.4651551285,0.2153047719,0.0387032034,-0.0061628869,3.1313883597,0.8197447705
