Instance,INF_avg,INF_sd,INF_r1,INF_kr,INF_sk,SUP_avg,SUP_sd,SUP_r1,SUP_kr,SUP_sk,INC_avg,INC_sd,INC_r1,INC_kr,INC_sk,IND_avg,IND_sd,IND_r1,IND_kr,IND_sk
instances/A1/symmetric/100.6.in,0.3130000000,0.0092736185,-0.6666666667,1.5091941590,-0.1579875514,0.1590000000,0.0073484692,0.0598290598,2.8127572016,-1.1642636432,0.5280000000,0.0097979590,-0.1020881671,2.4361979167,-1.0269996057,0.0690000000,0.0274590604,0.2291550084,1.9063702693,0.6514641754
