Instance,INF_avg,INF_sd,INF_r1,INF_kr,INF_sk,SUP_avg,SUP_sd,SUP_r1,SUP_kr,SUP_sk,INC_avg,INC_sd,INC_r1,INC_kr,INC_sk,IND_avg,IND_sd,IND_r1,IND_kr,IND_sk
instances/A2/asymmetric/10.2.in,0.4746220711,0.0721715469,0.1157680778,1.6080387785,0.1684902211,0.2335411943,0.1089152547,0.4281136266,2.4230608180,0.8810659927,0.2918367347,0.0579225897,0.3720311828,2.5194105883,-0.6786321186,0.1046359284,0.0232438560,-0.0134563431,4.7357709187,1.5367844198
