Instance,INF_avg,INF_sd,INF_r1,INF_kr,INF_sk,SUP_avg,SUP_sd,SUP_r1,SUP_kr,SUP_sk,INC_avg,INC_sd,INC_r1,INC_kr,INC_sk,IND_avg,IND_sd,IND_r1,IND_kr,IND_sk
instances/A1/symmetric/5.5.in,0.2440476190,0.1726190476,-1.0000000000,1.0000000000,-0.0000000000,0.0714285714,0.0714285714,-1.0000000000,1.0000000000,0.0000000000,0.6845238095,0.1011904762,-1.0000000000,1.0000000000,-0.0000000000,0.4285714286,0.0714285714,-1.0000000000,1.0000000000,-0.0000000000
