Instance,INF_avg,INF_sd,INF_r1,INF_kr,INF_sk,SUP_avg,SUP_sd,SUP_r1,SUP_kr,SUP_sk,INC_avg,INC_sd,INC_r1,INC_kr,INC_sk,IND_avg,IND_sd,IND_r1,IND_kr,IND_sk
instances/A1/symmetric/100.3.in,0.2850000000,0.0368103246,0.1624758221,4.6744325377,1.4796105491,0.2020000000,0.0314006369,0.1736577181,1.9919460685,-0.3350663936,0.5130000000,0.0425558457,0.2517025635,2.6882887294,0.3165879288,0.0575000000,0.0125000000,-0.1967871486,2.5974400000,0.1920000000
