Instance,INF_avg,INF_sd,INF_r1,INF_kr,INF_sk,SUP_avg,SUP_sd,SUP_r1,SUP_kr,SUP_sk,INC_avg,INC_sd,INC_r1,INC_kr,INC_sk,IND_avg,IND_sd,IND_r1,IND_kr,IND_sk
instances/A1/symmetric/10.6.in,0.2523547881,0.0608467935,0.0973303100,2.1447325461,0.2634159482,0.2147217862,0.0504965947,0.7994721521,1.9124556632,0.4377320379,0.5329234258,0.0401114536,-0.4116314893,2.8188519244,0.4494149486,0.1807953951,0.0145465103,-0.3229277796,2.2045585900,-0.1518740869
