Instance,INF_avg,INF_sd,INF_r1,INF_kr,INF_sk,SUP_avg,SUP_sd,SUP_r1,SUP_kr,SUP_sk,INC_avg,INC_sd,INC_r1,INC_kr,INC_sk,IND_avg,IND_sd,IND_r1,IND_kr,IND_sk
instances/A1/asymmetric/10.5.in,0.4163636364,0.0642567165,0.5201622669,1.3646165932,-0.1492824674,0.2912032086,0.0651471233,0.2039357628,2.2982031590,-0.7313233111,0.2924331551,0.0273627015,-0.3424507526,1.6800932648,-0.3371321977,0.1775668449,0.0173990842,0.1353858284,2.4172265818,-0.0476167758
