Instance,INF_avg,INF_sd,INF_r1,INF_kr,INF_sk,SUP_avg,SUP_sd,SUP_r1,SUP_kr,SUP_sk,INC_avg,INC_sd,INC_r1,INC_kr,INC_sk,IND_avg,IND_sd,IND_r1,IND_kr,IND_sk
instances/A1/symmetric/50.1.in,0.4770000000,0.0470744092,-0.2273859820,1.9018501805,-0.4577782146,0.0940000000,0.0235372046,0.0642820114,1.2726674400,-0.0469339142,0.4290000000,0.0270924344,-0.3629821531,2.7884274143,1.0599498319,0.0550000000,0.0044721360,0.0000000000,1.2500000000,0.0000000000
