Instance,INF_avg,INF_sd,INF_r1,INF_kr,INF_sk,SUP_avg,SUP_sd,SUP_r1,SUP_kr,SUP_sk,INC_avg,INC_sd,INC_r1,INC_kr,INC_sk,IND_avg,IND_sd,IND_r1,IND_kr,IND_sk
instances/A3/symmetric/200.2.in,0.3019718310,0.0523428491,-0.0288508565,2.5339611302,0.0485910121,0.0792957746,0.0413274094,0.6280087833,2.4295172442,0.3159132379,0.6187323944,0.0507112671,-0.0613227860,2.8971906340,-0.1514731472,0.1698591549,0.0331234549,0.0012927904,2.6293815483,-0.0922712970
