Instance,INF_avg,INF_sd,INF_r1,INF_kr,INF_sk,SUP_avg,SUP_sd,SUP_r1,SUP_kr,SUP_sk,INC_avg,INC_sd,INC_r1,INC_kr,INC_sk,IND_avg,IND_sd,IND_r1,IND_kr,IND_sk
instances/A1/symmetric/10.3.in,0.6264705882,0.0604409976,0.0111111111,2.3222301124,0.9114348793,0.1044117647,0.0383708006,-0.0493451112,2.6955310059,0.8941465062,0.2691176471,0.0522503953,-0.6163038839,2.2771144467,-0.8168743229,0.1179411765,0.0447252280,-0.6730854969,1.7434138613,-0.2370194946
