Instance,INF_avg,INF_sd,INF_r1,INF_kr,INF_sk,SUP_avg,SUP_sd,SUP_r1,SUP_kr,SUP_sk,INC_avg,INC_sd,INC_r1,INC_kr,INC_sk,IND_avg,IND_sd,IND_r1,IND_kr,IND_sk
instances/A1/asymmetric/200.1.in,0.3754237288,0.0601783235,0.4358139097,2.9485834633,0.3179362333,0.1022033898,0.0551136821,0.6772523050,2.3668137568,0.2251402283,0.5223728814,0.0532769859,0.0312729154,1.9248857288,-0.0796814187,0.1174576271,0.0285581904,0.0771567694,2.3985829266,0.0822134228
