Instance,INF_avg,INF_sd,INF_r1,INF_kr,INF_sk,SUP_avg,SUP_sd,SUP_r1,SUP_kr,SUP_sk,INC_avg,INC_sd,INC_r1,INC_kr,INC_sk,IND_avg,IND_sd,IND_r1,IND_kr,IND_sk
instances/A2/asymmetric/100.5.in,0.5834000000,0.0757590919,0.7673288961,2.4600878395,-0.3671140124,0.1266000000,0.0375957444,0.8220689965,1.8899520584,-0.2895898063,0.2900000000,0.0460868745,0.5419811321,4.2435390001,0.8657807757,0.0414000000,0.0088904443,0.3841566911,1.8494381976,0.0857947038
