Instance,INF_avg,INF_sd,INF_r1,INF_kr,INF_sk,SUP_avg,SUP_sd,SUP_r1,SUP_kr,SUP_sk,INC_avg,INC_sd,INC_r1,INC_kr,INC_sk,IND_avg,IND_sd,IND_r1,IND_kr,IND_sk
instances/A2/asymmetric/10.1.in,0.5112734184,0.1648832777,0.7574958065,1.7459419422,0.5972806737,0.2550490795,0.1453056343,0.6719197039,1.7350518237,-0.6184296740,0.2336775021,0.0462775167,-0.1755413744,1.7941596139,-0.1754420917,0.1805619448,0.0465503834,-0.1017517235,4.9650933968,1.7172778924
