Instance,INF_avg,INF_sd,INF_r1,INF_kr,INF_sk,SUP_avg,SUP_sd,SUP_r1,SUP_kr,SUP_sk,INC_avg,INC_sd,INC_r1,INC_kr,INC_sk,IND_avg,IND_sd,IND_r1,IND_kr,IND_sk
instances/A2/symmetric/50.5.in,0.3000000000,0.0935414347,-0.6000000000,2.0000000000,0.6872431935,0.0875000000,0.0544862368,0.1111111111,2.0969529086,-0.6520236647,0.6125000000,0.0649519053,-0.7831325301,1.2798353909,0.2138334330,0.3375000000,0.0544862368,0.1111111111,2.0969529086,-0.6520236647
