Instance,INF_avg,INF_sd,INF_r1,INF_kr,INF_sk,SUP_avg,SUP_sd,SUP_r1,SUP_kr,SUP_sk,INC_avg,INC_sd,INC_r1,INC_kr,INC_sk,IND_avg,IND_sd,IND_r1,IND_kr,IND_sk
instances/A1/symmetric/200.5.in,0.2730500000,0.0473544876,0.5208107027,2.3330545211,-0.2657315179,0.1775000000,0.0359478789,0.4009124179,2.4702013331,0.1002612356,0.5494500000,0.0429120904,0.3348696385,2.6476161191,0.0921889575,0.0697500000,0.0166489489,0.0487860468,2.4273967581,0.2549700351
