Instance,INF_avg,INF_sd,INF_r1,INF_kr,INF_sk,SUP_avg,SUP_sd,SUP_r1,SUP_kr,SUP_sk,INC_avg,INC_sd,INC_r1,INC_kr,INC_sk,IND_avg,IND_sd,IND_r1,IND_kr,IND_sk
instances/A2/asymmetric/10.2.in,0.6074045408,0.1375540766,0.5543662367,2.2549866110,-0.4888300758,0.1260457516,0.0821048499,0.3064572586,1.7208738737,-0.2103462984,0.2665497076,0.0691271850,-0.2544979778,2.9063302187,1.2612501252,0.1543894049,0.0303638801,-0.5937246344,2.4804495856,0.3932111995
