Instance,INF_avg,INF_sd,INF_r1,INF_kr,INF_sk,SUP_avg,SUP_sd,SUP_r1,SUP_kr,SUP_sk,INC_avg,INC_sd,INC_r1,INC_kr,INC_sk,IND_avg,IND_sd,IND_r1,IND_kr,IND_sk
instances/A2/asymmetric/100.6.in,0.3153846154,0.1291758125,-0.0728155340,1.9855892561,-0.2876096444,0.1538461538,0.0842650088,-0.2327586207,2.3516666667,0.2647325695,0.5307692308,0.1201576873,0.2461977186,2.6999462510,0.7225687855,0.4153846154,0.1166596222,-0.2277294039,3.5235916824,1.1524823926
