Instance,INF_avg,INF_sd,INF_r1,INF_kr,INF_sk,SUP_avg,SUP_sd,SUP_r1,SUP_kr,SUP_sk,INC_avg,INC_sd,INC_r1,INC_kr,INC_sk,IND_avg,IND_sd,IND_r1,IND_kr,IND_sk
instances/A3/symmetric/10.5.in,0.4395221621,0.1162583619,0.8880143411,2.6246800495,-0.2573009991,0.1182583860,0.0742224950,0.9452842288,2.5398464510,0.7080110764,0.4422194519,0.0503260252,0.5888628336,2.2691945325,-0.5057281366,0.1972018437,0.0529568073,0.3772156128,1.9544744080,-0.7230891036
