Instance,INF_avg,INF_sd,INF_r1,INF_kr,INF_sk,SUP_avg,SUP_sd,SUP_r1,SUP_kr,SUP_sk,INC_avg,INC_sd,INC_r1,INC_kr,INC_sk,IND_avg,IND_sd,IND_r1,IND_kr,IND_sk
instances/A3/symmetric/10.5.in,0.5194444444,0.0721580912,0.6012098651,1.6750437197,0.1775093166,0.0648692810,0.0307116526,-0.3063274882,1.6849361481,0.2878181203,0.4156862745,0.0491986925,0.5917067004,1.3821415690,-0.0162172096,0.1622875817,0.0472202885,0.2709751834,1.4508507915,0.0677791151
