Instance,INF_avg,INF_sd,INF_r1,INF_kr,INF_sk,SUP_avg,SUP_sd,SUP_r1,SUP_kr,SUP_sk,INC_avg,INC_sd,INC_r1,INC_kr,INC_sk,IND_avg,IND_sd,IND_r1,IND_kr,IND_sk
instances/A1/symmetric/200.3.in,0.2942307692,0.1012678504,-0.0519821513,2.2737383525,0.3238641499,0.1942307692,0.1031493718,0.3162025356,2.3998303035,0.0759741792,0.5115384615,0.1162785881,0.3513975412,3.4420179173,-0.0417986919,0.3230769231,0.0911789969,0.0832246103,2.7713111536,-0.1666281993
