Instance,INF_avg,INF_sd,INF_r1,INF_kr,INF_sk,SUP_avg,SUP_sd,SUP_r1,SUP_kr,SUP_sk,INC_avg,INC_sd,INC_r1,INC_kr,INC_sk,IND_avg,IND_sd,IND_r1,IND_kr,IND_sk
instances/A1/asymmetric/10.6.in,0.6459414058,0.0629508081,0.5727664131,1.4430085686,0.2850594149,0.1589645683,0.0900377679,0.1444471558,2.3724759178,-0.7075503155,0.1950940259,0.0774223599,-0.2878745486,1.3202251967,0.3126642039,0.1687392501,0.0794400826,0.2792952856,1.9503342109,0.5223137152
