Instance,INF_avg,INF_sd,INF_r1,INF_kr,INF_sk,SUP_avg,SUP_sd,SUP_r1,SUP_kr,SUP_sk,INC_avg,INC_sd,INC_r1,INC_kr,INC_sk,IND_avg,IND_sd,IND_r1,IND_kr,IND_sk
instances/A3/asymmetric/10.2.in,0.4171458739,0.0774250313,1.1910915363,4.0976977295,-1.6014476952,0.0806936322,0.0656447079,1.0914274945,3.2773868005,1.2269237586,0.5021604938,0.0245598349,-0.0486405280,1.7291501140,0.0104711270,0.1947043535,0.0353680846,0.5971647242,1.5134384560,0.0062659765
