Instance,INF_avg,INF_sd,INF_r1,INF_kr,INF_sk,SUP_avg,SUP_sd,SUP_r1,SUP_kr,SUP_sk,INC_avg,INC_sd,INC_r1,INC_kr,INC_sk,IND_avg,IND_sd,IND_r1,IND_kr,IND_sk
instances/A3/asymmetric/10.2.in,0.4594736842,0.0127135498,-0.5758944926,1.1774604979,0.3904078054,0.0355263158,0.0129188818,-0.5167464115,1.1942373582,0.4209240873,0.5050000000,0.0187082869,-0.8115942029,1.8469387755,-0.3436215967,0.1715789474,0.0282279012,-0.7146620918,2.7131548503,1.1544747029
