Instance,INF_avg,INF_sd,INF_r1,INF_kr,INF_sk,SUP_avg,SUP_sd,SUP_r1,SUP_kr,SUP_sk,INC_avg,INC_sd,INC_r1,INC_kr,INC_sk,IND_avg,IND_sd,IND_r1,IND_kr,IND_sk
instances/A1/symmetric/5.6.in,0.4333333333,0.1239219631,-0.1821636120,1.5327969343,-0.3536229209,0.1759259259,0.1214340467,0.1588969140,2.5578691184,0.7084090564,0.3907407407,0.0919980915,-0.4522140135,3.2970968428,1.3342229299,0.4740740741,0.0608016858,0.3850115890,2.6080610352,1.0246404955
