Instance,INF_avg,INF_sd,INF_r1,INF_kr,INF_sk,SUP_avg,SUP_sd,SUP_r1,SUP_kr,SUP_sk,INC_avg,INC_sd,INC_r1,INC_kr,INC_sk,IND_avg,IND_sd,IND_r1,IND_kr,IND_sk
instances/A3/symmetric/20.5.in,0.2260628244,0.0716250311,0.5990609698,2.6562260367,-0.3724645517,0.1567624479,0.0358951481,0.2523994127,2.5204829171,0.0465596483,0.6171747276,0.0642321896,0.6993187535,2.3716623835,-0.0169393530,0.0600217061,0.0127088410,0.2425978580,3.0172134191,0.3494197660
