Instance,INF_avg,INF_sd,INF_r1,INF_kr,INF_sk,SUP_avg,SUP_sd,SUP_r1,SUP_kr,SUP_sk,INC_avg,INC_sd,INC_r1,INC_kr,INC_sk,IND_avg,IND_sd,IND_r1,IND_kr,IND_sk
instances/A2/symmetric/50.4.in,0.3422000000,0.0614667390,0.7043423416,2.2164811791,-0.3566984673,0.1845000000,0.0303026401,0.2215957762,3.2573887981,0.5110438789,0.4733000000,0.0489040898,0.6975331102,2.3199385999,0.2842832014,0.0494000000,0.0154479772,0.1152934550,2.1195586590,0.0392697118
