Instance,INF_avg,INF_sd,INF_r1,INF_kr,INF_sk,SUP_avg,SUP_sd,SUP_r1,SUP_kr,SUP_sk,INC_avg,INC_sd,INC_r1,INC_kr,INC_sk,IND_avg,IND_sd,IND_r1,IND_kr,IND_sk
instances/A1/symmetric/100.3.in,0.3355000000,0.0276992780,-0.2642875519,1.5959866696,0.2005197466,0.1605000000,0.0222991031,-0.1406747939,3.1665707394,0.9687299905,0.5040000000,0.0382622529,0.0116609784,1.3222448043,0.0284383347,0.0685000000,0.0145000000,-0.9201705096,2.9214088884,-0.2912788552
