Instance,INF_avg,INF_sd,INF_r1,INF_kr,INF_sk,SUP_avg,SUP_sd,SUP_r1,SUP_kr,SUP_sk,INC_avg,INC_sd,INC_r1,INC_kr,INC_sk,IND_avg,IND_sd,IND_r1,IND_kr,IND_sk
instances/A3/asymmetric/8.6.in,0.4589743590,0.0831782381,0.3737582179,2.5618711069,-0.2242313668,0.0037037037,0.0104756560,-0.0140845070,7.1250000000,2.4748737342,0.5373219373,0.0764903316,0.4117533564,2.2901051929,-0.0713822847,0.3233211233,0.0376104053,-0.3672026706,1.7649679059,0.5399651229
