Instance,INF_avg,INF_sd,INF_r1,INF_kr,INF_sk,SUP_avg,SUP_sd,SUP_r1,SUP_kr,SUP_sk,INC_avg,INC_sd,INC_r1,INC_kr,INC_sk,IND_avg,IND_sd,IND_r1,IND_kr,IND_sk
instances/A2/asymmetric/200.3.in,0.7530000000,0.0763282385,0.7963568484,2.3001410395,-0.6509862940,0.0550000000,0.0445346307,0.8465855940,2.0875432526,0.5706068355,0.1920000000,0.0371842260,0.4955873402,3.2784321010,0.9490912798,0.0493333333,0.0131487219,0.5215560078,1.9075310102,-0.4709487075
