Instance,INF_avg,INF_sd,INF_r1,INF_kr,INF_sk,SUP_avg,SUP_sd,SUP_r1,SUP_kr,SUP_sk,INC_avg,INC_sd,INC_r1,INC_kr,INC_sk,IND_avg,IND_sd,IND_r1,IND_kr,IND_sk
instances/A1/asymmetric/10.2.in,0.5590643275,0.0673251567,0.1704863650,2.6247127971,1.0144059527,0.0884531590,0.0783296363,-0.1672379520,2.7998695186,1.0163304919,0.3524825135,0.0592582231,-1.0000732638,1.9992739397,-0.0158873288,0.1660704048,0.0248529541,-0.1115825704,2.2303472899,0.9198064432
