Instance,INF_avg,INF_sd,INF_r1,INF_kr,INF_sk,SUP_avg,SUP_sd,SUP_r1,SUP_kr,SUP_sk,INC_avg,INC_sd,INC_r1,INC_kr,INC_sk,IND_avg,IND_sd,IND_r1,IND_kr,IND_sk
instances/A1/asymmetric/10.2.in,0.5364089939,0.0641873055,0.0981584131,4.0338722588,0.7947100313,0.1158170451,0.0690847142,-0.0260223826,2.1280386360,0.1255163118,0.3477739610,0.0503173953,-0.5453022120,2.4244550089,0.0797358007,0.1571803676,0.0259498586,-0.1108943227,2.9601105960,0.5045177384
