Instance,INF_avg,INF_sd,INF_r1,INF_kr,INF_sk,SUP_avg,SUP_sd,SUP_r1,SUP_kr,SUP_sk,INC_avg,INC_sd,INC_r1,INC_kr,INC_sk,IND_avg,IND_sd,IND_r1,IND_kr,IND_sk
instances/A2/asymmetric/50.5.in,0.4410256410,0.1675126459,0.0905244514,2.8071766613,-0.1384652163,0.0846153846,0.0920937692,0.2488571951,4.9025094646,1.2936958148,0.4743589744,0.1849711671,0.0573930683,3.2575193445,0.4266321223,0.4230769231,0.1458160739,0.0773295252,4.4351716399,0.9354692320
