Instance,INF_avg,INF_sd,INF_r1,INF_kr,INF_sk,SUP_avg,SUP_sd,SUP_r1,SUP_kr,SUP_sk,INC_avg,INC_sd,INC_r1,INC_kr,INC_sk,IND_avg,IND_sd,IND_r1,IND_kr,IND_sk
instances/A3/asymmetric/100.5.in,0.4893088418,0.1714623138,0.9559925505,3.0513250882,0.8659041508,0.0362671233,0.0406825820,0.8985849389,3.7582355322,1.2900342519,0.4744240349,0.1466500682,0.9409307962,3.6352784884,-1.1843108469,0.0926439048,0.0251672683,0.5562047457,4.0505189273,0.5074161268
