Instance,INF_avg,INF_sd,INF_r1,INF_kr,INF_sk,SUP_avg,SUP_sd,SUP_r1,SUP_kr,SUP_sk,INC_avg,INC_sd,INC_r1,INC_kr,INC_sk,IND_avg,IND_sd,IND_r1,IND_kr,IND_sk
instances/A1/asymmetric/20.4.in,0.8551398517,0.0317126484,-0.2239129945,2.3313320992,-0.6344929403,0.0254931322,0.0140388440,0.1986154675,2.5234703957,-0.8591773172,0.1193670161,0.0443465681,-0.0843880232,2.5088972249,0.8902882246,0.0941437894,0.0546422143,-0.2567646931,2.9484838401,1.2762972000
