Instance,INF_avg,INF_sd,INF_r1,INF_kr,INF_sk,SUP_avg,SUP_sd,SUP_r1,SUP_kr,SUP_sk,INC_avg,INC_sd,INC_r1,INC_kr,INC_sk,IND_avg,IND_sd,IND_r1,IND_kr,IND_sk
instances/A1/symmetric/5.6.in,0.4314814815,0.1524603886,0.1917195222,1.2346177786,-0.0817636084,0.1327160494,0.1139887982,0.3225010284,1.8465140479,0.2558770658,0.4358024691,0.0672867821,0.2070779051,3.2850266724,0.8229448496,0.4209876543,0.0741100736,-0.0702707143,4.2210576978,1.2002087609
