Instance,INF_avg,INF_sd,INF_r1,INF_kr,INF_sk,SUP_avg,SUP_sd,SUP_r1,SUP_kr,SUP_sk,INC_avg,INC_sd,INC_r1,INC_kr,INC_sk,IND_avg,IND_sd,IND_r1,IND_kr,IND_sk
instances/A1/symmetric/5.6.in,0.5377777778,0.1036613670,-0.1612426036,3.1040224913,-1.4035141564,0.0666666667,0.0888888889,0.1447368421,2.0781250000,0.8437500000,0.3955555556,0.0355555556,-1.1370967742,2.5908203125,-0.5507812500,0.4355555556,0.0895530741,-0.1359093937,2.6234681744,0.9160615154
