Instance,INF_avg,INF_sd,INF_r1,INF_kr,INF_sk,SUP_avg,SUP_sd,SUP_r1,SUP_kr,SUP_sk,INC_avg,INC_sd,INC_r1,INC_kr,INC_sk,IND_avg,IND_sd,IND_r1,IND_kr,IND_sk
instances/A3/symmetric/5.5.in,0.2740740741,0.1665019762,0.0533616652,1.5934425910,-0.6359299453,0.2444444444,0.0484322105,0.1331967213,2.7486149584,-0.2113039654,0.4814814815,0.1384313451,-0.1341023498,1.9456941682,0.6868247743,0.3981481481,0.0851449180,0.0241995139,3.7520601943,-1.0655977000
