Instance,INF_avg,INF_sd,INF_r1,INF_kr,INF_sk,SUP_avg,SUP_sd,SUP_r1,SUP_kr,SUP_sk,INC_avg,INC_sd,INC_r1,INC_kr,INC_sk,IND_avg,IND_sd,IND_r1,IND_kr,IND_sk
instances/A2/symmetric/100.6.in,0.3982000000,0.0466450426,0.5489542634,2.0340824766,-0.3995536125,0.1718000000,0.0305901945,0.3120548223,1.9871547657,0.2524382079,0.4300000000,0.0351567917,0.0406926407,2.9010352845,-0.0566118570,0.0550000000,0.0123288280,0.1551724138,2.7484418283,0.3681999361
