Instance,INF_avg,INF_sd,INF_r1,INF_kr,INF_sk,SUP_avg,SUP_sd,SUP_r1,SUP_kr,SUP_sk,INC_avg,INC_sd,INC_r1,INC_kr,INC_sk,IND_avg,IND_sd,IND_r1,IND_kr,IND_sk
instances/A2/asymmetric/50.5.in,0.3870000000,0.0285657137,0.0760592139,1.5086324971,-0.1374539641,0.2375000000,0.0352313781,0.2731027362,1.6059090370,0.4381908207,0.3755000000,0.0300374766,0.2859320014,3.4393141097,-0.4396834902,0.0610000000,0.0109087121,0.3015332198,2.5116164113,-0.1987463968
