Instance,INF_avg,INF_sd,INF_r1,INF_kr,INF_sk,SUP_avg,SUP_sd,SUP_r1,SUP_kr,SUP_sk,INC_avg,INC_sd,INC_r1,INC_kr,INC_sk,IND_avg,IND_sd,IND_r1,IND_kr,IND_sk
instances/A1/symmetric/8.5.in,0.6238095238,0.1243121665,0.5998521394,1.2229348751,-0.2431996872,0.0419047619,0.0374226337,0.2219917012,1.4924024806,0.0759524043,0.3342857143,0.0977826736,0.4075241921,1.3265345410,0.4682609198,0.2735714286,0.0517844827,-0.2321960613,3.0403141070,1.3548920568
