Instance,INF_avg,INF_sd,INF_r1,INF_kr,INF_sk,SUP_avg,SUP_sd,SUP_r1,SUP_kr,SUP_sk,INC_avg,INC_sd,INC_r1,INC_kr,INC_sk,IND_avg,IND_sd,IND_r1,IND_kr,IND_sk
instances/A1/symmetric/100.6.in,0.3340000000,0.0542033209,0.6598777010,1.9303761745,0.2501736947,0.1755000000,0.0277533782,0.5047165205,2.1203181101,0.1170414638,0.4905000000,0.0427346464,0.5697672066,2.2860644238,-0.1312334143,0.0729000000,0.0192636964,0.0619743541,2.1724834145,0.2034853118
