Instance,INF_avg,INF_sd,INF_r1,INF_kr,INF_sk,SUP_avg,SUP_sd,SUP_r1,SUP_kr,SUP_sk,INC_avg,INC_sd,INC_r1,INC_kr,INC_sk,IND_avg,IND_sd,IND_r1,IND_kr,IND_sk
instances/A1/symmetric/5.1.in,0.0153846154,0.0307692308,-0.0526315789,3.2500000000,1.5000000000,0.1868131868,0.0711320982,0.0516795866,1.9247013858,-0.2239882558,0.7978021978,0.0512375526,0.0746794066,1.9314407369,-0.3926195655,0.3901098901,0.0496333617,0.4066852368,1.7758794694,-0.6951425664
