Instance,INF_avg,INF_sd,INF_r1,INF_kr,INF_sk,SUP_avg,SUP_sd,SUP_r1,SUP_kr,SUP_sk,INC_avg,INC_sd,INC_r1,INC_kr,INC_sk,IND_avg,IND_sd,IND_r1,IND_kr,IND_sk
instances/A1/asymmetric/10.4.in,0.4956078842,0.0735592360,0.5555212092,1.8944727295,-0.1375186344,0.1344051980,0.0477423349,0.4423427147,1.8914347484,0.4558443446,0.3699869178,0.0274041629,0.7375790685,1.9706017267,-0.4776511690,0.1123739752,0.0119150569,-0.5458314305,2.2615594064,0.7371463380
