Instance,INF_avg,INF_sd,INF_r1,INF_kr,INF_sk,SUP_avg,SUP_sd,SUP_r1,SUP_kr,SUP_sk,INC_avg,INC_sd,INC_r1,INC_kr,INC_sk,IND_avg,IND_sd,IND_r1,IND_kr,IND_sk
instances/A1/asymmetric/5.1.in,0.1000000000,0.1224744871,0.4230769231,1.1666666667,0.4082482905,0.4166666667,0.0494413232,-0.6000000000,2.0351239669,-0.5516180693,0.4833333333,0.0954521404,0.4258064516,1.7437537180,-0.4216134103,0.4900000000,0.0442216639,-0.2939521800,1.8973398760,-0.5627640721
