Instance,INF_avg,INF_sd,INF_r1,INF_kr,INF_sk,SUP_avg,SUP_sd,SUP_r1,SUP_kr,SUP_sk,INC_avg,INC_sd,INC_r1,INC_kr,INC_sk,IND_avg,IND_sd,IND_r1,IND_kr,IND_sk
instances/A1/symmetric/20.5.in,0.8074464748,0.0676647373,0.1599930118,2.5665592884,-0.5529386621,0.0332129701,0.0196203613,-0.4777573188,2.0451554112,-0.5855419858,0.1593405551,0.0529394210,0.4169276716,2.6328648475,0.9236059200,0.0826326732,0.0245382303,-0.7452231538,1.1828063310,-0.3980784700
