Instance,INF_avg,INF_sd,INF_r1,INF_kr,INF_sk,SUP_avg,SUP_sd,SUP_r1,SUP_kr,SUP_sk,INC_avg,INC_sd,INC_r1,INC_kr,INC_sk,IND_avg,IND_sd,IND_r1,IND_kr,IND_sk
instances/A1/symmetric/20.5.in,0.7158804157,0.1174957100,0.8009585776,1.5449390685,0.0694953608,0.0420753756,0.0181449944,-0.0622576539,3.4968750960,-1.2347800295,0.2420442087,0.1033367719,0.8737594792,1.4042246680,0.0289340653,0.0841201710,0.0189677398,-0.5471383694,2.0428593115,-0.6832243592
