Instance,INF_avg,INF_sd,INF_r1,INF_kr,INF_sk,SUP_avg,SUP_sd,SUP_r1,SUP_kr,SUP_sk,INC_avg,INC_sd,INC_r1,INC_kr,INC_sk,IND_avg,IND_sd,IND_r1,IND_kr,IND_sk
instances/A2/symmetric/50.4.in,0.6947268041,0.0404147515,0.2482963613,1.9122690272,0.6919192443,0.0520463918,0.0257407533,0.6800124223,3.2012842875,0.8907367537,0.2532268041,0.0366819582,0.4856091960,1.7295349465,-0.3060386855,0.0451546392,0.0105717364,-0.0178069599,1.9945831471,0.6040577383
