Instance,INF_avg,INF_sd,INF_r1,INF_kr,INF_sk,SUP_avg,SUP_sd,SUP_r1,SUP_kr,SUP_sk,INC_avg,INC_sd,INC_r1,INC_kr,INC_sk,IND_avg,IND_sd,IND_r1,IND_kr,IND_sk
instances/A3/asymmetric/50.5.in,0.3259000000,0.0382189743,0.2646507990,3.0176599755,-0.3636668438,0.1748000000,0.0408406660,0.6003636779,2.7295208934,0.3711180614,0.4993000000,0.0430930389,0.6519455692,2.3780860634,-0.0885036731,0.0717000000,0.0119837390,-0.0445380324,6.3856587399,1.3045879652
