Instance,INF_avg,INF_sd,INF_r1,INF_kr,INF_sk,SUP_avg,SUP_sd,SUP_r1,SUP_kr,SUP_sk,INC_avg,INC_sd,INC_r1,INC_kr,INC_sk,IND_avg,IND_sd,IND_r1,IND_kr,IND_sk
instances/A1/asymmetric/8.6.in,0.6152380952,0.0432678731,0.2052657240,1.2218766901,0.2477547899,0.1542857143,0.0405852871,0.4308632544,1.5554445070,-0.0762908726,0.2304761905,0.0706047733,0.6914516945,1.7063207541,0.1610421893,0.1733333333,0.0291372544,-0.6630196937,1.2543282928,-0.3989370954
