Instance,INF_avg,INF_sd,INF_r1,INF_kr,INF_sk,SUP_avg,SUP_sd,SUP_r1,SUP_kr,SUP_sk,INC_avg,INC_sd,INC_r1,INC_kr,INC_sk,IND_avg,IND_sd,IND_r1,IND_kr,IND_sk
instances/A3/symmetric/10.2.in,0.6211341717,0.0904472367,0.2196066936,1.4794406999,-0.0349301604,0.0184794569,0.0222352385,0.0077951935,1.7646865236,0.6105752081,0.3603863715,0.0736498707,0.1821877136,1.7525040595,0.0729117409,0.2206689646,0.0523685535,0.3074075124,2.2443187555,0.6661683465
