Instance,INF_avg,INF_sd,INF_r1,INF_kr,INF_sk,SUP_avg,SUP_sd,SUP_r1,SUP_kr,SUP_sk,INC_avg,INC_sd,INC_r1,INC_kr,INC_sk,IND_avg,IND_sd,IND_r1,IND_kr,IND_sk
instances/A1/asymmetric/100.1.in,0.5446000000,0.0478940497,0.3468309435,2.3723769024,0.3452778774,0.0936000000,0.0212847363,0.2137081819,3.6954146624,-0.7051335662,0.3618000000,0.0407401522,0.2997265997,2.4820299629,-0.2167077758,0.0442000000,0.0097652445,0.1858372733,2.6989972299,-0.0973181543
