Instance,INF_avg,INF_sd,INF_r1,INF_kr,INF_sk,SUP_avg,SUP_sd,SUP_r1,SUP_kr,SUP_sk,INC_avg,INC_sd,INC_r1,INC_kr,INC_sk,IND_avg,IND_sd,IND_r1,IND_kr,IND_sk
instances/A1/symmetric/100.4.in,0.3388000000,0.0391989796,0.3438398231,2.4917741008,-0.2806941950,0.1616000000,0.0217126691,0.2123311584,3.2863367102,0.6440845871,0.4996000000,0.0289454660,0.0631620427,3.4775645757,-0.5638592496,0.0666000000,0.0122245654,0.2770308612,1.5750745682,0.0703904372
