Instance,INF_avg,INF_sd,INF_r1,INF_kr,INF_sk,SUP_avg,SUP_sd,SUP_r1,SUP_kr,SUP_sk,INC_avg,INC_sd,INC_r1,INC_kr,INC_sk,IND_avg,IND_sd,IND_r1,IND_kr,IND_sk
instances/A1/symmetric/50.4.in,0.4600000000,0.0798159648,0.7828254848,2.4133153265,0.3545205394,0.0713235294,0.0387736422,0.8838153257,1.9285309466,-0.1752896808,0.4686764706,0.0520507222,0.4530006771,2.3854021831,0.0648023692,0.0736764706,0.0119008665,0.2168183607,2.0895167317,0.2106857380
