Instance,INF_avg,INF_sd,INF_r1,INF_kr,INF_sk,SUP_avg,SUP_sd,SUP_r1,SUP_kr,SUP_sk,INC_avg,INC_sd,INC_r1,INC_kr,INC_sk,IND_avg,IND_sd,IND_r1,IND_kr,IND_sk
instances/A3/asymmetric/20.6.in,0.6494117647,0.0152537405,0.1732535320,1.4125011620,-0.0134661694,0.0824276377,0.0101120750,0.0015026724,1.7718702302,-0.3523561190,0.2681605976,0.0124689545,-0.0245839827,2.7443437556,-1.1906442656,0.0720448179,0.0193924949,0.1172983641,2.3186166122,-0.6859873851
