Instance,INF_avg,INF_sd,INF_r1,INF_kr,INF_sk,SUP_avg,SUP_sd,SUP_r1,SUP_kr,SUP_sk,INC_avg,INC_sd,INC_r1,INC_kr,INC_sk,IND_avg,IND_sd,IND_r1,IND_kr,IND_sk
instances/A3/asymmetric/20.6.in,0.6170137225,0.0549160432,0.1969560070,1.8907292891,-0.6891915840,0.0756060462,0.0109151009,0.5442629219,1.8465510426,0.5770751103,0.3073802313,0.0588077587,0.4035205952,1.9121362899,0.7743279903,0.0624783763,0.0242373794,0.5620798377,1.4015058011,-0.0567094526
