Instance,INF_avg,INF_sd,INF_r1,INF_kr,INF_sk,SUP_avg,SUP_sd,SUP_r1,SUP_kr,SUP_sk,INC_avg,INC_sd,INC_r1,INC_kr,INC_sk,IND_avg,IND_sd,IND_r1,IND_kr,IND_sk
instances/A1/asymmetric/50.2.in,0.4775000000,0.0361420807,-0.1119208745,4.4879787551,-1.4964861817,0.1250000000,0.0234520788,0.3165467626,2.2619834711,0.2093243397,0.3975000000,0.0383568768,0.3280689160,3.4455244927,-0.0564833543,0.0655000000,0.0121346611,-0.3399857448,2.3790344199,-0.4524775842
