Instance,INF_avg,INF_sd,INF_r1,INF_kr,INF_sk,SUP_avg,SUP_sd,SUP_r1,SUP_kr,SUP_sk,INC_avg,INC_sd,INC_r1,INC_kr,INC_sk,IND_avg,IND_sd,IND_r1,IND_kr,IND_sk
instances/A2/asymmetric/10.5.in,0.4749811036,0.0830932297,0.0951020094,2.3327278187,-0.8132400217,0.1873519778,0.0833166481,0.0941142803,3.3287353239,1.1796835081,0.3376669186,0.0206216112,0.5420900480,1.5286193957,-0.2163528984,0.1560594608,0.0177913529,0.0946268858,1.4022049470,0.0597678522
