Instance,INF_avg,INF_sd,INF_r1,INF_kr,INF_sk,SUP_avg,SUP_sd,SUP_r1,SUP_kr,SUP_sk,INC_avg,INC_sd,INC_r1,INC_kr,INC_sk,IND_avg,IND_sd,IND_r1,IND_kr,IND_sk
instances/A3/symmetric/8.3.in,0.3202758621,0.1076112843,-0.3062765682,2.3220166557,0.9675461724,0.1606771160,0.0572165658,-0.1515363913,1.4622983648,0.2816202188,0.5190470219,0.0730706287,0.2866071772,2.4708822037,-0.4560966717,0.2412204807,0.0614628695,0.3656335603,1.2188097490,0.3233187342
