Instance,INF_avg,INF_sd,INF_r1,INF_kr,INF_sk,SUP_avg,SUP_sd,SUP_r1,SUP_kr,SUP_sk,INC_avg,INC_sd,INC_r1,INC_kr,INC_sk,IND_avg,IND_sd,IND_r1,IND_kr,IND_sk
instances/A2/asymmetric/10.5.in,0.5934474895,0.0579744888,0.1431418868,1.5182239619,0.2263798387,0.1236641440,0.0588261806,0.3958584239,1.7098771243,-0.3311034653,0.2828883665,0.0301577849,0.2377641870,2.4670272163,-0.5016957685,0.1686892431,0.0300746219,0.4498850907,1.7178490093,-0.1798629232
