Instance,INF_avg,INF_sd,INF_r1,INF_kr,INF_sk,SUP_avg,SUP_sd,SUP_r1,SUP_kr,SUP_sk,INC_avg,INC_sd,INC_r1,INC_kr,INC_sk,IND_avg,IND_sd,IND_r1,IND_kr,IND_sk
instances/A1/asymmetric/100.6.in,0.2975000000,0.0179234483,-0.1890838207,2.4585534982,0.8792256141,0.2125000000,0.0221641603,-0.4780141844,3.7681370550,-0.9402429153,0.4900000000,0.0251992063,-0.1353711790,2.2230144460,0.5062026693,0.0545000000,0.0115000000,-0.5390432974,2.2404758416,0.0236705844
