Instance,INF_avg,INF_sd,INF_r1,INF_kr,INF_sk,SUP_avg,SUP_sd,SUP_r1,SUP_kr,SUP_sk,INC_avg,INC_sd,INC_r1,INC_kr,INC_sk,IND_avg,IND_sd,IND_r1,IND_kr,IND_sk
instances/A1/symmetric/50.5.in,0.8083333333,0.1017212968,0.3014230272,1.5224989865,-0.4640481483,0.0166666667,0.0235702260,0.1818181818,1.5000000000,0.7071067812,0.1750000000,0.0803637563,0.3207547170,1.4828303850,0.3612605904,0.1416666667,0.0343592135,0.4545454545,2.1072664360,0.2282688236
