Instance,INF_avg,INF_sd,INF_r1,INF_kr,INF_sk,SUP_avg,SUP_sd,SUP_r1,SUP_kr,SUP_sk,INC_avg,INC_sd,INC_r1,INC_kr,INC_sk,IND_avg,IND_sd,IND_r1,IND_kr,IND_sk
instances/A3/symmetric/20.3.in,0.6383945869,0.0617236382,0.8025156601,1.7099854348,-0.0642341707,0.0730108026,0.0275495859,0.4698677530,1.4321186798,-0.4620905092,0.2885946105,0.0467013444,0.7807547984,1.5880746785,0.0614689500,0.0794509795,0.0192232141,0.4500750792,1.9594863116,0.6235708459
