Instance,INF_avg,INF_sd,INF_r1,INF_kr,INF_sk,SUP_avg,SUP_sd,SUP_r1,SUP_kr,SUP_sk,INC_avg,INC_sd,INC_r1,INC_kr,INC_sk,IND_avg,IND_sd,IND_r1,IND_kr,IND_sk
instances/A3/symmetric/8.4.in,0.4634920635,0.0536404611,0.3269186448,1.3609592045,-0.0214033075,0.1058201058,0.0577262014,0.4806841334,2.6455459299,-1.1909934178,0.4306878307,0.0632388248,0.1709777948,1.6935947507,-0.4665236430,0.3378571429,0.0645186843,0.3188338609,4.6360433880,1.5634021660
