Instance,INF_avg,INF_sd,INF_r1,INF_kr,INF_sk,SUP_avg,SUP_sd,SUP_r1,SUP_kr,SUP_sk,INC_avg,INC_sd,INC_r1,INC_kr,INC_sk,IND_avg,IND_sd,IND_r1,IND_kr,IND_sk
instances/A3/symmetric/8.4.in,0.4990476190,0.0382615418,-0.7810746974,2.5601428947,-0.9620640774,0.0819047619,0.0669653175,0.4432214273,1.1715760204,-0.3998730192,0.4190476190,0.0746875578,-0.0982339956,1.2459845330,-0.0948589744,0.3750000000,0.0645497224,-0.0909090909,2.9166666667,1.2909944487
