Instance,INF_avg,INF_sd,INF_r1,INF_kr,INF_sk,SUP_avg,SUP_sd,SUP_r1,SUP_kr,SUP_sk,INC_avg,INC_sd,INC_r1,INC_kr,INC_sk,IND_avg,IND_sd,IND_r1,IND_kr,IND_sk
instances/A2/asymmetric/200.1.in,0.3510000000,0.0144568323,-0.2270973963,1.9735582977,-0.3485049428,0.2140000000,0.0154596248,0.3532858937,1.6856672677,-0.0357253983,0.4350000000,0.0208566536,-0.1907514451,2.0630202140,-0.1322657383,0.0650000000,0.0148323970,-0.2638888889,1.7407024793,0.0229840862
