Instance,INF_avg,INF_sd,INF_r1,INF_kr,INF_sk,SUP_avg,SUP_sd,SUP_r1,SUP_kr,SUP_sk,INC_avg,INC_sd,INC_r1,INC_kr,INC_sk,IND_avg,IND_sd,IND_r1,IND_kr,IND_sk
instances/A1/symmetric/8.3.in,0.5485714286,0.0630588395,0.4348558198,1.1818457297,-0.4152236979,0.1180952381,0.0758564105,0.8311306902,1.6550722033,-0.3898556459,0.3333333333,0.0421637021,-0.0000000000,2.5000000000,0.0000000000,0.2380952381,0.0548756583,0.8787878788,2.0354913630,0.8092148255
