Instance,INF_avg,INF_sd,INF_r1,INF_kr,INF_sk,SUP_avg,SUP_sd,SUP_r1,SUP_kr,SUP_sk,INC_avg,INC_sd,INC_r1,INC_kr,INC_sk,IND_avg,IND_sd,IND_r1,IND_kr,IND_sk
instances/A2/asymmetric/5.1.in,0.4333333333,0.0816496581,0.5238095238,1.1666666667,-0.4082482905,0.1333333333,0.0459468292,-0.6315789474,1.5027700831,0.1718233224,0.4333333333,0.0658280589,0.5238095238,2.1449704142,0.0194757571,0.3366666667,0.0476095229,-0.0017271157,2.5291234141,0.3130037835
