Instance,INF_avg,INF_sd,INF_r1,INF_kr,INF_sk,SUP_avg,SUP_sd,SUP_r1,SUP_kr,SUP_sk,INC_avg,INC_sd,INC_r1,INC_kr,INC_sk,IND_avg,IND_sd,IND_r1,IND_kr,IND_sk
instances/A2/symmetric/10.4.in,0.6239917214,0.1351126177,0.8625059778,1.3851224610,0.1522603410,0.1551452030,0.1138699265,0.5634905723,1.5253146502,-0.1012233135,0.2208630756,0.0757376386,0.8990386977,4.3481016451,1.4967836755,0.1604077173,0.0713274016,0.5963502698,2.3716336157,0.8848936369
