Instance,INF_avg,INF_sd,INF_r1,INF_kr,INF_sk,SUP_avg,SUP_sd,SUP_r1,SUP_kr,SUP_sk,INC_avg,INC_sd,INC_r1,INC_kr,INC_sk,IND_avg,IND_sd,IND_r1,IND_kr,IND_sk
instances/A2/asymmetric/8.3.in,0.4897842898,0.0642198925,-0.0095292985,2.0533889228,-0.0481197202,0.2816849817,0.0546244888,-0.0255292150,1.9643290812,0.7224860479,0.2285307285,0.0408261782,-0.5212933858,3.8493199694,-1.0282981220,0.1837199837,0.0391726844,0.0120538460,3.3416865439,0.3773246637
