Instance,INF_avg,INF_sd,INF_r1,INF_kr,INF_sk,SUP_avg,SUP_sd,SUP_r1,SUP_kr,SUP_sk,INC_avg,INC_sd,INC_r1,INC_kr,INC_sk,IND_avg,IND_sd,IND_r1,IND_kr,IND_sk
instances/A3/asymmetric/200.2.in,0.2804000000,0.0314934914,0.2235314794,2.6148647231,0.0236815230,0.1657000000,0.0296649625,0.3380814004,2.6287670237,0.5268680988,0.5539000000,0.0339895572,0.0050979452,3.1140382988,-0.5766484132,0.0948000000,0.0166421153,-0.0688939021,3.7045388556,-0.2969747307
