Instance,INF_avg,INF_sd,INF_r1,INF_kr,INF_sk,SUP_avg,SUP_sd,SUP_r1,SUP_kr,SUP_sk,INC_avg,INC_sd,INC_r1,INC_kr,INC_sk,IND_avg,IND_sd,IND_r1,IND_kr,IND_sk
instances/A3/asymmetric/8.5.in,0.3357975358,0.0889230861,0.5088599101,1.7471160399,0.3570634583,0.1561238761,0.0508298611,-0.0380137747,1.7034412913,0.2823470693,0.5080785881,0.1188111451,0.4739205103,1.2525738193,0.3593557209,0.2515084915,0.0586645408,-0.1356899385,2.5673803369,-1.0173932237
