Instance,INF_avg,INF_sd,INF_r1,INF_kr,INF_sk,SUP_avg,SUP_sd,SUP_r1,SUP_kr,SUP_sk,INC_avg,INC_sd,INC_r1,INC_kr,INC_sk,IND_avg,IND_sd,IND_r1,IND_kr,IND_sk
instances/A3/asymmetric/10.5.in,0.6336429309,0.0679948653,0.2718347096,2.1780078771,-0.0034827721,0.1209838321,0.0413263124,0.2505829819,2.1790081022,-0.3734308183,0.2453732370,0.0303368909,0.1800490214,1.7844772922,0.4820663223,0.1658525398,0.0250133654,-0.2973750470,2.2191063236,0.9141074841
