Instance,INF_avg,INF_sd,INF_r1,INF_kr,INF_sk,SUP_avg,SUP_sd,SUP_r1,SUP_kr,SUP_sk,INC_avg,INC_sd,INC_r1,INC_kr,INC_sk,IND_avg,IND_sd,IND_r1,IND_kr,IND_sk
instances/A3/asymmetric/10.5.in,0.1895708348,0.1191228442,0.5701536505,2.0455175220,-0.1522737947,0.2666234119,0.0738940383,0.2594962929,2.0968940126,-0.1401703756,0.5438057533,0.0926572041,0.7454163335,1.7071457838,0.0241230354,0.1825121087,0.0327683700,-0.3762639273,2.0881908771,0.0270582244
