Instance,INF_avg,INF_sd,INF_r1,INF_kr,INF_sk,SUP_avg,SUP_sd,SUP_r1,SUP_kr,SUP_sk,INC_avg,INC_sd,INC_r1,INC_kr,INC_sk,IND_avg,IND_sd,IND_r1,IND_kr,IND_sk
instances/A1/asymmetric/10.3.in,0.2378335950,0.0572320624,-0.2435386954,1.4919464845,0.5595641685,0.3015698587,0.0591977256,-0.0499998860,1.8403410714,-0.5875326896,0.4605965463,0.0345035161,0.6123337680,1.9603726309,-0.0972827959,0.0828885400,0.0097483044,-0.0751457119,3.0640527883,1.3787891939
