Instance,INF_avg,INF_sd,INF_r1,INF_kr,INF_sk,SUP_avg,SUP_sd,SUP_r1,SUP_kr,SUP_sk,INC_avg,INC_sd,INC_r1,INC_kr,INC_sk,IND_avg,IND_sd,IND_r1,IND_kr,IND_sk
instances/A3/symmetric/8.1.in,0.6900000000,0.0847217668,-0.4696636278,2.4906833191,-1.0557230779,0.0400000000,0.0533333333,-0.7741935484,2.0781250000,0.8437500000,0.2700000000,0.0678232998,-0.1878453039,2.9310018904,1.1731251294,0.3066666667,0.0701981323,0.0799860692,1.5144604071,-0.4269602926
