Instance,INF_avg,INF_sd,INF_r1,INF_kr,INF_sk,SUP_avg,SUP_sd,SUP_r1,SUP_kr,SUP_sk,INC_avg,INC_sd,INC_r1,INC_kr,INC_sk,IND_avg,IND_sd,IND_r1,IND_kr,IND_sk
instances/A3/asymmetric/10.3.in,0.5377342048,0.0804405154,0.6532839166,1.2473454492,0.0771803031,0.1148692810,0.0621199148,0.4536929257,1.4178560909,0.2303533915,0.3473965142,0.0309828587,-0.2240799679,1.9384969934,-0.4872002538,0.2294226580,0.0271907819,-0.4550084632,2.0349802485,-0.3421667443
