Instance,INF_avg,INF_sd,INF_r1,INF_kr,INF_sk,SUP_avg,SUP_sd,SUP_r1,SUP_kr,SUP_sk,INC_avg,INC_sd,INC_r1,INC_kr,INC_sk,IND_avg,IND_sd,IND_r1,IND_kr,IND_sk
instances/A3/asymmetric/10.3.in,0.4774449286,0.0944774913,0.6628058007,1.9206764411,0.5504907521,0.1292483660,0.0546689281,0.3553221686,1.7428038638,-0.1520965182,0.3933067054,0.0593451540,0.4433744027,1.9643757936,0.0567220140,0.2237533285,0.0245318554,-0.4994593291,1.9388655443,0.0861105747
