Instance,INF_avg,INF_sd,INF_r1,INF_kr,INF_sk,SUP_avg,SUP_sd,SUP_r1,SUP_kr,SUP_sk,INC_avg,INC_sd,INC_r1,INC_kr,INC_sk,IND_avg,IND_sd,IND_r1,IND_kr,IND_sk
instances/A1/symmetric/100.5.in,0.3461000000,0.0408936425,0.4132419119,2.9134764327,-0.4975049474,0.1107000000,0.0262490000,0.2708873983,2.8919535017,0.3870565257,0.5432000000,0.0306391906,0.2654078869,2.4296346942,0.0450280885,0.0822000000,0.0193432159,0.1797689760,2.3913796624,-0.0407745391
