Instance,INF_avg,INF_sd,INF_r1,INF_kr,INF_sk,SUP_avg,SUP_sd,SUP_r1,SUP_kr,SUP_sk,INC_avg,INC_sd,INC_r1,INC_kr,INC_sk,IND_avg,IND_sd,IND_r1,IND_kr,IND_sk
instances/A1/symmetric/50.5.in,0.3452380952,0.1707161121,0.4100231489,2.9751347348,0.3110139899,0.1238095238,0.1268848819,0.1677532254,6.1926760563,1.5750161737,0.5309523810,0.1550546681,0.2904593803,3.3452126119,0.0127160462,0.4880952381,0.1312982446,0.1188020862,2.3915635715,0.3463871668
