Instance,INF_avg,INF_sd,INF_r1,INF_kr,INF_sk,SUP_avg,SUP_sd,SUP_r1,SUP_kr,SUP_sk,INC_avg,INC_sd,INC_r1,INC_kr,INC_sk,IND_avg,IND_sd,IND_r1,IND_kr,IND_sk
instances/A2/symmetric/5.3.in,0.4244444444,0.0174270968,-0.7358171041,1.4839381321,0.0171057167,0.0944444444,0.0544331054,-0.1869747899,2.4361979167,-0.5677202789,0.4811111111,0.0653197265,-0.3610146548,2.4255230437,0.9479428440,0.4644444444,0.0689068077,-0.1017778033,3.0906625033,1.3795163665
