Instance,INF_avg,INF_sd,INF_r1,INF_kr,INF_sk,SUP_avg,SUP_sd,SUP_r1,SUP_kr,SUP_sk,INC_avg,INC_sd,INC_r1,INC_kr,INC_sk,IND_avg,IND_sd,IND_r1,IND_kr,IND_sk
instances/A2/symmetric/5.3.in,0.3350088183,0.1480751164,0.9192988846,3.3273970936,-1.3745037493,0.1450617284,0.0985624804,-0.1296521026,3.0835640844,0.8243212121,0.5199294533,0.1015510879,0.2818292214,2.0780537617,0.7038851226,0.4207231041,0.0811315274,0.1961098647,3.6523067986,0.5535903929
