Instance,INF_avg,INF_sd,INF_r1,INF_kr,INF_sk,SUP_avg,SUP_sd,SUP_r1,SUP_kr,SUP_sk,INC_avg,INC_sd,INC_r1,INC_kr,INC_sk,IND_avg,IND_sd,IND_r1,IND_kr,IND_sk
instances/A1/symmetric/5.1.in,0.2848765432,0.1667649459,0.6289465288,2.1389673088,-0.8244666899,0.1647673314,0.1299791960,0.5675658356,1.3891726651,-0.2195314508,0.5503561254,0.1226503999,0.1703262131,2.0182175728,0.2705939755,0.4470797721,0.1380724047,0.5117205786,1.6557485600,-0.1638293102
