Instance,INF_avg,INF_sd,INF_r1,INF_kr,INF_sk,SUP_avg,SUP_sd,SUP_r1,SUP_kr,SUP_sk,INC_avg,INC_sd,INC_r1,INC_kr,INC_sk,IND_avg,IND_sd,IND_r1,IND_kr,IND_sk
instances/A1/asymmetric/10.3.in,0.3083333333,0.1538848776,0.3236363636,1.7717855884,-0.6714341251,0.0916666667,0.0837489635,0.4185567010,2.4382903637,0.9024297685,0.6000000000,0.0816496581,-0.0000000000,1.5000000000,0.0000000000,0.3166666667,0.0372677996,-0.2000000000,4.2000000000,1.7888543820
