Instance,INF_avg,INF_sd,INF_r1,INF_kr,INF_sk,SUP_avg,SUP_sd,SUP_r1,SUP_kr,SUP_sk,INC_avg,INC_sd,INC_r1,INC_kr,INC_sk,IND_avg,IND_sd,IND_r1,IND_kr,IND_sk
instances/A1/asymmetric/200.3.in,0.4104180064,0.1256628171,0.7527284496,8.2525948613,1.7764621235,0.0586495177,0.0568812380,0.6032919409,5.2519616589,1.4000592410,0.5309324759,0.1099375675,0.6371230996,8.7926087853,-1.8534426555,0.1916398714,0.0512187059,0.0920829148,3.4240990667,-0.0914174725
