Instance,INF_avg,INF_sd,INF_r1,INF_kr,INF_sk,SUP_avg,SUP_sd,SUP_r1,SUP_kr,SUP_sk,INC_avg,INC_sd,INC_r1,INC_kr,INC_sk,IND_avg,IND_sd,IND_r1,IND_kr,IND_sk
instances/A2/symmetric/8.2.in,0.6018128079,0.0316432344,-0.8559467772,1.2002852100,0.3249036014,0.1030541872,0.0418653963,0.6327436912,2.1455558733,0.4237030604,0.2951330049,0.0547400149,-0.0842881464,1.6486127821,0.4406981630,0.1528801314,0.0467704578,-0.0754897327,2.5029298403,0.9027909764
