Instance,INF_avg,INF_sd,INF_r1,INF_kr,INF_sk,SUP_avg,SUP_sd,SUP_r1,SUP_kr,SUP_sk,INC_avg,INC_sd,INC_r1,INC_kr,INC_sk,IND_avg,IND_sd,IND_r1,IND_kr,IND_sk
instances/A2/symmetric/8.2.in,0.5127916273,0.1242425857,0.5346274587,2.3070983588,-0.8610114614,0.1952994643,0.1231087895,0.6391898517,1.9034050995,0.5921251009,0.2919089085,0.0445397557,-0.0762368972,2.3422563996,0.6997121650,0.1556404770,0.0360736951,-0.1894062054,3.6582877379,0.9204273598
