Instance,INF_avg,INF_sd,INF_r1,INF_kr,INF_sk,SUP_avg,SUP_sd,SUP_r1,SUP_kr,SUP_sk,INC_avg,INC_sd,INC_r1,INC_kr,INC_sk,IND_avg,IND_sd,IND_r1,IND_kr,IND_sk
instances/A3/symmetric/50.4.in,0.1878000000,0.0606313450,0.5845961994,1.8766260965,-0.0769512117,0.1364000000,0.0359310451,0.7009033965,2.6675456472,0.7406997402,0.6758000000,0.0500935126,0.4938321130,2.0805458162,-0.1766309209,0.0872000000,0.0220943432,-0.0563196681,5.4923979178,1.3242220820
