Instance,INF_avg,INF_sd,INF_r1,INF_kr,INF_sk,SUP_avg,SUP_sd,SUP_r1,SUP_kr,SUP_sk,INC_avg,INC_sd,INC_r1,INC_kr,INC_sk,IND_avg,IND_sd,IND_r1,IND_kr,IND_sk
instances/A2/asymmetric/100.1.in,0.3594202899,0.0830554915,0.5504404951,4.4197596828,-0.6375566545,0.1255072464,0.0566590677,0.5205502162,3.2546907492,0.3621232711,0.5150724638,0.0640113937,0.1126313001,3.5449153065,0.2265307848,0.1640579710,0.0423347201,-0.2035533720,2.3575478776,-0.1020162576
