Instance,INF_avg,INF_sd,INF_r1,INF_kr,INF_sk,SUP_avg,SUP_sd,SUP_r1,SUP_kr,SUP_sk,INC_avg,INC_sd,INC_r1,INC_kr,INC_sk,IND_avg,IND_sd,IND_r1,IND_kr,IND_sk
instances/A2/symmetric/8.6.in,0.4567765568,0.0667692324,-0.1190754635,2.0045073536,-0.5098979487,0.1706227106,0.0696881609,-0.3368781914,3.0944139511,1.3761824612,0.3726007326,0.0508476631,0.0381972675,2.4178199026,0.6266265305,0.2155311355,0.0197402934,0.4483372316,1.1764460305,-0.4039037902
