Instance,INF_avg,INF_sd,INF_r1,INF_kr,INF_sk,SUP_avg,SUP_sd,SUP_r1,SUP_kr,SUP_sk,INC_avg,INC_sd,INC_r1,INC_kr,INC_sk,IND_avg,IND_sd,IND_r1,IND_kr,IND_sk
instances/A3/symmetric/8.2.in,0.4625000000,0.1625000000,-1.0000000000,1.0000000000,-0.0000000000,0.0500000000,0.0500000000,-1.0000000000,1.0000000000,0.0000000000,0.4875000000,0.1125000000,-1.0000000000,1.0000000000,0.0000000000,0.4375000000,0.0625000000,-1.0000000000,1.0000000000,0.0000000000
