Instance,INF_avg,INF_sd,INF_r1,INF_kr,INF_sk,SUP_avg,SUP_sd,SUP_r1,SUP_kr,SUP_sk,INC_avg,INC_sd,INC_r1,INC_kr,INC_sk,IND_avg,IND_sd,IND_r1,IND_kr,IND_sk
instances/A2/symmetric/20.4.in,0.3431308570,0.0911088325,0.7754886886,2.0751093647,0.1253977480,0.2916433519,0.0830987058,0.7637422281,2.0038887985,0.1359405762,0.3652257911,0.0364541028,0.5401281629,2.3469091734,0.4074791911,0.0601395491,0.0109061921,0.5038117470,3.2150947336,0.0582425538
