Instance,INF_avg,INF_sd,INF_r1,INF_kr,INF_sk,SUP_avg,SUP_sd,SUP_r1,SUP_kr,SUP_sk,INC_avg,INC_sd,INC_r1,INC_kr,INC_sk,IND_avg,IND_sd,IND_r1,IND_kr,IND_sk
instances/A2/symmetric/50.6.in,0.3409090909,0.0792527081,-0.1582880435,1.4987448061,0.2999761652,0.1136363636,0.0881396338,0.2292794076,2.6932718425,0.8764337452,0.5454545455,0.1269476368,-0.2434782609,1.5559960552,0.3018699623,0.3272727273,0.0493762750,-0.2875098193,1.9880781385,-0.1263839730
