Instance,INF_avg,INF_sd,INF_r1,INF_kr,INF_sk,SUP_avg,SUP_sd,SUP_r1,SUP_kr,SUP_sk,INC_avg,INC_sd,INC_r1,INC_kr,INC_sk,IND_avg,IND_sd,IND_r1,IND_kr,IND_sk
instances/A3/asymmetric/10.4.in,0.3498979592,0.0971710786,-0.0087151515,2.6642239277,0.7373865940,0.1094897959,0.0447206064,0.1624352763,2.7908420548,-1.0949292486,0.5406122449,0.0663354414,-0.4879091528,2.3561311902,0.4489102684,0.1782312925,0.0288315553,-0.2549979600,1.6199012456,0.6202250857
