Instance,INF_avg,INF_sd,INF_r1,INF_kr,INF_sk,SUP_avg,SUP_sd,SUP_r1,SUP_kr,SUP_sk,INC_avg,INC_sd,INC_r1,INC_kr,INC_sk,IND_avg,IND_sd,IND_r1,IND_kr,IND_sk
instances/A1/symmetric/20.6.in,0.5618978244,0.0331025016,-0.3459606852,1.6854966660,-0.0120172902,0.1169733045,0.0050768484,-0.7299824123,1.3148375435,-0.0961865382,0.3211288711,0.0295243862,-0.2927509838,1.9606513452,0.2592292194,0.0753413253,0.0152174287,-0.5616699945,2.7298886716,1.1546024731
