Instance,INF_avg,INF_sd,INF_r1,INF_kr,INF_sk,SUP_avg,SUP_sd,SUP_r1,SUP_kr,SUP_sk,INC_avg,INC_sd,INC_r1,INC_kr,INC_sk,IND_avg,IND_sd,IND_r1,IND_kr,IND_sk
instances/A1/symmetric/20.6.in,0.5449676461,0.0398327048,-0.0264630041,2.4533250271,-0.2078390348,0.1312846217,0.0335429681,-0.0515547542,5.7284255037,2.1080508081,0.3237477322,0.0248753472,-0.3385414877,2.4163423347,0.0189645498,0.0666241086,0.0169921570,0.1274842395,3.4676767206,0.9875678070
