Instance,INF_avg,INF_sd,INF_r1,INF_kr,INF_sk,SUP_avg,SUP_sd,SUP_r1,SUP_kr,SUP_sk,INC_avg,INC_sd,INC_r1,INC_kr,INC_sk,IND_avg,IND_sd,IND_r1,IND_kr,IND_sk
instances/A1/asymmetric/20.3.in,0.7000000000,0.0711805217,-0.3076923077,1.5000000000,0.6654688661,0.0333333333,0.0249443826,-0.0588235294,1.5000000000,-0.3818017742,0.2666666667,0.0471404521,-0.5000000000,1.5000000000,-0.7071067812,0.1666666667,0.0249443826,-0.9615384615,1.5000000000,0.3818017742
