Instance,INF_avg,INF_sd,INF_r1,INF_kr,INF_sk,SUP_avg,SUP_sd,SUP_r1,SUP_kr,SUP_sk,INC_avg,INC_sd,INC_r1,INC_kr,INC_sk,IND_avg,IND_sd,IND_r1,IND_kr,IND_sk
instances/A1/asymmetric/100.6.in,0.5755102041,0.1806683874,0.9433748554,2.0406421487,0.4632961017,0.0367346939,0.0439567392,0.6515256997,5.3566698131,1.6495981059,0.3877551020,0.1594283833,0.9114796484,2.2554872651,-0.5678403403,0.1734693878,0.0532054555,0.4464467072,3.0613078887,-0.6943994245
