Instance,INF_avg,INF_sd,INF_r1,INF_kr,INF_sk,SUP_avg,SUP_sd,SUP_r1,SUP_kr,SUP_sk,INC_avg,INC_sd,INC_r1,INC_kr,INC_sk,IND_avg,IND_sd,IND_r1,IND_kr,IND_sk
instances/A3/asymmetric/8.4.in,0.4931623932,0.0879439638,0.5874839900,1.8828717376,-0.5553595216,0.0917933918,0.0406688444,0.4522427958,3.1184552485,1.0027333261,0.4150442150,0.0581607085,0.4103111346,1.6928964802,-0.0367389566,0.2341510342,0.0416858138,0.2898726882,4.1671275395,-1.2588572254
