Instance,INF_avg,INF_sd,INF_r1,INF_kr,INF_sk,SUP_avg,SUP_sd,SUP_r1,SUP_kr,SUP_sk,INC_avg,INC_sd,INC_r1,INC_kr,INC_sk,IND_avg,IND_sd,IND_r1,IND_kr,IND_sk
instances/A1/symmetric/8.6.in,0.4035714286,0.1630778580,0.5750481661,2.7954294981,-0.8665524602,0.0500000000,0.0866025404,0.4878048780,5.6666666667,1.9794866372,0.5464285714,0.1060058720,0.3883670832,2.0345894731,0.2735039754,0.3214285714,0.0489689614,0.2449922958,4.0982344952,0.8845004804
