Instance,INF_avg,INF_sd,INF_r1,INF_kr,INF_sk,SUP_avg,SUP_sd,SUP_r1,SUP_kr,SUP_sk,INC_avg,INC_sd,INC_r1,INC_kr,INC_sk,IND_avg,IND_sd,IND_r1,IND_kr,IND_sk
instances/A3/asymmetric/50.3.in,0.3390000000,0.0631981012,0.7729111118,1.6369253429,0.0149873293,0.1330000000,0.0248193473,0.1502624672,1.8881820290,0.4499396242,0.5280000000,0.0574108004,0.3138141942,1.7950378585,0.2394438421,0.0850000000,0.0094868330,0.1481481481,2.1296296296,0.1756820922
