Instance,INF_avg,INF_sd,INF_r1,INF_kr,INF_sk,SUP_avg,SUP_sd,SUP_r1,SUP_kr,SUP_sk,INC_avg,INC_sd,INC_r1,INC_kr,INC_sk,IND_avg,IND_sd,IND_r1,IND_kr,IND_sk
instances/A1/symmetric/20.4.in,0.3511351233,0.0669026594,0.6556543618,2.1782035382,-0.0355366785,0.1768266471,0.0577168428,0.7124876618,4.0166382084,1.0116859237,0.4720382296,0.0396342507,0.3879250609,2.8856651023,-0.3420522824,0.0578223964,0.0090146837,0.3821775356,3.2918282243,0.3922788851
