Instance,INF_avg,INF_sd,INF_r1,INF_kr,INF_sk,SUP_avg,SUP_sd,SUP_r1,SUP_kr,SUP_sk,INC_avg,INC_sd,INC_r1,INC_kr,INC_sk,IND_avg,IND_sd,IND_r1,IND_kr,IND_sk
instances/A1/asymmetric/100.4.in,0.2800000000,0.0392428337,-0.1337209302,1.5433673469,0.3139790733,0.1810000000,0.0124096736,-0.4546130952,1.9249451847,-0.1899439844,0.5390000000,0.0412795349,-0.0756478659,2.4213263737,-0.4533245886,0.0565000000,0.0118427193,-0.0881413268,2.0206373264,-0.1336591422
