Instance,INF_avg,INF_sd,INF_r1,INF_kr,INF_sk,SUP_avg,SUP_sd,SUP_r1,SUP_kr,SUP_sk,INC_avg,INC_sd,INC_r1,INC_kr,INC_sk,IND_avg,IND_sd,IND_r1,IND_kr,IND_sk
instances/A1/asymmetric/50.6.in,0.3763636364,0.1583593570,0.2717470808,2.5636235912,0.1168810981,0.0818181818,0.1010686699,0.0714604734,3.7805165426,1.2147325525,0.5418181818,0.1591921756,0.0926397667,3.1378603187,0.3791019863,0.4745454545,0.1268043329,-0.0278005761,2.7327777725,0.3784545994
