Instance,INF_avg,INF_sd,INF_r1,INF_kr,INF_sk,SUP_avg,SUP_sd,SUP_r1,SUP_kr,SUP_sk,INC_avg,INC_sd,INC_r1,INC_kr,INC_sk,IND_avg,IND_sd,IND_r1,IND_kr,IND_sk
instances/A1/asymmetric/50.2.in,0.3805000000,0.0245407824,0.2384845548,1.7527769205,0.3609007614,0.1625000000,0.0095524866,-0.1532846715,2.0838806530,0.3871902989,0.4570000000,0.0213541565,0.0858208955,2.2162684672,-0.5462390276,0.0475000000,0.0051234754,-0.2727272727,1.8707482993,0.0000000000
