Instance,INF_avg,INF_sd,INF_r1,INF_kr,INF_sk,SUP_avg,SUP_sd,SUP_r1,SUP_kr,SUP_sk,INC_avg,INC_sd,INC_r1,INC_kr,INC_sk,IND_avg,IND_sd,IND_r1,IND_kr,IND_sk
instances/A2/symmetric/50.6.in,0.5256000000,0.0580916517,0.4105681141,1.9374996968,0.0007673598,0.1954000000,0.0477895386,0.3318538257,2.2221869064,0.3369808934,0.2790000000,0.0349571166,0.7170895008,2.3412090399,0.2425698273,0.0490000000,0.0076157731,0.4119795471,2.2966706302,0.3395856022
