Instance,INF_avg,INF_sd,INF_r1,INF_kr,INF_sk,SUP_avg,SUP_sd,SUP_r1,SUP_kr,SUP_sk,INC_avg,INC_sd,INC_r1,INC_kr,INC_sk,IND_avg,IND_sd,IND_r1,IND_kr,IND_sk
instances/A2/symmetric/20.5.in,0.2475000000,0.0759028985,0.3616348651,1.6833340544,0.6067120634,0.3955000000,0.0968620153,0.3477082326,1.7641506600,-0.5848322693,0.3570000000,0.0297657521,0.1300990863,1.7441643015,-0.0009100404,0.0620000000,0.0102956301,-0.0943775100,2.1753292987,0.1429439571
