Instance,INF_avg,INF_sd,INF_r1,INF_kr,INF_sk,SUP_avg,SUP_sd,SUP_r1,SUP_kr,SUP_sk,INC_avg,INC_sd,INC_r1,INC_kr,INC_sk,IND_avg,IND_sd,IND_r1,IND_kr,IND_sk
instances/A3/asymmetric/5.5.in,0.1266666667,0.0646357314,0.1359447005,3.0377999095,-1.3627927530,0.2066666667,0.0833999734,0.1056218058,2.0458563423,0.0597605174,0.6666666667,0.0527046277,0.0000000000,2.5000000000,-0.0000000000,0.4166666667,0.0745355992,0.0000000000,1.2500000000,0.0000000000
