Instance,INF_avg,INF_sd,INF_r1,INF_kr,INF_sk,SUP_avg,SUP_sd,SUP_r1,SUP_kr,SUP_sk,INC_avg,INC_sd,INC_r1,INC_kr,INC_sk,IND_avg,IND_sd,IND_r1,IND_kr,IND_sk
instances/A3/asymmetric/200.3.in,0.3092105263,0.1248447790,0.4246457502,7.6488072829,1.4474710125,0.0676315789,0.0635955233,0.3171284030,3.3692848568,0.8837396504,0.6231578947,0.1261391309,0.3990483381,4.9723198514,-0.8349313360,0.3657894737,0.1070570821,0.0609566506,2.8617746096,-0.0242305605
