Instance,INF_avg,INF_sd,INF_r1,INF_kr,INF_sk,SUP_avg,SUP_sd,SUP_r1,SUP_kr,SUP_sk,INC_avg,INC_sd,INC_r1,INC_kr,INC_sk,IND_avg,IND_sd,IND_r1,IND_kr,IND_sk
instances/A3/asymmetric/50.2.in,0.3070000000,0.0385486705,-0.1426022509,1.2438941108,0.2221588941,0.1440000000,0.0128062485,0.1952506596,2.4171624033,0.2228332944,0.5490000000,0.0333766385,-0.3609036254,1.3846636089,0.0852034905,0.0840000000,0.0171464282,0.8887122417,1.9580036096,-0.6629571364
