Instance,INF_avg,INF_sd,INF_r1,INF_kr,INF_sk,SUP_avg,SUP_sd,SUP_r1,SUP_kr,SUP_sk,INC_avg,INC_sd,INC_r1,INC_kr,INC_sk,IND_avg,IND_sd,IND_r1,IND_kr,IND_sk
instances/A1/symmetric/50.1.in,0.3874500000,0.0586706698,0.6461364095,2.6753984391,0.2498082932,0.1839500000,0.0390275223,0.5241791227,2.3581947949,0.2149111365,0.4286000000,0.0407926464,0.3794226596,3.4060073842,0.0524334235,0.0558500000,0.0128851659,0.3645242012,2.7027005926,-0.0655517143
