Instance,INF_avg,INF_sd,INF_r1,INF_kr,INF_sk,SUP_avg,SUP_sd,SUP_r1,SUP_kr,SUP_sk,INC_avg,INC_sd,INC_r1,INC_kr,INC_sk,IND_avg,IND_sd,IND_r1,IND_kr,IND_sk
instances/A2/symmetric/20.6.in,0.2640000000,0.0443170396,-0.2716442721,1.2329393440,0.3259241136,0.4190000000,0.0624819974,-0.3411873650,1.8738696440,-0.3696228602,0.3170000000,0.0269443872,0.2609351433,2.4439018282,0.7456435718,0.0580000000,0.0074833148,0.4144144144,2.1339285714,-0.7301958931
