Instance,INF_avg,INF_sd,INF_r1,INF_kr,INF_sk,SUP_avg,SUP_sd,SUP_r1,SUP_kr,SUP_sk,INC_avg,INC_sd,INC_r1,INC_kr,INC_sk,IND_avg,IND_sd,IND_r1,IND_kr,IND_sk
instances/A3/asymmetric/100.4.in,0.1500000000,0.1500000000,-1.0000000000,1.0000000000,0.0000000000,0.1000000000,0.1000000000,-1.0000000000,1.0000000000,0.0000000000,0.7500000000,0.2500000000,-1.0000000000,1.0000000000,0.0000000000,0.6500000000,0.1500000000,-1.0000000000,1.0000000000,0.0000000000
