Instance,INF_avg,INF_sd,INF_r1,INF_kr,INF_sk,SUP_avg,SUP_sd,SUP_r1,SUP_kr,SUP_sk,INC_avg,INC_sd,INC_r1,INC_kr,INC_sk,IND_avg,IND_sd,IND_r1,IND_kr,IND_sk
instances/A2/asymmetric/50.4.in,0.4237837838,0.1451066961,0.9071073692,1.8016909898,0.0210219435,0.1364864865,0.1015346091,0.8692207042,1.8652419184,0.4778045604,0.4397297297,0.0645351983,0.5817005394,2.3129353161,-0.1655208880,0.0894594595,0.0315325611,0.4955110772,2.1160430301,0.2824549894
