Instance,INF_avg,INF_sd,INF_r1,INF_kr,INF_sk,SUP_avg,SUP_sd,SUP_r1,SUP_kr,SUP_sk,INC_avg,INC_sd,INC_r1,INC_kr,INC_sk,IND_avg,IND_sd,IND_r1,IND_kr,IND_sk
instances/A2/asymmetric/5.6.in,0.4500000000,0.1234283918,-0.0527859238,1.9273770716,-0.3801441693,0.1555555556,0.1333333333,0.0458015267,1.3981481481,-0.1111111111,0.3944444444,0.1234283918,-0.5514103731,2.3087907715,0.3573836664,0.4666666667,0.0983819716,-0.5806451613,1.5254060808,0.0829752156
