Instance,INF_avg,INF_sd,INF_r1,INF_kr,INF_sk,SUP_avg,SUP_sd,SUP_r1,SUP_kr,SUP_sk,INC_avg,INC_sd,INC_r1,INC_kr,INC_sk,IND_avg,IND_sd,IND_r1,IND_kr,IND_sk
instances/A2/asymmetric/5.6.in,0.4524691358,0.1116994028,-0.2231682638,2.1055443903,-0.2088286358,0.1604938272,0.1294825738,-0.2581863980,1.5119008264,-0.0762770071,0.3870370370,0.0975699250,-0.4169324442,3.4713653049,0.5905051236,0.4271604938,0.0911910386,-0.1166912851,2.2461816634,0.6992252727
