Instance,INF_avg,INF_sd,INF_r1,INF_kr,INF_sk,SUP_avg,SUP_sd,SUP_r1,SUP_kr,SUP_sk,INC_avg,INC_sd,INC_r1,INC_kr,INC_sk,IND_avg,IND_sd,IND_r1,IND_kr,IND_sk
instances/A2/asymmetric/5.4.in,0.4826388889,0.1367456157,0.7178799811,1.7859693041,-0.7239728083,0.1041666667,0.0869471068,0.6809577487,1.4168429581,-0.1133543246,0.4131944444,0.1076523289,0.4223266818,2.6031433093,0.0773307688,0.3743055556,0.0543577470,-0.0712111990,2.4139637080,-0.7103414693
