Instance,INF_avg,INF_sd,INF_r1,INF_kr,INF_sk,SUP_avg,SUP_sd,SUP_r1,SUP_kr,SUP_sk,INC_avg,INC_sd,INC_r1,INC_kr,INC_sk,IND_avg,IND_sd,IND_r1,IND_kr,IND_sk
instances/A2/asymmetric/20.2.in,0.8672627081,0.0157105741,-0.1529374281,2.5647245680,0.9447669135,0.0058479532,0.0082702548,0.4545454545,1.5000000000,0.7071067812,0.1268893387,0.0150389984,-0.6757740693,2.1799280626,0.0090704677,0.0870782726,0.0559185294,0.4590819452,1.7067685765,0.7388031681
