Instance,INF_avg,INF_sd,INF_r1,INF_kr,INF_sk,SUP_avg,SUP_sd,SUP_r1,SUP_kr,SUP_sk,INC_avg,INC_sd,INC_r1,INC_kr,INC_sk,IND_avg,IND_sd,IND_r1,IND_kr,IND_sk
instances/A2/asymmetric/10.4.in,0.5657162865,0.1755864007,0.7261048499,2.2213619959,-0.7259665360,0.0761224490,0.0852069045,0.6249129547,2.8704399132,1.0265613968,0.3581612645,0.0931136646,0.7797191082,1.8799781491,0.5076822992,0.1485129385,0.0312079040,0.2678350042,3.3778794906,-0.3710913410
