Instance,INF_avg,INF_sd,INF_r1,INF_kr,INF_sk,SUP_avg,SUP_sd,SUP_r1,SUP_kr,SUP_sk,INC_avg,INC_sd,INC_r1,INC_kr,INC_sk,IND_avg,IND_sd,IND_r1,IND_kr,IND_sk
instances/A3/asymmetric/5.1.in,0.5623456790,0.0707483890,0.8916165558,2.9168425493,-1.3670367933,0.0524691358,0.0983788732,0.8555863708,2.8537804576,1.3522413690,0.3851851852,0.0277159806,0.7662337662,2.7857142857,-1.3363062096,0.4160493827,0.0327567881,1.3311915888,4.9010040031,1.8512539587
