Instance,INF_avg,INF_sd,INF_r1,INF_kr,INF_sk,SUP_avg,SUP_sd,SUP_r1,SUP_kr,SUP_sk,INC_avg,INC_sd,INC_r1,INC_kr,INC_sk,IND_avg,IND_sd,IND_r1,IND_kr,IND_sk
instances/A1/symmetric/50.6.in,0.3366666667,0.1132352517,-0.5687906766,1.8662402494,0.2974844873,0.1600000000,0.0840634681,0.3843283582,2.2665539338,0.0202003706,0.5033333333,0.1189771220,-0.2164527421,2.6894747997,-0.1978754187,0.2600000000,0.0663324958,-0.2500000000,2.0619834711,-0.5413499141
