Instance,INF_avg,INF_sd,INF_r1,INF_kr,INF_sk,SUP_avg,SUP_sd,SUP_r1,SUP_kr,SUP_sk,INC_avg,INC_sd,INC_r1,INC_kr,INC_sk,IND_avg,IND_sd,IND_r1,IND_kr,IND_sk
instances/A3/symmetric/50.4.in,0.4230000000,0.0201494417,0.0529695024,2.0556310515,0.2192973524,0.0690000000,0.0080000000,0.6234309623,1.4189453125,0.0351562500,0.5080000000,0.0231516738,0.2639206712,2.1518294720,0.2074251238,0.1150000000,0.0134164079,-0.0571428571,2.7314814815,-0.9938079900
