Instance,INF_avg,INF_sd,INF_r1,INF_kr,INF_sk,SUP_avg,SUP_sd,SUP_r1,SUP_kr,SUP_sk,INC_avg,INC_sd,INC_r1,INC_kr,INC_sk,IND_avg,IND_sd,IND_r1,IND_kr,IND_sk
instances/A3/symmetric/10.4.in,0.1797979798,0.0810602127,0.3701876303,2.3852297365,-0.6110747324,0.1111111111,0.0884285601,0.5981166464,1.9464186872,0.7205182133,0.7090909091,0.0477212598,-0.1206896552,3.7133194589,0.9217751153,0.1696969697,0.0514259477,0.0907534247,1.3773148148,0.0425573526
