Instance,INF_avg,INF_sd,INF_r1,INF_kr,INF_sk,SUP_avg,SUP_sd,SUP_r1,SUP_kr,SUP_sk,INC_avg,INC_sd,INC_r1,INC_kr,INC_sk,IND_avg,IND_sd,IND_r1,IND_kr,IND_sk
instances/A2/asymmetric/100.4.in,0.2916666667,0.0533593686,-0.0045248869,1.9898869720,-0.4875668664,0.1083333333,0.0731247032,-0.0648464164,1.6935402260,0.0296001497,0.6000000000,0.1224744871,0.0000000000,1.5000000000,0.0000000000,0.3500000000,0.0500000000,0.2000000000,1.0000000000,-0.0000000000
