Instance,INF_avg,INF_sd,INF_r1,INF_kr,INF_sk,SUP_avg,SUP_sd,SUP_r1,SUP_kr,SUP_sk,INC_avg,INC_sd,INC_r1,INC_kr,INC_sk,IND_avg,IND_sd,IND_r1,IND_kr,IND_sk
instances/A2/symmetric/20.1.in,0.7151399379,0.0150876076,0.1089059719,1.2623989390,-0.2313873161,0.0737267373,0.0127159122,-0.4704233839,1.4340506411,-0.0179352491,0.2111333248,0.0130195971,0.7408233087,2.0583870259,-0.4967393935,0.0519296038,0.0081849797,-0.6056547328,2.6068628478,1.0879844886
