Instance,INF_avg,INF_sd,INF_r1,INF_kr,INF_sk,SUP_avg,SUP_sd,SUP_r1,SUP_kr,SUP_sk,INC_avg,INC_sd,INC_r1,INC_kr,INC_sk,IND_avg,IND_sd,IND_r1,IND_kr,IND_sk
instances/A2/symmetric/20.1.in,0.6747346890,0.0535722179,0.5797799022,1.3259003229,-0.3767549692,0.1102025874,0.0484059401,0.6290409394,1.3894286119,0.4179382245,0.2150627236,0.0117764226,0.3425216710,3.1513814864,-1.0534218549,0.0498760823,0.0087411035,-0.2072249698,2.4638979861,0.7339354544
