Instance,INF_avg,INF_sd,INF_r1,INF_kr,INF_sk,SUP_avg,SUP_sd,SUP_r1,SUP_kr,SUP_sk,INC_avg,INC_sd,INC_r1,INC_kr,INC_sk,IND_avg,IND_sd,IND_r1,IND_kr,IND_sk
instances/A3/asymmetric/50.5.in,0.3365000000,0.0959022940,0.7948022870,3.2378582432,-0.1422966914,0.1663500000,0.0558563112,0.8115285318,2.6967833028,0.3085947732,0.4971500000,0.0609887490,0.6631555959,2.7415270883,-0.1155484178,0.0723500000,0.0152881490,0.5551516067,2.0593731036,0.0113322961
