Instance,INF_avg,INF_sd,INF_r1,INF_kr,INF_sk,SUP_avg,SUP_sd,SUP_r1,SUP_kr,SUP_sk,INC_avg,INC_sd,INC_r1,INC_kr,INC_sk,IND_avg,IND_sd,IND_r1,IND_kr,IND_sk
instances/A2/asymmetric/8.4.in,0.2042648709,0.1222971246,0.6107746824,1.8401618452,-0.1705539622,0.3434343434,0.1363896139,0.3980711272,2.1727623882,-0.1256373408,0.4523007856,0.0598347435,-0.4468739290,1.7242067530,0.5876142894,0.1798540965,0.0438321540,0.5039024592,2.3594402303,-0.6268188456
