Instance,INF_avg,INF_sd,INF_r1,INF_kr,INF_sk,SUP_avg,SUP_sd,SUP_r1,SUP_kr,SUP_sk,INC_avg,INC_sd,INC_r1,INC_kr,INC_sk,IND_avg,IND_sd,IND_r1,IND_kr,IND_sk
instances/A2/symmetric/20.4.in,0.7532282394,0.0524896968,-0.1740520780,1.7026434795,-0.5191992435,0.0704698617,0.0243255859,0.8663616115,1.7784206521,0.5877283297,0.1763018988,0.0402955890,-0.2878246564,1.2354480853,0.3651261222,0.0700145564,0.0200135578,0.0013970781,2.8277510611,1.1488308556
