Instance,INF_avg,INF_sd,INF_r1,INF_kr,INF_sk,SUP_avg,SUP_sd,SUP_r1,SUP_kr,SUP_sk,INC_avg,INC_sd,INC_r1,INC_kr,INC_sk,IND_avg,IND_sd,IND_r1,IND_kr,IND_sk
instances/A3/symmetric/5.5.in,0.4055555556,0.0777777778,-0.2500000000,3.2500000000,-1.5000000000,0.1000000000,0.0888888889,0.1021126761,1.4189453125,0.0351562500,0.4944444444,0.0936238864,0.3943298969,2.0052073001,-0.7672292692,0.3777777778,0.0544331054,0.0384615385,1.1666666667,0.4082482905
