Instance,INF_avg,INF_sd,INF_r1,INF_kr,INF_sk,SUP_avg,SUP_sd,SUP_r1,SUP_kr,SUP_sk,INC_avg,INC_sd,INC_r1,INC_kr,INC_sk,IND_avg,IND_sd,IND_r1,IND_kr,IND_sk
instances/A3/asymmetric/8.2.in,0.4222222222,0.0879470152,0.5920810989,1.6707321973,0.3139137121,0.1341880342,0.0979667649,0.7667933974,1.2628955166,-0.1318089030,0.4435897436,0.0507234534,0.6400384986,2.1324422685,-0.6907437977,0.1960113960,0.0438838929,0.1078432396,2.3603303234,-0.1679976816
