Instance,INF_avg,INF_sd,INF_r1,INF_kr,INF_sk,SUP_avg,SUP_sd,SUP_r1,SUP_kr,SUP_sk,INC_avg,INC_sd,INC_r1,INC_kr,INC_sk,IND_avg,IND_sd,IND_r1,IND_kr,IND_sk
instances/A3/symmetric/10.5.in,0.2841136455,0.0557111343,0.4254235891,1.6916838380,-0.4715118461,0.0726690676,0.0268919472,-0.0270320941,3.0184857139,-1.2777408718,0.6432172869,0.0470147036,0.2305358458,1.7908104068,-0.2404969514,0.1903961585,0.0215632443,-0.6742411946,1.8202218568,0.3833494185
