Instance,INF_avg,INF_sd,INF_r1,INF_kr,INF_sk,SUP_avg,SUP_sd,SUP_r1,SUP_kr,SUP_sk,INC_avg,INC_sd,INC_r1,INC_kr,INC_sk,IND_avg,IND_sd,IND_r1,IND_kr,IND_sk
instances/A2/symmetric/10.1.in,0.5673044225,0.1137310956,0.3764824578,3.3043278107,-1.0843240627,0.1852588782,0.1122107260,0.5393383338,4.0216312815,0.8286102001,0.2474366993,0.0538202159,-0.1141282820,2.2434443482,-0.1093049746,0.1496695831,0.0913568554,0.1410812622,6.3214588691,2.1913758384
