Instance,INF_avg,INF_sd,INF_r1,INF_kr,INF_sk,SUP_avg,SUP_sd,SUP_r1,SUP_kr,SUP_sk,INC_avg,INC_sd,INC_r1,INC_kr,INC_sk,IND_avg,IND_sd,IND_r1,IND_kr,IND_sk
instances/A3/symmetric/20.6.in,0.6509866129,0.0777893958,0.6935627648,1.9598563081,-0.6062734454,0.0672108855,0.0393575387,0.5273907075,1.9582698014,0.4812131727,0.2818025017,0.0456037703,0.6963454380,2.1099892645,0.2677442836,0.0746266114,0.0255446333,0.0518910577,4.1190020711,1.3068518120
