Instance,INF_avg,INF_sd,INF_r1,INF_kr,INF_sk,SUP_avg,SUP_sd,SUP_r1,SUP_kr,SUP_sk,INC_avg,INC_sd,INC_r1,INC_kr,INC_sk,IND_avg,IND_sd,IND_r1,IND_kr,IND_sk
instances/A1/asymmetric/10.6.in,0.4391975309,0.0506210477,-0.5331038054,2.4087327151,1.0419775576,0.2299382716,0.0847794057,-0.5406053966,3.0874069938,-0.7613244264,0.3308641975,0.0642227515,-0.1088421260,1.7038287059,-0.1850300143,0.1645061728,0.0299684842,0.0657727291,2.1503598539,0.6019910263
