Instance,INF_avg,INF_sd,INF_r1,INF_kr,INF_sk,SUP_avg,SUP_sd,SUP_r1,SUP_kr,SUP_sk,INC_avg,INC_sd,INC_r1,INC_kr,INC_sk,IND_avg,IND_sd,IND_r1,IND_kr,IND_sk
instances/A1/asymmetric/10.6.in,0.4394444444,0.0465607263,-0.5866551415,2.4903465534,0.9898508364,0.2405555556,0.0541374565,0.5485171763,2.2182848327,0.5685717910,0.3200000000,0.0655320108,0.4795705339,1.5148227115,-0.2333374719,0.1583333333,0.0258198890,0.4347826087,1.7447916667,0.5244664948
