Instance,INF_avg,INF_sd,INF_r1,INF_kr,INF_sk,SUP_avg,SUP_sd,SUP_r1,SUP_kr,SUP_sk,INC_avg,INC_sd,INC_r1,INC_kr,INC_sk,IND_avg,IND_sd,IND_r1,IND_kr,IND_sk
instances/A2/asymmetric/10.4.in,0.5953485839,0.0796264525,0.5314401816,1.2984502135,0.3565513331,0.1056209150,0.0282806462,-0.3575400227,2.4222815771,-0.2756975736,0.2990305011,0.0628422337,0.6849148391,1.2611461189,0.0494728022,0.1356753813,0.0150472759,-0.1535559026,1.6965108917,-0.6544260648
