Instance,INF_avg,INF_sd,INF_r1,INF_kr,INF_sk,SUP_avg,SUP_sd,SUP_r1,SUP_kr,SUP_sk,INC_avg,INC_sd,INC_r1,INC_kr,INC_sk,IND_avg,IND_sd,IND_r1,IND_kr,IND_sk
instances/A2/asymmetric/10.4.in,0.5503356233,0.0827502683,0.5434417971,2.3679053953,0.7512416751,0.1422887674,0.0540761092,0.2928676298,2.6355337077,0.5412753892,0.3073756093,0.0515578693,0.4937148092,1.7251869252,-0.2635578665,0.1320257923,0.0250058389,-0.6123904000,2.3253837971,-0.6733358865
