Instance,INF_avg,INF_sd,INF_r1,INF_kr,INF_sk,SUP_avg,SUP_sd,SUP_r1,SUP_kr,SUP_sk,INC_avg,INC_sd,INC_r1,INC_kr,INC_sk,IND_avg,IND_sd,IND_r1,IND_kr,IND_sk
instances/A3/symmetric/8.2.in,0.4850256410,0.0840665339,-0.6644561222,1.2808451817,-0.4299811919,0.1297435897,0.0331727889,-0.5416825518,1.6336776387,-0.1440748215,0.3852307692,0.0554334068,-0.7740810520,1.4864149311,0.3499800406,0.1914871795,0.0256730057,0.3434845082,1.7283314096,0.1813179063
