Instance,INF_avg,INF_sd,INF_r1,INF_kr,INF_sk,SUP_avg,SUP_sd,SUP_r1,SUP_kr,SUP_sk,INC_avg,INC_sd,INC_r1,INC_kr,INC_sk,IND_avg,IND_sd,IND_r1,IND_kr,IND_sk
instances/A1/symmetric/5.3.in,0.3633333333,0.1606929439,-0.3936198973,2.5353143580,-1.0063987034,0.1500000000,0.0714920353,-0.1395348837,1.9399810964,0.3953009513,0.4866666667,0.1253439712,-0.4311506981,1.4710252496,0.3043393317,0.3500000000,0.0816496581,-0.0504201681,2.7291666667,0.8675276172
