Instance,INF_avg,INF_sd,INF_r1,INF_kr,INF_sk,SUP_avg,SUP_sd,SUP_r1,SUP_kr,SUP_sk,INC_avg,INC_sd,INC_r1,INC_kr,INC_sk,IND_avg,IND_sd,IND_r1,IND_kr,IND_sk
instances/A2/symmetric/100.6.in,0.4926423858,0.1321940563,0.8463642279,5.0431823937,1.5415596894,0.2089515228,0.0850149504,0.8402820143,2.7310949573,-0.3649834551,0.2984060914,0.0689586518,0.7535526401,6.0375079356,-1.5034058031,0.0459030457,0.0123504312,0.5737681207,2.7184482519,0.2689554243
