Instance,INF_avg,INF_sd,INF_r1,INF_kr,INF_sk,SUP_avg,SUP_sd,SUP_r1,SUP_kr,SUP_sk,INC_avg,INC_sd,INC_r1,INC_kr,INC_sk,IND_avg,IND_sd,IND_r1,IND_kr,IND_sk
instances/A3/symmetric/50.2.in,0.8632833470,0.0197740350,0.0006578993,2.8258872853,-0.8336370298,0.0214728989,0.0042047507,0.1832937510,3.2864744759,1.0192556449,0.1152437541,0.0166541609,0.0371986011,2.4880016832,0.4415510516,0.0494028285,0.0146351190,-0.2531541126,1.4466204564,0.2614534659
