Instance,INF_avg,INF_sd,INF_r1,INF_kr,INF_sk,SUP_avg,SUP_sd,SUP_r1,SUP_kr,SUP_sk,INC_avg,INC_sd,INC_r1,INC_kr,INC_sk,IND_avg,IND_sd,IND_r1,IND_kr,IND_sk
instances/A2/asymmetric/200.2.in,0.3396000000,0.0292889057,0.1538433974,2.1615278891,-0.0418117353,0.2002000000,0.0281240111,0.3556476541,3.0548380732,0.5857691550,0.4602000000,0.0290681957,-0.0620381770,3.4402721923,0.9676954653,0.0590000000,0.0115758369,-0.0794266945,3.3449543328,0.4177512983
