Instance,INF_avg,INF_sd,INF_r1,INF_kr,INF_sk,SUP_avg,SUP_sd,SUP_r1,SUP_kr,SUP_sk,INC_avg,INC_sd,INC_r1,INC_kr,INC_sk,IND_avg,IND_sd,IND_r1,IND_kr,IND_sk
instances/A2/symmetric/8.6.in,0.4143782144,0.0657549326,0.2720292677,2.3424308305,0.0083391370,0.2099752100,0.0859725162,0.2845654222,4.2677160372,-1.3113337047,0.3756465756,0.0644135337,0.1185902517,2.3536534829,0.2435049986,0.2298414548,0.0887754159,0.5888158276,2.4840590690,1.0364583020
