Instance,INF_avg,INF_sd,INF_r1,INF_kr,INF_sk,SUP_avg,SUP_sd,SUP_r1,SUP_kr,SUP_sk,INC_avg,INC_sd,INC_r1,INC_kr,INC_sk,IND_avg,IND_sd,IND_r1,IND_kr,IND_sk
instances/A2/symmetric/5.1.in,0.4055555556,0.1367614847,0.6566710126,1.2483580041,-0.0607322347,0.1722222222,0.1143958905,0.3821910955,1.8732867569,-0.0914016649,0.4222222222,0.0538631095,-0.4485981308,2.3587596197,-0.2830922144,0.3500000000,0.0333333333,-0.0526315789,3.2500000000,1.5000000000
