Instance,INF_avg,INF_sd,INF_r1,INF_kr,INF_sk,SUP_avg,SUP_sd,SUP_r1,SUP_kr,SUP_sk,INC_avg,INC_sd,INC_r1,INC_kr,INC_sk,IND_avg,IND_sd,IND_r1,IND_kr,IND_sk
instances/A1/symmetric/50.4.in,0.4051500000,0.0677290743,0.5104138388,2.4565233087,0.4422256318,0.1675000000,0.0443029344,0.5236855626,3.4789906506,0.2421494847,0.4273500000,0.0549065342,0.4170900388,3.1642572855,-0.6041449941,0.0542500000,0.0133299475,0.3706897463,2.8616564941,0.5410316906
