Instance,INF_avg,INF_sd,INF_r1,INF_kr,INF_sk,SUP_avg,SUP_sd,SUP_r1,SUP_kr,SUP_sk,INC_avg,INC_sd,INC_r1,INC_kr,INC_sk,IND_avg,IND_sd,IND_r1,IND_kr,IND_sk
instances/A2/asymmetric/5.1.in,0.3600000000,0.1143095213,0.4230769231,1.1666666667,0.4082482905,0.1366666667,0.0819213715,0.4039112448,1.7994057278,-0.7065408407,0.5033333333,0.0452155332,-0.0548271752,2.8158081285,-1.2332237528,0.3200000000,0.0590668172,-0.5283140283,1.9631830906,0.4011434619
