Instance,INF_avg,INF_sd,INF_r1,INF_kr,INF_sk,SUP_avg,SUP_sd,SUP_r1,SUP_kr,SUP_sk,INC_avg,INC_sd,INC_r1,INC_kr,INC_sk,IND_avg,IND_sd,IND_r1,IND_kr,IND_sk
instances/A3/asymmetric/20.1.in,0.7909807795,0.0746381119,0.1119383973,1.9747704962,-0.0611397703,0.0273459686,0.0146033810,0.2371788091,2.6729407332,-1.0707959009,0.1816732518,0.0638823122,0.0810538496,2.0053371855,0.3817049097,0.0979098243,0.0163905995,0.0222647514,2.0000588703,0.4429033313
