Instance,INF_avg,INF_sd,INF_r1,INF_kr,INF_sk,SUP_avg,SUP_sd,SUP_r1,SUP_kr,SUP_sk,INC_avg,INC_sd,INC_r1,INC_kr,INC_sk,IND_avg,IND_sd,IND_r1,IND_kr,IND_sk
instances/A3/asymmetric/20.1.in,0.7108120877,0.1074005486,0.3845255728,1.8283934668,0.3580214363,0.0689844753,0.0487144298,0.6741605525,1.4059980280,0.1659810229,0.2202034370,0.0652364173,0.1584065139,1.9902320740,-0.6060866684,0.0881059583,0.0169992226,0.4971894506,2.8748524627,0.9195262314
