Instance,INF_avg,INF_sd,INF_r1,INF_kr,INF_sk,SUP_avg,SUP_sd,SUP_r1,SUP_kr,SUP_sk,INC_avg,INC_sd,INC_r1,INC_kr,INC_sk,IND_avg,IND_sd,IND_r1,IND_kr,IND_sk
instances/A2/symmetric/200.4.in,0.5640000000,0.0243721152,0.3908489526,1.3231132878,-0.3448219545,0.1720000000,0.0518266341,0.5834082330,1.3251416989,0.0784878050,0.2640000000,0.0349857114,0.3754220122,1.3717160067,0.1972794182,0.0390000000,0.0058309519,0.1791044776,1.6280276817,-0.3631734744
