Instance,INF_avg,INF_sd,INF_r1,INF_kr,INF_sk,SUP_avg,SUP_sd,SUP_r1,SUP_kr,SUP_sk,INC_avg,INC_sd,INC_r1,INC_kr,INC_sk,IND_avg,IND_sd,IND_r1,IND_kr,IND_sk
instances/A3/symmetric/200.1.in,0.4442137097,0.1679462240,0.9869844950,4.6047990528,1.4624721235,0.0529233871,0.0514705343,0.9264609692,2.1724762162,0.6906668411,0.5028629032,0.1372720594,0.9761501691,6.0375815265,-1.9237662589,0.1014717742,0.0290985396,0.6927860448,3.3718663582,0.1718268961
