Instance,INF_avg,INF_sd,INF_r1,INF_kr,INF_sk,SUP_avg,SUP_sd,SUP_r1,SUP_kr,SUP_sk,INC_avg,INC_sd,INC_r1,INC_kr,INC_sk,IND_avg,IND_sd,IND_r1,IND_kr,IND_sk
instances/A3/symmetric/5.5.in,0.1888888889,0.1697856310,0.3943723895,1.6459816864,0.1498719872,0.2587301587,0.0580179901,0.4044028951,1.8648772814,-0.3834734775,0.5523809524,0.1547802187,0.2288058776,1.3996985062,-0.2422954021,0.3761904762,0.0341730955,-0.9230769231,1.3206239985,0.2009026265
