Instance,INF_avg,INF_sd,INF_r1,INF_kr,INF_sk,SUP_avg,SUP_sd,SUP_r1,SUP_kr,SUP_sk,INC_avg,INC_sd,INC_r1,INC_kr,INC_sk,IND_avg,IND_sd,IND_r1,IND_kr,IND_sk
instances/A3/asymmetric/10.3.in,0.7302294197,0.0598499924,-0.0074390331,1.5000000000,-0.1643827080,0.0560053981,0.0471659436,-0.0032179174,1.5000000000,0.1069302482,0.2137651822,0.0127685573,-0.0350109409,1.5000000000,0.3641680564,0.2009446694,0.0074676574,-0.5517128160,1.5000000000,0.1877277968
