Instance,INF_avg,INF_sd,INF_r1,INF_kr,INF_sk,SUP_avg,SUP_sd,SUP_r1,SUP_kr,SUP_sk,INC_avg,INC_sd,INC_r1,INC_kr,INC_sk,IND_avg,IND_sd,IND_r1,IND_kr,IND_sk
instances/A1/symmetric/50.5.in,0.4120000000,0.0528299158,-0.2951040964,1.7784305930,0.6120518386,0.1755000000,0.0466610116,0.6098580087,2.2995608338,0.3311901757,0.4125000000,0.0571511155,0.6533333333,2.9704849417,-0.9184665736,0.0540000000,0.0126095202,-0.2770012706,3.2181084609,0.2259448857
