Instance,INF_avg,INF_sd,INF_r1,INF_kr,INF_sk,SUP_avg,SUP_sd,SUP_r1,SUP_kr,SUP_sk,INC_avg,INC_sd,INC_r1,INC_kr,INC_sk,IND_avg,IND_sd,IND_r1,IND_kr,IND_sk
instances/A2/asymmetric/10.1.in,0.6403376906,0.0369643109,-0.3520697056,2.2632489669,-0.7783536706,0.1390413943,0.0513061881,-0.5620625424,2.1287081737,0.4653638154,0.2206209150,0.0174775201,-0.5129428592,2.0863562383,0.5048379155,0.1575163399,0.0252212644,-0.2821029561,2.4498234906,-1.0329062639
