Instance,INF_avg,INF_sd,INF_r1,INF_kr,INF_sk,SUP_avg,SUP_sd,SUP_r1,SUP_kr,SUP_sk,INC_avg,INC_sd,INC_r1,INC_kr,INC_sk,IND_avg,IND_sd,IND_r1,IND_kr,IND_sk
instances/A2/symmetric/10.3.in,0.6825364064,0.0921403148,-0.4835729532,3.1508768251,-1.4331347547,0.0671058365,0.0483762188,-0.0498090488,2.4666338377,0.4666425910,0.2503577571,0.0537561786,-0.8960675178,2.5306199246,1.0531191063,0.1713714024,0.0209847763,-0.1520651075,1.7837340066,0.6294276971
