Instance,INF_avg,INF_sd,INF_r1,INF_kr,INF_sk,SUP_avg,SUP_sd,SUP_r1,SUP_kr,SUP_sk,INC_avg,INC_sd,INC_r1,INC_kr,INC_sk,IND_avg,IND_sd,IND_r1,IND_kr,IND_sk
instances/A2/asymmetric/5.2.in,0.4055555556,0.1367614847,0.3610863758,1.2483580041,-0.0607322347,0.1555555556,0.1199279619,0.3032159265,1.6388310708,0.2588583061,0.4388888889,0.0618640485,-0.4321192053,2.0793444329,-0.6170311183,0.3555555556,0.0689426314,0.3501326260,1.7794737730,-0.1632576395
