Instance,INF_avg,INF_sd,INF_r1,INF_kr,INF_sk,SUP_avg,SUP_sd,SUP_r1,SUP_kr,SUP_sk,INC_avg,INC_sd,INC_r1,INC_kr,INC_sk,IND_avg,IND_sd,IND_r1,IND_kr,IND_sk
instances/A2/symmetric/200.3.in,0.3945000000,0.0195512148,0.0595485297,2.1675456115,0.2657406562,0.1850000000,0.0296647939,0.3354430380,2.3828125000,0.5832211878,0.4205000000,0.0285875847,-0.1266966615,2.1753913236,-0.3633277414,0.0620000000,0.0107703296,0.2153284672,4.2718489893,-1.3038694219
