Instance,INF_avg,INF_sd,INF_r1,INF_kr,INF_sk,SUP_avg,SUP_sd,SUP_r1,SUP_kr,SUP_sk,INC_avg,INC_sd,INC_r1,INC_kr,INC_sk,IND_avg,IND_sd,IND_r1,IND_kr,IND_sk
instances/A2/asymmetric/10.4.in,0.7059345896,0.0725218457,-0.1218174457,2.1207623560,-0.6263899159,0.0099631796,0.0189983645,-0.1980336660,3.3440173523,1.4680981621,0.2841022309,0.0565885974,-0.0522510495,1.7872560138,0.2282030681,0.2459822395,0.0551920856,-0.0086762681,2.1300943114,-0.7587031880
