Instance,INF_avg,INF_sd,INF_r1,INF_kr,INF_sk,SUP_avg,SUP_sd,SUP_r1,SUP_kr,SUP_sk,INC_avg,INC_sd,INC_r1,INC_kr,INC_sk,IND_avg,IND_sd,IND_r1,IND_kr,IND_sk
instances/A3/asymmetric/8.3.in,0.6062500000,0.1195150792,0.4175255452,1.7443576263,-0.3662691672,0.0729166667,0.0696905362,0.5992396288,2.0215651182,0.5047528517,0.3208333333,0.0801474336,-0.1344974044,1.6100146092,-0.5711602353,0.2864583333,0.0985958273,-0.0538567217,3.0560766955,1.1005991395
