Instance,INF_avg,INF_sd,INF_r1,INF_kr,INF_sk,SUP_avg,SUP_sd,SUP_r1,SUP_kr,SUP_sk,INC_avg,INC_sd,INC_r1,INC_kr,INC_sk,IND_avg,IND_sd,IND_r1,IND_kr,IND_sk
instances/A3/asymmetric/8.3.in,0.6083333333,0.1128338667,0.3754556501,1.9823801653,-0.4417865513,0.0648148148,0.0695862749,0.5744143517,2.1739400846,0.6737137421,0.3268518519,0.0774574533,-0.2138757092,1.8664336873,-0.7580246542,0.3101851852,0.1146504199,-0.2877775809,1.9760326599,0.7104053005
