Instance,INF_avg,INF_sd,INF_r1,INF_kr,INF_sk,SUP_avg,SUP_sd,SUP_r1,SUP_kr,SUP_sk,INC_avg,INC_sd,INC_r1,INC_kr,INC_sk,IND_avg,IND_sd,IND_r1,IND_kr,IND_sk
instances/A2/asymmetric/8.6.in,0.5120919540,0.1016644776,0.3505495764,1.4565761175,0.5088564806,0.2277438424,0.0513259305,-0.0783469562,1.8834981220,-0.5577658417,0.2601642036,0.0547138501,0.5622436244,1.2498019734,-0.2537575368,0.2058719212,0.0722622780,0.3652266231,2.1651115675,0.8467581168
