Instance,INF_avg,INF_sd,INF_r1,INF_kr,INF_sk,SUP_avg,SUP_sd,SUP_r1,SUP_kr,SUP_sk,INC_avg,INC_sd,INC_r1,INC_kr,INC_sk,IND_avg,IND_sd,IND_r1,IND_kr,IND_sk
instances/A1/symmetric/8.2.in,0.6500000000,0.0775364738,0.1442687747,1.3654380290,-0.0904503517,0.0452380952,0.0568444590,0.5872141086,2.0031578947,0.7415918671,0.3047619048,0.0607259559,-0.3531704479,1.8649826510,-0.3029213823,0.3035714286,0.1001840710,0.0897669002,2.4898805943,0.7876130483
