Instance,INF_avg,INF_sd,INF_r1,INF_kr,INF_sk,SUP_avg,SUP_sd,SUP_r1,SUP_kr,SUP_sk,INC_avg,INC_sd,INC_r1,INC_kr,INC_sk,IND_avg,IND_sd,IND_r1,IND_kr,IND_sk
instances/A3/symmetric/8.4.in,0.3367817368,0.1235632746,0.4259868235,2.4392193943,0.9156063154,0.1871424871,0.0649281056,0.5493914245,2.0138926970,-0.3341894279,0.4760757761,0.0760258132,0.0997377313,2.2335853271,-0.1580004939,0.2563769564,0.0302536703,-0.0775181115,2.1863009566,-0.2981638280
