Instance,INF_avg,INF_sd,INF_r1,INF_kr,INF_sk,SUP_avg,SUP_sd,SUP_r1,SUP_kr,SUP_sk,INC_avg,INC_sd,INC_r1,INC_kr,INC_sk,IND_avg,IND_sd,IND_r1,IND_kr,IND_sk
instances/A2/symmetric/50.1.in,0.6328145654,0.1532998944,0.9426472578,2.4583573815,0.0718459324,0.0516049383,0.0636824062,0.8112919536,6.0063535456,1.7058576030,0.3155804963,0.1079626741,0.9375565840,2.7573929945,-0.7794028752,0.0787841377,0.0264031581,0.3924005612,4.2168381805,0.7997193072
