Instance,INF_avg,INF_sd,INF_r1,INF_kr,INF_sk,SUP_avg,SUP_sd,SUP_r1,SUP_kr,SUP_sk,INC_avg,INC_sd,INC_r1,INC_kr,INC_sk,IND_avg,IND_sd,IND_r1,IND_kr,IND_sk
instances/A2/symmetric/20.5.in,0.4901604995,0.0515213538,-0.5640883088,2.0380956342,0.7019395114,0.1708024973,0.0441094777,-0.1086502718,2.7015869742,0.6457833383,0.3390370032,0.0438118093,0.7796613832,2.3758134945,-0.5728918968,0.0395579920,0.0075596407,0.0224027470,2.6406816192,0.6704464928
