Instance,INF_avg,INF_sd,INF_r1,INF_kr,INF_sk,SUP_avg,SUP_sd,SUP_r1,SUP_kr,SUP_sk,INC_avg,INC_sd,INC_r1,INC_kr,INC_sk,IND_avg,IND_sd,IND_r1,IND_kr,IND_sk
instances/A2/asymmetric/50.1.in,0.4044000000,0.0314426462,-0.0110383743,2.1639444121,-0.0305683773,0.1859000000,0.0259362680,0.1929709631,2.3582758650,-0.1286457977,0.4097000000,0.0288168354,0.1545559976,2.0975497180,0.3261581724,0.0568000000,0.0105242577,0.4599585167,2.7399149460,-0.0805856369
