Instance,INF_avg,INF_sd,INF_r1,INF_kr,INF_sk,SUP_avg,SUP_sd,SUP_r1,SUP_kr,SUP_sk,INC_avg,INC_sd,INC_r1,INC_kr,INC_sk,IND_avg,IND_sd,IND_r1,IND_kr,IND_sk
instances/A3/symmetric/10.6.in,0.6132728790,0.0739176674,-0.3282036506,1.9128469582,-0.0531375417,0.0804966301,0.0348680679,-0.2236170656,3.3889462929,-1.1716900201,0.3062304909,0.0927284888,-0.4064324986,2.9575306962,0.5122450932,0.2122660500,0.0771103422,0.3820775223,4.2325043753,1.3510760613
