Instance,INF_avg,INF_sd,INF_r1,INF_kr,INF_sk,SUP_avg,SUP_sd,SUP_r1,SUP_kr,SUP_sk,INC_avg,INC_sd,INC_r1,INC_kr,INC_sk,IND_avg,IND_sd,IND_r1,IND_kr,IND_sk
instances/A3/asymmetric/50.3.in,0.3942000000,0.0324863048,0.4041916943,2.7461121794,-0.2303247004,0.1180000000,0.0250998008,0.6823467578,2.1292970522,0.5304538400,0.4878000000,0.0279313444,0.0800097565,2.4162064041,-0.0699968686,0.0942000000,0.0144692778,0.0791596786,2.9891480691,0.0901122640
