Instance,INF_avg,INF_sd,INF_r1,INF_kr,INF_sk,SUP_avg,SUP_sd,SUP_r1,SUP_kr,SUP_sk,INC_avg,INC_sd,INC_r1,INC_kr,INC_sk,IND_avg,IND_sd,IND_r1,IND_kr,IND_sk
instances/A2/symmetric/5.3.in,0.1600000000,0.0975249256,0.2188961646,2.3312516377,0.7723882110,0.3288888889,0.1195877693,0.1143962421,2.5769436220,-0.8599215151,0.5111111111,0.0306312194,-0.4864864865,1.8351800554,0.0572744408,0.3511111111,0.1145253220,-0.0653753027,2.6376106837,0.6760925664
