Instance,INF_avg,INF_sd,INF_r1,INF_kr,INF_sk,SUP_avg,SUP_sd,SUP_r1,SUP_kr,SUP_sk,INC_avg,INC_sd,INC_r1,INC_kr,INC_sk,IND_avg,IND_sd,IND_r1,IND_kr,IND_sk
instances/A3/symmetric/10.5.in,0.5806536585,0.1088495995,0.8154216530,1.4492534916,-0.0575673544,0.0422597434,0.0368028613,0.6848761919,1.6105423857,0.2246163020,0.3770865981,0.0738760129,0.8154757642,1.5474195767,-0.0107814627,0.2039508721,0.0382531872,0.1024897552,1.8764772321,-0.1837669147
