Instance,INF_avg,INF_sd,INF_r1,INF_kr,INF_sk,SUP_avg,SUP_sd,SUP_r1,SUP_kr,SUP_sk,INC_avg,INC_sd,INC_r1,INC_kr,INC_sk,IND_avg,IND_sd,IND_r1,IND_kr,IND_sk
instances/A3/asymmetric/100.6.in,0.2758000000,0.0335463858,0.2880519929,2.8886253435,0.6934411403,0.1434000000,0.0260276776,0.4812143868,3.6632157960,0.9327150000,0.5808000000,0.0364878062,0.3933493652,2.6626899086,-0.2629929046,0.0912000000,0.0163878003,0.2132658777,2.8732629696,-0.7244867081
