Instance,INF_avg,INF_sd,INF_r1,INF_kr,INF_sk,SUP_avg,SUP_sd,SUP_r1,SUP_kr,SUP_sk,INC_avg,INC_sd,INC_r1,INC_kr,INC_sk,IND_avg,IND_sd,IND_r1,IND_kr,IND_sk
instances/A1/symmetric/10.5.in,0.1650349650,0.0564730237,0.5238095238,1.3708277396,0.1104072442,0.3055244755,0.0792213562,0.1746590854,2.4776489193,-0.7801874214,0.5294405594,0.1058950936,0.5073799022,1.4914581045,0.4819280047,0.1639860140,0.0295747155,-0.3132461138,1.8716869875,0.4353385901
