Instance,INF_avg,INF_sd,INF_r1,INF_kr,INF_sk,SUP_avg,SUP_sd,SUP_r1,SUP_kr,SUP_sk,INC_avg,INC_sd,INC_r1,INC_kr,INC_sk,IND_avg,IND_sd,IND_r1,IND_kr,IND_sk
instances/A2/symmetric/5.5.in,0.4685185185,0.1015652533,0.4681046774,1.6422403732,0.1799308680,0.1654320988,0.1325537336,0.4679473966,1.4291782588,-0.1370363762,0.3660493827,0.0552115550,0.2096701704,2.7250293750,-0.6797367143,0.3339506173,0.1161937636,-0.0147388327,3.4112552133,1.0421321560
