Instance,INF_avg,INF_sd,INF_r1,INF_kr,INF_sk,SUP_avg,SUP_sd,SUP_r1,SUP_kr,SUP_sk,INC_avg,INC_sd,INC_r1,INC_kr,INC_sk,IND_avg,IND_sd,IND_r1,IND_kr,IND_sk
instances/A3/symmetric/20.3.in,0.6193559611,0.0605607133,-0.0228758189,1.5009158731,0.1563759093,0.0550630947,0.0203548493,0.3921149519,1.9935047482,0.7398990843,0.3255809442,0.0578361727,0.1097838529,1.4801690403,-0.2688269707,0.1020623123,0.0239771898,0.4177978391,2.3047265424,0.4134313362
