Instance,INF_avg,INF_sd,INF_r1,INF_kr,INF_sk,SUP_avg,SUP_sd,SUP_r1,SUP_kr,SUP_sk,INC_avg,INC_sd,INC_r1,INC_kr,INC_sk,IND_avg,IND_sd,IND_r1,IND_kr,IND_sk
instances/A2/symmetric/200.2.in,0.3496000000,0.0396527427,0.3003639438,2.7743361272,0.0559664265,0.2267000000,0.0312587588,0.1246007092,2.6659976616,-0.1597136740,0.4237000000,0.0346671314,0.3763777331,2.6957363275,-0.1908332515,0.0570000000,0.0126293309,0.1380283457,2.7672094417,0.2122242893
