Instance,INF_avg,INF_sd,INF_r1,INF_kr,INF_sk,SUP_avg,SUP_sd,SUP_r1,SUP_kr,SUP_sk,INC_avg,INC_sd,INC_r1,INC_kr,INC_sk,IND_avg,IND_sd,IND_r1,IND_kr,IND_sk
instances/A3/symmetric/100.6.in,0.2968000000,0.0508110224,0.4435027672,2.1204726360,0.1647915583,0.0896000000,0.0528000000,0.6390987588,2.0356431837,0.2963728191,0.6136000000,0.0444414221,0.2684926680,2.6317882822,0.4277244848,0.2160000000,0.0452548340,0.1692839196,2.2702636719,0.3521723227
