Instance,INF_avg,INF_sd,INF_r1,INF_kr,INF_sk,SUP_avg,SUP_sd,SUP_r1,SUP_kr,SUP_sk,INC_avg,INC_sd,INC_r1,INC_kr,INC_sk,IND_avg,IND_sd,IND_r1,IND_kr,IND_sk
instances/A2/asymmetric/100.6.in,0.3271500000,0.0431176008,0.3945436402,2.9262910854,-0.2159408615,0.2181000000,0.0381888727,0.3750459369,2.8913182560,-0.2115624817,0.4547500000,0.0390344399,0.1066357066,2.8940334692,0.1128017813,0.0570500000,0.0134553893,0.3398432147,2.9086894250,0.4070880368
