Instance,INF_avg,INF_sd,INF_r1,INF_kr,INF_sk,SUP_avg,SUP_sd,SUP_r1,SUP_kr,SUP_sk,INC_avg,INC_sd,INC_r1,INC_kr,INC_sk,IND_avg,IND_sd,IND_r1,IND_kr,IND_sk
instances/A3/symmetric/20.2.in,0.4853846627,0.0358185078,0.1461189562,2.0868874784,0.2540539752,0.0878630312,0.0269442287,0.4365338997,1.3421514916,0.0809148371,0.4267523061,0.0297621479,-0.0754674670,2.7459118522,0.8781901238,0.0727777014,0.0089262867,0.2099126622,3.9091712411,-1.4044767342
