Instance,INF_avg,INF_sd,INF_r1,INF_kr,INF_sk,SUP_avg,SUP_sd,SUP_r1,SUP_kr,SUP_sk,INC_avg,INC_sd,INC_r1,INC_kr,INC_sk,IND_avg,IND_sd,IND_r1,IND_kr,IND_sk
instances/A3/asymmetric/50.1.in,0.3326000000,0.0444998876,0.7415461591,2.8111439532,0.0855255660,0.1235000000,0.0316267292,0.7144300859,2.2835541427,-0.0977725810,0.5439000000,0.0251851147,0.3619803698,2.3509417739,0.1800969068,0.0756000000,0.0181559907,0.5060859412,3.0619240360,0.4923076273
