Instance,INF_avg,INF_sd,INF_r1,INF_kr,INF_sk,SUP_avg,SUP_sd,SUP_r1,SUP_kr,SUP_sk,INC_avg,INC_sd,INC_r1,INC_kr,INC_sk,IND_avg,IND_sd,IND_r1,IND_kr,IND_sk
instances/A1/symmetric/10.4.in,0.4142735043,0.0557443210,0.5461719694,1.6448081625,0.3124870337,0.1553393665,0.0387657655,0.1616323900,2.3624217263,-0.5753807650,0.4303871292,0.0402588763,0.5166355383,1.4319239699,0.3603329679,0.1580869784,0.0172324702,0.2108964116,1.5464163921,-0.0737297633
