Instance,INF_avg,INF_sd,INF_r1,INF_kr,INF_sk,SUP_avg,SUP_sd,SUP_r1,SUP_kr,SUP_sk,INC_avg,INC_sd,INC_r1,INC_kr,INC_sk,IND_avg,IND_sd,IND_r1,IND_kr,IND_sk
instances/A2/asymmetric/8.5.in,0.3024130191,0.1355679445,0.7298464343,1.6177867155,-0.4829473501,0.3040965208,0.0943447455,0.3672514767,2.0342077606,-0.3393892665,0.3934904602,0.0713500683,0.7881949393,1.5958299749,0.0936910908,0.1665544332,0.0365213392,0.7586082607,3.4821170498,0.9949327264
