Instance,INF_avg,INF_sd,INF_r1,INF_kr,INF_sk,SUP_avg,SUP_sd,SUP_r1,SUP_kr,SUP_sk,INC_avg,INC_sd,INC_r1,INC_kr,INC_sk,IND_avg,IND_sd,IND_r1,IND_kr,IND_sk
instances/A2/asymmetric/8.5.in,0.3933333333,0.0533333333,-0.2147887324,1.4189453125,0.0351562500,0.2600000000,0.0853749898,0.1880341880,1.6140690065,-0.2056922718,0.3466666667,0.0452155332,0.6132596685,1.2296786389,0.2115471545,0.1533333333,0.0163299316,-0.1904761905,1.1666666667,-0.4082482905
