Instance,INF_avg,INF_sd,INF_r1,INF_kr,INF_sk,SUP_avg,SUP_sd,SUP_r1,SUP_kr,SUP_sk,INC_avg,INC_sd,INC_r1,INC_kr,INC_sk,IND_avg,IND_sd,IND_r1,IND_kr,IND_sk
instances/A3/symmetric/8.1.in,0.5427619048,0.1245182645,0.4204242061,1.9819225173,0.5269065029,0.1112380952,0.0571250766,0.0129221365,3.0051963391,-1.3061593368,0.3460000000,0.0816605440,0.6637588640,1.2625747681,0.1010353279,0.2374285714,0.0254191172,-0.3471899080,2.6902921844,-0.9314643388
