Instance,INF_avg,INF_sd,INF_r1,INF_kr,INF_sk,SUP_avg,SUP_sd,SUP_r1,SUP_kr,SUP_sk,INC_avg,INC_sd,INC_r1,INC_kr,INC_sk,IND_avg,IND_sd,IND_r1,IND_kr,IND_sk
instances/A3/symmetric/8.1.in,0.4901058201,0.1191313521,0.4425826168,3.0115266444,0.8799832460,0.1115343915,0.0570518578,0.0995080202,2.5211692040,-0.4974905759,0.3983597884,0.0856081386,0.6695185151,1.9044306267,-0.7518580432,0.2406878307,0.0470543829,-0.2064632100,3.3664876229,-1.2080335029
