Instance,INF_avg,INF_sd,INF_r1,INF_kr,INF_sk,SUP_avg,SUP_sd,SUP_r1,SUP_kr,SUP_sk,INC_avg,INC_sd,INC_r1,INC_kr,INC_sk,IND_avg,IND_sd,IND_r1,IND_kr,IND_sk
instances/A2/symmetric/8.6.in,0.4571909572,0.0665486372,0.7613403720,1.5086226034,-0.6667530840,0.1138306138,0.0693956093,0.8250426974,2.3910544489,0.1805385661,0.4289784290,0.0392839877,0.3191636986,1.5982859970,-0.0054482283,0.1772708773,0.0506239542,0.2095468791,1.4416743961,0.0309106242
