Instance,INF_avg,INF_sd,INF_r1,INF_kr,INF_sk,SUP_avg,SUP_sd,SUP_r1,SUP_kr,SUP_sk,INC_avg,INC_sd,INC_r1,INC_kr,INC_sk,IND_avg,IND_sd,IND_r1,IND_kr,IND_sk
instances/A3/asymmetric/200.6.in,0.5576086957,0.2307330924,0.9845367333,1.6615536193,0.3993023122,0.0515217391,0.0470414891,0.8754178004,3.6729237380,0.9117914219,0.3908695652,0.1923010105,0.9819059563,1.7572282257,-0.5156956638,0.1158695652,0.0429142769,0.7536702955,2.6122771287,-0.0671233619
