Instance,INF_avg,INF_sd,INF_r1,INF_kr,INF_sk,SUP_avg,SUP_sd,SUP_r1,SUP_kr,SUP_sk,INC_avg,INC_sd,INC_r1,INC_kr,INC_sk,IND_avg,IND_sd,IND_r1,IND_kr,IND_sk
instances/A3/asymmetric/20.2.in,0.8433696855,0.0230226011,-0.2000000000,1.5000000000,-0.7071067812,0.0193614667,0.0166004343,-0.0073113762,1.5000000000,0.1629246788,0.1372688478,0.0107725470,-0.6175933610,1.5000000000,-0.4057322275,0.0764975502,0.0158699483,-0.2000000000,1.5000000000,-0.7071067812
