Instance,INF_avg,INF_sd,INF_r1,INF_kr,INF_sk,SUP_avg,SUP_sd,SUP_r1,SUP_kr,SUP_sk,INC_avg,INC_sd,INC_r1,INC_kr,INC_sk,IND_avg,IND_sd,IND_r1,IND_kr,IND_sk
instances/A1/symmetric/50.1.in,0.3739000000,0.0826395184,0.8130871247,2.4358842754,0.7127700483,0.1711000000,0.0673371369,0.8579766724,2.1217105204,-0.5286052672,0.4550000000,0.0375765885,0.1405845357,3.7029578522,0.1467258290,0.0598000000,0.0116601887,0.0874263029,2.5815699909,0.1996973162
