Instance,INF_avg,INF_sd,INF_r1,INF_kr,INF_sk,SUP_avg,SUP_sd,SUP_r1,SUP_kr,SUP_sk,INC_avg,INC_sd,INC_r1,INC_kr,INC_sk,IND_avg,IND_sd,IND_r1,IND_kr,IND_sk
instances/A3/symmetric/10.1.in,0.6242597444,0.0949888607,0.4219706419,2.1086434822,0.7644512384,0.1023462376,0.0632181042,-0.2466918174,2.0188286051,-0.3408852459,0.2733940180,0.0887789916,0.6559904420,1.5078762057,-0.0603615522,0.2074982580,0.0145382862,-0.1182149632,2.4231824025,0.0978425333
