Instance,INF_avg,INF_sd,INF_r1,INF_kr,INF_sk,SUP_avg,SUP_sd,SUP_r1,SUP_kr,SUP_sk,INC_avg,INC_sd,INC_r1,INC_kr,INC_sk,IND_avg,IND_sd,IND_r1,IND_kr,IND_sk
instances/A2/asymmetric/50.1.in,0.4020000000,0.0510489961,-0.3067792741,2.4569374411,0.9358983114,0.1580000000,0.0396988665,0.1042958370,1.8265624597,-0.0077678700,0.4400000000,0.0200000000,-0.9032258065,2.3781250000,-0.6562500000,0.0400000000,0.0089442719,0.4166666667,1.9531250000,0.6288941187
