Instance,INF_avg,INF_sd,INF_r1,INF_kr,INF_sk,SUP_avg,SUP_sd,SUP_r1,SUP_kr,SUP_sk,INC_avg,INC_sd,INC_r1,INC_kr,INC_sk,IND_avg,IND_sd,IND_r1,IND_kr,IND_sk
instances/A2/symmetric/50.1.in,0.5127272727,0.0506486846,0.3435206353,4.5247236688,-1.6037482889,0.0836363636,0.0510387958,0.6457570208,3.3151717385,0.7158158563,0.4036363636,0.0328281274,0.2457142857,2.2077044676,0.4474962193,0.1781818182,0.0335256162,-0.3497352850,3.3221453287,-0.8986663231
