Instance,INF_avg,INF_sd,INF_r1,INF_kr,INF_sk,SUP_avg,SUP_sd,SUP_r1,SUP_kr,SUP_sk,INC_avg,INC_sd,INC_r1,INC_kr,INC_sk,IND_avg,IND_sd,IND_r1,IND_kr,IND_sk
instances/A1/asymmetric/20.3.in,0.7596146885,0.0579973624,0.3986138059,1.1863707889,0.3766539874,0.0513895597,0.0169765325,0.3541246106,1.6862956118,0.2032607021,0.1889957518,0.0468416634,0.0812651834,1.3254533257,-0.2183822250,0.0641776261,0.0071904963,-0.7799270685,1.6445616464,0.5520113805
