Instance,INF_avg,INF_sd,INF_r1,INF_kr,INF_sk,SUP_avg,SUP_sd,SUP_r1,SUP_kr,SUP_sk,INC_avg,INC_sd,INC_r1,INC_kr,INC_sk,IND_avg,IND_sd,IND_r1,IND_kr,IND_sk
instances/A2/asymmetric/10.4.in,0.6408823529,0.0704434790,-0.3205280349,3.2496717952,-1.4997555429,0.1326470588,0.0470624999,0.0703199992,1.7851257777,0.2294901565,0.2264705882,0.0451832103,-0.8274978651,1.6197213444,0.1588746032,0.1091176471,0.0170588235,-0.0526315789,3.2500000000,-1.5000000000
