Instance,INF_avg,INF_sd,INF_r1,INF_kr,INF_sk,SUP_avg,SUP_sd,SUP_r1,SUP_kr,SUP_sk,INC_avg,INC_sd,INC_r1,INC_kr,INC_sk,IND_avg,IND_sd,IND_r1,IND_kr,IND_sk
instances/A2/asymmetric/10.4.in,0.6137618010,0.0897752125,0.2436501221,1.9500406340,-0.8594821233,0.1508533043,0.0579685904,0.2890670034,1.6898386553,0.3212526772,0.2353848947,0.0446130707,-0.5296589844,1.9787676474,0.2361223785,0.1146332607,0.0188324208,-0.2174382709,3.6127259344,-0.3322524377
