Instance,INF_avg,INF_sd,INF_r1,INF_kr,INF_sk,SUP_avg,SUP_sd,SUP_r1,SUP_kr,SUP_sk,INC_avg,INC_sd,INC_r1,INC_kr,INC_sk,IND_avg,IND_sd,IND_r1,IND_kr,IND_sk
instances/A3/symmetric/20.4.in,0.5026486880,0.0462721209,0.2968429387,2.4963955643,1.0544284529,0.0731804765,0.0104491269,-0.3349888236,2.3745260443,0.4500075017,0.4241708355,0.0398750880,0.3066247318,2.2614412223,-0.8830473909,0.0879408000,0.0061415248,-0.3927772634,3.1743160587,-1.4375662220
