Instance,INF_avg,INF_sd,INF_r1,INF_kr,INF_sk,SUP_avg,SUP_sd,SUP_r1,SUP_kr,SUP_sk,INC_avg,INC_sd,INC_r1,INC_kr,INC_sk,IND_avg,IND_sd,IND_r1,IND_kr,IND_sk
instances/A3/asymmetric/20.3.in,0.4781111314,0.0692046159,0.2628976271,2.3590067113,0.5803139239,0.0633025208,0.0311157270,0.5249397956,2.3585779265,0.5624508660,0.4585863478,0.0417829432,0.1452713098,2.7616671339,-1.1519017546,0.0828149540,0.0085799367,0.1695773699,2.3907051266,-0.1549790531
