Instance,INF_avg,INF_sd,INF_r1,INF_kr,INF_sk,SUP_avg,SUP_sd,SUP_r1,SUP_kr,SUP_sk,INC_avg,INC_sd,INC_r1,INC_kr,INC_sk,IND_avg,IND_sd,IND_r1,IND_kr,IND_sk
instances/A2/asymmetric/8.2.in,0.4488215488,0.0986871811,-0.0944934789,2.3853782119,0.1026398264,0.2449106449,0.0776312827,0.0566296713,2.5061960608,0.2808539973,0.3062678063,0.0410810010,0.1044620248,2.0741497140,-0.3345565392,0.1552965553,0.0267283248,0.1013165627,2.9068213918,-0.4473075883
