Instance,INF_avg,INF_sd,INF_r1,INF_kr,INF_sk,SUP_avg,SUP_sd,SUP_r1,SUP_kr,SUP_sk,INC_avg,INC_sd,INC_r1,INC_kr,INC_sk,IND_avg,IND_sd,IND_r1,IND_kr,IND_sk
instances/A3/symmetric/8.2.in,0.5336796537,0.1368091396,0.5781208313,2.0159849607,-0.2882837105,0.0671861472,0.0427942752,0.0940041498,1.8371374521,-0.0281887857,0.3991341991,0.1015019975,0.5494540833,2.0805819616,0.4612055129,0.2592640693,0.0226278317,-0.6233758745,1.1458695684,0.0773807424
