Instance,INF_avg,INF_sd,INF_r1,INF_kr,INF_sk,SUP_avg,SUP_sd,SUP_r1,SUP_kr,SUP_sk,INC_avg,INC_sd,INC_r1,INC_kr,INC_sk,IND_avg,IND_sd,IND_r1,IND_kr,IND_sk
instances/A1/symmetric/8.3.in,0.4393939394,0.0686482363,-0.9130653266,1.3713854476,0.1433684270,0.1442424242,0.0507645857,-0.2962128043,1.6817081400,-0.2043591898,0.4163636364,0.0552347025,-0.4380552692,2.3118898902,0.8534582365,0.1903030303,0.0413455949,0.2176501260,1.3457333420,-0.2348431950
