Instance,INF_avg,INF_sd,INF_r1,INF_kr,INF_sk,SUP_avg,SUP_sd,SUP_r1,SUP_kr,SUP_sk,INC_avg,INC_sd,INC_r1,INC_kr,INC_sk,IND_avg,IND_sd,IND_r1,IND_kr,IND_sk
instances/A2/asymmetric/20.6.in,0.5108268441,0.0247376787,0.1106936092,2.4778988884,0.2420188324,0.1816280604,0.0266194345,-0.0040592632,1.7858781181,-0.6078286462,0.3075450955,0.0122518691,-0.7786364293,1.4605880688,-0.2256435585,0.0521465444,0.0033373569,-0.7865092032,2.6069805874,-0.9754673317
