Instance,INF_avg,INF_sd,INF_r1,INF_kr,INF_sk,SUP_avg,SUP_sd,SUP_r1,SUP_kr,SUP_sk,INC_avg,INC_sd,INC_r1,INC_kr,INC_sk,IND_avg,IND_sd,IND_r1,IND_kr,IND_sk
instances/A1/symmetric/10.1.in,0.5732242735,0.0765729959,0.1053580929,3.6492317163,-0.7511739770,0.1086397457,0.0589054383,0.2931264802,2.1691432039,0.5945159865,0.3181359808,0.0390074833,-0.1968432538,1.6187279320,0.2091789389,0.1360196970,0.0282412262,0.2525079892,2.0802209454,0.0898363723
