Instance,INF_avg,INF_sd,INF_r1,INF_kr,INF_sk,SUP_avg,SUP_sd,SUP_r1,SUP_kr,SUP_sk,INC_avg,INC_sd,INC_r1,INC_kr,INC_sk,IND_avg,IND_sd,IND_r1,IND_kr,IND_sk
instances/A3/asymmetric/5.5.in,0.0400000000,0.0800000000,-0.2500000000,3.2500000000,1.5000000000,0.2933333333,0.1162373052,0.0659340659,3.0422437673,-1.3040473294,0.6666666667,0.0421637021,0.0000000000,2.5000000000,-0.0000000000,0.3066666667,0.0326598632,-0.5384615385,1.1666666667,-0.4082482905
