Instance,INF_avg,INF_sd,INF_r1,INF_kr,INF_sk,SUP_avg,SUP_sd,SUP_r1,SUP_kr,SUP_sk,INC_avg,INC_sd,INC_r1,INC_kr,INC_sk,IND_avg,IND_sd,IND_r1,IND_kr,IND_sk
instances/A3/symmetric/10.4.in,0.5917348928,0.1177215949,0.4541541164,1.3177531164,-0.0466863434,0.0506822612,0.0270948154,0.0121654501,2.6707753045,-1.0514593568,0.3575828460,0.1188088677,0.2233911351,1.2285809682,-0.2524754863,0.2584405458,0.0368511597,-0.0099421787,1.3044931158,-0.1253882735
