Instance,INF_avg,INF_sd,INF_r1,INF_kr,INF_sk,SUP_avg,SUP_sd,SUP_r1,SUP_kr,SUP_sk,INC_avg,INC_sd,INC_r1,INC_kr,INC_sk,IND_avg,IND_sd,IND_r1,IND_kr,IND_sk
instances/A3/symmetric/10.4.in,0.5671705589,0.0927406450,0.4711623665,2.2409726301,0.6357099543,0.0641953013,0.0328192871,0.2605215879,3.0258995878,-0.1448432941,0.3686341398,0.0946274370,0.3334095527,1.9515990863,-0.5319603452,0.2292353069,0.0505073923,-0.0384153549,1.6817220564,-0.0126592759
