Instance,INF_avg,INF_sd,INF_r1,INF_kr,INF_sk,SUP_avg,SUP_sd,SUP_r1,SUP_kr,SUP_sk,INC_avg,INC_sd,INC_r1,INC_kr,INC_sk,IND_avg,IND_sd,IND_r1,IND_kr,IND_sk
instances/A3/asymmetric/5.2.in,0.2555555556,0.2294383911,0.5241454151,1.5119601604,0.3886914371,0.2011111111,0.1102410378,0.0510778358,2.6370243329,-0.8503278682,0.5433333333,0.1533333333,0.6146501159,1.4125280070,-0.1889948221,0.3988888889,0.0365823947,-0.0564679830,2.5545437834,-0.7417248524
