Instance,INF_avg,INF_sd,INF_r1,INF_kr,INF_sk,SUP_avg,SUP_sd,SUP_r1,SUP_kr,SUP_sk,INC_avg,INC_sd,INC_r1,INC_kr,INC_sk,IND_avg,IND_sd,IND_r1,IND_kr,IND_sk
instances/A3/asymmetric/5.2.in,0.2438271605,0.1775933543,0.4487908244,2.5024197744,0.6455162505,0.2197530864,0.0851493931,0.0311266323,5.2882956880,-1.6276851474,0.5364197531,0.1210978334,0.4164504755,2.0287284990,-0.0992751727,0.4067901235,0.0486284997,0.0590506800,2.6974739030,0.0702806061
