Instance,INF_avg,INF_sd,INF_r1,INF_kr,INF_sk,SUP_avg,SUP_sd,SUP_r1,SUP_kr,SUP_sk,INC_avg,INC_sd,INC_r1,INC_kr,INC_sk,IND_avg,IND_sd,IND_r1,IND_kr,IND_sk
instances/A3/symmetric/10.6.in,0.6176470588,0.0411885724,-0.0239218013,1.4726307802,0.4830936938,0.0865892036,0.0231464006,0.0853253433,1.3523481928,-0.0385566417,0.2957637376,0.0256816064,-0.0924213796,1.6180140113,-0.1759719427,0.1871822803,0.0294922556,0.3382047885,1.6219266367,0.2197429218
