Instance,INF_avg,INF_sd,INF_r1,INF_kr,INF_sk,SUP_avg,SUP_sd,SUP_r1,SUP_kr,SUP_sk,INC_avg,INC_sd,INC_r1,INC_kr,INC_sk,IND_avg,IND_sd,IND_r1,IND_kr,IND_sk
instances/A3/symmetric/10.6.in,0.6450980392,0.0358346409,-0.8705799151,1.5981390512,-0.5769918136,0.0736383442,0.0227832967,-0.0815886207,2.8915836182,1.2764762741,0.2812636166,0.0244300324,-0.6993904789,2.0231691532,0.7941312199,0.2091503268,0.0197164747,-0.4530386740,2.1667069195,-0.3879605080
