Instance,INF_avg,INF_sd,INF_r1,INF_kr,INF_sk,SUP_avg,SUP_sd,SUP_r1,SUP_kr,SUP_sk,INC_avg,INC_sd,INC_r1,INC_kr,INC_sk,IND_avg,IND_sd,IND_r1,IND_kr,IND_sk
instances/A2/symmetric/200.4.in,0.5730769231,0.1668586665,0.9557037838,2.8172189698,0.6689073144,0.0630769231,0.0647541246,0.8897401146,3.0879791189,1.0817861411,0.3638461538,0.1215417072,0.9411331815,3.9341220677,-1.3248192211,0.0873076923,0.0259028301,0.6491837590,2.9874761200,-0.1717118856
