Instance,INF_avg,INF_sd,INF_r1,INF_kr,INF_sk,SUP_avg,SUP_sd,SUP_r1,SUP_kr,SUP_sk,INC_avg,INC_sd,INC_r1,INC_kr,INC_sk,IND_avg,IND_sd,IND_r1,IND_kr,IND_sk
instances/A2/asymmetric/8.1.in,0.5604395604,0.0790139693,-0.4698795181,2.1114318210,0.4503183445,0.1128937729,0.0751594083,-0.4569763977,1.6392690879,-0.1550412491,0.3266666667,0.0193653411,-0.9701762314,1.3164266507,-0.2946004548,0.2183882784,0.0185108940,0.4028350747,1.3198402202,-0.3944102637
