Instance,INF_avg,INF_sd,INF_r1,INF_kr,INF_sk,SUP_avg,SUP_sd,SUP_r1,SUP_kr,SUP_sk,INC_avg,INC_sd,INC_r1,INC_kr,INC_sk,IND_avg,IND_sd,IND_r1,IND_kr,IND_sk
instances/A1/symmetric/20.2.in,0.7692307692,0.0000000000,0.0000000000,0.0000000000,0.0000000000,0.0128205128,0.0128205128,-1.0000000000,1.0000000000,0.0000000000,0.2179487179,0.0128205128,-1.0000000000,1.0000000000,0.0000000000,0.1025641026,0.0256410256,-1.0000000000,1.0000000000,0.0000000000
