Instance,INF_avg,INF_sd,INF_r1,INF_kr,INF_sk,SUP_avg,SUP_sd,SUP_r1,SUP_kr,SUP_sk,INC_avg,INC_sd,INC_r1,INC_kr,INC_sk,IND_avg,IND_sd,IND_r1,IND_kr,IND_sk
instances/A3/asymmetric/5.6.in,0.2777777778,0.1638653467,-0.1081081081,2.0798652398,-0.5553106280,0.3055555556,0.0745355992,-0.7428571429,1.6203703704,0.1242259987,0.4166666667,0.1290994449,0.6666666667,2.9166666667,1.2909944487,0.3522222222,0.0662580067,-0.4088883309,1.9404055441,-0.1294210092
