Instance,INF_avg,INF_sd,INF_r1,INF_kr,INF_sk,SUP_avg,SUP_sd,SUP_r1,SUP_kr,SUP_sk,INC_avg,INC_sd,INC_r1,INC_kr,INC_sk,IND_avg,IND_sd,IND_r1,IND_kr,IND_sk
instances/A3/symmetric/100.2.in,0.2861635220,0.1425191094,-0.0006265457,3.2932546995,0.3747298150,0.0823899371,0.0935226682,0.0436314381,4.7593669712,1.2327951708,0.6314465409,0.1534256072,-0.0270903919,2.9129343631,-0.4319400559,0.5163522013,0.1413654054,-0.0396742063,2.5035621775,-0.0368929570
