Instance,INF_avg,INF_sd,INF_r1,INF_kr,INF_sk,SUP_avg,SUP_sd,SUP_r1,SUP_kr,SUP_sk,INC_avg,INC_sd,INC_r1,INC_kr,INC_sk,IND_avg,IND_sd,IND_r1,IND_kr,IND_sk
instances/A2/asymmetric/10.2.in,0.5969004525,0.0167444660,0.5293230604,1.3822879821,0.1465381311,0.1286651584,0.0297240298,-0.1852017414,1.9065742224,0.2736656669,0.2744343891,0.0172836464,-0.8077757479,1.4934545148,-0.0154227899,0.1413122172,0.0227019487,-0.8388029624,1.7320633511,0.2328552450
