Instance,INF_avg,INF_sd,INF_r1,INF_kr,INF_sk,SUP_avg,SUP_sd,SUP_r1,SUP_kr,SUP_sk,INC_avg,INC_sd,INC_r1,INC_kr,INC_sk,IND_avg,IND_sd,IND_r1,IND_kr,IND_sk
instances/A2/asymmetric/20.1.in,0.4684556696,0.0115299332,0.2013122625,1.2391474110,-0.1553939210,0.2199713526,0.0420414578,0.4893687763,1.3668358503,0.3793289698,0.3115729779,0.0363458985,0.4219864356,1.1867601013,-0.4025843411,0.0580782835,0.0045020582,-0.8783607061,1.2461708370,0.2936638441
