Instance,INF_avg,INF_sd,INF_r1,INF_kr,INF_sk,SUP_avg,SUP_sd,SUP_r1,SUP_kr,SUP_sk,INC_avg,INC_sd,INC_r1,INC_kr,INC_sk,IND_avg,IND_sd,IND_r1,IND_kr,IND_sk
instances/A2/asymmetric/10.6.in,0.4151073794,0.0943170794,0.3092652590,1.8618538310,-0.3451162793,0.1735436521,0.0764807832,-0.3524106565,1.2885392442,-0.0252442888,0.4113489685,0.0609929521,0.5028754191,1.4252396027,0.0191679955,0.1526413622,0.0407103070,0.2372814904,3.1891724778,1.0953416090
