Instance,INF_avg,INF_sd,INF_r1,INF_kr,INF_sk,SUP_avg,SUP_sd,SUP_r1,SUP_kr,SUP_sk,INC_avg,INC_sd,INC_r1,INC_kr,INC_sk,IND_avg,IND_sd,IND_r1,IND_kr,IND_sk
instances/A2/asymmetric/10.6.in,0.4749555207,0.0567952025,-0.7082108153,1.2007890283,-0.3580752199,0.1641967556,0.0802279698,-0.6609525876,1.3074789706,0.1599137757,0.3608477237,0.0271471378,-0.4457000883,1.5244627823,0.2715665926,0.1641950113,0.0458957417,0.3954120188,2.1756189955,0.7702243784
