Instance,INF_avg,INF_sd,INF_r1,INF_kr,INF_sk,SUP_avg,SUP_sd,SUP_r1,SUP_kr,SUP_sk,INC_avg,INC_sd,INC_r1,INC_kr,INC_sk,IND_avg,IND_sd,IND_r1,IND_kr,IND_sk
instances/A2/symmetric/5.4.in,0.4545634921,0.0896954882,0.2360732859,2.0839429971,0.7262010733,0.1051587302,0.0638321744,0.3929376409,2.0874242106,-0.8424077253,0.4402777778,0.0379601399,-0.4047508151,1.8860287200,0.6150912882,0.3767857143,0.0331788512,-0.9121664986,1.3479307758,-0.0936451773
