Instance,INF_avg,INF_sd,INF_r1,INF_kr,INF_sk,SUP_avg,SUP_sd,SUP_r1,SUP_kr,SUP_sk,INC_avg,INC_sd,INC_r1,INC_kr,INC_sk,IND_avg,IND_sd,IND_r1,IND_kr,IND_sk
instances/A1/asymmetric/200.4.in,0.6348637926,0.1683465707,0.9707517822,2.1992456713,0.3353155098,0.0316228070,0.0350218955,0.8509069692,5.7627333464,1.7066128873,0.3335134003,0.1430473965,0.9669037158,2.3320256913,-0.5993213060,0.0635997972,0.0198671888,0.6107243769,3.1937876847,0.2286236637
