Instance,INF_avg,INF_sd,INF_r1,INF_kr,INF_sk,SUP_avg,SUP_sd,SUP_r1,SUP_kr,SUP_sk,INC_avg,INC_sd,INC_r1,INC_kr,INC_sk,IND_avg,IND_sd,IND_r1,IND_kr,IND_sk
instances/A1/asymmetric/200.4.in,0.6257175517,0.1610174215,0.9688189175,2.2221844133,0.3130002816,0.0324324324,0.0351372141,0.8488179223,5.6680331564,1.6834521776,0.3418500158,0.1355462949,0.9637188671,2.3651814814,-0.5890292027,0.0647319933,0.0188813169,0.5577730652,3.2376254694,0.3915049660
