Instance,INF_avg,INF_sd,INF_r1,INF_kr,INF_sk,SUP_avg,SUP_sd,SUP_r1,SUP_kr,SUP_sk,INC_avg,INC_sd,INC_r1,INC_kr,INC_sk,IND_avg,IND_sd,IND_r1,IND_kr,IND_sk
instances/A3/asymmetric/5.3.in,0.4347222222,0.1241250241,-0.0027548209,2.0121570251,-0.2335365513,0.0000000000,0.0000000000,0.0000000000,0.0000000000,0.0000000000,0.5652777778,0.1241250241,-0.0027548209,2.0121570251,0.2335365513,0.4194444444,0.0610479472,-0.6590546999,1.7572238725,-0.1181345253
