Instance,INF_avg,INF_sd,INF_r1,INF_kr,INF_sk,SUP_avg,SUP_sd,SUP_r1,SUP_kr,SUP_sk,INC_avg,INC_sd,INC_r1,INC_kr,INC_sk,IND_avg,IND_sd,IND_r1,IND_kr,IND_sk
instances/A1/asymmetric/10.3.in,0.6310428850,0.0424189131,-0.3407673608,1.9863724436,0.7898125666,0.0540935673,0.0541330660,0.3496962333,1.0058287726,0.0043731744,0.3148635478,0.0512039011,0.1429796900,2.1767304891,0.8736955433,0.2963450292,0.0658659400,0.4111829445,1.9504832562,0.5861445670
