Instance,INF_avg,INF_sd,INF_r1,INF_kr,INF_sk,SUP_avg,SUP_sd,SUP_r1,SUP_kr,SUP_sk,INC_avg,INC_sd,INC_r1,INC_kr,INC_sk,IND_avg,IND_sd,IND_r1,IND_kr,IND_sk
instances/A3/symmetric/200.4.in,0.3436538462,0.0462273720,0.6659480855,2.3059842729,-0.1994120637,0.0698076923,0.0380151986,0.8587947413,2.7727261854,0.3857872312,0.5865384615,0.0309290720,0.3094417781,2.6383287331,0.0485692113,0.0928205128,0.0264525427,0.2581192927,5.3529639887,1.0556926667
