Instance,INF_avg,INF_sd,INF_r1,INF_kr,INF_sk,SUP_avg,SUP_sd,SUP_r1,SUP_kr,SUP_sk,INC_avg,INC_sd,INC_r1,INC_kr,INC_sk,IND_avg,IND_sd,IND_r1,IND_kr,IND_sk
instances/A3/asymmetric/20.6.in,0.1693975904,0.0631568977,0.6577875573,2.7186653803,0.4924155423,0.2080722892,0.0488656341,0.6156469517,2.5146646092,0.2510401423,0.6225301205,0.0500684681,0.5492986939,2.3394862420,-0.2554705858,0.0611445783,0.0204516076,0.6581786170,2.0552874192,0.4278769354
