Instance,INF_avg,INF_sd,INF_r1,INF_kr,INF_sk,SUP_avg,SUP_sd,SUP_r1,SUP_kr,SUP_sk,INC_avg,INC_sd,INC_r1,INC_kr,INC_sk,IND_avg,IND_sd,IND_r1,IND_kr,IND_sk
instances/A1/asymmetric/20.1.in,0.5135548840,0.0766689059,0.7856534947,1.4588315501,0.1680052658,0.1189804944,0.0243939114,0.1081237726,2.0028793686,0.2330562067,0.3674646216,0.0581732501,0.8457422649,1.3260028490,-0.0181399021,0.0636632675,0.0055963132,0.2912000529,1.7644438811,0.3352461198
