Instance,INF_avg,INF_sd,INF_r1,INF_kr,INF_sk,SUP_avg,SUP_sd,SUP_r1,SUP_kr,SUP_sk,INC_avg,INC_sd,INC_r1,INC_kr,INC_sk,IND_avg,IND_sd,IND_r1,IND_kr,IND_sk
instances/A2/asymmetric/20.5.in,0.6239543483,0.0432799357,0.5814822143,1.9145062197,0.5976266585,0.1280127067,0.0480590444,0.7340244354,1.3908453798,0.0057381615,0.2480329450,0.0315334702,-0.0058808605,3.7927661556,1.1166712555,0.0526163459,0.0083985110,-0.6136995562,2.3684500061,0.1303024928
