Instance,INF_avg,INF_sd,INF_r1,INF_kr,INF_sk,SUP_avg,SUP_sd,SUP_r1,SUP_kr,SUP_sk,INC_avg,INC_sd,INC_r1,INC_kr,INC_sk,IND_avg,IND_sd,IND_r1,IND_kr,IND_sk
instances/A2/asymmetric/20.5.in,0.6523772589,0.0370742196,-0.0112068122,1.2531735306,-0.0012892230,0.0888007869,0.0233619648,0.1249239457,2.2162085860,0.7437163796,0.2588219542,0.0366075655,-0.0768912845,2.3765621739,0.5719128551,0.0515214941,0.0097868729,-0.6116071269,2.0913371579,0.2969668984
