Instance,INF_avg,INF_sd,INF_r1,INF_kr,INF_sk,SUP_avg,SUP_sd,SUP_r1,SUP_kr,SUP_sk,INC_avg,INC_sd,INC_r1,INC_kr,INC_sk,IND_avg,IND_sd,IND_r1,IND_kr,IND_sk
instances/A3/symmetric/20.1.in,0.7366550819,0.0811580999,0.6951503919,1.7905935415,0.6725035810,0.0481823120,0.0138453771,0.5267364733,3.0127116962,0.4865995530,0.2151626061,0.0706064682,0.6533919896,1.7561365048,-0.6385463926,0.0751950740,0.0152565063,0.6480584728,2.1340834134,0.6127071497
