Instance,INF_avg,INF_sd,INF_r1,INF_kr,INF_sk,SUP_avg,SUP_sd,SUP_r1,SUP_kr,SUP_sk,INC_avg,INC_sd,INC_r1,INC_kr,INC_sk,IND_avg,IND_sd,IND_r1,IND_kr,IND_sk
instances/A2/symmetric/50.2.in,0.6135000000,0.0456645377,0.2451312615,1.8083819474,-0.0506763265,0.1640000000,0.0451552876,0.5292852955,2.2694502325,0.2641204420,0.2225000000,0.0282179021,0.4362532524,2.0179584936,0.3605046334,0.0415000000,0.0055000000,0.0783807063,2.7441431596,-0.6130728775
