Instance,INF_avg,INF_sd,INF_r1,INF_kr,INF_sk,SUP_avg,SUP_sd,SUP_r1,SUP_kr,SUP_sk,INC_avg,INC_sd,INC_r1,INC_kr,INC_sk,IND_avg,IND_sd,IND_r1,IND_kr,IND_sk
instances/A2/symmetric/200.5.in,0.3648000000,0.0382225065,0.2258467079,2.1678254780,-0.0483227248,0.2159000000,0.0374658511,0.4055541798,2.2910008096,0.2272619867,0.4193000000,0.0307247457,0.1175367051,3.1787466724,0.0279358346,0.0630000000,0.0157162336,0.1398590066,4.7570194561,0.7612232691
