Instance,INF_avg,INF_sd,INF_r1,INF_kr,INF_sk,SUP_avg,SUP_sd,SUP_r1,SUP_kr,SUP_sk,INC_avg,INC_sd,INC_r1,INC_kr,INC_sk,IND_avg,IND_sd,IND_r1,IND_kr,IND_sk
instances/A3/symmetric/5.4.in,0.1129629630,0.1140656563,0.4044927061,1.1625896284,0.1882554078,0.3021164021,0.0479806961,-0.2601100363,2.3613481927,0.6563392701,0.5849206349,0.0956867738,0.5153433432,1.7582910696,-0.2939896798,0.3587301587,0.0537928991,-0.1393780070,2.4189330824,-0.4819881209
