Instance,INF_avg,INF_sd,INF_r1,INF_kr,INF_sk,SUP_avg,SUP_sd,SUP_r1,SUP_kr,SUP_sk,INC_avg,INC_sd,INC_r1,INC_kr,INC_sk,IND_avg,IND_sd,IND_r1,IND_kr,IND_sk
instances/A1/asymmetric/100.1.in,0.8173644538,0.1334058750,0.9195784780,2.0751394406,-0.6345105211,0.0161842105,0.0236040309,0.8102122212,7.3037646259,2.2108529804,0.1664513356,0.1138852466,0.9268417159,1.7545575362,0.4758713262,0.0444783126,0.0129128367,0.6125687040,2.2830793692,-0.2233771733
