Instance,INF_avg,INF_sd,INF_r1,INF_kr,INF_sk,SUP_avg,SUP_sd,SUP_r1,SUP_kr,SUP_sk,INC_avg,INC_sd,INC_r1,INC_kr,INC_sk,IND_avg,IND_sd,IND_r1,IND_kr,IND_sk
instances/A1/asymmetric/100.1.in,0.8292646158,0.1352356245,0.9205967701,2.1749048985,-0.7019372208,0.0150000000,0.0231116062,0.8119953864,7.8405735910,2.3115943157,0.1557353842,0.1160834605,0.9280010861,1.8426940048,0.5472625020,0.0426872166,0.0139705314,0.6947744118,2.0477613677,-0.1703459923
