Instance,INF_avg,INF_sd,INF_r1,INF_kr,INF_sk,SUP_avg,SUP_sd,SUP_r1,SUP_kr,SUP_sk,INC_avg,INC_sd,INC_r1,INC_kr,INC_sk,IND_avg,IND_sd,IND_r1,IND_kr,IND_sk
instances/A1/asymmetric/8.6.in,0.5840862841,0.1205145043,0.5799512067,1.4615580799,-0.3979635676,0.0672364672,0.0825906221,0.6029649780,1.5470647294,0.6001241693,0.3486772487,0.0481106847,0.1766916285,1.5612100175,0.0644163250,0.2017501018,0.0500984933,0.1197844665,2.1178428606,-0.1340192563
