Instance,INF_avg,INF_sd,INF_r1,INF_kr,INF_sk,SUP_avg,SUP_sd,SUP_r1,SUP_kr,SUP_sk,INC_avg,INC_sd,INC_r1,INC_kr,INC_sk,IND_avg,IND_sd,IND_r1,IND_kr,IND_sk
instances/A3/asymmetric/50.5.in,0.4255000000,0.0881348399,0.6816283166,6.7789193066,1.7745494667,0.1158500000,0.0388526383,0.7141545114,4.3643075049,0.0238510076,0.4586500000,0.0659805085,0.6071027574,4.9598443962,-1.2479571470,0.0680500000,0.0166867462,0.3164144447,2.9966869075,0.0511328407
