Instance,INF_avg,INF_sd,INF_r1,INF_kr,INF_sk,SUP_avg,SUP_sd,SUP_r1,SUP_kr,SUP_sk,INC_avg,INC_sd,INC_r1,INC_kr,INC_sk,IND_avg,IND_sd,IND_r1,IND_kr,IND_sk
instances/A3/asymmetric/5.6.in,0.4814814815,0.1320929963,0.8222849083,2.7062418417,-0.9568395309,0.1024691358,0.0968329459,0.1409815376,1.2129386703,0.0396493327,0.4160493827,0.0836596264,0.5299315104,3.0302992479,0.9732572038,0.3895061728,0.0429090054,-0.2692078280,1.5952106678,-0.2483827574
