Instance,INF_avg,INF_sd,INF_r1,INF_kr,INF_sk,SUP_avg,SUP_sd,SUP_r1,SUP_kr,SUP_sk,INC_avg,INC_sd,INC_r1,INC_kr,INC_sk,IND_avg,IND_sd,IND_r1,IND_kr,IND_sk
instances/A3/symmetric/8.1.in,0.3008806009,0.1074638299,0.4155786192,1.8199927950,0.1646217433,0.1776784943,0.0552492633,-0.2635636335,2.0101344583,-0.6395951892,0.5214409048,0.1078615347,0.4573909073,2.3481482184,-0.4811344527,0.1849823016,0.0205956113,-0.1251946235,1.4969827822,-0.0510507934
