Instance,INF_avg,INF_sd,INF_r1,INF_kr,INF_sk,SUP_avg,SUP_sd,SUP_r1,SUP_kr,SUP_sk,INC_avg,INC_sd,INC_r1,INC_kr,INC_sk,IND_avg,IND_sd,IND_r1,IND_kr,IND_sk
instances/A3/symmetric/8.1.in,0.3476456876,0.1057514488,0.3730149012,1.7556888770,-0.2902630953,0.1972960373,0.0607079294,-0.3588765887,3.1603294063,-1.4390126629,0.4550582751,0.0950443612,-0.1972883656,2.4307397400,0.0545988742,0.1849883450,0.0215436073,0.2997314151,1.5309111684,-0.2520881291
