Instance,INF_avg,INF_sd,INF_r1,INF_kr,INF_sk,SUP_avg,SUP_sd,SUP_r1,SUP_kr,SUP_sk,INC_avg,INC_sd,INC_r1,INC_kr,INC_sk,IND_avg,IND_sd,IND_r1,IND_kr,IND_sk
instances/A1/symmetric/20.4.in,0.5376075269,0.0056371622,0.3777837993,2.0555615390,-0.8315414103,0.0671774194,0.0075013220,0.2183378374,1.8923188381,-0.2518924196,0.3952150538,0.0094844358,0.7211888119,1.4637244052,-0.5462756580,0.0716397849,0.0083528695,0.1974396055,2.1854017966,-0.2767978790
