Instance,INF_avg,INF_sd,INF_r1,INF_kr,INF_sk,SUP_avg,SUP_sd,SUP_r1,SUP_kr,SUP_sk,INC_avg,INC_sd,INC_r1,INC_kr,INC_sk,IND_avg,IND_sd,IND_r1,IND_kr,IND_sk
instances/A1/symmetric/20.4.in,0.5163599812,0.0349381846,1.2976715106,3.5641715806,-1.4003458479,0.0746530762,0.0130381977,0.8369508107,2.1967001106,0.4287179652,0.4089869426,0.0245842050,1.0577866935,3.8141623368,1.2636439121,0.0693830161,0.0081759526,0.2762451569,2.1543707643,-0.0137361720
