Instance,INF_avg,INF_sd,INF_r1,INF_kr,INF_sk,SUP_avg,SUP_sd,SUP_r1,SUP_kr,SUP_sk,INC_avg,INC_sd,INC_r1,INC_kr,INC_sk,IND_avg,IND_sd,IND_r1,IND_kr,IND_sk
instances/A2/symmetric/5.1.in,0.4755555556,0.0622222222,-0.3157894737,3.2500000000,1.5000000000,0.1333333333,0.0831479419,-0.4814814815,1.8469387755,-0.3436215967,0.3911111111,0.0498887652,-0.6811279826,1.2422524565,-0.1315095000,0.3911111111,0.0498887652,-0.1388286334,1.2422524565,-0.1315095000
