Instance,INF_avg,INF_sd,INF_r1,INF_kr,INF_sk,SUP_avg,SUP_sd,SUP_r1,SUP_kr,SUP_sk,INC_avg,INC_sd,INC_r1,INC_kr,INC_sk,IND_avg,IND_sd,IND_r1,IND_kr,IND_sk
instances/A2/asymmetric/50.3.in,0.4254000000,0.0373609422,0.3568007380,2.1023591736,0.0250226379,0.1952000000,0.0347125338,0.4587145420,2.5814507622,-0.2165571882,0.3794000000,0.0207518674,-0.0873693456,3.7843003906,-0.9857941056,0.0616000000,0.0112889326,0.3616967808,3.2009905625,-0.3585332430
