Instance,INF_avg,INF_sd,INF_r1,INF_kr,INF_sk,SUP_avg,SUP_sd,SUP_r1,SUP_kr,SUP_sk,INC_avg,INC_sd,INC_r1,INC_kr,INC_sk,IND_avg,IND_sd,IND_r1,IND_kr,IND_sk
instances/A3/symmetric/20.3.in,0.3583333333,0.0562484568,0.6320498643,2.3317875838,0.5796536618,0.0766666667,0.0570574759,0.8031469702,1.6416848187,0.3836221166,0.5650000000,0.0536190265,0.3476014760,2.4139886578,0.6146422997,0.2383333333,0.0435571145,-0.1347713546,2.3745833235,-0.0384320066
