Instance,INF_avg,INF_sd,INF_r1,INF_kr,INF_sk,SUP_avg,SUP_sd,SUP_r1,SUP_kr,SUP_sk,INC_avg,INC_sd,INC_r1,INC_kr,INC_sk,IND_avg,IND_sd,IND_r1,IND_kr,IND_sk
instances/A1/asymmetric/8.6.in,0.5781250000,0.1424876639,0.4650616753,3.8965113236,-1.1102578818,0.0281250000,0.0660699203,0.4659878376,5.7520381965,2.1401721988,0.3937500000,0.0949917760,0.2143984844,2.4439759375,0.2341282655,0.2947916667,0.0668535791,0.2336585747,2.8189729545,0.6418866219
