Instance,INF_avg,INF_sd,INF_r1,INF_kr,INF_sk,SUP_avg,SUP_sd,SUP_r1,SUP_kr,SUP_sk,INC_avg,INC_sd,INC_r1,INC_kr,INC_sk,IND_avg,IND_sd,IND_r1,IND_kr,IND_sk
instances/A2/symmetric/8.3.in,0.5603809524,0.0619958305,-0.1866499520,2.3173528715,0.5319447883,0.1020952381,0.0586913986,0.0436929773,2.2103344065,-0.6692515672,0.3375238095,0.0338683593,-1.1361923560,2.2439320556,-0.5005516444,0.1462857143,0.0342306436,-0.0315043251,2.2110765547,0.1113008950
