Instance,INF_avg,INF_sd,INF_r1,INF_kr,INF_sk,SUP_avg,SUP_sd,SUP_r1,SUP_kr,SUP_sk,INC_avg,INC_sd,INC_r1,INC_kr,INC_sk,IND_avg,IND_sd,IND_r1,IND_kr,IND_sk
instances/A1/asymmetric/10.4.in,0.5827765674,0.0790409160,0.7393991973,1.8257295673,-0.3850950292,0.0664003873,0.0662846469,0.5369364747,2.4250968018,0.7595655919,0.3508230453,0.0640134354,0.8413890793,2.2666272328,0.2337558810,0.1810336480,0.0349123751,-0.0356960130,3.9630706529,1.2862175780
