Instance,INF_avg,INF_sd,INF_r1,INF_kr,INF_sk,SUP_avg,SUP_sd,SUP_r1,SUP_kr,SUP_sk,INC_avg,INC_sd,INC_r1,INC_kr,INC_sk,IND_avg,IND_sd,IND_r1,IND_kr,IND_sk
instances/A1/asymmetric/10.4.in,0.6100000000,0.0719861578,0.5238363575,1.4918116315,-0.4872096540,0.0870588235,0.0749070936,0.4997972151,1.5550187175,0.3724512760,0.3029411765,0.0342997170,-0.4183835182,2.0659602076,-0.0794441975,0.1652941176,0.0231139797,-0.5867731913,2.1058837150,0.8512009690
