Instance,INF_avg,INF_sd,INF_r1,INF_kr,INF_sk,SUP_avg,SUP_sd,SUP_r1,SUP_kr,SUP_sk,INC_avg,INC_sd,INC_r1,INC_kr,INC_sk,IND_avg,IND_sd,IND_r1,IND_kr,IND_sk
instances/A3/symmetric/50.2.in,0.3980000000,0.0495075752,0.6365000517,1.8864475669,-0.2450572644,0.1065000000,0.0245000000,0.0989797270,2.9263277258,0.5989341176,0.4955000000,0.0413188819,0.6594331391,2.7412140317,-0.7952534592,0.0760000000,0.0154596248,0.6628470692,2.0743159258,0.3605017468
