Instance,INF_avg,INF_sd,INF_r1,INF_kr,INF_sk,SUP_avg,SUP_sd,SUP_r1,SUP_kr,SUP_sk,INC_avg,INC_sd,INC_r1,INC_kr,INC_sk,IND_avg,IND_sd,IND_r1,IND_kr,IND_sk
instances/A2/symmetric/10.6.in,0.5785294118,0.0350185319,-0.2049176758,1.1959553974,0.4217148409,0.0667647059,0.0104649687,-0.5705012622,1.6136467435,-0.6172437787,0.3547058824,0.0369863905,-0.4625399110,1.5442208621,-0.3335486451,0.1285294118,0.0111065927,-0.1666189522,2.9835227954,1.2374556168
