Instance,INF_avg,INF_sd,INF_r1,INF_kr,INF_sk,SUP_avg,SUP_sd,SUP_r1,SUP_kr,SUP_sk,INC_avg,INC_sd,INC_r1,INC_kr,INC_sk,IND_avg,IND_sd,IND_r1,IND_kr,IND_sk
instances/A3/symmetric/50.5.in,0.4044444444,0.1559281253,0.7707618493,3.7450533067,1.1483282954,0.0788888889,0.0542513583,0.3609092421,2.3900654813,0.2695149309,0.5166666667,0.1282358937,0.6079027356,3.5685262966,-0.9176851874,0.3055555556,0.0739536057,0.3141986284,3.1393153596,0.4266532437
