Instance,INF_avg,INF_sd,INF_r1,INF_kr,INF_sk,SUP_avg,SUP_sd,SUP_r1,SUP_kr,SUP_sk,INC_avg,INC_sd,INC_r1,INC_kr,INC_sk,IND_avg,IND_sd,IND_r1,IND_kr,IND_sk
instances/A1/symmetric/5.5.in,0.1600000000,0.0997775303,-0.6233766234,2.1339285714,0.7301958931,0.1633333333,0.0968389270,-0.6601610149,2.1971260753,0.7752160458,0.6766666667,0.1008849730,0.1458867397,1.4479748670,-0.2956369678,0.4300000000,0.1077032961,-0.1015654830,2.3031554146,0.0921361927
