Instance,INF_avg,INF_sd,INF_r1,INF_kr,INF_sk,SUP_avg,SUP_sd,SUP_r1,SUP_kr,SUP_sk,INC_avg,INC_sd,INC_r1,INC_kr,INC_sk,IND_avg,IND_sd,IND_r1,IND_kr,IND_sk
instances/A2/symmetric/20.4.in,0.5314605735,0.0029838037,-0.9161439481,1.2098790241,0.4281272110,0.1703046595,0.0155791985,0.4191482415,1.3239581814,-0.3866624787,0.2982347670,0.0147778195,0.5415838643,1.1947078669,0.3429291809,0.0680824373,0.0086824952,0.6901693005,2.5528108453,0.8684478150
