Instance,INF_avg,INF_sd,INF_r1,INF_kr,INF_sk,SUP_avg,SUP_sd,SUP_r1,SUP_kr,SUP_sk,INC_avg,INC_sd,INC_r1,INC_kr,INC_sk,IND_avg,IND_sd,IND_r1,IND_kr,IND_sk
instances/A2/symmetric/20.4.in,0.4942373524,0.0461835261,0.8382504317,1.9367057917,-0.7065870466,0.2029508287,0.0446871923,0.5650988243,3.1526269825,0.8985108405,0.3028118188,0.0171800136,-0.0401465383,1.6484589262,0.4216285663,0.0683382723,0.0098609712,0.3985291089,1.6376202541,0.2989149927
