Instance,INF_avg,INF_sd,INF_r1,INF_kr,INF_sk,SUP_avg,SUP_sd,SUP_r1,SUP_kr,SUP_sk,INC_avg,INC_sd,INC_r1,INC_kr,INC_sk,IND_avg,IND_sd,IND_r1,IND_kr,IND_sk
instances/A3/asymmetric/100.3.in,0.3720000000,0.1766805026,0.9067015406,4.7945594145,1.1792912188,0.0700000000,0.0529150262,0.3625192012,2.6530612245,0.3644657418,0.5580000000,0.1591728620,0.8283904106,4.5264105615,-1.0832602821,0.3420000000,0.1045753317,0.5252192370,2.8575490625,-0.2334869139
