Instance,INF_avg,INF_sd,INF_r1,INF_kr,INF_sk,SUP_avg,SUP_sd,SUP_r1,SUP_kr,SUP_sk,INC_avg,INC_sd,INC_r1,INC_kr,INC_sk,IND_avg,IND_sd,IND_r1,IND_kr,IND_sk
instances/A2/asymmetric/100.4.in,0.2930000000,0.0250199920,0.4104188666,1.2006910349,-0.4045327332,0.1340000000,0.0106770783,-0.5262172285,2.2746999077,-0.8478566294,0.5730000000,0.0263818119,0.5442222975,1.4756985731,0.1434504488,0.0810000000,0.0115758369,-0.0388639761,2.5997995099,-0.8238983939
