Instance,INF_avg,INF_sd,INF_r1,INF_kr,INF_sk,SUP_avg,SUP_sd,SUP_r1,SUP_kr,SUP_sk,INC_avg,INC_sd,INC_r1,INC_kr,INC_sk,IND_avg,IND_sd,IND_r1,IND_kr,IND_sk
instances/A1/symmetric/8.3.in,0.3449901312,0.0772964465,0.2579398300,2.4702723242,1.0068774808,0.1703355393,0.0702549739,-0.3370415787,2.2473559396,0.2552588700,0.4846743295,0.0538910600,0.2920555638,2.0375832814,0.4808522727,0.1498897016,0.0490802548,0.0011647041,2.1026090063,0.5229796967
