Instance,INF_avg,INF_sd,INF_r1,INF_kr,INF_sk,SUP_avg,SUP_sd,SUP_r1,SUP_kr,SUP_sk,INC_avg,INC_sd,INC_r1,INC_kr,INC_sk,IND_avg,IND_sd,IND_r1,IND_kr,IND_sk
instances/A3/asymmetric/100.5.in,0.2646000000,0.0562746835,0.5929380057,2.2871458567,0.0905392949,0.1361000000,0.0385913203,0.6210312222,2.1356550065,0.2641472643,0.5993000000,0.0385488002,0.0851232723,3.2754038792,0.2162643156,0.0772000000,0.0200039996,-0.0912302991,2.5909513444,0.5450849163
