Instance,INF_avg,INF_sd,INF_r1,INF_kr,INF_sk,SUP_avg,SUP_sd,SUP_r1,SUP_kr,SUP_sk,INC_avg,INC_sd,INC_r1,INC_kr,INC_sk,IND_avg,IND_sd,IND_r1,IND_kr,IND_sk
instances/A2/symmetric/8.4.in,0.4626373626,0.1035934739,0.2165154799,1.3737985998,0.1873219483,0.1646739927,0.0551367284,-0.0946268787,2.7255716329,0.9291433831,0.3726886447,0.0786361273,0.3060972254,2.0137791042,-0.6172920135,0.1955311355,0.0391831144,0.6126294671,2.4877736125,0.8758285959
