Instance,INF_avg,INF_sd,INF_r1,INF_kr,INF_sk,SUP_avg,SUP_sd,SUP_r1,SUP_kr,SUP_sk,INC_avg,INC_sd,INC_r1,INC_kr,INC_sk,IND_avg,IND_sd,IND_r1,IND_kr,IND_sk
instances/A1/asymmetric/10.4.in,0.6468615984,0.1047169135,0.5595372789,1.5184672352,0.3117023910,0.0538011696,0.0484216176,0.0363105852,1.2572561199,0.0229987339,0.2993372320,0.0814918896,0.0961350497,1.3051397394,-0.1100750511,0.2548927875,0.0650238871,-0.7958056738,1.7423540078,-0.6505254328
