Instance,INF_avg,INF_sd,INF_r1,INF_kr,INF_sk,SUP_avg,SUP_sd,SUP_r1,SUP_kr,SUP_sk,INC_avg,INC_sd,INC_r1,INC_kr,INC_sk,IND_avg,IND_sd,IND_r1,IND_kr,IND_sk
instances/A2/symmetric/200.6.in,0.3180000000,0.0381837662,0.3469305528,3.2838546518,0.1625774393,0.2040500000,0.0332242005,0.3864650382,3.3510616609,-0.6048332514,0.4779500000,0.0336013021,0.2407400526,2.8523136980,0.0486592132,0.0648000000,0.0137098505,0.2713353398,2.4560618617,0.3590681614
