Instance,INF_avg,INF_sd,INF_r1,INF_kr,INF_sk,SUP_avg,SUP_sd,SUP_r1,SUP_kr,SUP_sk,INC_avg,INC_sd,INC_r1,INC_kr,INC_sk,IND_avg,IND_sd,IND_r1,IND_kr,IND_sk
instances/A1/symmetric/8.6.in,0.5000000000,0.1793119566,0.8232445521,1.8167598860,-0.2430095286,0.0611111111,0.0825892708,0.3793103448,4.5160623247,1.4183960272,0.4388888889,0.1417211224,0.4591049017,3.6132617747,0.9486835645,0.4291666667,0.1158453231,-0.0045586407,2.3223793322,-0.2637306473
