Instance,INF_avg,INF_sd,INF_r1,INF_kr,INF_sk,SUP_avg,SUP_sd,SUP_r1,SUP_kr,SUP_sk,INC_avg,INC_sd,INC_r1,INC_kr,INC_sk,IND_avg,IND_sd,IND_r1,IND_kr,IND_sk
instances/A3/symmetric/8.2.in,0.3595767196,0.1186921367,0.4915096597,2.3528357753,0.6952401022,0.1275679621,0.0435022642,0.7801988090,1.7354135464,0.2425770727,0.5128553184,0.1073643703,0.5193037142,1.8535905524,-0.4723159290,0.2811238825,0.0422694723,0.3136647996,1.8236818500,-0.3143745476
