Instance,INF_avg,INF_sd,INF_r1,INF_kr,INF_sk,SUP_avg,SUP_sd,SUP_r1,SUP_kr,SUP_sk,INC_avg,INC_sd,INC_r1,INC_kr,INC_sk,IND_avg,IND_sd,IND_r1,IND_kr,IND_sk
instances/A1/symmetric/10.6.in,0.3750629882,0.0491843452,-0.0963638599,1.9714643951,-0.6521506847,0.1422209625,0.0685710904,1.0249088480,3.8661873452,1.3104969009,0.4827160494,0.0566891184,0.7666288952,1.8548177198,0.4208541906,0.1722285210,0.0428981193,-0.0795649889,2.0418721236,-0.5632867023
