Instance,INF_avg,INF_sd,INF_r1,INF_kr,INF_sk,SUP_avg,SUP_sd,SUP_r1,SUP_kr,SUP_sk,INC_avg,INC_sd,INC_r1,INC_kr,INC_sk,IND_avg,IND_sd,IND_r1,IND_kr,IND_sk
instances/A1/asymmetric/8.4.in,0.3545454545,0.1435001272,0.4139187466,1.6321186564,-0.1969043702,0.1015151515,0.1052021536,0.1991889152,2.0146585663,0.7849469987,0.5439393939,0.0505933571,0.4706831630,1.7768794868,-0.4907115117,0.2871212121,0.0666106859,-0.4087155215,2.0705717026,-0.5583497575
