Instance,INF_avg,INF_sd,INF_r1,INF_kr,INF_sk,SUP_avg,SUP_sd,SUP_r1,SUP_kr,SUP_sk,INC_avg,INC_sd,INC_r1,INC_kr,INC_sk,IND_avg,IND_sd,IND_r1,IND_kr,IND_sk
instances/A1/symmetric/200.2.in,0.3270000000,0.0163095064,-0.5480696442,2.4066086268,0.5061857103,0.1750000000,0.0109544512,-0.4666666667,1.5625000000,0.1141088661,0.4980000000,0.0213541565,-0.8686094070,2.1751500462,0.6771761888,0.0830000000,0.0132664992,-0.3030998852,2.3622159091,-0.5936004596
