Instance,INF_avg,INF_sd,INF_r1,INF_kr,INF_sk,SUP_avg,SUP_sd,SUP_r1,SUP_kr,SUP_sk,INC_avg,INC_sd,INC_r1,INC_kr,INC_sk,IND_avg,IND_sd,IND_r1,IND_kr,IND_sk
instances/A1/asymmetric/100.5.in,0.3838235294,0.1819908644,0.3568749993,2.6782828764,0.4308228918,0.0941176471,0.0921672919,0.1529991483,3.8629423306,1.0181713823,0.5220588235,0.1678984184,0.1181449848,2.0697626599,-0.2379530417,0.4338235294,0.1389141653,0.1386025043,2.6920782233,0.2041782531
