Instance,INF_avg,INF_sd,INF_r1,INF_kr,INF_sk,SUP_avg,SUP_sd,SUP_r1,SUP_kr,SUP_sk,INC_avg,INC_sd,INC_r1,INC_kr,INC_sk,IND_avg,IND_sd,IND_r1,IND_kr,IND_sk
instances/A1/symmetric/5.2.in,0.3022222222,0.1253932087,-0.0165764547,2.8238743971,-1.0248498627,0.1622222222,0.0599794203,-0.1518387667,1.6528686214,0.0981042662,0.5355555556,0.1141041326,-0.2260357345,2.1302914536,0.7220777922,0.4022222222,0.0372843594,-0.2732919255,2.6688114611,-0.9478622856
