Instance,INF_avg,INF_sd,INF_r1,INF_kr,INF_sk,SUP_avg,SUP_sd,SUP_r1,SUP_kr,SUP_sk,INC_avg,INC_sd,INC_r1,INC_kr,INC_sk,IND_avg,IND_sd,IND_r1,IND_kr,IND_sk
instances/A2/symmetric/20.1.in,0.3453488372,0.0953780443,0.7809083821,2.5121615134,-0.6010074267,0.3158139535,0.1091187226,0.7882261209,3.3245673012,0.9889914963,0.3388372093,0.0362458852,0.5586507628,2.2600090490,-0.4585216432,0.0410465116,0.0132313115,0.2250185474,4.6259432111,1.2192431012
