Instance,INF_avg,INF_sd,INF_r1,INF_kr,INF_sk,SUP_avg,SUP_sd,SUP_r1,SUP_kr,SUP_sk,INC_avg,INC_sd,INC_r1,INC_kr,INC_sk,IND_avg,IND_sd,IND_r1,IND_kr,IND_sk
instances/A2/symmetric/20.1.in,0.3590789474,0.0912980606,0.7565043278,2.8764674644,-0.3175966541,0.2974342105,0.1047663234,0.8124984155,3.4909456583,0.7587540751,0.3434868421,0.0415332756,0.7019893476,2.8196572354,0.0366420260,0.0419078947,0.0118089815,0.3328227258,4.2844504502,0.9183399410
