Instance,INF_avg,INF_sd,INF_r1,INF_kr,INF_sk,SUP_avg,SUP_sd,SUP_r1,SUP_kr,SUP_sk,INC_avg,INC_sd,INC_r1,INC_kr,INC_sk,IND_avg,IND_sd,IND_r1,IND_kr,IND_sk
instances/A3/symmetric/10.6.in,0.0981818182,0.1510732951,-0.0729192242,3.2388975642,1.4919894882,0.2327272727,0.0544241074,-0.1669741697,2.9410873724,-1.2832119003,0.6690909091,0.0985179432,-0.0120093732,3.2160792641,-1.4745160342,0.1236363636,0.0212034614,-0.5671641791,1.6280276817,-0.3631734744
