Instance,INF_avg,INF_sd,INF_r1,INF_kr,INF_sk,SUP_avg,SUP_sd,SUP_r1,SUP_kr,SUP_sk,INC_avg,INC_sd,INC_r1,INC_kr,INC_sk,IND_avg,IND_sd,IND_r1,IND_kr,IND_sk
instances/A1/asymmetric/50.1.in,0.2550000000,0.1572418519,0.4431833356,2.1826921209,0.0814084084,0.1850000000,0.0708872344,0.2979719189,4.8636667409,-1.5664989200,0.5600000000,0.1157583690,0.2791411043,3.5020049009,-0.5337933257,0.3250000000,0.0680073525,-0.0410958904,2.5894813733,-0.0000000000
