Instance,INF_avg,INF_sd,INF_r1,INF_kr,INF_sk,SUP_avg,SUP_sd,SUP_r1,SUP_kr,SUP_sk,INC_avg,INC_sd,INC_r1,INC_kr,INC_sk,IND_avg,IND_sd,IND_r1,IND_kr,IND_sk
instances/A3/asymmetric/200.4.in,0.2750000000,0.0466904701,-0.1727493917,2.3862679909,-0.9726362558,0.1310000000,0.0241660919,-0.1637757160,1.5156807093,0.1007581827,0.5940000000,0.0278208555,-0.1014530358,2.7070388398,0.8590398961,0.0740000000,0.0066332496,0.3939393939,2.2169421488,0.3700366502
