Instance,INF_avg,INF_sd,INF_r1,INF_kr,INF_sk,SUP_avg,SUP_sd,SUP_r1,SUP_kr,SUP_sk,INC_avg,INC_sd,INC_r1,INC_kr,INC_sk,IND_avg,IND_sd,IND_r1,IND_kr,IND_sk
instances/A2/symmetric/20.4.in,0.7674472043,0.0388788091,0.2082539110,1.8670798070,-0.7394798944,0.0372761425,0.0099751925,-0.7370463552,1.7207057762,0.2092525500,0.1952766532,0.0356956928,0.4826359400,1.3008413025,0.4050009945,0.0980450086,0.0195674200,0.2118849927,2.3100087928,-0.0155140327
