Instance,INF_avg,INF_sd,INF_r1,INF_kr,INF_sk,SUP_avg,SUP_sd,SUP_r1,SUP_kr,SUP_sk,INC_avg,INC_sd,INC_r1,INC_kr,INC_sk,IND_avg,IND_sd,IND_r1,IND_kr,IND_sk
instances/A3/symmetric/100.1.in,0.4275000000,0.0580021551,0.5698876572,2.6732053424,0.5961295766,0.1223000000,0.0340618555,0.6039496160,3.1329451610,0.3109874599,0.4502000000,0.0368776355,0.2330558194,3.0262119605,-0.5141555246,0.0750000000,0.0133790882,0.3249299720,3.5243906245,-0.3444882411
