Instance,INF_avg,INF_sd,INF_r1,INF_kr,INF_sk,SUP_avg,SUP_sd,SUP_r1,SUP_kr,SUP_sk,INC_avg,INC_sd,INC_r1,INC_kr,INC_sk,IND_avg,IND_sd,IND_r1,IND_kr,IND_sk
instances/A2/asymmetric/10.1.in,0.3726984127,0.0578649264,-0.4034389620,2.4136964862,0.1722039605,0.2434467120,0.0429681223,-0.3027656341,2.0255168474,-0.0857837001,0.3838548753,0.0185810473,-0.6119082101,1.7805141566,-0.1415442102,0.1793197279,0.0117690352,-0.4879426875,2.5994576923,0.5760849931
