Instance,INF_avg,INF_sd,INF_r1,INF_kr,INF_sk,SUP_avg,SUP_sd,SUP_r1,SUP_kr,SUP_sk,INC_avg,INC_sd,INC_r1,INC_kr,INC_sk,IND_avg,IND_sd,IND_r1,IND_kr,IND_sk
instances/A2/asymmetric/5.6.in,0.3277777778,0.0952579344,-0.1904761905,1.1666666667,0.4082482905,0.2388888889,0.0888888889,0.6014127144,1.4509887695,-0.2211914062,0.4333333333,0.1199279619,0.5146726862,2.4290463998,-0.6656356441,0.3555555556,0.0689426314,-0.6147859922,1.7794737730,-0.1632576395
