Instance,INF_avg,INF_sd,INF_r1,INF_kr,INF_sk,SUP_avg,SUP_sd,SUP_r1,SUP_kr,SUP_sk,INC_avg,INC_sd,INC_r1,INC_kr,INC_sk,IND_avg,IND_sd,IND_r1,IND_kr,IND_sk
instances/A2/asymmetric/20.3.in,0.4867132378,0.0703721125,0.6866210976,1.8027522230,-0.5595478900,0.2030918257,0.0685458636,0.5984947943,2.1652589344,0.9205016644,0.3101949365,0.0194709744,0.3976958785,1.8882697233,0.2752640822,0.0635438867,0.0109159210,0.6381974532,1.6868396722,0.0036229321
