Instance,INF_avg,INF_sd,INF_r1,INF_kr,INF_sk,SUP_avg,SUP_sd,SUP_r1,SUP_kr,SUP_sk,INC_avg,INC_sd,INC_r1,INC_kr,INC_sk,IND_avg,IND_sd,IND_r1,IND_kr,IND_sk
instances/A2/symmetric/8.1.in,0.1994949495,0.1086086944,0.0493752641,1.6453477101,-0.2757430009,0.3984287318,0.0784390550,0.1099263483,1.6021761857,0.4487757606,0.4020763187,0.0390989012,-0.1675166655,1.7635435005,-0.4025790071,0.1464646465,0.0327526540,0.4597875569,1.3215283510,0.1833305928
