Instance,INF_avg,INF_sd,INF_r1,INF_kr,INF_sk,SUP_avg,SUP_sd,SUP_r1,SUP_kr,SUP_sk,INC_avg,INC_sd,INC_r1,INC_kr,INC_sk,IND_avg,IND_sd,IND_r1,IND_kr,IND_sk
instances/A3/symmetric/200.6.in,0.7740421673,0.1990433009,0.9679065332,1.4609109969,-0.3663015859,0.0162931034,0.0221585265,0.9209968914,4.8225313777,1.6318923910,0.2096647292,0.1811979289,0.9676760489,1.3718806750,0.3141110850,0.0504388585,0.0210867073,0.8447710302,1.7011674013,0.0441384898
