Instance,INF_avg,INF_sd,INF_r1,INF_kr,INF_sk,SUP_avg,SUP_sd,SUP_r1,SUP_kr,SUP_sk,INC_avg,INC_sd,INC_r1,INC_kr,INC_sk,IND_avg,IND_sd,IND_r1,IND_kr,IND_sk
instances/A3/asymmetric/100.1.in,0.4540000000,0.0300665928,-0.0153994225,3.0646144960,-1.3635661328,0.1030000000,0.0208806130,-0.2585933369,1.5455980136,0.4639745675,0.4430000000,0.0304302481,0.0020935101,2.5667447252,-0.5282767953,0.0890000000,0.0131909060,-0.5477560414,1.8008323424,0.3476794476
