Instance,INF_avg,INF_sd,INF_r1,INF_kr,INF_sk,SUP_avg,SUP_sd,SUP_r1,SUP_kr,SUP_sk,INC_avg,INC_sd,INC_r1,INC_kr,INC_sk,IND_avg,IND_sd,IND_r1,IND_kr,IND_sk
instances/A2/asymmetric/5.5.in,0.3950617284,0.0986689343,0.0619548200,1.5126493082,-0.3317208755,0.2932098765,0.1064702982,0.2213262499,2.2578786809,0.5783094280,0.3117283951,0.0567431368,0.3334847796,2.3104758237,0.0112647871,0.3765432099,0.0491894366,-0.2918660287,1.2360654721,0.3285496932
