Instance,INF_avg,INF_sd,INF_r1,INF_kr,INF_sk,SUP_avg,SUP_sd,SUP_r1,SUP_kr,SUP_sk,INC_avg,INC_sd,INC_r1,INC_kr,INC_sk,IND_avg,IND_sd,IND_r1,IND_kr,IND_sk
instances/A1/asymmetric/20.5.in,0.3214285714,0.0958314847,-0.2190170940,2.0996296296,-0.3776470362,0.1357142857,0.1059456927,0.3765903308,2.8597520661,0.8274271039,0.5428571429,0.1049781318,-0.0191925877,2.5074588477,-0.2740555654,0.3142857143,0.0989743319,-0.2789992418,3.3323567708,-1.2832511843
