Instance,INF_avg,INF_sd,INF_r1,INF_kr,INF_sk,SUP_avg,SUP_sd,SUP_r1,SUP_kr,SUP_sk,INC_avg,INC_sd,INC_r1,INC_kr,INC_sk,IND_avg,IND_sd,IND_r1,IND_kr,IND_sk
instances/A3/symmetric/200.5.in,0.4015053763,0.1576879063,0.9507465102,5.3143002954,1.7219949239,0.0597849462,0.0445159992,0.7733174758,2.8602619998,0.5850607836,0.5387096774,0.1352435144,0.9308535151,5.8771029094,-1.8152029643,0.1528494624,0.0392530928,0.4105815808,3.0480769861,-0.5201266984
