Instance,INF_avg,INF_sd,INF_r1,INF_kr,INF_sk,SUP_avg,SUP_sd,SUP_r1,SUP_kr,SUP_sk,INC_avg,INC_sd,INC_r1,INC_kr,INC_sk,IND_avg,IND_sd,IND_r1,IND_kr,IND_sk
instances/A2/asymmetric/50.4.in,0.1695000000,0.0621872173,0.3552944361,1.6766312106,0.4899861828,0.3210000000,0.0428252262,0.3827998981,1.9875637569,-0.3657685790,0.5095000000,0.0330492057,0.0156129665,3.0916135399,-0.8774448561,0.0660000000,0.0094339811,0.3763919822,3.1419012751,-0.6467178077
