Instance,INF_avg,INF_sd,INF_r1,INF_kr,INF_sk,SUP_avg,SUP_sd,SUP_r1,SUP_kr,SUP_sk,INC_avg,INC_sd,INC_r1,INC_kr,INC_sk,IND_avg,IND_sd,IND_r1,IND_kr,IND_sk
instances/A2/asymmetric/50.2.in,0.3810000000,0.0124096736,-0.4456233422,1.7794737730,0.1632576395,0.2240000000,0.0200997512,0.0889942075,1.3629301049,-0.4078667295,0.3950000000,0.0209761770,-0.2784810127,2.0170454545,0.5363227065,0.0750000000,0.0122474487,-0.2380952381,1.9666666667,-0.4082482905
