Instance,INF_avg,INF_sd,INF_r1,INF_kr,INF_sk,SUP_avg,SUP_sd,SUP_r1,SUP_kr,SUP_sk,INC_avg,INC_sd,INC_r1,INC_kr,INC_sk,IND_avg,IND_sd,IND_r1,IND_kr,IND_sk
instances/A1/asymmetric/50.4.in,0.3727000000,0.0710613116,0.7493014644,2.4843009139,0.2464131885,0.1837000000,0.0402344380,0.6125920673,3.2085509629,0.3805439728,0.4436000000,0.0478543624,0.6285774566,2.3804123300,-0.2903052405,0.0640000000,0.0133977610,0.3820001137,3.1420457631,0.2420060957
