Instance,INF_avg,INF_sd,INF_r1,INF_kr,INF_sk,SUP_avg,SUP_sd,SUP_r1,SUP_kr,SUP_sk,INC_avg,INC_sd,INC_r1,INC_kr,INC_sk,IND_avg,IND_sd,IND_r1,IND_kr,IND_sk
instances/A3/asymmetric/10.1.in,0.2218181818,0.0721797572,0.2316258352,3.0871833853,1.3671451224,0.1636363636,0.0344975745,-0.2142857143,1.7592592593,0.3513641845,0.6145454545,0.0612810893,0.7927461140,2.0052073001,-0.7672292692,0.1527272727,0.0218181818,0.4656488550,1.3981481481,-0.1111111111
