Instance,INF_avg,INF_sd,INF_r1,INF_kr,INF_sk,SUP_avg,SUP_sd,SUP_r1,SUP_kr,SUP_sk,INC_avg,INC_sd,INC_r1,INC_kr,INC_sk,IND_avg,IND_sd,IND_r1,IND_kr,IND_sk
instances/A3/asymmetric/10.1.in,0.2686868687,0.0793813443,0.6495105096,1.3764278907,0.0540303779,0.1494949495,0.0306378806,0.2519240636,3.1033270321,1.1811511089,0.5818181818,0.0641394257,0.6216216216,1.5181760204,0.0759303629,0.1555555556,0.0193770971,0.3051058531,1.7849716446,-0.1450535054
