Instance,INF_avg,INF_sd,INF_r1,INF_kr,INF_sk,SUP_avg,SUP_sd,SUP_r1,SUP_kr,SUP_sk,INC_avg,INC_sd,INC_r1,INC_kr,INC_sk,IND_avg,IND_sd,IND_r1,IND_kr,IND_sk
instances/A1/asymmetric/50.3.in,0.3946000000,0.0561768636,0.5483275792,2.4876708946,0.5998643775,0.1843000000,0.0304960653,0.2923347945,3.0776080540,-0.5949632181,0.4211000000,0.0440827631,0.6010054448,2.6511322267,0.0264786822,0.0871000000,0.0122511224,0.2956279755,2.8317664475,-0.4091472054
