Instance,INF_avg,INF_sd,INF_r1,INF_kr,INF_sk,SUP_avg,SUP_sd,SUP_r1,SUP_kr,SUP_sk,INC_avg,INC_sd,INC_r1,INC_kr,INC_sk,IND_avg,IND_sd,IND_r1,IND_kr,IND_sk
instances/A1/asymmetric/20.2.in,0.2350000000,0.0354964787,0.4512922465,2.5089758125,-0.2565646845,0.2150000000,0.0641872261,0.7062543921,1.3399884532,0.0363015701,0.5500000000,0.0445533388,0.4795539033,1.7966930822,-0.3739892218,0.0585000000,0.0059371710,0.1136180500,1.4514863437,-0.1218432567
