Instance,INF_avg,INF_sd,INF_r1,INF_kr,INF_sk,SUP_avg,SUP_sd,SUP_r1,SUP_kr,SUP_sk,INC_avg,INC_sd,INC_r1,INC_kr,INC_sk,IND_avg,IND_sd,IND_r1,IND_kr,IND_sk
instances/A3/asymmetric/10.4.in,0.5347153452,0.0746692159,0.5052825261,2.5078883697,0.9200796440,0.0972029665,0.0354442687,0.6961050043,1.9936248501,-0.0318765270,0.3680816883,0.0555331904,0.2620326146,2.2147332341,-0.8149270224,0.2030325037,0.0324509960,0.0669071159,2.1439912800,0.0371018960
