Instance,INF_avg,INF_sd,INF_r1,INF_kr,INF_sk,SUP_avg,SUP_sd,SUP_r1,SUP_kr,SUP_sk,INC_avg,INC_sd,INC_r1,INC_kr,INC_sk,IND_avg,IND_sd,IND_r1,IND_kr,IND_sk
instances/A2/symmetric/200.4.in,0.3856000000,0.0411902901,0.0879277218,1.9672976921,-0.1602511693,0.1786000000,0.0227824494,0.1791703586,2.1750666316,-0.2801088619,0.4358000000,0.0330962233,0.1685091683,3.2311782753,-0.3889238500,0.0522000000,0.0120896650,0.5022713924,2.2102853296,-0.2322003924
