Instance,INF_avg,INF_sd,INF_r1,INF_kr,INF_sk,SUP_avg,SUP_sd,SUP_r1,SUP_kr,SUP_sk,INC_avg,INC_sd,INC_r1,INC_kr,INC_sk,IND_avg,IND_sd,IND_r1,IND_kr,IND_sk
instances/A1/asymmetric/20.3.in,0.6737320137,0.0605294034,0.6733625370,2.4101883835,0.7648353612,0.0469877098,0.0228488523,0.4814779219,2.9213546428,-0.4853343353,0.2792802764,0.0432154568,0.5378004680,3.4970591713,-1.0958457096,0.0937833907,0.0393448810,0.1480555474,5.9670400135,2.0799983875
