Instance,INF_avg,INF_sd,INF_r1,INF_kr,INF_sk,SUP_avg,SUP_sd,SUP_r1,SUP_kr,SUP_sk,INC_avg,INC_sd,INC_r1,INC_kr,INC_sk,IND_avg,IND_sd,IND_r1,IND_kr,IND_sk
instances/A2/asymmetric/50.4.in,0.3683000000,0.0592081920,0.6732956071,2.3875410576,-0.1208752923,0.2199500000,0.0359756515,0.5397983540,2.9298591117,0.3491709506,0.4117500000,0.0419545885,0.4465132969,2.1538949302,0.0468179091,0.0490500000,0.0106699344,0.3626822192,2.9167262597,0.2606083229
