Instance,INF_avg,INF_sd,INF_r1,INF_kr,INF_sk,SUP_avg,SUP_sd,SUP_r1,SUP_kr,SUP_sk,INC_avg,INC_sd,INC_r1,INC_kr,INC_sk,IND_avg,IND_sd,IND_r1,IND_kr,IND_sk
instances/A3/symmetric/50.6.in,0.4750000000,0.0779743548,-0.1539094650,2.8871759219,1.2311107426,0.1670000000,0.0265706605,-0.1175802329,3.0295604651,-1.3510396921,0.3580000000,0.0522111099,-0.1705562894,2.6976069145,-1.0720768324,0.0460000000,0.0124096736,0.2743105951,1.7288750211,0.3202361390
