Instance,INF_avg,INF_sd,INF_r1,INF_kr,INF_sk,SUP_avg,SUP_sd,SUP_r1,SUP_kr,SUP_sk,INC_avg,INC_sd,INC_r1,INC_kr,INC_sk,IND_avg,IND_sd,IND_r1,IND_kr,IND_sk
instances/A2/asymmetric/20.6.in,0.3589892288,0.0548276770,0.6596072534,2.0950030308,0.2053506561,0.2920112150,0.0357138998,-0.0171961149,3.0253833312,-0.1810835333,0.3489995562,0.0394584302,0.4054083790,2.7038591594,0.6480792109,0.0498460536,0.0110755958,0.2029348849,1.3599776052,0.0803095925
