Instance,INF_avg,INF_sd,INF_r1,INF_kr,INF_sk,SUP_avg,SUP_sd,SUP_r1,SUP_kr,SUP_sk,INC_avg,INC_sd,INC_r1,INC_kr,INC_sk,IND_avg,IND_sd,IND_r1,IND_kr,IND_sk
instances/A1/asymmetric/20.1.in,0.6419388146,0.0338703203,-0.0097889803,2.8780517384,-0.1745970031,0.0786704920,0.0241673640,0.6918263197,2.1711909901,-0.4052372143,0.2793906934,0.0215222116,-0.0184463815,2.1882686332,-0.0879424540,0.0670293403,0.0138384756,0.5664707778,2.3148394378,0.6585062468
