Instance,INF_avg,INF_sd,INF_r1,INF_kr,INF_sk,SUP_avg,SUP_sd,SUP_r1,SUP_kr,SUP_sk,INC_avg,INC_sd,INC_r1,INC_kr,INC_sk,IND_avg,IND_sd,IND_r1,IND_kr,IND_sk
instances/A1/asymmetric/20.1.in,0.6593986867,0.0249687416,-0.5470646559,1.4605732641,0.5159327204,0.0635165055,0.0173655179,0.2786154916,2.1949910254,-0.6086878444,0.2770848078,0.0216276775,-0.3460573850,2.0306508141,-0.4783029711,0.0729248060,0.0136693778,0.4825805409,1.5854474080,0.2654845019
