Instance,INF_avg,INF_sd,INF_r1,INF_kr,INF_sk,SUP_avg,SUP_sd,SUP_r1,SUP_kr,SUP_sk,INC_avg,INC_sd,INC_r1,INC_kr,INC_sk,IND_avg,IND_sd,IND_r1,IND_kr,IND_sk
instances/A3/asymmetric/5.5.in,0.3000000000,0.1813529401,0.2857142857,2.1046384222,0.4023809756,0.0222222222,0.0444444444,-0.2500000000,3.2500000000,1.5000000000,0.6777777778,0.1906454275,0.4500370096,1.6695803550,-0.0810081877,0.5255555556,0.0955555556,0.0273609049,1.6778698877,0.1123863308
