Instance,INF_avg,INF_sd,INF_r1,INF_kr,INF_sk,SUP_avg,SUP_sd,SUP_r1,SUP_kr,SUP_sk,INC_avg,INC_sd,INC_r1,INC_kr,INC_sk,IND_avg,IND_sd,IND_r1,IND_kr,IND_sk
instances/A3/symmetric/10.5.in,0.4463100958,0.0966846010,0.5829151558,2.1534714563,-0.5630750879,0.0450843941,0.0268864274,0.1554554716,2.4501516663,-0.0472565450,0.5086055101,0.0727954138,0.6036209746,2.0017814302,0.6811042311,0.1609654518,0.0243918101,-0.0986304704,1.8096989288,0.1289329394
