Instance,INF_avg,INF_sd,INF_r1,INF_kr,INF_sk,SUP_avg,SUP_sd,SUP_r1,SUP_kr,SUP_sk,INC_avg,INC_sd,INC_r1,INC_kr,INC_sk,IND_avg,IND_sd,IND_r1,IND_kr,IND_sk
instances/A3/asymmetric/100.3.in,0.3050000000,0.0391152144,0.1463815789,2.0360758683,0.1955008795,0.1490000000,0.0223383079,-0.0125282399,1.8901410034,-0.5743344292,0.5460000000,0.0272763634,-0.2239548326,2.3942291016,0.0168525918,0.0930000000,0.0145258390,0.1377379619,2.3019923182,0.2525324998
