Instance,INF_avg,INF_sd,INF_r1,INF_kr,INF_sk,SUP_avg,SUP_sd,SUP_r1,SUP_kr,SUP_sk,INC_avg,INC_sd,INC_r1,INC_kr,INC_sk,IND_avg,IND_sd,IND_r1,IND_kr,IND_sk
instances/A2/asymmetric/5.1.in,0.4604938272,0.1046400993,0.0864502137,1.5070465610,0.0168827671,0.1759259259,0.1171213948,0.0743571925,1.8871875000,-0.1976423538,0.3635802469,0.0728185783,0.0918163835,3.0050548022,-0.0432439689,0.3419753086,0.0618702075,0.0536921679,2.0933693661,-0.0431916353
