Instance,INF_avg,INF_sd,INF_r1,INF_kr,INF_sk,SUP_avg,SUP_sd,SUP_r1,SUP_kr,SUP_sk,INC_avg,INC_sd,INC_r1,INC_kr,INC_sk,IND_avg,IND_sd,IND_r1,IND_kr,IND_sk
instances/A2/asymmetric/200.2.in,0.3485000000,0.0308261253,0.0065623136,1.7513562978,-0.3416571228,0.2030000000,0.0269443872,0.3331513828,2.0875964757,0.1438530791,0.4485000000,0.0272075357,-0.6059404114,4.2191101681,-1.4263883005,0.0585000000,0.0086746758,-0.4028657114,1.7030385978,0.1217888059
