Instance,INF_avg,INF_sd,INF_r1,INF_kr,INF_sk,SUP_avg,SUP_sd,SUP_r1,SUP_kr,SUP_sk,INC_avg,INC_sd,INC_r1,INC_kr,INC_sk,IND_avg,IND_sd,IND_r1,IND_kr,IND_sk
instances/A3/symmetric/5.2.in,0.3822222222,0.0430904876,-0.3610315186,1.5439112721,0.0460847791,0.0888888889,0.0831479419,-0.1594202899,1.8469387755,0.3436215967,0.5288888889,0.0708327887,-0.3776337115,1.2183334367,-0.2623456949,0.5288888889,0.0708327887,-0.3776337115,1.2183334367,-0.2623456949
