Instance,INF_avg,INF_sd,INF_r1,INF_kr,INF_sk,SUP_avg,SUP_sd,SUP_r1,SUP_kr,SUP_sk,INC_avg,INC_sd,INC_r1,INC_kr,INC_sk,IND_avg,IND_sd,IND_r1,IND_kr,IND_sk
instances/A3/symmetric/5.2.in,0.3141975309,0.1096543738,0.9949419960,2.8520903172,-1.0125016641,0.1358024691,0.0901953037,0.3218299826,1.8101371696,-0.2121275768,0.5500000000,0.0703703704,-0.1655034895,2.0549911373,-0.1919011518,0.4820987654,0.0747550998,0.1447026284,1.6956816566,0.7111028037
