Instance,INF_avg,INF_sd,INF_r1,INF_kr,INF_sk,SUP_avg,SUP_sd,SUP_r1,SUP_kr,SUP_sk,INC_avg,INC_sd,INC_r1,INC_kr,INC_sk,IND_avg,IND_sd,IND_r1,IND_kr,IND_sk
instances/A3/asymmetric/50.2.in,0.4316000000,0.0553122048,0.6351181071,2.1207473856,0.5661749011,0.1210000000,0.0337638860,0.4039345664,2.3107017544,-0.2409924645,0.4474000000,0.0432462715,0.7099517973,1.6684495784,0.2495081817,0.0762000000,0.0181813091,0.5615876006,2.1171267697,0.1561154555
