Instance,INF_avg,INF_sd,INF_r1,INF_kr,INF_sk,SUP_avg,SUP_sd,SUP_r1,SUP_kr,SUP_sk,INC_avg,INC_sd,INC_r1,INC_kr,INC_sk,IND_avg,IND_sd,IND_r1,IND_kr,IND_sk
instances/A3/asymmetric/20.6.in,0.5376394133,0.0391989118,0.3210093218,2.1144386660,0.4240044521,0.0493513643,0.0078430868,-0.6162275415,1.5659199285,-0.0575578140,0.4130092224,0.0441633414,0.2121019405,2.2679677781,-0.2720358179,0.1082211574,0.0144399226,-0.0897986965,2.1644906424,0.7187835637
