Instance,INF_avg,INF_sd,INF_r1,INF_kr,INF_sk,SUP_avg,SUP_sd,SUP_r1,SUP_kr,SUP_sk,INC_avg,INC_sd,INC_r1,INC_kr,INC_sk,IND_avg,IND_sd,IND_r1,IND_kr,IND_sk
instances/A3/symmetric/8.1.in,0.4784289784,0.1049531974,0.4254182839,1.4561110594,0.0410294272,0.1522847523,0.0173532438,-0.1101001167,3.5318141342,1.1014682611,0.3692862693,0.1052293663,0.5578385619,1.4310276381,0.0741562564,0.1881192881,0.0193720717,0.5854876446,2.4864900413,-0.9408631820
