Instance,INF_avg,INF_sd,INF_r1,INF_kr,INF_sk,SUP_avg,SUP_sd,SUP_r1,SUP_kr,SUP_sk,INC_avg,INC_sd,INC_r1,INC_kr,INC_sk,IND_avg,IND_sd,IND_r1,IND_kr,IND_sk
instances/A1/asymmetric/200.6.in,0.3926000000,0.0404998765,0.3695045247,3.3281930703,0.7352688058,0.1632000000,0.0253724260,0.1664884331,2.2206500198,-0.0191544467,0.4442000000,0.0373009383,0.4484912997,1.7726921887,-0.0580015425,0.0514000000,0.0121260051,-0.0828981061,2.3073061034,0.3110967897
