Instance,INF_avg,INF_sd,INF_r1,INF_kr,INF_sk,SUP_avg,SUP_sd,SUP_r1,SUP_kr,SUP_sk,INC_avg,INC_sd,INC_r1,INC_kr,INC_sk,IND_avg,IND_sd,IND_r1,IND_kr,IND_sk
instances/A2/asymmetric/10.3.in,0.5670479303,0.0525965590,-0.0899733696,2.5737560412,-0.9309146794,0.1028104575,0.0559087580,-0.3619208604,2.5471868820,0.9843257910,0.3301416122,0.0212381875,-1.0726239774,1.8237083013,-0.3234266110,0.1334531590,0.0508643494,0.0509355733,2.3517849350,0.8838496955
