Instance,INF_avg,INF_sd,INF_r1,INF_kr,INF_sk,SUP_avg,SUP_sd,SUP_r1,SUP_kr,SUP_sk,INC_avg,INC_sd,INC_r1,INC_kr,INC_sk,IND_avg,IND_sd,IND_r1,IND_kr,IND_sk
instances/A1/asymmetric/200.5.in,0.3744500000,0.0422012737,0.4337352635,3.4845002204,-0.4531441187,0.1542000000,0.0294085022,0.5361817220,2.2361727400,-0.0291466968,0.4713500000,0.0336515601,0.2738681311,2.5771698116,0.2445672814,0.0662500000,0.0161458199,0.4437451298,2.7414188836,-0.2181701880
