Instance,INF_avg,INF_sd,INF_r1,INF_kr,INF_sk,SUP_avg,SUP_sd,SUP_r1,SUP_kr,SUP_sk,INC_avg,INC_sd,INC_r1,INC_kr,INC_sk,IND_avg,IND_sd,IND_r1,IND_kr,IND_sk
instances/A3/asymmetric/5.4.in,0.2588888889,0.1268614487,0.2533050870,2.0026057847,-0.0495676783,0.0300000000,0.0371184291,0.0259740260,1.2989073881,0.4692912730,0.7111111111,0.1355828752,0.3919781222,1.9491234353,0.4167432350,0.4777777778,0.0578418448,-0.6358381503,1.3227284487,0.1903225964
