Instance,INF_avg,INF_sd,INF_r1,INF_kr,INF_sk,SUP_avg,SUP_sd,SUP_r1,SUP_kr,SUP_sk,INC_avg,INC_sd,INC_r1,INC_kr,INC_sk,IND_avg,IND_sd,IND_r1,IND_kr,IND_sk
instances/A3/asymmetric/5.4.in,0.3074074074,0.1219131896,0.4627677750,2.2999437380,-0.4792010356,0.1061728395,0.1215312806,0.8251731214,1.9268467221,0.7056064953,0.5864197531,0.1802130866,0.6109292905,2.2576462869,0.4413100368,0.4598765432,0.0864153438,-0.2234588196,1.7287475138,-0.1713600472
