Instance,INF_avg,INF_sd,INF_r1,INF_kr,INF_sk,SUP_avg,SUP_sd,SUP_r1,SUP_kr,SUP_sk,INC_avg,INC_sd,INC_r1,INC_kr,INC_sk,IND_avg,IND_sd,IND_r1,IND_kr,IND_sk
instances/A2/symmetric/10.3.in,0.5240208351,0.0998041658,0.8575114336,1.7460186733,-0.2560906051,0.1466171688,0.0776053299,0.6747907300,2.2798131386,-0.6824979502,0.3293619960,0.0416284961,0.7245105736,1.9305757198,0.1669383876,0.1146220035,0.0324440833,-0.3194472145,3.0219562923,0.7220736957
