Instance,INF_avg,INF_sd,INF_r1,INF_kr,INF_sk,SUP_avg,SUP_sd,SUP_r1,SUP_kr,SUP_sk,INC_avg,INC_sd,INC_r1,INC_kr,INC_sk,IND_avg,IND_sd,IND_r1,IND_kr,IND_sk
instances/A2/asymmetric/20.4.in,0.4289856887,0.0240771719,-0.4412552326,1.3227355380,0.2644647520,0.2921161399,0.0302054197,-0.3807882225,1.6698022877,-0.3422786438,0.2788981714,0.0110351362,-0.1849795267,2.5929574283,1.0677070824,0.0393383595,0.0048880188,-0.5156170992,2.7073309950,0.9454949495
