Instance,INF_avg,INF_sd,INF_r1,INF_kr,INF_sk,SUP_avg,SUP_sd,SUP_r1,SUP_kr,SUP_sk,INC_avg,INC_sd,INC_r1,INC_kr,INC_sk,IND_avg,IND_sd,IND_r1,IND_kr,IND_sk
instances/A2/asymmetric/20.4.in,0.4346709230,0.0271105362,-0.3723964098,2.0856429903,0.6005411521,0.2824048888,0.0316615624,-0.1673874264,2.0475069205,-0.2752610603,0.2829241882,0.0103474693,0.1577871839,1.6783003694,0.1233832438,0.0399889515,0.0063786651,-0.5755806721,2.5003794236,1.0265412575
