Instance,INF_avg,INF_sd,INF_r1,INF_kr,INF_sk,SUP_avg,SUP_sd,SUP_r1,SUP_kr,SUP_sk,INC_avg,INC_sd,INC_r1,INC_kr,INC_sk,IND_avg,IND_sd,IND_r1,IND_kr,IND_sk
instances/A1/asymmetric/8.2.in,0.4333333333,0.0596284794,-0.1333333333,1.9531250000,-0.6288941187,0.1678787879,0.0651789935,0.1178822631,1.8215114788,0.4046614559,0.3987878788,0.0212207775,-0.4046686255,2.4550468506,0.1668859871,0.2618181818,0.0566139765,-0.5713081503,2.1492607154,-0.4929492968
