Instance,INF_avg,INF_sd,INF_r1,INF_kr,INF_sk,SUP_avg,SUP_sd,SUP_r1,SUP_kr,SUP_sk,INC_avg,INC_sd,INC_r1,INC_kr,INC_sk,IND_avg,IND_sd,IND_r1,IND_kr,IND_sk
instances/A2/symmetric/50.5.in,0.5339024390,0.1169871381,0.9593831828,2.0690956755,-0.0604614756,0.0974390244,0.0574044482,0.9068558357,2.2236316605,0.3826962579,0.3686585366,0.0638216302,0.8895430829,2.2178914054,-0.0682987555,0.0535365854,0.0149895859,0.3416300318,2.7761758442,0.6957373626
