Instance,INF_avg,INF_sd,INF_r1,INF_kr,INF_sk,SUP_avg,SUP_sd,SUP_r1,SUP_kr,SUP_sk,INC_avg,INC_sd,INC_r1,INC_kr,INC_sk,IND_avg,IND_sd,IND_r1,IND_kr,IND_sk
instances/A1/asymmetric/10.4.in,0.6958834996,0.0305109507,0.1006198149,2.2519092476,-0.1884591231,0.0652104117,0.0181065751,-0.3668290554,1.7648265155,-0.3622970505,0.2389060888,0.0204393427,-0.1955807766,1.1704888413,0.4100039880,0.1557619539,0.0258874125,-0.3657591359,2.1872519777,-0.6351918561
