Instance,INF_avg,INF_sd,INF_r1,INF_kr,INF_sk,SUP_avg,SUP_sd,SUP_r1,SUP_kr,SUP_sk,INC_avg,INC_sd,INC_r1,INC_kr,INC_sk,IND_avg,IND_sd,IND_r1,IND_kr,IND_sk
instances/A3/asymmetric/8.3.in,0.5523809524,0.1735139184,0.8557482077,1.3738178317,-0.1874815008,0.1733007733,0.1109004490,0.5104097888,1.9382920390,-0.3682606220,0.2743182743,0.0908942037,0.4030730205,2.1692975614,0.4202008206,0.2076109076,0.0544589890,-0.0102114869,2.3057036005,-0.6589551287
