Instance,INF_avg,INF_sd,INF_r1,INF_kr,INF_sk,SUP_avg,SUP_sd,SUP_r1,SUP_kr,SUP_sk,INC_avg,INC_sd,INC_r1,INC_kr,INC_sk,IND_avg,IND_sd,IND_r1,IND_kr,IND_sk
instances/A1/symmetric/20.4.in,0.4609394915,0.0238685218,-0.0141891100,2.3766602028,-0.2189291691,0.1127207563,0.0416808848,0.7336276026,1.6519769603,0.5472031682,0.4263397522,0.0452044190,0.6086815230,1.9332150069,-0.5087971840,0.0989021036,0.0245275740,0.4951222770,2.2848933547,0.3900581920
