Instance,INF_avg,INF_sd,INF_r1,INF_kr,INF_sk,SUP_avg,SUP_sd,SUP_r1,SUP_kr,SUP_sk,INC_avg,INC_sd,INC_r1,INC_kr,INC_sk,IND_avg,IND_sd,IND_r1,IND_kr,IND_sk
instances/A2/symmetric/5.2.in,0.2422222222,0.1137790799,0.2391304348,2.3312516377,0.7723882110,0.2422222222,0.0724014869,0.0771715029,2.6550051041,-0.7809378046,0.5155555556,0.0509659775,0.4392917369,2.2716896297,0.3635716500,0.3455555556,0.0740703703,0.6294894930,1.3201332960,0.1687483116
