Instance,INF_avg,INF_sd,INF_r1,INF_kr,INF_sk,SUP_avg,SUP_sd,SUP_r1,SUP_kr,SUP_sk,INC_avg,INC_sd,INC_r1,INC_kr,INC_sk,IND_avg,IND_sd,IND_r1,IND_kr,IND_sk
instances/A2/symmetric/50.3.in,0.4572413793,0.0906260430,0.7342818516,2.2431156427,-0.3837922974,0.0862068966,0.0605955383,0.8000336126,2.4691867567,0.6921915544,0.4565517241,0.0589725747,0.2807322010,2.2983052349,0.6208324466,0.1737931034,0.0517563118,-0.1119250934,2.9208323581,0.6062422181
