Instance,INF_avg,INF_sd,INF_r1,INF_kr,INF_sk,SUP_avg,SUP_sd,SUP_r1,SUP_kr,SUP_sk,INC_avg,INC_sd,INC_r1,INC_kr,INC_sk,IND_avg,IND_sd,IND_r1,IND_kr,IND_sk
instances/A2/asymmetric/8.6.in,0.5553113553,0.0950130399,0.5256093349,2.5636161475,-1.0403892611,0.0256410256,0.0512820513,0.4000000000,4.5000000000,1.7500000000,0.4190476190,0.0538858702,0.3677315895,3.4671104346,0.7637310285,0.2404965405,0.0631495200,0.3154658775,2.6637803201,-0.7335795346
