Instance,INF_avg,INF_sd,INF_r1,INF_kr,INF_sk,SUP_avg,SUP_sd,SUP_r1,SUP_kr,SUP_sk,INC_avg,INC_sd,INC_r1,INC_kr,INC_sk,IND_avg,IND_sd,IND_r1,IND_kr,IND_sk
instances/A3/symmetric/100.3.in,0.3820833333,0.1574928349,0.8142016701,5.6433707702,1.6637349421,0.0539583333,0.0478817808,0.4914650034,2.9227958894,0.7821174808,0.5639583333,0.1456771485,0.7640796335,5.2517295731,-1.4562301924,0.2116666667,0.0526518967,0.1886297409,2.7080282810,-0.0955659804
