Instance,INF_avg,INF_sd,INF_r1,INF_kr,INF_sk,SUP_avg,SUP_sd,SUP_r1,SUP_kr,SUP_sk,INC_avg,INC_sd,INC_r1,INC_kr,INC_sk,IND_avg,IND_sd,IND_r1,IND_kr,IND_sk
instances/A1/asymmetric/200.4.in,0.2878000000,0.0394481939,0.2858902310,2.9191761934,0.0949914049,0.1539000000,0.0280230262,0.0546895077,2.7994130221,0.4273925996,0.5583000000,0.0301597414,0.3601480552,3.3806693378,-0.7174987720,0.0763000000,0.0228650388,0.3286871450,2.6855470183,0.4016492811
