Instance,INF_avg,INF_sd,INF_r1,INF_kr,INF_sk,SUP_avg,SUP_sd,SUP_r1,SUP_kr,SUP_sk,INC_avg,INC_sd,INC_r1,INC_kr,INC_sk,IND_avg,IND_sd,IND_r1,IND_kr,IND_sk
instances/A1/asymmetric/10.5.in,0.7174089069,0.0766113436,-0.0350109409,1.5000000000,-0.3641680564,0.0560053981,0.0471659436,-0.0032179174,1.5000000000,0.1069302482,0.2265856950,0.0304592908,-0.1242007771,1.5000000000,0.6442972577,0.1705802969,0.0208684284,-0.3649430035,1.5000000000,0.6871984628
