Instance,INF_avg,INF_sd,INF_r1,INF_kr,INF_sk,SUP_avg,SUP_sd,SUP_r1,SUP_kr,SUP_sk,INC_avg,INC_sd,INC_r1,INC_kr,INC_sk,IND_avg,IND_sd,IND_r1,IND_kr,IND_sk
instances/A3/symmetric/10.3.in,0.7723684211,0.0420023413,-0.0002751032,2.3036660660,-1.1194562152,0.0000000000,0.0000000000,0.0000000000,0.0000000000,0.0000000000,0.2276315789,0.0420023413,-0.0002751032,2.3036660660,1.1194562152,0.2144736842,0.0522850434,-0.3552865214,2.1356447291,0.7668285412
