Instance,INF_avg,INF_sd,INF_r1,INF_kr,INF_sk,SUP_avg,SUP_sd,SUP_r1,SUP_kr,SUP_sk,INC_avg,INC_sd,INC_r1,INC_kr,INC_sk,IND_avg,IND_sd,IND_r1,IND_kr,IND_sk
instances/A1/symmetric/5.4.in,0.3864197531,0.1798892952,0.4520885562,2.8856655081,-0.8114127912,0.2535273369,0.2026224002,0.4703626274,2.3323901694,0.5202849219,0.3600529101,0.0832959520,0.2376224864,2.1881228500,-0.0999928495,0.3957671958,0.0704002005,-0.3094105026,3.2543354401,1.0372086706
