Instance,INF_avg,INF_sd,INF_r1,INF_kr,INF_sk,SUP_avg,SUP_sd,SUP_r1,SUP_kr,SUP_sk,INC_avg,INC_sd,INC_r1,INC_kr,INC_sk,IND_avg,IND_sd,IND_r1,IND_kr,IND_sk
instances/A3/symmetric/100.1.in,0.1651500000,0.1005322212,0.5643995071,1.4005417919,0.0288624264,0.1783500000,0.0369395114,0.3777132842,3.4506254319,0.6256356776,0.6565000000,0.0866241883,0.5332914853,1.7414078601,-0.1233068907,0.0952000000,0.0245144855,0.0954287875,3.1230239817,0.5847328475
