Instance,INF_avg,INF_sd,INF_r1,INF_kr,INF_sk,SUP_avg,SUP_sd,SUP_r1,SUP_kr,SUP_sk,INC_avg,INC_sd,INC_r1,INC_kr,INC_sk,IND_avg,IND_sd,IND_r1,IND_kr,IND_sk
instances/A1/symmetric/5.1.in,0.2916666667,0.0416666667,-1.0000000000,1.0000000000,0.0000000000,0.0416666667,0.0416666667,-1.0000000000,1.0000000000,0.0000000000,0.6666666667,0.0000000000,0.0000000000,0.0000000000,0.0000000000,0.3888888889,0.0555555556,-1.0000000000,1.0000000000,0.0000000000
