Instance,INF_avg,INF_sd,INF_r1,INF_kr,INF_sk,SUP_avg,SUP_sd,SUP_r1,SUP_kr,SUP_sk,INC_avg,INC_sd,INC_r1,INC_kr,INC_sk,IND_avg,IND_sd,IND_r1,IND_kr,IND_sk
instances/A1/asymmetric/200.2.in,0.3330000000,0.0172046505,-0.3669821241,1.9226168736,0.2226770648,0.1660000000,0.0195959179,-0.4226135310,2.2225748698,-0.1299696706,0.5010000000,0.0177200451,0.0286831812,2.3648221023,0.2393920660,0.0770000000,0.0153622915,0.0572390572,1.4904481471,0.4071161708
