Instance,INF_avg,INF_sd,INF_r1,INF_kr,INF_sk,SUP_avg,SUP_sd,SUP_r1,SUP_kr,SUP_sk,INC_avg,INC_sd,INC_r1,INC_kr,INC_sk,IND_avg,IND_sd,IND_r1,IND_kr,IND_sk
instances/A1/asymmetric/50.1.in,0.5468571429,0.0953571161,0.9357884436,2.1508689972,0.2676393968,0.0788571429,0.0564685211,0.8483599430,3.2846884499,0.6689319647,0.3742857143,0.0473006019,0.8406541394,2.5309448075,-0.7350376913,0.0877142857,0.0149925151,0.5958819834,2.5401602873,-0.2427837321
