Instance,INF_avg,INF_sd,INF_r1,INF_kr,INF_sk,SUP_avg,SUP_sd,SUP_r1,SUP_kr,SUP_sk,INC_avg,INC_sd,INC_r1,INC_kr,INC_sk,IND_avg,IND_sd,IND_r1,IND_kr,IND_sk
instances/A1/symmetric/5.2.in,0.1628571429,0.1095196687,-0.9997830744,2.1638550680,0.1095559451,0.2361904762,0.0402486602,-0.5545155578,1.9953507999,-0.8025616631,0.6009523810,0.0756168885,-1.1964915157,2.5187066990,0.5853114030,0.4380952381,0.0519025775,-0.1735849057,1.6830765568,-0.4318595240
