Instance,INF_avg,INF_sd,INF_r1,INF_kr,INF_sk,SUP_avg,SUP_sd,SUP_r1,SUP_kr,SUP_sk,INC_avg,INC_sd,INC_r1,INC_kr,INC_sk,IND_avg,IND_sd,IND_r1,IND_kr,IND_sk
instances/A2/asymmetric/10.2.in,0.6604770095,0.0511925237,-0.1732840918,1.4724495457,0.3543964897,0.1539645683,0.0370948799,0.1820191007,2.5512340841,0.9621173060,0.1855584222,0.0509650044,-0.2917415675,2.0969805603,0.8530002173,0.1562011237,0.0368851951,0.3226733410,1.4949483819,0.2782679579
