Instance,INF_avg,INF_sd,INF_r1,INF_kr,INF_sk,SUP_avg,SUP_sd,SUP_r1,SUP_kr,SUP_sk,INC_avg,INC_sd,INC_r1,INC_kr,INC_sk,IND_avg,IND_sd,IND_r1,IND_kr,IND_sk
instances/A2/asymmetric/200.2.in,0.4040000000,0.0332264955,0.1529905179,2.0800941241,0.0528323785,0.1910000000,0.0267207784,-0.0858219774,1.7692606454,-0.1817740029,0.4050000000,0.0275680975,-0.2781456954,1.8533587258,-0.4939920519,0.0680000000,0.0092736185,-0.6666666667,1.5091941590,-0.1579875514
