Instance,INF_avg,INF_sd,INF_r1,INF_kr,INF_sk,SUP_avg,SUP_sd,SUP_r1,SUP_kr,SUP_sk,INC_avg,INC_sd,INC_r1,INC_kr,INC_sk,IND_avg,IND_sd,IND_r1,IND_kr,IND_sk
instances/A2/symmetric/20.6.in,0.6916263632,0.0548667381,-0.0231899196,3.1348903819,1.4057024166,0.0510413247,0.0370760895,0.6599851735,1.8991072038,0.1706569274,0.2573323121,0.0416432823,-0.2901887923,1.3810162524,-0.2835176789,0.1169548091,0.0675343906,0.0626396667,3.1018248346,1.3911268269
