Instance,INF_avg,INF_sd,INF_r1,INF_kr,INF_sk,SUP_avg,SUP_sd,SUP_r1,SUP_kr,SUP_sk,INC_avg,INC_sd,INC_r1,INC_kr,INC_sk,IND_avg,IND_sd,IND_r1,IND_kr,IND_sk
instances/A1/asymmetric/20.6.in,0.5650000000,0.1306713435,0.7697570182,1.8085163852,-0.4689152991,0.0925000000,0.0720676765,0.7605607123,1.6812721831,0.4816471546,0.3425000000,0.0611861913,0.6672967864,2.2910443393,0.6151343756,0.1450000000,0.0239791576,0.1194968553,1.5973534972,0.3807654518
