Instance,INF_avg,INF_sd,INF_r1,INF_kr,INF_sk,SUP_avg,SUP_sd,SUP_r1,SUP_kr,SUP_sk,INC_avg,INC_sd,INC_r1,INC_kr,INC_sk,IND_avg,IND_sd,IND_r1,IND_kr,IND_sk
instances/A3/symmetric/8.5.in,0.1621773288,0.0637820311,0.1610363615,2.8140406611,-0.9154686891,0.1461840629,0.0348579267,0.1814558919,1.7284230197,0.1422211575,0.6916386083,0.0434859344,0.3147797312,2.3922455545,0.4651634989,0.2180134680,0.0589225589,0.4013097731,3.0496123282,-0.6915160350
