Instance,INF_avg,INF_sd,INF_r1,INF_kr,INF_sk,SUP_avg,SUP_sd,SUP_r1,SUP_kr,SUP_sk,INC_avg,INC_sd,INC_r1,INC_kr,INC_sk,IND_avg,IND_sd,IND_r1,IND_kr,IND_sk
instances/A3/symmetric/8.5.in,0.2060606061,0.0226767114,-0.1111111111,1.8469387755,0.3436215967,0.1333333333,0.0309031486,0.5454545455,1.9556213018,0.2715454179,0.6606060606,0.0226767114,-0.0185185185,1.8469387755,0.3436215967,0.1818181818,0.0507066683,-0.2857142857,2.5000000000,-0.7683612489
