Instance,INF_avg,INF_sd,INF_r1,INF_kr,INF_sk,SUP_avg,SUP_sd,SUP_r1,SUP_kr,SUP_sk,INC_avg,INC_sd,INC_r1,INC_kr,INC_sk,IND_avg,IND_sd,IND_r1,IND_kr,IND_sk
instances/A3/asymmetric/100.4.in,0.2470000000,0.0140000000,-0.2409886715,2.9376301541,-1.2332361516,0.1590000000,0.0120000000,0.2331768388,1.6151620370,-0.5451388889,0.5940000000,0.0139283883,0.3040685225,1.3296312042,-0.2931045678,0.0580000000,0.0092736185,-0.7816091954,1.5091941590,-0.1579875514
