Instance,INF_avg,INF_sd,INF_r1,INF_kr,INF_sk,SUP_avg,SUP_sd,SUP_r1,SUP_kr,SUP_sk,INC_avg,INC_sd,INC_r1,INC_kr,INC_sk,IND_avg,IND_sd,IND_r1,IND_kr,IND_sk
instances/A3/symmetric/20.1.in,0.7491916280,0.0834636623,0.8010547562,2.0635222151,0.3543425125,0.0751586864,0.0306513304,0.4442824439,4.2476832637,-1.4762271652,0.1756496856,0.0585502923,0.9423324965,2.0595195348,0.2841039307,0.0859285976,0.0252611284,0.2902975898,4.7766281961,1.6601791144
