Instance,INF_avg,INF_sd,INF_r1,INF_kr,INF_sk,SUP_avg,SUP_sd,SUP_r1,SUP_kr,SUP_sk,INC_avg,INC_sd,INC_r1,INC_kr,INC_sk,IND_avg,IND_sd,IND_r1,IND_kr,IND_sk
instances/A3/symmetric/8.3.in,0.1308080808,0.0814275498,-0.2237306690,1.6075306712,0.1136284324,0.1757575758,0.0499106435,0.4502425232,1.6582195188,0.2192028323,0.6934343434,0.0692969048,-0.3304761171,1.9588507958,0.3630416689,0.2661616162,0.0511474299,0.7430582337,1.5314947105,-0.1478792477
