Instance,INF_avg,INF_sd,INF_r1,INF_kr,INF_sk,SUP_avg,SUP_sd,SUP_r1,SUP_kr,SUP_sk,INC_avg,INC_sd,INC_r1,INC_kr,INC_sk,IND_avg,IND_sd,IND_r1,IND_kr,IND_sk
instances/A3/symmetric/8.3.in,0.1470935408,0.0763172404,-0.1127937060,2.1693799470,0.1914812168,0.1495413909,0.0497332535,0.5259732734,2.4780609280,0.7982508842,0.7033650683,0.0647969472,-0.2815858194,1.7675496374,-0.1425277776,0.2622295754,0.0397282305,0.5172307548,2.3385902112,0.0729114736
