Instance,INF_avg,INF_sd,INF_r1,INF_kr,INF_sk,SUP_avg,SUP_sd,SUP_r1,SUP_kr,SUP_sk,INC_avg,INC_sd,INC_r1,INC_kr,INC_sk,IND_avg,IND_sd,IND_r1,IND_kr,IND_sk
instances/A1/asymmetric/20.3.in,0.4211869713,0.0726987311,0.6648340381,1.2725252333,-0.1364305975,0.1705224641,0.0776938203,0.7391392068,1.2969999889,-0.1420024474,0.4082905646,0.0150671533,-0.2881030650,2.6361392244,-1.0389395713,0.0527490967,0.0085329318,0.2696975085,1.4607994410,-0.3778351827
