Instance,INF_avg,INF_sd,INF_r1,INF_kr,INF_sk,SUP_avg,SUP_sd,SUP_r1,SUP_kr,SUP_sk,INC_avg,INC_sd,INC_r1,INC_kr,INC_sk,IND_avg,IND_sd,IND_r1,IND_kr,IND_sk
instances/A3/asymmetric/10.1.in,0.6559064327,0.0951307320,-0.2242428727,1.9651681636,0.0441617927,0.0074074074,0.0148148148,-0.3157894737,3.2500000000,1.5000000000,0.3366861598,0.0850526802,-0.1787150570,1.9464486381,-0.3143306548,0.2489668616,0.0528891826,-0.1128610521,1.8669472777,0.3100207653
