Instance,INF_avg,INF_sd,INF_r1,INF_kr,INF_sk,SUP_avg,SUP_sd,SUP_r1,SUP_kr,SUP_sk,INC_avg,INC_sd,INC_r1,INC_kr,INC_sk,IND_avg,IND_sd,IND_r1,IND_kr,IND_sk
instances/A2/symmetric/8.2.in,0.1737373737,0.1044172835,0.6005795646,1.2881162473,-0.0297597855,0.4353535354,0.0942781986,0.4920405318,1.7674321668,0.2801907965,0.3909090909,0.0424182295,-0.1056082193,2.8176779816,1.2332441750,0.2287878788,0.0455554436,-0.2897526502,1.2731664578,-0.3472380649
