Instance,INF_avg,INF_sd,INF_r1,INF_kr,INF_sk,SUP_avg,SUP_sd,SUP_r1,SUP_kr,SUP_sk,INC_avg,INC_sd,INC_r1,INC_kr,INC_sk,IND_avg,IND_sd,IND_r1,IND_kr,IND_sk
instances/A1/asymmetric/20.2.in,0.7645299145,0.0630019474,-0.0952702166,1.5000000000,0.4618421103,0.0218803419,0.0165450306,-0.0412969283,1.5000000000,-0.3292063417,0.2135897436,0.0465213290,-0.1205100671,1.5000000000,-0.5035642579,0.0937606838,0.0414594232,-0.9050269300,1.5000000000,0.4612971854
