Instance,INF_avg,INF_sd,INF_r1,INF_kr,INF_sk,SUP_avg,SUP_sd,SUP_r1,SUP_kr,SUP_sk,INC_avg,INC_sd,INC_r1,INC_kr,INC_sk,IND_avg,IND_sd,IND_r1,IND_kr,IND_sk
instances/A3/asymmetric/10.5.in,0.5129624234,0.1771955314,0.6722606905,1.5790413525,0.6566638685,0.1326910361,0.0690790360,0.5614470180,2.1834211118,-0.6671276746,0.3543465404,0.1129075630,0.7350762872,1.5204798658,-0.5768665872,0.2184950393,0.0459617252,0.5934424109,2.3585019067,-0.0916814620
