Instance,INF_avg,INF_sd,INF_r1,INF_kr,INF_sk,SUP_avg,SUP_sd,SUP_r1,SUP_kr,SUP_sk,INC_avg,INC_sd,INC_r1,INC_kr,INC_sk,IND_avg,IND_sd,IND_r1,IND_kr,IND_sk
instances/A3/asymmetric/10.5.in,0.6137518633,0.1818312749,0.6491867680,1.3574106205,-0.4362788155,0.1056352483,0.0827404275,0.6751849344,1.5430101240,0.2461056659,0.2806128884,0.1017012176,0.5610725109,1.2919253247,0.4422634605,0.2336085311,0.0352211255,0.6303150458,2.7299167359,1.1027487327
