Instance,INF_avg,INF_sd,INF_r1,INF_kr,INF_sk,SUP_avg,SUP_sd,SUP_r1,SUP_kr,SUP_sk,INC_avg,INC_sd,INC_r1,INC_kr,INC_sk,IND_avg,IND_sd,IND_r1,IND_kr,IND_sk
instances/A3/symmetric/100.6.in,0.2812000000,0.0594353430,0.4686685739,2.8101430652,0.4798131855,0.1669500000,0.0340873510,0.3821758797,2.9901195824,-0.0866891206,0.5518500000,0.0481749676,0.4185418787,2.3989401976,-0.1418144294,0.0786000000,0.0196351725,0.3885926659,2.9010818648,0.1095767735
