Instance,INF_avg,INF_sd,INF_r1,INF_kr,INF_sk,SUP_avg,SUP_sd,SUP_r1,SUP_kr,SUP_sk,INC_avg,INC_sd,INC_r1,INC_kr,INC_sk,IND_avg,IND_sd,IND_r1,IND_kr,IND_sk
instances/A3/symmetric/8.5.in,0.1393939394,0.0242424242,-0.3380281690,2.0781250000,0.8437500000,0.1272727273,0.0353391024,-0.8047337278,1.6280276817,0.3631734744,0.7333333333,0.0353391024,-0.8181818182,1.6280276817,0.3631734744,0.2727272727,0.0428549564,0.2000000000,1.7000000000,0.0000000000
