Instance,INF_avg,INF_sd,INF_r1,INF_kr,INF_sk,SUP_avg,SUP_sd,SUP_r1,SUP_kr,SUP_sk,INC_avg,INC_sd,INC_r1,INC_kr,INC_sk,IND_avg,IND_sd,IND_r1,IND_kr,IND_sk
instances/A1/asymmetric/5.4.in,0.4265432099,0.1078146105,0.0914673235,2.3085745387,-0.1957164313,0.1246913580,0.1057376957,-0.0759436143,2.2903094460,0.6317090431,0.4487654321,0.0959315663,0.5196261279,3.4504171082,0.9300446035,0.4376543210,0.0449643799,-0.0738764109,5.3776672399,1.8398648290
