Instance,INF_avg,INF_sd,INF_r1,INF_kr,INF_sk,SUP_avg,SUP_sd,SUP_r1,SUP_kr,SUP_sk,INC_avg,INC_sd,INC_r1,INC_kr,INC_sk,IND_avg,IND_sd,IND_r1,IND_kr,IND_sk
instances/A1/asymmetric/5.4.in,0.4222222222,0.0984446953,-0.0135135135,2.5473852895,-0.5693649136,0.1500000000,0.1160034057,0.2715067131,1.8612280111,0.3598439117,0.4277777778,0.0544331054,0.2931937173,2.4361979167,-0.5677202789,0.4555555556,0.0515201028,-0.2323943662,2.9694429421,1.2864700617
