Instance,INF_avg,INF_sd,INF_r1,INF_kr,INF_sk,SUP_avg,SUP_sd,SUP_r1,SUP_kr,SUP_sk,INC_avg,INC_sd,INC_r1,INC_kr,INC_sk,IND_avg,IND_sd,IND_r1,IND_kr,IND_sk
instances/A3/asymmetric/8.2.in,0.0166666667,0.0136082763,0.5238095238,1.1666666667,-0.4082482905,0.2166666667,0.0643102050,0.0732436472,2.5997995099,0.8238983939,0.7666666667,0.0544331054,-0.0504201681,2.7291666667,-0.8675276172,0.2666666667,0.0136082763,0.5238095238,1.1666666667,-0.4082482905
