Instance,INF_avg,INF_sd,INF_r1,INF_kr,INF_sk,SUP_avg,SUP_sd,SUP_r1,SUP_kr,SUP_sk,INC_avg,INC_sd,INC_r1,INC_kr,INC_sk,IND_avg,IND_sd,IND_r1,IND_kr,IND_sk
instances/A3/symmetric/5.1.in,0.3833333333,0.1183737542,-0.2868949233,1.5554445070,0.0762908726,0.1055555556,0.0618640485,0.1082164329,2.0793444329,-0.6170311183,0.5111111111,0.0623609564,-0.6811279826,1.2422524565,0.1315095000,0.3944444444,0.0509175077,-0.1014851485,1.2091836735,-0.2961528510
