Instance,INF_avg,INF_sd,INF_r1,INF_kr,INF_sk,SUP_avg,SUP_sd,SUP_r1,SUP_kr,SUP_sk,INC_avg,INC_sd,INC_r1,INC_kr,INC_sk,IND_avg,IND_sd,IND_r1,IND_kr,IND_sk
instances/A1/asymmetric/200.5.in,0.2970000000,0.0180554701,0.4502617801,1.6948511423,0.3883737120,0.1360000000,0.0193390796,-0.4640130862,2.5660013155,0.5947891022,0.5670000000,0.0254165301,0.2232215863,2.6488368526,-0.9643659406,0.0860000000,0.0091651514,-0.7303102625,2.2295918367,-0.6858276550
