Instance,INF_avg,INF_sd,INF_r1,INF_kr,INF_sk,SUP_avg,SUP_sd,SUP_r1,SUP_kr,SUP_sk,INC_avg,INC_sd,INC_r1,INC_kr,INC_sk,IND_avg,IND_sd,IND_r1,IND_kr,IND_sk
instances/A2/asymmetric/10.6.in,0.2938775510,0.0881103394,-0.3130206050,2.2190591096,0.7849251861,0.3428571429,0.0925370126,-0.4044943820,2.1528032219,-0.6549281886,0.3632653061,0.0270744881,-0.3309352518,2.2169421488,0.3700366502,0.1387755102,0.0237998037,-0.3265306122,2.6660899654,1.1500493357
