Instance,INF_avg,INF_sd,INF_r1,INF_kr,INF_sk,SUP_avg,SUP_sd,SUP_r1,SUP_kr,SUP_sk,INC_avg,INC_sd,INC_r1,INC_kr,INC_sk,IND_avg,IND_sd,IND_r1,IND_kr,IND_sk
instances/A2/symmetric/5.3.in,0.4981481481,0.0965807764,0.5865418737,1.5801416522,-0.1549438461,0.1327160494,0.1254469224,0.3329490744,1.4266044826,0.1018985503,0.3691358025,0.0600703241,0.1004653157,4.1213802493,-1.5020895973,0.3907407407,0.0726719143,0.1158518735,3.8588126160,-1.0118482388
