Instance,INF_avg,INF_sd,INF_r1,INF_kr,INF_sk,SUP_avg,SUP_sd,SUP_r1,SUP_kr,SUP_sk,INC_avg,INC_sd,INC_r1,INC_kr,INC_sk,IND_avg,IND_sd,IND_r1,IND_kr,IND_sk
instances/A3/symmetric/20.5.in,0.3600000000,0.1032795559,0.9113924051,1.9134375000,0.7624935963,0.0700000000,0.0472581563,-0.4823529412,1.8411672978,0.1515966697,0.5700000000,0.0789514619,0.6996047431,1.5911521633,-0.1625584162,0.2066666667,0.0512076383,0.1085714286,3.3654122379,-1.2665836424
