Instance,INF_avg,INF_sd,INF_r1,INF_kr,INF_sk,SUP_avg,SUP_sd,SUP_r1,SUP_kr,SUP_sk,INC_avg,INC_sd,INC_r1,INC_kr,INC_sk,IND_avg,IND_sd,IND_r1,IND_kr,IND_sk
instances/A1/asymmetric/200.1.in,0.4100000000,0.0562304580,0.6581674393,2.7230824330,-0.3399018799,0.0867796610,0.0501291781,0.8643533798,2.2892353607,0.3258029278,0.5032203390,0.0329774282,0.1153311406,3.1329018499,-0.2437936433,0.0741101695,0.0189628468,0.2182971459,2.9525256901,0.0490650079
