Instance,INF_avg,INF_sd,INF_r1,INF_kr,INF_sk,SUP_avg,SUP_sd,SUP_r1,SUP_kr,SUP_sk,INC_avg,INC_sd,INC_r1,INC_kr,INC_sk,IND_avg,IND_sd,IND_r1,IND_kr,IND_sk
instances/A1/symmetric/200.1.in,0.3321000000,0.0367571762,0.1811929368,1.9249839073,0.0119078770,0.1839000000,0.0268009328,0.3486361429,2.9251000982,-0.2779521015,0.4840000000,0.0349571166,-0.1769857901,2.2002378650,-0.1756419045,0.0605000000,0.0153378617,0.0373865544,2.3348315774,0.1342762900
