Instance,INF_avg,INF_sd,INF_r1,INF_kr,INF_sk,SUP_avg,SUP_sd,SUP_r1,SUP_kr,SUP_sk,INC_avg,INC_sd,INC_r1,INC_kr,INC_sk,IND_avg,IND_sd,IND_r1,IND_kr,IND_sk
instances/A2/symmetric/50.2.in,0.2444500000,0.0675421905,0.5066993453,2.1117014297,-0.4672515100,0.2820500000,0.0587328486,0.5929932441,2.7932958302,0.5498368955,0.4735000000,0.0494494692,0.6878261489,2.1561874513,-0.0021957335,0.0636500000,0.0130739244,0.3743488941,2.5158997723,-0.0096358864
