Instance,INF_avg,INF_sd,INF_r1,INF_kr,INF_sk,SUP_avg,SUP_sd,SUP_r1,SUP_kr,SUP_sk,INC_avg,INC_sd,INC_r1,INC_kr,INC_sk,IND_avg,IND_sd,IND_r1,IND_kr,IND_sk
instances/A3/symmetric/10.3.in,0.5489811832,0.1225527353,0.8106778485,1.3549186967,0.0876948502,0.1006742114,0.0612783627,0.6110714495,1.5564786192,-0.2135208709,0.3503446053,0.0691728368,0.7073885595,1.4713343882,0.1086388657,0.1866359096,0.0495480165,0.3850830932,3.1152598787,-1.1599821295
