Instance,INF_avg,INF_sd,INF_r1,INF_kr,INF_sk,SUP_avg,SUP_sd,SUP_r1,SUP_kr,SUP_sk,INC_avg,INC_sd,INC_r1,INC_kr,INC_sk,IND_avg,IND_sd,IND_r1,IND_kr,IND_sk
instances/A3/symmetric/10.3.in,0.6468529985,0.0686450732,0.7054234982,2.1980819386,-0.8746434607,0.0596984291,0.0495631328,0.1266539563,2.6336093925,0.8404003499,0.2934485724,0.0282662106,0.2900606651,1.2588491759,-0.0806363657,0.1605911019,0.0528312539,0.5705761378,1.9092778961,-0.3700228733
