Instance,INF_avg,INF_sd,INF_r1,INF_kr,INF_sk,SUP_avg,SUP_sd,SUP_r1,SUP_kr,SUP_sk,INC_avg,INC_sd,INC_r1,INC_kr,INC_sk,IND_avg,IND_sd,IND_r1,IND_kr,IND_sk
instances/A3/symmetric/10.2.in,0.7027889258,0.1144658551,0.9692426228,1.5328913552,-0.5513334730,0.0905668310,0.0889766728,0.6173971267,1.4198656687,0.2341197568,0.2066442431,0.0493885055,0.3607539505,3.2824828605,-0.1733566827,0.2063779638,0.0503539272,-0.0560149705,3.2835726145,-0.0807547953
