Instance,INF_avg,INF_sd,INF_r1,INF_kr,INF_sk,SUP_avg,SUP_sd,SUP_r1,SUP_kr,SUP_sk,INC_avg,INC_sd,INC_r1,INC_kr,INC_sk,IND_avg,IND_sd,IND_r1,IND_kr,IND_sk
instances/A3/asymmetric/100.2.in,0.2346000000,0.0892515546,0.7584580608,3.5527400181,-1.2438061855,0.1300000000,0.0285306852,0.4506172840,2.6947793225,0.5089567391,0.6354000000,0.0701985755,0.7111873494,3.4827369169,1.1992302145,0.1096000000,0.0219963633,0.4318082925,3.1817894837,-0.5270577230
