Instance,INF_avg,INF_sd,INF_r1,INF_kr,INF_sk,SUP_avg,SUP_sd,SUP_r1,SUP_kr,SUP_sk,INC_avg,INC_sd,INC_r1,INC_kr,INC_sk,IND_avg,IND_sd,IND_r1,IND_kr,IND_sk
instances/A3/symmetric/8.1.in,0.5547692027,0.0954587209,1.0065404817,2.9693347747,-0.9970614834,0.1150301040,0.0628761474,-0.0637440646,2.6312606209,-1.1770880660,0.3302006933,0.0789291387,-0.2267733342,2.5055939721,0.2203669226,0.2835969714,0.0909215267,0.0066909627,3.8698533802,1.3982823382
