Instance,INF_avg,INF_sd,INF_r1,INF_kr,INF_sk,SUP_avg,SUP_sd,SUP_r1,SUP_kr,SUP_sk,INC_avg,INC_sd,INC_r1,INC_kr,INC_sk,IND_avg,IND_sd,IND_r1,IND_kr,IND_sk
instances/A1/symmetric/200.5.in,0.2660000000,0.0224499443,0.0092879257,2.2148289872,0.5909973296,0.1625000000,0.0271339271,0.5606198724,1.5259525944,0.0075085019,0.5715000000,0.0424882337,0.6029285239,1.5996515610,-0.3587200031,0.0770000000,0.0186010752,0.0369393140,1.7808981256,0.2666263917
