Instance,INF_avg,INF_sd,INF_r1,INF_kr,INF_sk,SUP_avg,SUP_sd,SUP_r1,SUP_kr,SUP_sk,INC_avg,INC_sd,INC_r1,INC_kr,INC_sk,IND_avg,IND_sd,IND_r1,IND_kr,IND_sk
instances/A3/symmetric/10.2.in,0.3664864897,0.2090221657,0.7767065883,1.8990094734,-0.0904890549,0.1340901162,0.0846414410,0.7470540431,1.9042190871,-0.2230739141,0.4994233941,0.1337626849,0.6574326109,1.7037029545,0.2647842445,0.1858039778,0.0167178261,-0.5282199082,2.5147317984,-0.2937710788
