Instance,INF_avg,INF_sd,INF_r1,INF_kr,INF_sk,SUP_avg,SUP_sd,SUP_r1,SUP_kr,SUP_sk,INC_avg,INC_sd,INC_r1,INC_kr,INC_sk,IND_avg,IND_sd,IND_r1,IND_kr,IND_sk
instances/A3/asymmetric/5.3.in,0.1000000000,0.1224744871,0.0384615385,1.1666666667,0.4082482905,0.1366666667,0.0921351664,0.2969363708,1.8280269181,-0.0647807631,0.7633333333,0.0669991708,-0.4022662890,2.0246299382,0.1463000225,0.4233333333,0.0388730126,-0.2282091918,3.1040224913,1.4035141564
