Instance,INF_avg,INF_sd,INF_r1,INF_kr,INF_sk,SUP_avg,SUP_sd,SUP_r1,SUP_kr,SUP_sk,INC_avg,INC_sd,INC_r1,INC_kr,INC_sk,IND_avg,IND_sd,IND_r1,IND_kr,IND_sk
instances/A2/asymmetric/50.6.in,0.2320000000,0.0327261363,0.0762545556,2.5827559782,0.5496767272,0.2960000000,0.0299833287,-0.1386023873,3.3504623231,-0.1575959202,0.4720000000,0.0327261363,0.3653432427,2.2617125281,0.1110138143,0.0495000000,0.0150748134,0.3596655298,3.5204210190,1.0153976872
