Instance,INF_avg,INF_sd,INF_r1,INF_kr,INF_sk,SUP_avg,SUP_sd,SUP_r1,SUP_kr,SUP_sk,INC_avg,INC_sd,INC_r1,INC_kr,INC_sk,IND_avg,IND_sd,IND_r1,IND_kr,IND_sk
instances/A3/asymmetric/5.6.in,0.4811111111,0.0959423695,0.4057377049,1.7107929467,-0.3159402158,0.1455555556,0.0856637123,0.4313828768,2.1476437101,-0.5773015155,0.3733333333,0.0533333333,-0.5492957746,2.0781250000,0.8437500000,0.3788888889,0.1498311807,0.5438013189,1.8246151454,0.0103675367
