Instance,INF_avg,INF_sd,INF_r1,INF_kr,INF_sk,SUP_avg,SUP_sd,SUP_r1,SUP_kr,SUP_sk,INC_avg,INC_sd,INC_r1,INC_kr,INC_sk,IND_avg,IND_sd,IND_r1,IND_kr,IND_sk
instances/A3/asymmetric/5.3.in,0.1655555556,0.1624047679,0.2925610977,2.0248245206,0.7387523761,0.1488888889,0.0311111111,-0.5520945220,1.9380466472,0.5160349854,0.6855555556,0.1528171666,0.1953769754,1.7388282622,-0.4223536714,0.3766666667,0.0359010987,-0.4783427495,1.2285969084,-0.3169627324
