Instance,INF_avg,INF_sd,INF_r1,INF_kr,INF_sk,SUP_avg,SUP_sd,SUP_r1,SUP_kr,SUP_sk,INC_avg,INC_sd,INC_r1,INC_kr,INC_sk,IND_avg,IND_sd,IND_r1,IND_kr,IND_sk
instances/A2/asymmetric/20.3.in,0.3837652693,0.0913823274,0.7596823583,3.0294039032,0.5805045997,0.2706640394,0.0893455098,0.8048111979,3.0904512273,-0.1034383513,0.3455706914,0.0360314801,0.6687365479,2.4857527826,0.3641638757,0.0522574816,0.0101040554,0.4007748137,2.6811120208,0.0418156216
