Instance,INF_avg,INF_sd,INF_r1,INF_kr,INF_sk,SUP_avg,SUP_sd,SUP_r1,SUP_kr,SUP_sk,INC_avg,INC_sd,INC_r1,INC_kr,INC_sk,IND_avg,IND_sd,IND_r1,IND_kr,IND_sk
instances/A3/asymmetric/8.1.in,0.2787878788,0.1319487337,-0.3015312132,2.2402125728,0.9256073643,0.1733333333,0.0427863336,0.0784557908,2.9202932530,-1.2292696991,0.5478787879,0.0993347939,-0.4099478540,1.5182497346,-0.5307273551,0.1993939394,0.0723830236,0.3212864365,1.3059117132,0.3772166822
