Instance,INF_avg,INF_sd,INF_r1,INF_kr,INF_sk,SUP_avg,SUP_sd,SUP_r1,SUP_kr,SUP_sk,INC_avg,INC_sd,INC_r1,INC_kr,INC_sk,IND_avg,IND_sd,IND_r1,IND_kr,IND_sk
instances/A3/symmetric/5.1.in,0.1238095238,0.1227057022,0.5520231214,2.1150384671,0.5863209393,0.1252380952,0.0743162330,-0.0508523624,2.7534634473,1.1910098706,0.7509523810,0.0940352614,-0.4510523946,2.4854087178,-0.7411774869,0.3138095238,0.0805648990,0.0784490748,1.7160364916,-0.0511279834
