Instance,INF_avg,INF_sd,INF_r1,INF_kr,INF_sk,SUP_avg,SUP_sd,SUP_r1,SUP_kr,SUP_sk,INC_avg,INC_sd,INC_r1,INC_kr,INC_sk,IND_avg,IND_sd,IND_r1,IND_kr,IND_sk
instances/A1/asymmetric/20.5.in,0.5534172369,0.0299724806,0.2976507602,2.3403501555,-0.7926368454,0.0878143183,0.0209614997,-0.2364268446,2.9956261734,1.2946495647,0.3587684448,0.0189749606,0.5375433693,1.3578394391,-0.2496391344,0.0645025136,0.0144756963,0.1258275012,3.0416449118,1.3547843147
