Instance,INF_avg,INF_sd,INF_r1,INF_kr,INF_sk,SUP_avg,SUP_sd,SUP_r1,SUP_kr,SUP_sk,INC_avg,INC_sd,INC_r1,INC_kr,INC_sk,IND_avg,IND_sd,IND_r1,IND_kr,IND_sk
instances/A3/asymmetric/5.1.in,0.2222222222,0.1242259987,0.4804469274,2.4900000000,-1.0285912696,0.1876543210,0.0580181241,-0.3484542153,2.0604217943,-0.4449995217,0.5901234568,0.1165572025,0.6324113777,2.0247699645,0.3980631588,0.4253086420,0.0637269074,0.0834151641,2.9246741550,0.3160883661
