Instance,INF_avg,INF_sd,INF_r1,INF_kr,INF_sk,SUP_avg,SUP_sd,SUP_r1,SUP_kr,SUP_sk,INC_avg,INC_sd,INC_r1,INC_kr,INC_sk,IND_avg,IND_sd,IND_r1,IND_kr,IND_sk
instances/A3/asymmetric/5.1.in,0.3000000000,0.0408248290,0.5238095238,1.1666666667,-0.4082482905,0.1944444444,0.0496903995,-0.4166666667,1.9531250000,-0.6288941187,0.5055555556,0.0566557724,-0.2813102119,1.3731508876,0.1527442976,0.4388888889,0.0711458249,0.2483660131,2.4171624033,0.2228332944
