Instance,INF_avg,INF_sd,INF_r1,INF_kr,INF_sk,SUP_avg,SUP_sd,SUP_r1,SUP_kr,SUP_sk,INC_avg,INC_sd,INC_r1,INC_kr,INC_sk,IND_avg,IND_sd,IND_r1,IND_kr,IND_sk
instances/A3/symmetric/8.4.in,0.1303030303,0.0980578675,0.4627719187,1.3751641674,0.0385831057,0.1368686869,0.0600436871,-0.1489190779,2.7165019849,1.1027649269,0.7328282828,0.0783951622,0.0183238281,1.9948810967,0.3876923853,0.2353535354,0.0311907023,-0.9140797411,2.1737842998,-0.6407225486
