Instance,INF_avg,INF_sd,INF_r1,INF_kr,INF_sk,SUP_avg,SUP_sd,SUP_r1,SUP_kr,SUP_sk,INC_avg,INC_sd,INC_r1,INC_kr,INC_sk,IND_avg,IND_sd,IND_r1,IND_kr,IND_sk
instances/A2/asymmetric/20.5.in,0.6794131289,0.0751157592,0.5774364811,1.2152906965,0.2769146120,0.0549825862,0.0329776696,-0.2762083324,2.0987123677,0.7762564121,0.2656042849,0.0565291111,0.3491302195,1.8433714757,0.3402871339,0.0984648370,0.0182280837,-0.3930919116,1.8690650322,0.5221903518
