Instance,INF_avg,INF_sd,INF_r1,INF_kr,INF_sk,SUP_avg,SUP_sd,SUP_r1,SUP_kr,SUP_sk,INC_avg,INC_sd,INC_r1,INC_kr,INC_sk,IND_avg,IND_sd,IND_r1,IND_kr,IND_sk
instances/A2/asymmetric/20.5.in,0.6486704615,0.0659280838,0.5993320238,2.5952007414,1.1924548701,0.0583458227,0.0277723726,-0.1463758871,2.2578764606,0.5988584536,0.2929837158,0.0532226431,0.4135146822,2.0567958364,-0.6161888883,0.0918057439,0.0175336785,-0.2759746447,2.4763785545,0.8559961952
