Instance,INF_avg,INF_sd,INF_r1,INF_kr,INF_sk,SUP_avg,SUP_sd,SUP_r1,SUP_kr,SUP_sk,INC_avg,INC_sd,INC_r1,INC_kr,INC_sk,IND_avg,IND_sd,IND_r1,IND_kr,IND_sk
instances/A1/asymmetric/50.5.in,0.6120000000,0.0608769250,0.7031170591,1.4288203753,-0.1322814384,0.1100000000,0.0122474487,0.5000000000,1.9666666667,0.4082482905,0.2780000000,0.0530659966,0.6072684642,1.5432350852,-0.2014001559,0.0630000000,0.0081240384,0.1666666667,2.2685950413,-0.1790421687
