Instance,INF_avg,INF_sd,INF_r1,INF_kr,INF_sk,SUP_avg,SUP_sd,SUP_r1,SUP_kr,SUP_sk,INC_avg,INC_sd,INC_r1,INC_kr,INC_sk,IND_avg,IND_sd,IND_r1,IND_kr,IND_sk
instances/A1/asymmetric/8.2.in,0.4502564103,0.1288863950,0.2660794331,2.6628125769,1.1025195202,0.1887179487,0.0833013745,0.3426142560,1.2469764155,-0.3548640658,0.3610256410,0.0739849124,-0.4354512820,2.2089834899,-0.7907433648,0.1646153846,0.0321240200,0.3728373702,1.6971004124,-0.2003526542
