Instance,INF_avg,INF_sd,INF_r1,INF_kr,INF_sk,SUP_avg,SUP_sd,SUP_r1,SUP_kr,SUP_sk,INC_avg,INC_sd,INC_r1,INC_kr,INC_sk,IND_avg,IND_sd,IND_r1,IND_kr,IND_sk
instances/A1/symmetric/10.3.in,0.5957894737,0.0084210526,-0.2500000000,3.2500000000,-1.5000000000,0.0315789474,0.0631578947,-0.2500000000,3.2500000000,1.5000000000,0.3726315789,0.0547368421,-0.2500000000,3.2500000000,-1.5000000000,0.3126315789,0.0459555367,-0.6295588034,2.8848101043,1.1122956351
