Instance,INF_avg,INF_sd,INF_r1,INF_kr,INF_sk,SUP_avg,SUP_sd,SUP_r1,SUP_kr,SUP_sk,INC_avg,INC_sd,INC_r1,INC_kr,INC_sk,IND_avg,IND_sd,IND_r1,IND_kr,IND_sk
instances/A3/asymmetric/5.6.in,0.0555555556,0.1039349274,0.3360655738,2.7857142857,1.3363062096,0.1166666667,0.0333333333,-0.4571428571,1.8333333333,-0.4166666667,0.8277777778,0.1133115447,0.3642760487,3.0356416420,-1.2327973399,0.4185185185,0.0517856721,0.1724300534,1.9610056187,-0.6370022801
