Instance,INF_avg,INF_sd,INF_r1,INF_kr,INF_sk,SUP_avg,SUP_sd,SUP_r1,SUP_kr,SUP_sk,INC_avg,INC_sd,INC_r1,INC_kr,INC_sk,IND_avg,IND_sd,IND_r1,IND_kr,IND_sk
instances/A3/asymmetric/5.6.in,0.0000000000,0.0000000000,0.0000000000,0.0000000000,0.0000000000,0.1066666667,0.0326598632,-0.9230769231,1.1666666667,-0.4082482905,0.8933333333,0.0326598632,-0.9230769231,1.1666666667,0.4082482905,0.4266666667,0.0533333333,-0.7741935484,2.0781250000,-0.8437500000
