Instance,INF_avg,INF_sd,INF_r1,INF_kr,INF_sk,SUP_avg,SUP_sd,SUP_r1,SUP_kr,SUP_sk,INC_avg,INC_sd,INC_r1,INC_kr,INC_sk,IND_avg,IND_sd,IND_r1,IND_kr,IND_sk
instances/A1/asymmetric/50.4.in,0.5790000000,0.0513225097,0.6135209968,2.5531268864,-0.9303798824,0.1020000000,0.0132664992,-0.5737410072,1.4324638430,0.2081456157,0.3190000000,0.0439772669,0.3644067797,2.1674626693,0.6710950609,0.0660000000,0.0037416574,0.3518518519,1.8469387755,-0.3436215967
