Instance,INF_avg,INF_sd,INF_r1,INF_kr,INF_sk,SUP_avg,SUP_sd,SUP_r1,SUP_kr,SUP_sk,INC_avg,INC_sd,INC_r1,INC_kr,INC_sk,IND_avg,IND_sd,IND_r1,IND_kr,IND_sk
instances/A3/symmetric/200.3.in,0.2781000000,0.0308851097,0.2668065625,3.6686167242,0.3639229148,0.1664000000,0.0322651515,0.3902443734,2.7881073463,-0.1189399725,0.5555000000,0.0360173569,0.0672192148,2.3579051792,-0.3839287243,0.0845000000,0.0252833938,0.2520864457,2.6363059896,0.3332733286
