Instance,INF_avg,INF_sd,INF_r1,INF_kr,INF_sk,SUP_avg,SUP_sd,SUP_r1,SUP_kr,SUP_sk,INC_avg,INC_sd,INC_r1,INC_kr,INC_sk,IND_avg,IND_sd,IND_r1,IND_kr,IND_sk
instances/A2/asymmetric/10.1.in,0.4731829574,0.1800782837,0.7964019482,2.7897035168,-0.4364523775,0.0619047619,0.0770045792,0.3667449507,5.0637208486,1.4748599957,0.4649122807,0.1234889765,0.8388208505,2.5298204050,-0.0801297639,0.2670426065,0.0771158437,0.3381976990,2.0449555027,-0.0150933691
