Instance,INF_avg,INF_sd,INF_r1,INF_kr,INF_sk,SUP_avg,SUP_sd,SUP_r1,SUP_kr,SUP_sk,INC_avg,INC_sd,INC_r1,INC_kr,INC_sk,IND_avg,IND_sd,IND_r1,IND_kr,IND_sk
instances/A1/symmetric/20.1.in,0.2379746559,0.0626235970,0.7898595570,2.1299957286,0.0730639093,0.2840375792,0.0558525248,0.5542029581,2.0183193023,0.2621774841,0.4779877649,0.0576020193,0.7301829062,2.9646976498,-0.7868264347,0.0611044352,0.0126541978,0.4540388947,4.1112394199,0.2278672441
