Instance,INF_avg,INF_sd,INF_r1,INF_kr,INF_sk,SUP_avg,SUP_sd,SUP_r1,SUP_kr,SUP_sk,INC_avg,INC_sd,INC_r1,INC_kr,INC_sk,IND_avg,IND_sd,IND_r1,IND_kr,IND_sk
instances/A1/symmetric/20.1.in,0.2411366834,0.0610201567,0.7967640111,2.1847621541,-0.0609362812,0.2855145729,0.0540326895,0.5372066621,2.1018510888,0.1961722918,0.4733487437,0.0576024233,0.7347556845,2.6172473001,-0.5797370537,0.0610160804,0.0122232647,0.4446832104,4.3544372172,0.2505992746
