Instance,INF_avg,INF_sd,INF_r1,INF_kr,INF_sk,SUP_avg,SUP_sd,SUP_r1,SUP_kr,SUP_sk,INC_avg,INC_sd,INC_r1,INC_kr,INC_sk,IND_avg,IND_sd,IND_r1,IND_kr,IND_sk
instances/A3/asymmetric/200.6.in,0.3085000000,0.0357805813,-0.5459857452,2.0931374046,-0.3285009318,0.1285000000,0.0209821353,-0.5083436141,1.9966770081,0.4624685426,0.5630000000,0.0348711915,-0.4762652901,2.3895564621,0.8785622687,0.0875000000,0.0120933866,0.1158798283,1.6732412886,-0.1696201499
