Instance,INF_avg,INF_sd,INF_r1,INF_kr,INF_sk,SUP_avg,SUP_sd,SUP_r1,SUP_kr,SUP_sk,INC_avg,INC_sd,INC_r1,INC_kr,INC_sk,IND_avg,IND_sd,IND_r1,IND_kr,IND_sk
instances/A3/asymmetric/10.3.in,0.4547396736,0.1104048007,0.6255460908,2.2536707916,0.4004587013,0.1844380962,0.0397323736,0.2514614677,2.9015576191,1.0388027030,0.3608222301,0.0842042034,0.6224431618,2.6563288462,-0.8385181774,0.2035001037,0.0299926370,0.1984240144,3.8099886565,0.0359579579
