Instance,INF_avg,INF_sd,INF_r1,INF_kr,INF_sk,SUP_avg,SUP_sd,SUP_r1,SUP_kr,SUP_sk,INC_avg,INC_sd,INC_r1,INC_kr,INC_sk,IND_avg,IND_sd,IND_r1,IND_kr,IND_sk
instances/A2/symmetric/5.2.in,0.4777777778,0.0921842849,0.0538820535,1.7484331854,0.2689341089,0.1141975309,0.1067383732,0.1055847255,2.5344850729,0.6789397960,0.4080246914,0.0893932877,0.3563314099,3.0797199823,-0.4346633063,0.4209876543,0.0741100736,0.0459834820,4.2210576978,1.2002087609
