Instance,INF_avg,INF_sd,INF_r1,INF_kr,INF_sk,SUP_avg,SUP_sd,SUP_r1,SUP_kr,SUP_sk,INC_avg,INC_sd,INC_r1,INC_kr,INC_sk,IND_avg,IND_sd,IND_r1,IND_kr,IND_sk
instances/A2/symmetric/8.3.in,0.4781033781,0.1097281098,0.6183563884,1.9997111039,-0.0056596732,0.2090761091,0.1127110159,0.6617459289,1.6104216849,0.3516798371,0.3128205128,0.0311443881,-0.6039990134,3.1927177751,0.7753744760,0.1685388685,0.0324071502,0.5978992829,1.4611107109,-0.4116270570
