Instance,INF_avg,INF_sd,INF_r1,INF_kr,INF_sk,SUP_avg,SUP_sd,SUP_r1,SUP_kr,SUP_sk,INC_avg,INC_sd,INC_r1,INC_kr,INC_sk,IND_avg,IND_sd,IND_r1,IND_kr,IND_sk
instances/A2/asymmetric/50.2.in,0.5725000000,0.1148640501,0.4438726039,3.3579333715,-1.0608590870,0.0850000000,0.0572276157,0.5467720685,2.8057222773,0.6442733731,0.3425000000,0.0627992834,0.2656567940,3.3856781553,0.9262776409,0.1175000000,0.0185404962,-1.0132450331,3.7490909091,1.1914950297
