Instance,INF_avg,INF_sd,INF_r1,INF_kr,INF_sk,SUP_avg,SUP_sd,SUP_r1,SUP_kr,SUP_sk,INC_avg,INC_sd,INC_r1,INC_kr,INC_sk,IND_avg,IND_sd,IND_r1,IND_kr,IND_sk
instances/A1/asymmetric/200.3.in,0.3302000000,0.0373759281,0.3423042558,3.1851176331,0.4534687281,0.1634000000,0.0292136954,0.3657314403,2.1655072485,-0.0621443741,0.5064000000,0.0299839957,0.2510864326,2.4935652072,0.0547649339,0.0616000000,0.0155383397,0.2288830757,3.3957293351,0.6762468639
