Instance,INF_avg,INF_sd,INF_r1,INF_kr,INF_sk,SUP_avg,SUP_sd,SUP_r1,SUP_kr,SUP_sk,INC_avg,INC_sd,INC_r1,INC_kr,INC_sk,IND_avg,IND_sd,IND_r1,IND_kr,IND_sk
instances/A3/symmetric/200.1.in,0.3090000000,0.0128062485,-0.8409586057,2.4171624033,0.2228332944,0.1330000000,0.0297657521,0.2194627471,1.6233993549,0.5184955015,0.5580000000,0.0361386220,-0.0588866738,2.6948551743,-1.1029505163,0.0920000000,0.0060000000,-0.3157894737,3.2500000000,-1.5000000000
