Instance,INF_avg,INF_sd,INF_r1,INF_kr,INF_sk,SUP_avg,SUP_sd,SUP_r1,SUP_kr,SUP_sk,INC_avg,INC_sd,INC_r1,INC_kr,INC_sk,IND_avg,IND_sd,IND_r1,IND_kr,IND_sk
instances/A1/asymmetric/100.2.in,0.5296962102,0.1603244870,0.9539939103,3.4806511142,0.8735226271,0.0467669173,0.0532062079,0.8426189776,3.5935820392,1.2097923919,0.4235368725,0.1263279266,0.9333792604,4.6968432051,-1.4823042855,0.0978233462,0.0323973515,0.3078742679,2.4653164529,0.0553292556
