Instance,INF_avg,INF_sd,INF_r1,INF_kr,INF_sk,SUP_avg,SUP_sd,SUP_r1,SUP_kr,SUP_sk,INC_avg,INC_sd,INC_r1,INC_kr,INC_sk,IND_avg,IND_sd,IND_r1,IND_kr,IND_sk
instances/A3/symmetric/10.2.in,0.0291582492,0.0144954872,-0.5543305792,2.0835116632,0.8462211599,0.1862626263,0.0395340683,-0.1393276427,1.6656607406,-0.1446414444,0.7845791246,0.0425812923,-0.3431563683,2.1423866551,0.3671258873,0.1787878788,0.0386170481,-0.5515075377,2.3770596229,-0.9033783163
