Instance,INF_avg,INF_sd,INF_r1,INF_kr,INF_sk,SUP_avg,SUP_sd,SUP_r1,SUP_kr,SUP_sk,INC_avg,INC_sd,INC_r1,INC_kr,INC_sk,IND_avg,IND_sd,IND_r1,IND_kr,IND_sk
instances/A1/asymmetric/200.4.in,0.3364000000,0.0388463641,0.4477148972,2.3858197470,-0.1546503085,0.1424000000,0.0290213714,0.4900524996,2.1581109912,-0.0351001681,0.5212000000,0.0343301617,0.0195040365,3.3390789869,1.0510452975,0.0664000000,0.0207615028,0.1302643119,2.1130414573,0.0929583697
