Instance,INF_avg,INF_sd,INF_r1,INF_kr,INF_sk,SUP_avg,SUP_sd,SUP_r1,SUP_kr,SUP_sk,INC_avg,INC_sd,INC_r1,INC_kr,INC_sk,IND_avg,IND_sd,IND_r1,IND_kr,IND_sk
instances/A3/asymmetric/5.4.in,0.0766666667,0.1008849730,-0.1232812864,1.9628391907,0.7864895614,0.2233333333,0.0663324958,-0.2014500259,2.2016375880,0.4081062644,0.7000000000,0.1264911064,0.1830985915,1.9328703704,-0.2415628768,0.3633333333,0.0702376917,-0.4960261805,1.7342951059,0.1718745560
