Instance,INF_avg,INF_sd,INF_r1,INF_kr,INF_sk,SUP_avg,SUP_sd,SUP_r1,SUP_kr,SUP_sk,INC_avg,INC_sd,INC_r1,INC_kr,INC_sk,IND_avg,IND_sd,IND_r1,IND_kr,IND_sk
instances/A3/symmetric/50.6.in,0.3260000000,0.0359722115,0.1179670500,2.5630373451,-0.9400610299,0.1090000000,0.0220000000,0.2268822638,1.3546376614,0.3313298272,0.5650000000,0.0219089023,-0.2988505747,2.0507812500,0.2424813406,0.0850000000,0.0054772256,-0.1666666667,2.5000000000,-0.9128709292
