Instance,INF_avg,INF_sd,INF_r1,INF_kr,INF_sk,SUP_avg,SUP_sd,SUP_r1,SUP_kr,SUP_sk,INC_avg,INC_sd,INC_r1,INC_kr,INC_sk,IND_avg,IND_sd,IND_r1,IND_kr,IND_sk
instances/A1/asymmetric/20.5.in,0.4522694606,0.0877910775,0.3590459695,2.3640432636,0.4743311259,0.1295439595,0.0735438414,0.5208562240,1.7740509127,0.1251445359,0.4181865799,0.0379999911,0.1133997351,2.2827990932,-0.5512823434,0.0685343927,0.0177384985,0.2513245172,1.9534375007,0.2390014561
