Instance,INF_avg,INF_sd,INF_r1,INF_kr,INF_sk,SUP_avg,SUP_sd,SUP_r1,SUP_kr,SUP_sk,INC_avg,INC_sd,INC_r1,INC_kr,INC_sk,IND_avg,IND_sd,IND_r1,IND_kr,IND_sk
instances/A2/asymmetric/20.1.in,0.6116144640,0.0266082858,-0.9496931011,2.2410031666,-0.7246781174,0.1499990206,0.0244608810,-0.2111017708,2.6426053408,0.8840349325,0.2383865154,0.0163434026,-0.2845089443,1.9606500417,0.4113477854,0.0675835929,0.0134544684,0.6036048307,2.1515172710,-0.3658794368
