Instance,INF_avg,INF_sd,INF_r1,INF_kr,INF_sk,SUP_avg,SUP_sd,SUP_r1,SUP_kr,SUP_sk,INC_avg,INC_sd,INC_r1,INC_kr,INC_sk,IND_avg,IND_sd,IND_r1,IND_kr,IND_sk
instances/A3/symmetric/10.2.in,0.7298245614,0.0421782992,0.1818181818,1.5000000000,0.7071067812,0.0000000000,0.0000000000,0.0000000000,0.0000000000,0.0000000000,0.2701754386,0.0421782992,0.1818181818,1.5000000000,-0.7071067812,0.2789473684,0.0334255419,0.0309734513,3.0393415750,-1.2804943611
