Instance,INF_avg,INF_sd,INF_r1,INF_kr,INF_sk,SUP_avg,SUP_sd,SUP_r1,SUP_kr,SUP_sk,INC_avg,INC_sd,INC_r1,INC_kr,INC_sk,IND_avg,IND_sd,IND_r1,IND_kr,IND_sk
instances/A1/symmetric/5.4.in,0.4366666667,0.1110888867,0.0186457311,2.5291234141,-0.3130037835,0.0388888889,0.0484322105,-0.5709969789,1.3801939058,0.5071295170,0.5244444444,0.0938609426,0.1861531408,1.7826720827,0.1203956419,0.4088888889,0.1047984544,-0.0939381774,2.3765980022,0.9958592325
