Instance,INF_avg,INF_sd,INF_r1,INF_kr,INF_sk,SUP_avg,SUP_sd,SUP_r1,SUP_kr,SUP_sk,INC_avg,INC_sd,INC_r1,INC_kr,INC_sk,IND_avg,IND_sd,IND_r1,IND_kr,IND_sk
instances/A2/asymmetric/5.3.in,0.1933333333,0.0671648056,-0.1574531096,2.7326676212,-1.1008873776,0.2500000000,0.1064581295,0.6064516129,1.4403114187,0.1289285305,0.5566666667,0.0975249256,0.4813538076,1.5201818936,-0.0596540523,0.3233333333,0.0553774924,0.0604949588,2.0527725268,0.5312680038
