Instance,INF_avg,INF_sd,INF_r1,INF_kr,INF_sk,SUP_avg,SUP_sd,SUP_r1,SUP_kr,SUP_sk,INC_avg,INC_sd,INC_r1,INC_kr,INC_sk,IND_avg,IND_sd,IND_r1,IND_kr,IND_sk
instances/A2/asymmetric/10.6.in,0.5724183007,0.0716149013,0.6075815671,1.3764578022,-0.1170227234,0.0435185185,0.0312189489,0.2686779059,1.7329388864,0.1101414992,0.3840631808,0.0507742092,0.4094506472,2.2495958593,-0.6128673835,0.1843246187,0.0180322021,-0.4797350874,1.8328641954,-0.3667090204
