Instance,INF_avg,INF_sd,INF_r1,INF_kr,INF_sk,SUP_avg,SUP_sd,SUP_r1,SUP_kr,SUP_sk,INC_avg,INC_sd,INC_r1,INC_kr,INC_sk,IND_avg,IND_sd,IND_r1,IND_kr,IND_sk
instances/A2/symmetric/50.2.in,0.5120000000,0.0492544414,0.3947182744,1.3369389324,-0.4817422866,0.2420000000,0.0289136646,-0.0353327855,1.8409205375,-0.4974386790,0.2460000000,0.0315277655,0.5118343195,1.5356140869,-0.2619134319,0.0380000000,0.0116619038,0.7959183673,2.6660899654,1.1500493357
