Instance,INF_avg,INF_sd,INF_r1,INF_kr,INF_sk,SUP_avg,SUP_sd,SUP_r1,SUP_kr,SUP_sk,INC_avg,INC_sd,INC_r1,INC_kr,INC_sk,IND_avg,IND_sd,IND_r1,IND_kr,IND_sk
instances/A3/symmetric/10.5.in,0.5799806431,0.0524883416,0.5349277482,2.3012071214,-0.7462983239,0.0812851865,0.0268132657,-0.7407380931,2.2112033301,0.7411916725,0.3387341703,0.0318804214,0.7427551045,1.6142356912,0.1441870940,0.1861721125,0.0409259891,0.1669879762,2.7100747666,1.0874855262
