Instance,INF_avg,INF_sd,INF_r1,INF_kr,INF_sk,SUP_avg,SUP_sd,SUP_r1,SUP_kr,SUP_sk,INC_avg,INC_sd,INC_r1,INC_kr,INC_sk,IND_avg,IND_sd,IND_r1,IND_kr,IND_sk
instances/A2/asymmetric/8.3.in,0.4150505051,0.0975740845,-0.6408944409,1.9033843001,0.5210520921,0.2400000000,0.0908363345,-0.4747895915,1.9047802220,-0.4674823977,0.3449494949,0.0142492283,-0.5198493190,1.1875520820,0.4178480671,0.1458585859,0.0233296162,-0.3399902877,2.1311288432,0.0463461674
