Instance,INF_avg,INF_sd,INF_r1,INF_kr,INF_sk,SUP_avg,SUP_sd,SUP_r1,SUP_kr,SUP_sk,INC_avg,INC_sd,INC_r1,INC_kr,INC_sk,IND_avg,IND_sd,IND_r1,IND_kr,IND_sk
instances/A3/symmetric/100.6.in,0.4206000000,0.0510552642,-0.0321553158,3.0230256535,0.5525348931,0.1120000000,0.0455411901,0.7660046799,1.5688600843,0.4575636725,0.4674000000,0.0585170061,0.4364223446,3.3065422530,-0.7643537321,0.0724000000,0.0138650640,0.3961543911,2.5783306136,-0.3443930160
