Instance,INF_avg,INF_sd,INF_r1,INF_kr,INF_sk,SUP_avg,SUP_sd,SUP_r1,SUP_kr,SUP_sk,INC_avg,INC_sd,INC_r1,INC_kr,INC_sk,IND_avg,IND_sd,IND_r1,IND_kr,IND_sk
instances/A3/asymmetric/20.4.in,0.4333333333,0.2054804668,0.7476635514,2.2479224377,0.4695883243,0.0333333333,0.0471404521,-0.3636363636,1.5000000000,0.7071067812,0.5333333333,0.1885618083,0.4782608696,2.3964843750,-0.3369805754,0.4000000000,0.1290994449,0.6666666667,2.0400000000,0.0000000000
