Instance,INF_avg,INF_sd,INF_r1,INF_kr,INF_sk,SUP_avg,SUP_sd,SUP_r1,SUP_kr,SUP_sk,INC_avg,INC_sd,INC_r1,INC_kr,INC_sk,IND_avg,IND_sd,IND_r1,IND_kr,IND_sk
instances/A1/symmetric/8.5.in,0.4749783550,0.1871619176,0.4750969033,2.0541779333,-0.4320991795,0.0490101010,0.0366604274,0.2596533625,2.2950209365,0.4820187010,0.4760115440,0.1517900393,0.5014615855,1.9555489699,0.3892557446,0.2169696970,0.0646698190,-0.0041861856,2.3813575298,0.8632684072
