Instance,INF_avg,INF_sd,INF_r1,INF_kr,INF_sk,SUP_avg,SUP_sd,SUP_r1,SUP_kr,SUP_sk,INC_avg,INC_sd,INC_r1,INC_kr,INC_sk,IND_avg,IND_sd,IND_r1,IND_kr,IND_sk
instances/A3/symmetric/5.6.in,0.3833333333,0.0793492048,-0.3793103448,1.8370818916,-0.7248508670,0.2111111111,0.0737027731,0.0647482014,2.2169421488,0.3700366502,0.4055555556,0.0987577157,-0.1103853690,2.2765983016,0.9442193396,0.4166666667,0.1111111111,-0.6760563380,1.6281250000,-0.2812500000
