Instance,INF_avg,INF_sd,INF_r1,INF_kr,INF_sk,SUP_avg,SUP_sd,SUP_r1,SUP_kr,SUP_sk,INC_avg,INC_sd,INC_r1,INC_kr,INC_sk,IND_avg,IND_sd,IND_r1,IND_kr,IND_sk
instances/A3/symmetric/20.3.in,0.6500000000,0.0921954446,-0.0400000000,2.1626297578,-0.3828184550,0.0600000000,0.0800000000,0.3377483444,2.0781250000,0.8437500000,0.2900000000,0.0538516481,-0.0047846890,3.3020214031,-0.0768394503,0.3200000000,0.0748331477,-0.1538461538,4.1428571429,1.0881350564
