Instance,INF_avg,INF_sd,INF_r1,INF_kr,INF_sk,SUP_avg,SUP_sd,SUP_r1,SUP_kr,SUP_sk,INC_avg,INC_sd,INC_r1,INC_kr,INC_sk,IND_avg,IND_sd,IND_r1,IND_kr,IND_sk
instances/A1/symmetric/5.2.in,0.3922222222,0.1208815357,-0.3647303486,2.1584943821,0.6598106740,0.2444444444,0.1670366264,-0.4392678869,2.0385699742,0.0988955201,0.3633333333,0.0832666400,-0.2703665988,2.1520894970,0.3783797481,0.4077777778,0.0813163309,-0.2204297050,2.4625280478,0.8935620815
