Instance,INF_avg,INF_sd,INF_r1,INF_kr,INF_sk,SUP_avg,SUP_sd,SUP_r1,SUP_kr,SUP_sk,INC_avg,INC_sd,INC_r1,INC_kr,INC_sk,IND_avg,IND_sd,IND_r1,IND_kr,IND_sk
instances/A2/asymmetric/10.4.in,0.6912280702,0.0775113054,-0.9949238579,1.5000000000,0.1350615228,0.0701754386,0.0656431120,-0.0384615385,1.5000000000,0.3818017742,0.2385964912,0.1141295156,-0.5000000000,1.5000000000,0.7071067812,0.2912280702,0.0798582925,-0.8920741990,1.5000000000,0.4838211810
