Instance,INF_avg,INF_sd,INF_r1,INF_kr,INF_sk,SUP_avg,SUP_sd,SUP_r1,SUP_kr,SUP_sk,INC_avg,INC_sd,INC_r1,INC_kr,INC_sk,IND_avg,IND_sd,IND_r1,IND_kr,IND_sk
instances/A2/symmetric/10.4.in,0.5263678805,0.0750630969,0.3632367896,1.2373704297,-0.3085803370,0.1340776311,0.0996617012,0.4333780801,1.1999397594,0.4196488230,0.3395544885,0.0309404244,0.2219523166,2.1817498149,-0.3483792971,0.1308363345,0.0508038297,0.4582130647,1.6453783695,0.0814039887
