Instance,INF_avg,INF_sd,INF_r1,INF_kr,INF_sk,SUP_avg,SUP_sd,SUP_r1,SUP_kr,SUP_sk,INC_avg,INC_sd,INC_r1,INC_kr,INC_sk,IND_avg,IND_sd,IND_r1,IND_kr,IND_sk
instances/A2/symmetric/5.6.in,0.2042857143,0.1164711676,-0.2224561894,2.5773032171,0.8705317097,0.2071428571,0.0926554586,-0.2080936730,1.5096855711,0.0488280661,0.5885714286,0.0633601805,0.2786143461,1.4488453902,-0.1773996664,0.2838095238,0.0494504952,0.4042316258,2.0554068452,-0.5801786782
