Instance,INF_avg,INF_sd,INF_r1,INF_kr,INF_sk,SUP_avg,SUP_sd,SUP_r1,SUP_kr,SUP_sk,INC_avg,INC_sd,INC_r1,INC_kr,INC_sk,IND_avg,IND_sd,IND_r1,IND_kr,IND_sk
instances/A1/asymmetric/20.4.in,0.6951354394,0.0565377798,0.4142668732,2.4104421008,0.1993887853,0.0955423629,0.0318185023,0.5757387863,1.6869413070,-0.0068852705,0.2093221977,0.0311947947,0.0675447173,3.7944627715,0.3839802108,0.0468281310,0.0170806325,0.1392219106,1.7537199101,0.5152202819
