Instance,INF_avg,INF_sd,INF_r1,INF_kr,INF_sk,SUP_avg,SUP_sd,SUP_r1,SUP_kr,SUP_sk,INC_avg,INC_sd,INC_r1,INC_kr,INC_sk,IND_avg,IND_sd,IND_r1,IND_kr,IND_sk
instances/A3/asymmetric/200.4.in,0.3017985612,0.1654414274,0.2241326190,3.7326559520,0.7244187066,0.0758992806,0.0891310001,0.1080207791,4.0777056327,1.1611635833,0.6223021583,0.1694439342,0.2258388896,2.7972159377,-0.3424239114,0.4935251799,0.1328755750,0.0903829784,2.5054293873,0.2106985411
