Instance,INF_avg,INF_sd,INF_r1,INF_kr,INF_sk,SUP_avg,SUP_sd,SUP_r1,SUP_kr,SUP_sk,INC_avg,INC_sd,INC_r1,INC_kr,INC_sk,IND_avg,IND_sd,IND_r1,IND_kr,IND_sk
instances/A1/asymmetric/10.6.in,0.4393336822,0.1076041249,0.3640498602,1.7961853380,-0.2958091942,0.1467800454,0.0594041817,0.3648962687,2.1850941736,0.6832370251,0.4138862725,0.0504489248,0.3060165583,1.3810110877,-0.0800048234,0.1661172161,0.0290711375,-0.1549183235,2.2187465808,0.0880838252
