Instance,INF_avg,INF_sd,INF_r1,INF_kr,INF_sk,SUP_avg,SUP_sd,SUP_r1,SUP_kr,SUP_sk,INC_avg,INC_sd,INC_r1,INC_kr,INC_sk,IND_avg,IND_sd,IND_r1,IND_kr,IND_sk
instances/A1/symmetric/5.4.in,0.3944444444,0.0509175077,0.1460396040,1.2091836735,-0.2961528510,0.1944444444,0.0680413817,0.4230769231,1.1666666667,-0.4082482905,0.4111111111,0.0408248290,0.3918918919,2.8127572016,-1.1642636432,0.3555555556,0.0444444444,-0.3157894737,3.2500000000,1.5000000000
