Instance,INF_avg,INF_sd,INF_r1,INF_kr,INF_sk,SUP_avg,SUP_sd,SUP_r1,SUP_kr,SUP_sk,INC_avg,INC_sd,INC_r1,INC_kr,INC_sk,IND_avg,IND_sd,IND_r1,IND_kr,IND_sk
instances/A2/asymmetric/5.3.in,0.5177777778,0.0841368667,0.5682072950,1.2072197014,-0.3028074502,0.1277777778,0.1077262191,0.3042190970,1.2447091444,-0.2312468379,0.3544444444,0.0720425115,-0.5649723357,2.4460219120,-1.0114900327,0.4000000000,0.1032795559,-0.0833333333,2.9166666667,1.2909944487
