Instance,INF_avg,INF_sd,INF_r1,INF_kr,INF_sk,SUP_avg,SUP_sd,SUP_r1,SUP_kr,SUP_sk,INC_avg,INC_sd,INC_r1,INC_kr,INC_sk,IND_avg,IND_sd,IND_r1,IND_kr,IND_sk
instances/A2/symmetric/100.6.in,0.3332000000,0.0560290996,0.3546360886,3.6116437036,-0.4378287731,0.1888000000,0.0315762569,0.3144345655,2.5795286513,0.2212638716,0.4780000000,0.0510489961,0.4103121218,3.4714066777,0.7181940490,0.0633000000,0.0158779722,0.3138801795,2.6663326712,0.2893268259
