Instance,INF_avg,INF_sd,INF_r1,INF_kr,INF_sk,SUP_avg,SUP_sd,SUP_r1,SUP_kr,SUP_sk,INC_avg,INC_sd,INC_r1,INC_kr,INC_sk,IND_avg,IND_sd,IND_r1,IND_kr,IND_sk
instances/A2/symmetric/100.5.in,0.3920000000,0.0512445119,0.4336773219,1.8965715161,0.1808452533,0.1610000000,0.0387814389,0.0365060843,2.0880718792,-0.5835690888,0.4470000000,0.0215870331,0.7461724416,1.5006815377,0.4867013312,0.0770000000,0.0156843871,0.2792792793,1.7813801309,0.0171057167
