Instance,INF_avg,INF_sd,INF_r1,INF_kr,INF_sk,SUP_avg,SUP_sd,SUP_r1,SUP_kr,SUP_sk,INC_avg,INC_sd,INC_r1,INC_kr,INC_sk,IND_avg,IND_sd,IND_r1,IND_kr,IND_sk
instances/A2/symmetric/50.6.in,0.4796000000,0.0575659622,0.5149017106,3.7285287830,0.6021913900,0.2052000000,0.0424494994,0.4830571718,2.8745471074,0.6812949281,0.3152000000,0.0423669683,0.4929349280,3.7176848872,-0.6845368635,0.0460000000,0.0087177979,0.0801886792,2.8885041551,0.1448941477
