Instance,INF_avg,INF_sd,INF_r1,INF_kr,INF_sk,SUP_avg,SUP_sd,SUP_r1,SUP_kr,SUP_sk,INC_avg,INC_sd,INC_r1,INC_kr,INC_sk,IND_avg,IND_sd,IND_r1,IND_kr,IND_sk
instances/A2/asymmetric/5.1.in,0.4574074074,0.1592700255,0.6269211765,1.6173422286,-0.5057459667,0.1185185185,0.1342049699,0.6441494018,1.4187557897,0.4798746904,0.4240740741,0.0376340767,0.0489389346,2.8870486431,1.2205188532,0.4388888889,0.1192828364,0.1453809349,1.5216613888,0.4311943114
