Instance,INF_avg,INF_sd,INF_r1,INF_kr,INF_sk,SUP_avg,SUP_sd,SUP_r1,SUP_kr,SUP_sk,INC_avg,INC_sd,INC_r1,INC_kr,INC_sk,IND_avg,IND_sd,IND_r1,IND_kr,IND_sk
instances/A3/asymmetric/50.6.in,0.6277383420,0.1049735946,0.7948990907,1.4032783001,0.1636572746,0.0555362694,0.0308052158,0.8042965062,1.4836542002,-0.0391949860,0.3167253886,0.0751694455,0.7688651687,1.3622867392,-0.1687503495,0.0481632124,0.0055009517,0.3825617087,2.9141577979,0.7907122470
