Instance,INF_avg,INF_sd,INF_r1,INF_kr,INF_sk,SUP_avg,SUP_sd,SUP_r1,SUP_kr,SUP_sk,INC_avg,INC_sd,INC_r1,INC_kr,INC_sk,IND_avg,IND_sd,IND_r1,IND_kr,IND_sk
instances/A2/asymmetric/20.3.in,0.6882407596,0.0333499518,0.1317167985,2.3382742663,-0.6640217428,0.0841133038,0.0124326114,0.0078861791,2.1897710190,0.4646684290,0.2276459366,0.0317789292,-0.1861054717,2.7102987669,0.9083017642,0.0659764425,0.0118651654,0.5110763660,1.9390541421,-0.1907417702
