Instance,INF_avg,INF_sd,INF_r1,INF_kr,INF_sk,SUP_avg,SUP_sd,SUP_r1,SUP_kr,SUP_sk,INC_avg,INC_sd,INC_r1,INC_kr,INC_sk,IND_avg,IND_sd,IND_r1,IND_kr,IND_sk
instances/A3/symmetric/200.3.in,0.2812000000,0.0375906903,0.2200425448,3.8201568789,0.1432427839,0.1537500000,0.0243246274,0.0468679705,3.0599755943,-0.3043560890,0.5650500000,0.0368883112,0.1178001157,3.5942018122,-0.2761266114,0.0836500000,0.0229875510,0.3307805248,2.4936890657,-0.0369349523
