Instance,INF_avg,INF_sd,INF_r1,INF_kr,INF_sk,SUP_avg,SUP_sd,SUP_r1,SUP_kr,SUP_sk,INC_avg,INC_sd,INC_r1,INC_kr,INC_sk,IND_avg,IND_sd,IND_r1,IND_kr,IND_sk
instances/A1/asymmetric/5.2.in,0.4641975309,0.0996258815,0.1886090441,1.5584473797,0.4726634590,0.0493827160,0.0923866021,-0.3278688525,2.7857142857,1.3363062096,0.4864197531,0.1049890944,0.8283413394,1.2668878240,0.0252610609,0.5209876543,0.1300463613,0.5940188790,2.6760913083,0.8583522634
