Instance,INF_avg,INF_sd,INF_r1,INF_kr,INF_sk,SUP_avg,SUP_sd,SUP_r1,SUP_kr,SUP_sk,INC_avg,INC_sd,INC_r1,INC_kr,INC_sk,IND_avg,IND_sd,IND_r1,IND_kr,IND_sk
instances/A1/symmetric/20.2.in,0.4072781427,0.0890072396,0.5781768996,2.1496737759,0.5444212861,0.2174048882,0.0742568336,0.8406615059,2.3895399046,0.5550170321,0.3753169691,0.0439833892,0.4713428569,1.4842559492,0.1230422963,0.0647126717,0.0131408798,0.1280686938,2.1201252307,0.0564450594
