Instance,INF_avg,INF_sd,INF_r1,INF_kr,INF_sk,SUP_avg,SUP_sd,SUP_r1,SUP_kr,SUP_sk,INC_avg,INC_sd,INC_r1,INC_kr,INC_sk,IND_avg,IND_sd,IND_r1,IND_kr,IND_sk
instances/A2/asymmetric/20.5.in,0.6294862912,0.0687973967,0.5782757911,1.3076220903,-0.4079420983,0.1509659212,0.0328613339,0.2078784818,2.1082279952,-0.3982683992,0.2195477876,0.0434166066,0.7353555420,1.4354587539,0.4462485961,0.0561602196,0.0101645162,0.2200870831,3.6610975715,1.0403395189
