Instance,INF_avg,INF_sd,INF_r1,INF_kr,INF_sk,SUP_avg,SUP_sd,SUP_r1,SUP_kr,SUP_sk,INC_avg,INC_sd,INC_r1,INC_kr,INC_sk,IND_avg,IND_sd,IND_r1,IND_kr,IND_sk
instances/A3/asymmetric/50.6.in,0.2636000000,0.0895072064,0.8080364579,2.6333027817,-0.8199679610,0.1641000000,0.0412394229,0.7254097082,3.5446084715,0.4320579904,0.5723000000,0.0682364272,0.6992010228,2.3398146841,0.3207115656,0.0684000000,0.0165813148,0.4208136861,2.6672826436,0.4247345081
