Instance,INF_avg,INF_sd,INF_r1,INF_kr,INF_sk,SUP_avg,SUP_sd,SUP_r1,SUP_kr,SUP_sk,INC_avg,INC_sd,INC_r1,INC_kr,INC_sk,IND_avg,IND_sd,IND_r1,IND_kr,IND_sk
instances/A1/asymmetric/50.2.in,0.3820000000,0.0196468827,-0.4354066986,1.9273134849,-0.3987501228,0.2270000000,0.0422610932,-0.4990710636,1.7560878501,0.5163867436,0.3910000000,0.0316859590,0.2224788299,2.9146878621,-1.2255481767,0.0430000000,0.0087177979,-0.4285714286,1.7957063712,-0.0543353054
