Instance,INF_avg,INF_sd,INF_r1,INF_kr,INF_sk,SUP_avg,SUP_sd,SUP_r1,SUP_kr,SUP_sk,INC_avg,INC_sd,INC_r1,INC_kr,INC_sk,IND_avg,IND_sd,IND_r1,IND_kr,IND_sk
instances/A2/symmetric/50.5.in,0.3684000000,0.0425845042,0.6659598040,1.8575143808,0.0836989912,0.1790000000,0.0389101529,0.5922147687,2.3507291698,0.1370396181,0.4526000000,0.0311004823,0.1732709217,2.3434458949,-0.2721610452,0.0561000000,0.0101138519,0.0661589701,2.9437827700,-0.1994962216
