Instance,INF_avg,INF_sd,INF_r1,INF_kr,INF_sk,SUP_avg,SUP_sd,SUP_r1,SUP_kr,SUP_sk,INC_avg,INC_sd,INC_r1,INC_kr,INC_sk,IND_avg,IND_sd,IND_r1,IND_kr,IND_sk
instances/A1/asymmetric/8.4.in,0.4343589744,0.0744491054,-0.2374151647,1.5817539168,0.1448287387,0.1594871795,0.0567680958,-0.5670824516,2.6960949042,1.1393089710,0.4061538462,0.0412366369,-0.0281031211,1.8765717729,0.0440358178,0.1692307692,0.0517161117,0.5075445816,1.2009626903,0.3583240136
