Instance,INF_avg,INF_sd,INF_r1,INF_kr,INF_sk,SUP_avg,SUP_sd,SUP_r1,SUP_kr,SUP_sk,INC_avg,INC_sd,INC_r1,INC_kr,INC_sk,IND_avg,IND_sd,IND_r1,IND_kr,IND_sk
instances/A1/asymmetric/8.4.in,0.4660968661,0.0731533841,0.2653386356,1.7162097140,-0.4732713949,0.1347578348,0.0531169057,-0.0096880110,4.5667145053,1.4444067532,0.3991452991,0.0447556494,-0.0433097318,1.8030387186,0.1481240152,0.1783475783,0.0438172563,0.1877615982,1.5021961149,0.0581810967
