Instance,INF_avg,INF_sd,INF_r1,INF_kr,INF_sk,SUP_avg,SUP_sd,SUP_r1,SUP_kr,SUP_sk,INC_avg,INC_sd,INC_r1,INC_kr,INC_sk,IND_avg,IND_sd,IND_r1,IND_kr,IND_sk
instances/A3/asymmetric/50.2.in,0.5549598403,0.1642560066,0.8717906481,3.0017688793,0.7396532003,0.1052301430,0.0537703856,0.8160708805,2.2319103164,-0.3043283095,0.3398100167,0.1178972433,0.8309436602,3.1942589768,-0.6699978324,0.0628848910,0.0278296953,0.0333597288,25.7537217892,4.0063615410
