Instance,INF_avg,INF_sd,INF_r1,INF_kr,INF_sk,SUP_avg,SUP_sd,SUP_r1,SUP_kr,SUP_sk,INC_avg,INC_sd,INC_r1,INC_kr,INC_sk,IND_avg,IND_sd,IND_r1,IND_kr,IND_sk
instances/A3/asymmetric/50.2.in,0.4592783137,0.1616325429,0.8998247421,4.1654574617,1.3016480782,0.1415742772,0.0604679933,0.8494626744,2.9250462816,-0.4567723977,0.3991474090,0.1098099444,0.8565730370,4.5695380822,-1.3559078023,0.0681578412,0.0235301823,0.1623943730,24.5036340632,3.1551282443
