Instance,INF_avg,INF_sd,INF_r1,INF_kr,INF_sk,SUP_avg,SUP_sd,SUP_r1,SUP_kr,SUP_sk,INC_avg,INC_sd,INC_r1,INC_kr,INC_sk,IND_avg,IND_sd,IND_r1,IND_kr,IND_sk
instances/A2/asymmetric/100.3.in,0.7446026791,0.1746718915,0.9466376323,2.9012247675,-1.0053380480,0.0566346154,0.0756428930,0.9096819845,4.2795818248,1.5788814562,0.1987627055,0.1037619596,0.9487572453,2.4285325243,0.5722516861,0.0457868322,0.0129650528,0.4548057865,2.2297113569,-0.1549605784
