Instance,INF_avg,INF_sd,INF_r1,INF_kr,INF_sk,SUP_avg,SUP_sd,SUP_r1,SUP_kr,SUP_sk,INC_avg,INC_sd,INC_r1,INC_kr,INC_sk,IND_avg,IND_sd,IND_r1,IND_kr,IND_sk
instances/A1/symmetric/200.1.in,0.3140000000,0.0455411901,-0.0132227936,1.4572955888,0.3403618155,0.1670000000,0.0163095064,-0.3420724095,2.3048504720,-0.3236269296,0.5190000000,0.0455411901,0.2577898200,1.4104279554,-0.1932401349,0.0690000000,0.0058309519,-0.7346938776,2.6660899654,1.1500493357
