Instance,INF_avg,INF_sd,INF_r1,INF_kr,INF_sk,SUP_avg,SUP_sd,SUP_r1,SUP_kr,SUP_sk,INC_avg,INC_sd,INC_r1,INC_kr,INC_sk,IND_avg,IND_sd,IND_r1,IND_kr,IND_sk
instances/A2/symmetric/200.2.in,0.3940000000,0.0086023253,-0.3983050847,2.6519357195,1.0179522960,0.2500000000,0.0238746728,-0.1836734694,1.3365650970,-0.1102247127,0.3560000000,0.0213072758,-0.4175769613,1.6835277223,-0.1383159724,0.0730000000,0.0050990195,0.3181818182,1.9556213018,-0.2715454179
