Instance,INF_avg,INF_sd,INF_r1,INF_kr,INF_sk,SUP_avg,SUP_sd,SUP_r1,SUP_kr,SUP_sk,INC_avg,INC_sd,INC_r1,INC_kr,INC_sk,IND_avg,IND_sd,IND_r1,IND_kr,IND_sk
instances/A1/asymmetric/5.1.in,0.1533333333,0.1833030278,0.4191449814,2.7544931553,1.1182223635,0.2166666667,0.0829993307,0.3833333333,2.1396982310,-0.2331927084,0.6300000000,0.1097471842,-0.0913897281,3.0202237170,-1.2796939204,0.4033333333,0.0066666667,-0.2500000000,3.2500000000,1.5000000000
