Instance,INF_avg,INF_sd,INF_r1,INF_kr,INF_sk,SUP_avg,SUP_sd,SUP_r1,SUP_kr,SUP_sk,INC_avg,INC_sd,INC_r1,INC_kr,INC_sk,IND_avg,IND_sd,IND_r1,IND_kr,IND_sk
instances/A3/symmetric/8.3.in,0.5108791209,0.1362668675,0.4223289600,2.4772462821,0.6264425339,0.1536996337,0.0970054664,0.3662859347,2.3006491281,-0.0989728584,0.3354212454,0.0457508424,0.2863128113,2.6708102242,-1.0383553581,0.2283882784,0.0647160596,0.3499121824,1.9031241535,0.3818525674
