Instance,INF_avg,INF_sd,INF_r1,INF_kr,INF_sk,SUP_avg,SUP_sd,SUP_r1,SUP_kr,SUP_sk,INC_avg,INC_sd,INC_r1,INC_kr,INC_sk,IND_avg,IND_sd,IND_r1,IND_kr,IND_sk
instances/A1/symmetric/50.1.in,0.4081000000,0.0586931853,0.5868696293,3.2709053017,-0.1145189601,0.1726000000,0.0372053760,0.5436182848,3.3182627467,0.5092185711,0.4193000000,0.0399250548,0.4039260161,2.6175971847,0.1475506883,0.0579000000,0.0118359621,0.1461505109,2.1676522095,-0.1361027734
