Instance,INF_avg,INF_sd,INF_r1,INF_kr,INF_sk,SUP_avg,SUP_sd,SUP_r1,SUP_kr,SUP_sk,INC_avg,INC_sd,INC_r1,INC_kr,INC_sk,IND_avg,IND_sd,IND_r1,IND_kr,IND_sk
instances/A2/asymmetric/50.1.in,0.4154000000,0.0441116765,0.2489504423,2.6385261988,-0.2923665991,0.1986000000,0.0312896149,0.3261341608,2.2701618905,0.2849700788,0.3860000000,0.0331058907,0.1646874042,2.2905822100,0.0431594525,0.0482000000,0.0107591821,-0.1103559242,2.8128212745,0.7113192672
