Instance,INF_avg,INF_sd,INF_r1,INF_kr,INF_sk,SUP_avg,SUP_sd,SUP_r1,SUP_kr,SUP_sk,INC_avg,INC_sd,INC_r1,INC_kr,INC_sk,IND_avg,IND_sd,IND_r1,IND_kr,IND_sk
instances/A1/symmetric/100.6.in,0.3420000000,0.0332565783,0.0910778943,3.0638748369,0.6689725986,0.1640000000,0.0385227206,0.0917406328,4.1438107105,1.2791834872,0.4940000000,0.0408533964,0.5822405395,2.3649695699,-0.9036828588,0.0615000000,0.0128549601,-0.0031244861,1.8972239833,0.0896773524
