Instance,INF_avg,INF_sd,INF_r1,INF_kr,INF_sk,SUP_avg,SUP_sd,SUP_r1,SUP_kr,SUP_sk,INC_avg,INC_sd,INC_r1,INC_kr,INC_sk,IND_avg,IND_sd,IND_r1,IND_kr,IND_sk
instances/A3/symmetric/50.6.in,0.3350000000,0.0529150262,0.5427974948,1.4720025510,-0.1974189435,0.2080000000,0.0295972972,-0.4367421643,2.5509945581,-0.7419226148,0.4570000000,0.0506557006,0.0701247063,1.4932792212,-0.1804396362,0.0920000000,0.0074833148,0.1774891775,2.1339285714,0.7301958931
