Instance,INF_avg,INF_sd,INF_r1,INF_kr,INF_sk,SUP_avg,SUP_sd,SUP_r1,SUP_kr,SUP_sk,INC_avg,INC_sd,INC_r1,INC_kr,INC_sk,IND_avg,IND_sd,IND_r1,IND_kr,IND_sk
instances/A1/asymmetric/5.6.in,0.3703703704,0.1326112133,-0.2316457183,2.2891701003,-0.6102560307,0.1283950617,0.1241830490,0.8052782414,1.5410149366,0.2159799005,0.5012345679,0.1046837873,0.2602110989,1.8323357081,-0.5613711909,0.4148148148,0.1382082086,0.5886896160,1.4860698987,0.4082725961
