Instance,INF_avg,INF_sd,INF_r1,INF_kr,INF_sk,SUP_avg,SUP_sd,SUP_r1,SUP_kr,SUP_sk,INC_avg,INC_sd,INC_r1,INC_kr,INC_sk,IND_avg,IND_sd,IND_r1,IND_kr,IND_sk
instances/A1/asymmetric/5.6.in,0.4177777778,0.0735686460,-0.6749256690,2.8094464276,1.0027544819,0.0333333333,0.0666666667,-0.2500000000,3.2500000000,1.5000000000,0.5488888889,0.0650166171,0.2663329821,1.6249945410,-0.6226541440,0.4933333333,0.1306394529,0.5238095238,1.1666666667,-0.4082482905
