Instance,INF_avg,INF_sd,INF_r1,INF_kr,INF_sk,SUP_avg,SUP_sd,SUP_r1,SUP_kr,SUP_sk,INC_avg,INC_sd,INC_r1,INC_kr,INC_sk,IND_avg,IND_sd,IND_r1,IND_kr,IND_sk
instances/A1/symmetric/5.6.in,0.3419753086,0.1873596614,0.6985140030,1.6217369718,-0.2193912483,0.1808641975,0.1021077966,0.5311192312,1.8921623857,-0.2729468617,0.4771604938,0.1185313779,0.5991000941,1.6492332008,0.0613277143,0.4129629630,0.0511862036,-0.4893936147,2.2790904855,-0.2164094206
