Instance,INF_avg,INF_sd,INF_r1,INF_kr,INF_sk,SUP_avg,SUP_sd,SUP_r1,SUP_kr,SUP_sk,INC_avg,INC_sd,INC_r1,INC_kr,INC_sk,IND_avg,IND_sd,IND_r1,IND_kr,IND_sk
instances/A3/asymmetric/5.6.in,0.3111111111,0.1998456194,0.5575884823,1.7854620899,-0.2311160601,0.2644444444,0.0372843594,-0.2033416282,2.6688114611,0.9478622856,0.4244444444,0.1857450795,0.7702815232,1.9716212185,0.5094700305,0.4111111111,0.0812707713,0.2391304348,2.3312516377,0.7723882110
