Instance,INF_avg,INF_sd,INF_r1,INF_kr,INF_sk,SUP_avg,SUP_sd,SUP_r1,SUP_kr,SUP_sk,INC_avg,INC_sd,INC_r1,INC_kr,INC_sk,IND_avg,IND_sd,IND_r1,IND_kr,IND_sk
instances/A2/asymmetric/20.2.in,0.3160000000,0.0274590604,0.0538089480,2.3918447326,-0.3616669444,0.3570000000,0.0295972972,0.5353278167,2.5509945581,0.7419226148,0.3270000000,0.0188679623,-0.2507221259,1.8612864537,0.1125503367,0.0680000000,0.0092736185,0.0492957746,2.4826933478,0.9704949588
