Instance,INF_avg,INF_sd,INF_r1,INF_kr,INF_sk,SUP_avg,SUP_sd,SUP_r1,SUP_kr,SUP_sk,INC_avg,INC_sd,INC_r1,INC_kr,INC_sk,IND_avg,IND_sd,IND_r1,IND_kr,IND_sk
instances/A3/symmetric/50.5.in,0.4824950913,0.1198551615,0.7852223987,3.0787152636,0.7814288436,0.1099453196,0.0528501191,0.7952428702,2.1913754987,-0.2694696935,0.4075595890,0.0946796836,0.7297960803,2.7056617583,-0.1863638053,0.0560417237,0.0091662801,0.0579410855,2.5226166410,0.4109953456
