Instance,INF_avg,INF_sd,INF_r1,INF_kr,INF_sk,SUP_avg,SUP_sd,SUP_r1,SUP_kr,SUP_sk,INC_avg,INC_sd,INC_r1,INC_kr,INC_sk,IND_avg,IND_sd,IND_r1,IND_kr,IND_sk
instances/A3/symmetric/8.2.in,0.4216849817,0.0987621871,-0.3678680040,1.7736840473,-0.2760226744,0.1154578755,0.0264917987,-0.1696884452,2.9065408287,1.2761487808,0.4628571429,0.0768070292,-0.4532726862,1.4398664120,-0.0963490090,0.1945787546,0.0480674297,-0.3067993020,2.7331498803,1.1634012225
