Instance,INF_avg,INF_sd,INF_r1,INF_kr,INF_sk,SUP_avg,SUP_sd,SUP_r1,SUP_kr,SUP_sk,INC_avg,INC_sd,INC_r1,INC_kr,INC_sk,IND_avg,IND_sd,IND_r1,IND_kr,IND_sk
instances/A3/asymmetric/8.6.in,0.4068376068,0.0638570798,-0.0295998941,2.2813001585,0.6303993394,0.1233618234,0.0711965755,0.3248856595,2.5626119096,0.5614996488,0.4698005698,0.0618082616,0.0179113181,1.4803573222,0.1788323243,0.1817663818,0.0504555107,0.3499778985,1.6259406867,0.4251824745
