Instance,INF_avg,INF_sd,INF_r1,INF_kr,INF_sk,SUP_avg,SUP_sd,SUP_r1,SUP_kr,SUP_sk,INC_avg,INC_sd,INC_r1,INC_kr,INC_sk,IND_avg,IND_sd,IND_r1,IND_kr,IND_sk
instances/A3/asymmetric/100.5.in,0.4335500000,0.1047766553,0.8218147692,3.8602280342,0.4913757729,0.1131000000,0.0414715565,0.7464397789,3.5521432199,0.1777772535,0.4533500000,0.0722670568,0.7489264475,4.6673327803,-0.3537409705,0.0681500000,0.0132033140,0.3586241351,2.3518352760,0.0510923289
