Instance,INF_avg,INF_sd,INF_r1,INF_kr,INF_sk,SUP_avg,SUP_sd,SUP_r1,SUP_kr,SUP_sk,INC_avg,INC_sd,INC_r1,INC_kr,INC_sk,IND_avg,IND_sd,IND_r1,IND_kr,IND_sk
instances/A3/asymmetric/5.4.in,0.2209876543,0.2212444194,0.8110561362,1.6306287630,0.3451573602,0.2055555556,0.1240049559,0.5255865922,1.9045093229,0.0067741147,0.5734567901,0.1424308312,0.5790708244,1.9891897513,-0.2744013364,0.4228395062,0.0760137001,0.3299754874,1.8167241188,0.2028920215
