Instance,INF_avg,INF_sd,INF_r1,INF_kr,INF_sk,SUP_avg,SUP_sd,SUP_r1,SUP_kr,SUP_sk,INC_avg,INC_sd,INC_r1,INC_kr,INC_sk,IND_avg,IND_sd,IND_r1,IND_kr,IND_sk
instances/A3/asymmetric/5.4.in,0.0500000000,0.1000000000,-0.2500000000,3.2500000000,1.5000000000,0.2866666667,0.0884433277,0.3255395683,1.4324638430,-0.2081456157,0.6633333333,0.0763034876,-0.8713307241,2.3948633530,0.8043412919,0.4033333333,0.0600000000,0.2986284289,1.2381115684,-0.1625514403
