Instance,INF_avg,INF_sd,INF_r1,INF_kr,INF_sk,SUP_avg,SUP_sd,SUP_r1,SUP_kr,SUP_sk,INC_avg,INC_sd,INC_r1,INC_kr,INC_sk,IND_avg,IND_sd,IND_r1,IND_kr,IND_sk
instances/A2/asymmetric/8.6.in,0.6683333333,0.0530722778,-0.6666666667,1.1666666667,0.4082482905,0.0266666667,0.0326598632,-0.6666666667,1.1666666667,0.4082482905,0.3050000000,0.0857321410,-0.6666666667,1.1666666667,-0.4082482905,0.3433333333,0.1029293177,-0.1389642562,1.8906665174,0.0941737074
