Instance,INF_avg,INF_sd,INF_r1,INF_kr,INF_sk,SUP_avg,SUP_sd,SUP_r1,SUP_kr,SUP_sk,INC_avg,INC_sd,INC_r1,INC_kr,INC_sk,IND_avg,IND_sd,IND_r1,IND_kr,IND_sk
instances/A2/symmetric/50.5.in,0.3819000000,0.0648605427,0.5573990464,3.9413928953,0.6147132218,0.2247000000,0.0576403505,0.7447976334,1.9182903211,0.1286008817,0.3934000000,0.0549312297,0.6601926169,2.5046536425,-0.5852259611,0.0637000000,0.0142059847,0.6636589489,2.6032043351,-0.1755353470
