Instance,INF_avg,INF_sd,INF_r1,INF_kr,INF_sk,SUP_avg,SUP_sd,SUP_r1,SUP_kr,SUP_sk,INC_avg,INC_sd,INC_r1,INC_kr,INC_sk,IND_avg,IND_sd,IND_r1,IND_kr,IND_sk
instances/A2/symmetric/200.4.in,0.3287000000,0.0341732351,0.1936747836,5.4895639951,-0.9747668231,0.2163000000,0.0330274129,0.2656532456,3.3996830997,-0.3991174061,0.4550000000,0.0392428337,0.2469346049,3.6294273908,0.4311317394,0.0584000000,0.0164754363,0.0587236962,5.5974322232,1.2191179183
