Instance,INF_avg,INF_sd,INF_r1,INF_kr,INF_sk,SUP_avg,SUP_sd,SUP_r1,SUP_kr,SUP_sk,INC_avg,INC_sd,INC_r1,INC_kr,INC_sk,IND_avg,IND_sd,IND_r1,IND_kr,IND_sk
instances/A3/asymmetric/200.5.in,0.3583000000,0.0442900666,0.4792702730,2.8094171174,0.0613677943,0.1229000000,0.0185765982,0.2606150148,2.7968932239,-0.1051652236,0.5188000000,0.0353773939,0.4575269523,2.1321613320,0.0845213050,0.0937000000,0.0123616342,0.1689711666,3.8139676233,0.5853186516
