Instance,INF_avg,INF_sd,INF_r1,INF_kr,INF_sk,SUP_avg,SUP_sd,SUP_r1,SUP_kr,SUP_sk,INC_avg,INC_sd,INC_r1,INC_kr,INC_sk,IND_avg,IND_sd,IND_r1,IND_kr,IND_sk
instances/A1/asymmetric/10.5.in,0.4250980392,0.0888104349,0.4345075576,2.0696510543,0.0309479202,0.2438071895,0.1003823003,0.6444366425,1.7123306737,0.1549544443,0.3310947712,0.0233881471,0.0389169049,2.6724873738,1.0912328997,0.1869607843,0.0255367432,-0.5120244351,1.7118966609,0.0142288801
