Instance,INF_avg,INF_sd,INF_r1,INF_kr,INF_sk,SUP_avg,SUP_sd,SUP_r1,SUP_kr,SUP_sk,INC_avg,INC_sd,INC_r1,INC_kr,INC_sk,IND_avg,IND_sd,IND_r1,IND_kr,IND_sk
instances/A3/symmetric/100.4.in,0.3444000000,0.0502258897,0.4654322755,2.8760793469,-0.0070167253,0.1572000000,0.0354494006,0.5228968506,2.7105170228,0.3576019550,0.4984000000,0.0464321010,0.6003477733,2.7719017161,0.3587999724,0.0686500000,0.0142452624,0.2337585210,3.0694583733,-0.0975292625
