Instance,INF_avg,INF_sd,INF_r1,INF_kr,INF_sk,SUP_avg,SUP_sd,SUP_r1,SUP_kr,SUP_sk,INC_avg,INC_sd,INC_r1,INC_kr,INC_sk,IND_avg,IND_sd,IND_r1,IND_kr,IND_sk
instances/A1/symmetric/5.2.in,0.0966666667,0.0896908270,0.2803166607,1.2445667104,0.1102621427,0.2161904762,0.1195076825,0.2965367965,1.3162603366,0.1836752945,0.6871428571,0.0456646556,-0.2737403231,1.2892925721,0.3457293023,0.3680952381,0.0685383518,0.4328252393,2.0279872904,-0.7542416631
