Instance,INF_avg,INF_sd,INF_r1,INF_kr,INF_sk,SUP_avg,SUP_sd,SUP_r1,SUP_kr,SUP_sk,INC_avg,INC_sd,INC_r1,INC_kr,INC_sk,IND_avg,IND_sd,IND_r1,IND_kr,IND_sk
instances/A1/asymmetric/10.1.in,0.3008224657,0.0866336594,0.2386914611,2.1309023856,0.0689474218,0.2258809507,0.0396208861,0.2720529082,2.7288111118,-0.6520557079,0.4732965836,0.0544609088,0.0035310190,1.5963964653,0.3334026911,0.1867648769,0.0309709064,0.3847110499,1.7954657794,0.4823924496
