Instance,INF_avg,INF_sd,INF_r1,INF_kr,INF_sk,SUP_avg,SUP_sd,SUP_r1,SUP_kr,SUP_sk,INC_avg,INC_sd,INC_r1,INC_kr,INC_sk,IND_avg,IND_sd,IND_r1,IND_kr,IND_sk
instances/A1/asymmetric/100.6.in,0.3618421053,0.1632056382,0.4910205648,4.6096686403,1.1383157773,0.0671052632,0.0678875965,0.3943033110,4.4780872632,1.2099406408,0.5710526316,0.1512585704,0.3866300526,4.0608177599,-0.8898079254,0.3526315789,0.1093926826,0.1016532513,2.9764801151,0.1363814601
