Instance,INF_avg,INF_sd,INF_r1,INF_kr,INF_sk,SUP_avg,SUP_sd,SUP_r1,SUP_kr,SUP_sk,INC_avg,INC_sd,INC_r1,INC_kr,INC_sk,IND_avg,IND_sd,IND_r1,IND_kr,IND_sk
instances/A1/symmetric/20.2.in,0.5687251746,0.0365733445,-0.0188736349,3.0569654103,-1.3658585620,0.1088794316,0.0265943181,0.7330040896,2.4616650711,0.9783538800,0.3223953937,0.0153149459,-0.9230138997,2.1711476381,-0.0479821088,0.0701571180,0.0150700078,0.3872821742,2.4708981809,0.7343914420
