Instance,INF_avg,INF_sd,INF_r1,INF_kr,INF_sk,SUP_avg,SUP_sd,SUP_r1,SUP_kr,SUP_sk,INC_avg,INC_sd,INC_r1,INC_kr,INC_sk,IND_avg,IND_sd,IND_r1,IND_kr,IND_sk
instances/A2/symmetric/8.5.in,0.1728395062,0.1132341749,0.8152035043,1.3114671394,-0.0620065540,0.4444444444,0.1856475709,0.8579881657,1.2092893740,-0.0937956540,0.3827160494,0.0761038766,0.8502979146,1.3271403220,0.2978950932,0.1450617284,0.0254512693,-0.2830957230,2.3953287197,0.4137372427
