Instance,INF_avg,INF_sd,INF_r1,INF_kr,INF_sk,SUP_avg,SUP_sd,SUP_r1,SUP_kr,SUP_sk,INC_avg,INC_sd,INC_r1,INC_kr,INC_sk,IND_avg,IND_sd,IND_r1,IND_kr,IND_sk
instances/A3/symmetric/50.4.in,0.5989107106,0.1483968550,0.9628713335,2.2609523979,0.6967451232,0.0292386185,0.0151128771,0.6491399944,4.2999576875,0.6379778293,0.3718506709,0.1403689852,0.9613286609,2.0778655347,-0.6658362985,0.0680562018,0.0174450189,0.6869949530,2.9514191379,0.3561676015
