Instance,INF_avg,INF_sd,INF_r1,INF_kr,INF_sk,SUP_avg,SUP_sd,SUP_r1,SUP_kr,SUP_sk,INC_avg,INC_sd,INC_r1,INC_kr,INC_sk,IND_avg,IND_sd,IND_r1,IND_kr,IND_sk
instances/A2/symmetric/5.1.in,0.4184303351,0.1390224995,0.2081948000,4.5521589941,-1.5154229748,0.2283950617,0.1154832527,-0.0664103460,3.7299428571,1.2620839447,0.3531746032,0.0642590360,0.1601713062,2.6900847458,-0.3516839260,0.3465608466,0.0402516509,-0.5426244344,2.6328457006,0.7666152985
