Instance,INF_avg,INF_sd,INF_r1,INF_kr,INF_sk,SUP_avg,SUP_sd,SUP_r1,SUP_kr,SUP_sk,INC_avg,INC_sd,INC_r1,INC_kr,INC_sk,IND_avg,IND_sd,IND_r1,IND_kr,IND_sk
instances/A3/symmetric/10.1.in,0.2074040245,0.1016208501,-0.1079133236,2.7836565843,-0.9617330184,0.1101469959,0.0398728470,-0.3012015509,2.5472462474,0.7752750473,0.6824489796,0.0628341436,0.0036998674,2.7703820864,1.0104048518,0.1610889111,0.0142177884,-0.6320380134,1.5725265790,0.2651427117
