Instance,INF_avg,INF_sd,INF_r1,INF_kr,INF_sk,SUP_avg,SUP_sd,SUP_r1,SUP_kr,SUP_sk,INC_avg,INC_sd,INC_r1,INC_kr,INC_sk,IND_avg,IND_sd,IND_r1,IND_kr,IND_sk
instances/A1/asymmetric/5.4.in,0.2290123457,0.1101121070,0.2119189648,2.0719794839,0.7101051626,0.0907407407,0.0458870803,0.1642985791,2.7138908636,-0.2116427105,0.6802469136,0.1037073779,0.3315993480,1.7639425434,-0.4616358527,0.4055555556,0.0598351645,0.3206933911,1.6391200951,0.0880452034
