Instance,INF_avg,INF_sd,INF_r1,INF_kr,INF_sk,SUP_avg,SUP_sd,SUP_r1,SUP_kr,SUP_sk,INC_avg,INC_sd,INC_r1,INC_kr,INC_sk,IND_avg,IND_sd,IND_r1,IND_kr,IND_sk
instances/A1/symmetric/10.1.in,0.6838504759,0.0965402670,-0.7466638773,1.3087369827,-0.2608749312,0.0965026946,0.0640042232,-0.5449830197,1.6962974699,-0.1361601547,0.2196468295,0.0365642963,-0.9932331206,1.1945929371,0.3453960131,0.1633688797,0.0368625168,0.5193341612,1.5519463962,0.0137691970
