Instance,INF_avg,INF_sd,INF_r1,INF_kr,INF_sk,SUP_avg,SUP_sd,SUP_r1,SUP_kr,SUP_sk,INC_avg,INC_sd,INC_r1,INC_kr,INC_sk,IND_avg,IND_sd,IND_r1,IND_kr,IND_sk
instances/A1/symmetric/200.2.in,0.3781250000,0.1535707797,-0.1703160632,2.8956737780,-0.0184530608,0.1140625000,0.1028761201,0.2085582722,2.7836344552,0.7497805659,0.5078125000,0.1564295843,0.0112355347,2.5498754541,-0.1295428204,0.4171875000,0.1317605398,0.1465318736,2.3836712384,0.1733918715
