Instance,INF_avg,INF_sd,INF_r1,INF_kr,INF_sk,SUP_avg,SUP_sd,SUP_r1,SUP_kr,SUP_sk,INC_avg,INC_sd,INC_r1,INC_kr,INC_sk,IND_avg,IND_sd,IND_r1,IND_kr,IND_sk
instances/A3/asymmetric/200.1.in,0.3010000000,0.0452658812,0.3115818244,2.1537835476,0.6617481250,0.1445000000,0.0268747093,0.4734149317,2.4164343787,0.8318281674,0.5545000000,0.0340183774,-0.0214005497,2.5190256361,-0.5830023294,0.0955000000,0.0216159663,-0.2841080939,1.6135004943,-0.0755936084
