Instance,INF_avg,INF_sd,INF_r1,INF_kr,INF_sk,SUP_avg,SUP_sd,SUP_r1,SUP_kr,SUP_sk,INC_avg,INC_sd,INC_r1,INC_kr,INC_sk,IND_avg,IND_sd,IND_r1,IND_kr,IND_sk
instances/A3/symmetric/8.3.in,0.5000407000,0.1075879383,0.5234705680,1.5618914134,-0.0640608158,0.1393976394,0.0932773190,0.3956989295,2.4877074817,0.8334620857,0.3605616606,0.0453137884,0.1972392073,2.0179573766,-0.2233241850,0.1955636956,0.0508814648,0.4129229295,2.3432904119,0.3425828275
