Instance,INF_avg,INF_sd,INF_r1,INF_kr,INF_sk,SUP_avg,SUP_sd,SUP_r1,SUP_kr,SUP_sk,INC_avg,INC_sd,INC_r1,INC_kr,INC_sk,IND_avg,IND_sd,IND_r1,IND_kr,IND_sk
instances/A3/symmetric/200.1.in,0.3180000000,0.0380263067,-0.0464228714,1.8894360175,0.0792746676,0.0610000000,0.0211896201,0.0579878901,2.4563221413,0.5940631882,0.6210000000,0.0506853036,0.0051091132,2.7757924870,-0.4103584701,0.0865000000,0.0097596106,0.0407938258,1.7430094860,-0.3436951360
