Instance,INF_avg,INF_sd,INF_r1,INF_kr,INF_sk,SUP_avg,SUP_sd,SUP_r1,SUP_kr,SUP_sk,INC_avg,INC_sd,INC_r1,INC_kr,INC_sk,IND_avg,IND_sd,IND_r1,IND_kr,IND_sk
instances/A1/asymmetric/100.6.in,0.3446000000,0.0623565554,0.6149811685,2.9017261054,0.1815678404,0.1980000000,0.0526592822,0.6217940396,2.6027836035,0.3341466929,0.4574000000,0.0467625919,0.4594382492,2.4161227713,0.0269823190,0.0534500000,0.0139229128,0.2497044806,2.6320492314,0.2404162811
