Instance,INF_avg,INF_sd,INF_r1,INF_kr,INF_sk,SUP_avg,SUP_sd,SUP_r1,SUP_kr,SUP_sk,INC_avg,INC_sd,INC_r1,INC_kr,INC_sk,IND_avg,IND_sd,IND_r1,IND_kr,IND_sk
instances/A3/asymmetric/50.3.in,0.3816000000,0.0521290706,0.3026106790,3.4377216827,1.0566476434,0.1250000000,0.0261151297,0.0121765601,2.2444552420,0.2240249214,0.4934000000,0.0496129015,0.5240031874,2.3275068795,-0.4582489976,0.0812000000,0.0162037033,0.1630116051,2.7270795665,-0.5469442817
