Instance,INF_avg,INF_sd,INF_r1,INF_kr,INF_sk,SUP_avg,SUP_sd,SUP_r1,SUP_kr,SUP_sk,INC_avg,INC_sd,INC_r1,INC_kr,INC_sk,IND_avg,IND_sd,IND_r1,IND_kr,IND_sk
instances/A3/symmetric/200.2.in,0.2972000000,0.0398642697,0.2868336406,3.2923736199,0.0195877227,0.1339000000,0.0250856533,0.1691307400,2.7553693680,0.1731256748,0.5689000000,0.0422526922,0.2957725125,3.1089951568,-0.0425503275,0.0875500000,0.0219942606,0.0425067343,2.2791953754,0.0316269485
