Instance,INF_avg,INF_sd,INF_r1,INF_kr,INF_sk,SUP_avg,SUP_sd,SUP_r1,SUP_kr,SUP_sk,INC_avg,INC_sd,INC_r1,INC_kr,INC_sk,IND_avg,IND_sd,IND_r1,IND_kr,IND_sk
instances/A2/asymmetric/200.2.in,0.3620000000,0.0183303028,-0.0963335730,2.3970025510,0.8485168857,0.2070000000,0.0317175031,-0.6415214620,1.8964167283,0.6301278970,0.4310000000,0.0303973683,-0.3909937216,2.4643138247,-0.3328210197,0.0580000000,0.0112249722,-0.9117647059,1.8469387755,-0.3436215967
