Instance,INF_avg,INF_sd,INF_r1,INF_kr,INF_sk,SUP_avg,SUP_sd,SUP_r1,SUP_kr,SUP_sk,INC_avg,INC_sd,INC_r1,INC_kr,INC_sk,IND_avg,IND_sd,IND_r1,IND_kr,IND_sk
instances/A2/asymmetric/20.2.in,0.6840897016,0.0150330996,0.4696202147,1.7193997903,0.4766967118,0.0828294212,0.0257138913,0.9628984435,2.0625481489,0.6638270632,0.2330808772,0.0181451290,0.4285318717,1.9524095565,-0.0630675595,0.0565737189,0.0077233507,-0.0889474693,2.2493435796,-0.2056093640
