Instance,INF_avg,INF_sd,INF_r1,INF_kr,INF_sk,SUP_avg,SUP_sd,SUP_r1,SUP_kr,SUP_sk,INC_avg,INC_sd,INC_r1,INC_kr,INC_sk,IND_avg,IND_sd,IND_r1,IND_kr,IND_sk
instances/A2/asymmetric/10.4.in,0.6922715285,0.0876153300,0.0311864435,1.6068771861,-0.3137226303,0.0621603027,0.0488581110,0.3343794250,2.3623922432,0.6117044632,0.2455681688,0.0504126034,-0.4266018086,1.3924951991,0.2884497873,0.1834078661,0.0522431047,-0.5924350782,1.8808903927,0.1420245074
