Instance,INF_avg,INF_sd,INF_r1,INF_kr,INF_sk,SUP_avg,SUP_sd,SUP_r1,SUP_kr,SUP_sk,INC_avg,INC_sd,INC_r1,INC_kr,INC_sk,IND_avg,IND_sd,IND_r1,IND_kr,IND_sk
instances/A1/asymmetric/20.2.in,0.5925487575,0.0437986386,0.5566935646,2.0767893782,-0.3371401312,0.1154523032,0.0209428078,-0.0779667640,3.5917798501,-1.1790981221,0.2919989393,0.0303234326,0.8908742759,1.9271426640,0.5589720775,0.0942910772,0.0103387863,-0.0892236339,2.0768779124,0.1719195180
