Instance,INF_avg,INF_sd,INF_r1,INF_kr,INF_sk,SUP_avg,SUP_sd,SUP_r1,SUP_kr,SUP_sk,INC_avg,INC_sd,INC_r1,INC_kr,INC_sk,IND_avg,IND_sd,IND_r1,IND_kr,IND_sk
instances/A1/asymmetric/20.2.in,0.6228938192,0.0189860120,0.0494100067,3.0825435497,1.3685996067,0.1068788789,0.0214246018,-0.0977855865,2.5611978847,-0.8501361554,0.2702273019,0.0097365060,0.1738048058,1.5171760582,-0.2801458490,0.0935744657,0.0094585435,-0.4948748444,2.0747574298,-0.5141845869
