Instance,INF_avg,INF_sd,INF_r1,INF_kr,INF_sk,SUP_avg,SUP_sd,SUP_r1,SUP_kr,SUP_sk,INC_avg,INC_sd,INC_r1,INC_kr,INC_sk,IND_avg,IND_sd,IND_r1,IND_kr,IND_sk
instances/A1/symmetric/10.6.in,0.4789473684,0.2072107335,0.6300414968,2.0881105619,-0.2279746506,0.1002631579,0.0705287706,0.6828986144,1.7126980270,-0.0058588606,0.4207894737,0.1472388998,0.4649239043,2.5243404875,0.1276027338,0.2610526316,0.0726887647,-0.1672201844,2.2436545132,0.4030703677
