Instance,INF_avg,INF_sd,INF_r1,INF_kr,INF_sk,SUP_avg,SUP_sd,SUP_r1,SUP_kr,SUP_sk,INC_avg,INC_sd,INC_r1,INC_kr,INC_sk,IND_avg,IND_sd,IND_r1,IND_kr,IND_sk
instances/A2/asymmetric/10.1.in,0.4634803922,0.0591920645,0.1716613410,1.8456176377,0.6845537055,0.1323529412,0.0517209132,-0.7162029057,1.4248950878,0.0608187083,0.4041666667,0.0603678013,0.4806833160,1.6607473463,-0.1915648637,0.1279411765,0.0348832292,0.2701131004,1.4864946692,0.1081741700
