Instance,INF_avg,INF_sd,INF_r1,INF_kr,INF_sk,SUP_avg,SUP_sd,SUP_r1,SUP_kr,SUP_sk,INC_avg,INC_sd,INC_r1,INC_kr,INC_sk,IND_avg,IND_sd,IND_r1,IND_kr,IND_sk
instances/A1/symmetric/50.1.in,0.6688888889,0.0633235860,0.3840103753,2.2261660833,-0.6645543569,0.0344444444,0.0320108006,0.2090950991,2.6440150965,1.0170596669,0.2966666667,0.0339934634,0.3878378378,1.5432692308,0.2696596858,0.0877777778,0.0293552107,-0.0473336089,1.9899713467,0.6667771686
