Instance,INF_avg,INF_sd,INF_r1,INF_kr,INF_sk,SUP_avg,SUP_sd,SUP_r1,SUP_kr,SUP_sk,INC_avg,INC_sd,INC_r1,INC_kr,INC_sk,IND_avg,IND_sd,IND_r1,IND_kr,IND_sk
instances/A2/asymmetric/200.2.in,0.4272983871,0.0618283237,0.7277360461,3.4097144829,-0.6564049692,0.1017338710,0.0604187149,0.8603235509,2.5464246353,0.4313448901,0.4709677419,0.0384460106,0.3088787630,2.9794259338,-0.0740402122,0.0663709677,0.0135649380,0.1487534917,2.5440317918,0.4388759320
