Instance,INF_avg,INF_sd,INF_r1,INF_kr,INF_sk,SUP_avg,SUP_sd,SUP_r1,SUP_kr,SUP_sk,INC_avg,INC_sd,INC_r1,INC_kr,INC_sk,IND_avg,IND_sd,IND_r1,IND_kr,IND_sk
instances/A1/asymmetric/10.6.in,0.5924715565,0.0595197252,0.1993518431,1.9076166798,-0.3612748040,0.1063604454,0.0449072360,-0.1971747567,3.0730766597,0.9806737762,0.3011679981,0.0425411220,0.3984798135,2.0470831055,0.2755177094,0.1660191237,0.0371691264,-0.4096043601,2.8903649342,-0.5220732055
