Instance,INF_avg,INF_sd,INF_r1,INF_kr,INF_sk,SUP_avg,SUP_sd,SUP_r1,SUP_kr,SUP_sk,INC_avg,INC_sd,INC_r1,INC_kr,INC_sk,IND_avg,IND_sd,IND_r1,IND_kr,IND_sk
instances/A2/symmetric/100.4.in,0.3840000000,0.0267207784,-0.1389745027,2.1576512958,-0.3685798122,0.1600000000,0.0151657509,0.2380952381,1.7816635161,0.6450461153,0.4560000000,0.0188148877,-0.4796846574,1.4922436082,0.0468435393,0.0530000000,0.0136381817,-0.1200923788,3.1437738467,1.4286267334
