Instance,INF_avg,INF_sd,INF_r1,INF_kr,INF_sk,SUP_avg,SUP_sd,SUP_r1,SUP_kr,SUP_sk,INC_avg,INC_sd,INC_r1,INC_kr,INC_sk,IND_avg,IND_sd,IND_r1,IND_kr,IND_sk
instances/A1/symmetric/8.1.in,0.6324542125,0.0993233018,0.5863020725,1.2336677795,0.2247894724,0.1145787546,0.1071798627,0.3740724581,1.8261992696,0.3363799457,0.2529670330,0.0376968105,-1.0480202936,2.4021597235,-0.2897947239,0.2530586081,0.0744384533,0.0199238987,2.4028112087,0.2261127645
