Instance,INF_avg,INF_sd,INF_r1,INF_kr,INF_sk,SUP_avg,SUP_sd,SUP_r1,SUP_kr,SUP_sk,INC_avg,INC_sd,INC_r1,INC_kr,INC_sk,IND_avg,IND_sd,IND_r1,IND_kr,IND_sk
instances/A1/symmetric/8.1.in,0.5671143671,0.0734579699,0.6486832446,1.5032007936,-0.7082468650,0.0468864469,0.0822539868,0.1609408505,5.9914832533,2.0931772280,0.3859991860,0.0632800955,-0.6302697490,2.8053326183,0.1173633509,0.2978428978,0.0985452294,-0.4271937963,1.4935376244,0.3478668440
