Instance,INF_avg,INF_sd,INF_r1,INF_kr,INF_sk,SUP_avg,SUP_sd,SUP_r1,SUP_kr,SUP_sk,INC_avg,INC_sd,INC_r1,INC_kr,INC_sk,IND_avg,IND_sd,IND_r1,IND_kr,IND_sk
instances/A1/symmetric/8.1.in,0.5255677656,0.0763489476,0.5206062366,1.1676251369,0.4064204293,0.0748717949,0.1003792938,-0.0075827881,2.9383524987,1.2761711220,0.3995604396,0.0803364098,-0.7317167934,1.9725054951,-0.3514856693,0.2694505495,0.0866201157,-0.5294127743,2.5415415576,0.9469534996
