Instance,INF_avg,INF_sd,INF_r1,INF_kr,INF_sk,SUP_avg,SUP_sd,SUP_r1,SUP_kr,SUP_sk,INC_avg,INC_sd,INC_r1,INC_kr,INC_sk,IND_avg,IND_sd,IND_r1,IND_kr,IND_sk
instances/A1/symmetric/8.6.in,0.5184615385,0.0853256900,0.3551457075,1.4490696038,-0.0103399654,0.1112820513,0.0460283193,0.3321553712,1.6181215725,-0.5368706128,0.3702564103,0.0539949105,-0.0235621277,2.4102735379,0.7955702374,0.2235897436,0.0378029077,-0.1103284644,2.7434741711,-0.8977885177
