Instance,INF_avg,INF_sd,INF_r1,INF_kr,INF_sk,SUP_avg,SUP_sd,SUP_r1,SUP_kr,SUP_sk,INC_avg,INC_sd,INC_r1,INC_kr,INC_sk,IND_avg,IND_sd,IND_r1,IND_kr,IND_sk
instances/A2/asymmetric/100.4.in,0.3560000000,0.0281780056,-1.0489296636,1.5659670450,-0.0852800835,0.1670000000,0.0237907545,0.1456449310,1.7976313851,0.3970126159,0.4770000000,0.0447883914,-0.5815760266,1.4873728764,0.4742139986,0.0640000000,0.0086023253,-0.6666666667,1.9945215486,-0.3958703373
