Instance,INF_avg,INF_sd,INF_r1,INF_kr,INF_sk,SUP_avg,SUP_sd,SUP_r1,SUP_kr,SUP_sk,INC_avg,INC_sd,INC_r1,INC_kr,INC_sk,IND_avg,IND_sd,IND_r1,IND_kr,IND_sk
instances/A1/symmetric/8.4.in,0.1222222222,0.0451335467,0.8118279570,1.4421487603,-0.3804646085,0.1944444444,0.1009216785,0.7058823529,2.8856749311,1.2510951876,0.6833333333,0.0647883544,-0.3245033113,3.1040224913,-1.4035141564,0.2111111111,0.0136082763,0.0384615385,1.1666666667,-0.4082482905
