Instance,INF_avg,INF_sd,INF_r1,INF_kr,INF_sk,SUP_avg,SUP_sd,SUP_r1,SUP_kr,SUP_sk,INC_avg,INC_sd,INC_r1,INC_kr,INC_sk,IND_avg,IND_sd,IND_r1,IND_kr,IND_sk
instances/A2/symmetric/10.4.in,0.3116496599,0.0291134409,-0.7266438560,2.2080292414,-0.1598107782,0.2664115646,0.0342208820,0.0922725989,2.5841261314,-0.8596560391,0.4219387755,0.0586978654,-0.2475743295,2.5818861415,1.0037452108,0.1230442177,0.0138675851,0.0266695009,2.5110135614,0.1926789320
