Instance,INF_avg,INF_sd,INF_r1,INF_kr,INF_sk,SUP_avg,SUP_sd,SUP_r1,SUP_kr,SUP_sk,INC_avg,INC_sd,INC_r1,INC_kr,INC_sk,IND_avg,IND_sd,IND_r1,IND_kr,IND_sk
instances/A3/asymmetric/20.5.in,0.2500000000,0.1732050808,0.2873563218,2.7708333333,0.6495190528,0.1875000000,0.1452368755,0.0643274854,1.6037860082,0.4628454172,0.5625000000,0.1932453104,-0.0211327134,2.0811435374,0.1217911307,0.4750000000,0.0968245837,0.0630630631,2.1200000000,-0.3098386677
