Instance,INF_avg,INF_sd,INF_r1,INF_kr,INF_sk,SUP_avg,SUP_sd,SUP_r1,SUP_kr,SUP_sk,INC_avg,INC_sd,INC_r1,INC_kr,INC_sk,IND_avg,IND_sd,IND_r1,IND_kr,IND_sk
instances/A2/symmetric/5.6.in,0.5377777778,0.0762063476,-0.9230769231,1.1666666667,-0.4082482905,0.0888888889,0.1088662108,-0.9230769231,1.1666666667,0.4082482905,0.3733333333,0.0326598632,-0.9230769231,1.1666666667,-0.4082482905,0.4311111111,0.1491374376,-0.5109890110,1.4649082402,-0.0268367777
