Instance,INF_avg,INF_sd,INF_r1,INF_kr,INF_sk,SUP_avg,SUP_sd,SUP_r1,SUP_kr,SUP_sk,INC_avg,INC_sd,INC_r1,INC_kr,INC_sk,IND_avg,IND_sd,IND_r1,IND_kr,IND_sk
instances/A2/symmetric/8.4.in,0.4456248694,0.0531915044,0.0141988192,1.5534592424,0.0326119293,0.1755384013,0.0397200625,-0.5592643015,1.6898892549,0.1679451367,0.3788367294,0.0511448525,0.2220714954,2.3019151045,0.7258275536,0.2266392372,0.0816322911,0.7990268648,1.4022258003,0.3162022248
