Instance,INF_avg,INF_sd,INF_r1,INF_kr,INF_sk,SUP_avg,SUP_sd,SUP_r1,SUP_kr,SUP_sk,INC_avg,INC_sd,INC_r1,INC_kr,INC_sk,IND_avg,IND_sd,IND_r1,IND_kr,IND_sk
instances/A3/asymmetric/50.5.in,0.2268000000,0.0707513957,0.7716377102,1.8109309904,-0.2879789873,0.1116000000,0.0228350608,0.2544232473,2.1113411855,0.0447624837,0.6616000000,0.0616558189,0.7274160738,2.0203173986,0.3437950505,0.1180000000,0.0198494332,0.2578207012,3.8363137417,-0.3475402584
