Instance,INF_avg,INF_sd,INF_r1,INF_kr,INF_sk,SUP_avg,SUP_sd,SUP_r1,SUP_kr,SUP_sk,INC_avg,INC_sd,INC_r1,INC_kr,INC_sk,IND_avg,IND_sd,IND_r1,IND_kr,IND_sk
instances/A2/symmetric/5.5.in,0.2996472663,0.1877427736,0.6021385979,1.4358902798,0.0631376653,0.3386243386,0.1156565832,0.2853667273,2.8373947969,-0.2772666101,0.3617283951,0.1036853305,0.4805461985,1.4864780288,0.0945523083,0.3326278660,0.0650733903,0.5716580368,2.2319373587,0.8127371639
