Instance,INF_avg,INF_sd,INF_r1,INF_kr,INF_sk,SUP_avg,SUP_sd,SUP_r1,SUP_kr,SUP_sk,INC_avg,INC_sd,INC_r1,INC_kr,INC_sk,IND_avg,IND_sd,IND_r1,IND_kr,IND_sk
instances/A3/asymmetric/100.6.in,0.4404545455,0.1961673050,0.9404938513,3.4428990217,1.2229555682,0.0411363636,0.0419261206,0.6242577990,3.3721038698,0.9166021812,0.5184090909,0.1743878017,0.9083025407,3.7214665467,-1.2741296741,0.2081818182,0.0674628762,0.4679118207,2.5273613994,-0.1861943012
