Instance,INF_avg,INF_sd,INF_r1,INF_kr,INF_sk,SUP_avg,SUP_sd,SUP_r1,SUP_kr,SUP_sk,INC_avg,INC_sd,INC_r1,INC_kr,INC_sk,IND_avg,IND_sd,IND_r1,IND_kr,IND_sk
instances/A3/asymmetric/8.3.in,0.5723809524,0.1656198417,0.6747144797,1.2431926394,-0.1233321979,0.0552380952,0.0526486665,0.1127760252,1.5196472136,0.2778753785,0.3723809524,0.1440001890,0.6563789796,1.2414754985,0.4361274453,0.2447619048,0.0274956191,-0.0863704982,2.3902251943,-0.2021839864
