Instance,INF_avg,INF_sd,INF_r1,INF_kr,INF_sk,SUP_avg,SUP_sd,SUP_r1,SUP_kr,SUP_sk,INC_avg,INC_sd,INC_r1,INC_kr,INC_sk,IND_avg,IND_sd,IND_r1,IND_kr,IND_sk
instances/A2/asymmetric/100.2.in,0.4362000000,0.0469474174,0.5347466959,2.6596635802,-0.1550505500,0.2045000000,0.0432521676,0.7082912736,2.7781898045,0.4304107229,0.3593000000,0.0292747331,0.1396067420,3.0249629063,-0.1250535547,0.0540500000,0.0114606937,0.4109139787,3.5337122940,0.5672814494
