Instance,INF_avg,INF_sd,INF_r1,INF_kr,INF_sk,SUP_avg,SUP_sd,SUP_r1,SUP_kr,SUP_sk,INC_avg,INC_sd,INC_r1,INC_kr,INC_sk,IND_avg,IND_sd,IND_r1,IND_kr,IND_sk
instances/A1/asymmetric/50.4.in,0.6312000000,0.2368513458,0.9208769018,1.3905198517,-0.0440908924,0.0624000000,0.0707265155,0.8451002557,2.0064776712,0.7257675981,0.3064000000,0.1735022766,0.9175040221,1.3360168852,-0.1657303208,0.1392000000,0.0432592187,0.8005497717,2.2410729825,-0.7311378972
