Instance,INF_avg,INF_sd,INF_r1,INF_kr,INF_sk,SUP_avg,SUP_sd,SUP_r1,SUP_kr,SUP_sk,INC_avg,INC_sd,INC_r1,INC_kr,INC_sk,IND_avg,IND_sd,IND_r1,IND_kr,IND_sk
instances/A2/asymmetric/5.6.in,0.2783950617,0.2067523459,0.5563503148,1.5214587263,0.2459526678,0.1858024691,0.1237588896,0.3138554835,1.6713633943,-0.3741975317,0.5358024691,0.1022420509,0.4147727002,1.3284876500,-0.0625526022,0.3679012346,0.0407220309,0.2726465364,1.8041198097,0.5613094704
