Instance,INF_avg,INF_sd,INF_r1,INF_kr,INF_sk,SUP_avg,SUP_sd,SUP_r1,SUP_kr,SUP_sk,INC_avg,INC_sd,INC_r1,INC_kr,INC_sk,IND_avg,IND_sd,IND_r1,IND_kr,IND_sk
instances/A1/symmetric/8.5.in,0.1964646465,0.0135895192,0.2161487236,1.2445667104,0.1102621427,0.1858585859,0.0839296084,0.4580636276,1.2558665841,0.4418819184,0.6176767677,0.0726921913,0.4884810378,1.3175715543,-0.3992722131,0.1611111111,0.0421467597,0.0693042209,2.9480285251,1.2325013549
