Instance,INF_avg,INF_sd,INF_r1,INF_kr,INF_sk,SUP_avg,SUP_sd,SUP_r1,SUP_kr,SUP_sk,INC_avg,INC_sd,INC_r1,INC_kr,INC_sk,IND_avg,IND_sd,IND_r1,IND_kr,IND_sk
instances/A1/symmetric/100.5.in,0.4065000000,0.0363352446,0.3022139557,2.9948916706,-0.3154365894,0.1720000000,0.0243104916,0.1552279275,2.7319178541,-0.7136940758,0.4215000000,0.0255978515,0.6383484021,2.8197655452,0.4164730971,0.0560000000,0.0122065556,0.3469971401,1.9479753164,0.0148451422
