Instance,INF_avg,INF_sd,INF_r1,INF_kr,INF_sk,SUP_avg,SUP_sd,SUP_r1,SUP_kr,SUP_sk,INC_avg,INC_sd,INC_r1,INC_kr,INC_sk,IND_avg,IND_sd,IND_r1,IND_kr,IND_sk
instances/A1/asymmetric/50.3.in,0.4630000000,0.0414246304,-0.3608807749,3.0128755277,0.8015652806,0.1155000000,0.0192937814,-0.1292868417,3.4029432764,0.7802720798,0.4215000000,0.0364039833,-0.0675063068,2.6777895960,-0.1197963397,0.0615000000,0.0102591423,0.3170007424,1.4893675842,-0.2681114808
