Instance,INF_avg,INF_sd,INF_r1,INF_kr,INF_sk,SUP_avg,SUP_sd,SUP_r1,SUP_kr,SUP_sk,INC_avg,INC_sd,INC_r1,INC_kr,INC_sk,IND_avg,IND_sd,IND_r1,IND_kr,IND_sk
instances/A3/symmetric/100.2.in,0.1323000000,0.0947534168,0.5889780642,1.8753610186,0.6935988419,0.1830000000,0.0395853508,0.5984479106,2.1429788527,-0.2362557178,0.6847000000,0.0688288457,0.4403908861,2.0762277606,-0.7101955898,0.0727000000,0.0218680132,-0.0034228507,2.3757627440,0.3613975681
