Instance,INF_avg,INF_sd,INF_r1,INF_kr,INF_sk,SUP_avg,SUP_sd,SUP_r1,SUP_kr,SUP_sk,INC_avg,INC_sd,INC_r1,INC_kr,INC_sk,IND_avg,IND_sd,IND_r1,IND_kr,IND_sk
instances/A2/symmetric/200.5.in,0.4976119403,0.1067580547,0.6476955262,7.0369241876,1.4290999933,0.0597014925,0.0511938123,0.5901556646,3.3214119758,0.9056572801,0.4426865672,0.0861373788,0.6207509400,8.4577812028,-1.7604710838,0.1531343284,0.0434418106,0.1774776430,2.8821456757,0.1387267535
