Instance,INF_avg,INF_sd,INF_r1,INF_kr,INF_sk,SUP_avg,SUP_sd,SUP_r1,SUP_kr,SUP_sk,INC_avg,INC_sd,INC_r1,INC_kr,INC_sk,IND_avg,IND_sd,IND_r1,IND_kr,IND_sk
instances/A3/symmetric/5.6.in,0.4144444444,0.1181963213,0.3196182700,2.0101897781,0.1771152434,0.2611111111,0.1444444444,0.0753527469,2.4307009558,-0.8855257169,0.3244444444,0.0572626610,-0.4830508475,2.6376106837,-0.6760925664,0.3355555556,0.1265203834,0.7551315071,2.0543048087,0.8105068088
