Instance,INF_avg,INF_sd,INF_r1,INF_kr,INF_sk,SUP_avg,SUP_sd,SUP_r1,SUP_kr,SUP_sk,INC_avg,INC_sd,INC_r1,INC_kr,INC_sk,IND_avg,IND_sd,IND_r1,IND_kr,IND_sk
instances/A1/asymmetric/10.6.in,0.5297385621,0.0387023869,0.3951305506,2.5389970370,-0.6540216726,0.1181372549,0.0390621996,0.5789580213,1.6552689441,0.3403241238,0.3521241830,0.0335282014,-0.1344173698,2.0609824838,-0.0309997342,0.1700980392,0.0175514841,0.2573805417,2.6377308758,0.3745802582
