Instance,INF_avg,INF_sd,INF_r1,INF_kr,INF_sk,SUP_avg,SUP_sd,SUP_r1,SUP_kr,SUP_sk,INC_avg,INC_sd,INC_r1,INC_kr,INC_sk,IND_avg,IND_sd,IND_r1,IND_kr,IND_sk
instances/A1/asymmetric/20.5.in,0.3223200541,0.1102605393,0.7476442195,2.5255144393,0.7736337765,0.2105845178,0.0827419509,0.7832437700,2.2874622096,0.4315440460,0.4670954281,0.0521748525,0.6103411814,2.7677727444,-0.6824071731,0.0697737983,0.0096205357,0.4382302530,2.2431506318,-0.1881121207
