Instance,INF_avg,INF_sd,INF_r1,INF_kr,INF_sk,SUP_avg,SUP_sd,SUP_r1,SUP_kr,SUP_sk,INC_avg,INC_sd,INC_r1,INC_kr,INC_sk,IND_avg,IND_sd,IND_r1,IND_kr,IND_sk
instances/A3/symmetric/50.1.in,0.6616283490,0.1667585859,0.9463938379,1.4215785140,0.2447593465,0.0239024390,0.0212279210,0.8602664376,2.1107058001,0.5405767241,0.3144692120,0.1483387283,0.9367732711,1.4536712907,-0.2940512548,0.0677739891,0.0184309352,0.7360677463,1.8799437224,-0.2422970770
