Instance,INF_avg,INF_sd,INF_r1,INF_kr,INF_sk,SUP_avg,SUP_sd,SUP_r1,SUP_kr,SUP_sk,INC_avg,INC_sd,INC_r1,INC_kr,INC_sk,IND_avg,IND_sd,IND_r1,IND_kr,IND_sk
instances/A3/symmetric/100.1.in,0.3234177215,0.1608591339,0.7427282788,5.8158992849,1.6384133048,0.0936708861,0.0612977216,0.2167188604,2.6754935193,0.2833772760,0.5829113924,0.1436165067,0.5737155294,4.3063166404,-1.1076161300,0.3550632911,0.1101193072,0.2281027276,2.7783975893,0.3051262753
