Instance,INF_avg,INF_sd,INF_r1,INF_kr,INF_sk,SUP_avg,SUP_sd,SUP_r1,SUP_kr,SUP_sk,INC_avg,INC_sd,INC_r1,INC_kr,INC_sk,IND_avg,IND_sd,IND_r1,IND_kr,IND_sk
instances/A3/symmetric/10.4.in,0.7285714286,0.1088798651,-0.2643341923,2.9594314516,-1.2669929844,0.0075187970,0.0184172161,-0.0243902439,5.1666666667,2.0412414523,0.2639097744,0.1036121872,-0.2480887793,3.9315115547,1.5823328938,0.2639097744,0.0997197724,-0.0371511151,4.5600412206,1.7767520429
