Instance,INF_avg,INF_sd,INF_r1,INF_kr,INF_sk,SUP_avg,SUP_sd,SUP_r1,SUP_kr,SUP_sk,INC_avg,INC_sd,INC_r1,INC_kr,INC_sk,IND_avg,IND_sd,IND_r1,IND_kr,IND_sk
instances/A1/asymmetric/5.2.in,0.3588888889,0.0639830224,-0.5640770045,1.6457592751,0.0010683373,0.1955555556,0.0527514554,-0.9951516518,1.7852127619,-0.4133944262,0.4455555556,0.0451882209,-0.1746115354,2.9477482312,1.3091375707,0.3300000000,0.0476095229,-0.0022522523,2.5291234141,-0.3130037835
