Instance,INF_avg,INF_sd,INF_r1,INF_kr,INF_sk,SUP_avg,SUP_sd,SUP_r1,SUP_kr,SUP_sk,INC_avg,INC_sd,INC_r1,INC_kr,INC_sk,IND_avg,IND_sd,IND_r1,IND_kr,IND_sk
instances/A3/symmetric/20.5.in,0.4328415852,0.0900758997,0.0114428713,2.9213204625,1.2112931808,0.0695251644,0.0199241011,0.5569203230,1.9284995343,0.1767631385,0.4976332504,0.0746609962,-0.1275114148,3.0315969537,-1.3503839029,0.0952912905,0.0156635042,-0.1495917553,1.8440569640,0.6175853758
