Instance,INF_avg,INF_sd,INF_r1,INF_kr,INF_sk,SUP_avg,SUP_sd,SUP_r1,SUP_kr,SUP_sk,INC_avg,INC_sd,INC_r1,INC_kr,INC_sk,IND_avg,IND_sd,IND_r1,IND_kr,IND_sk
instances/A3/symmetric/8.3.in,0.5338217338,0.0566489303,0.0972346917,1.6005290605,0.2231329824,0.1264957265,0.0758541542,0.5651175549,2.2348653455,-0.6017693211,0.3396825397,0.0974542566,0.2733142346,2.3092960045,0.4931757647,0.2777167277,0.0660409159,0.4333273368,2.4692996060,-0.0772309016
