Instance,INF_avg,INF_sd,INF_r1,INF_kr,INF_sk,SUP_avg,SUP_sd,SUP_r1,SUP_kr,SUP_sk,INC_avg,INC_sd,INC_r1,INC_kr,INC_sk,IND_avg,IND_sd,IND_r1,IND_kr,IND_sk
instances/A2/asymmetric/20.6.in,0.4652173913,0.1611337431,0.8477686698,3.4430174282,1.0655422631,0.0456521739,0.0529828592,0.3998184706,4.1695575281,1.2698731595,0.4891304348,0.1517696494,0.8288745072,2.8061593687,-0.8186059096,0.3086956522,0.0842514016,0.0592805558,2.2595075186,-0.2198554353
