Instance,INF_avg,INF_sd,INF_r1,INF_kr,INF_sk,SUP_avg,SUP_sd,SUP_r1,SUP_kr,SUP_sk,INC_avg,INC_sd,INC_r1,INC_kr,INC_sk,IND_avg,IND_sd,IND_r1,IND_kr,IND_sk
instances/A2/symmetric/20.1.in,0.3461535439,0.0837588134,0.7457909780,2.6837851633,0.3328184909,0.3398714670,0.0787683699,0.7275977962,2.2801873498,-0.5442261753,0.3139749890,0.0367819028,0.6435421808,2.5445388588,-0.0307049938,0.0393103954,0.0098094331,0.1071665320,3.3679444963,0.4672617023
