Instance,INF_avg,INF_sd,INF_r1,INF_kr,INF_sk,SUP_avg,SUP_sd,SUP_r1,SUP_kr,SUP_sk,INC_avg,INC_sd,INC_r1,INC_kr,INC_sk,IND_avg,IND_sd,IND_r1,IND_kr,IND_sk
instances/A1/symmetric/20.4.in,0.1586000000,0.0410979318,0.1852529911,3.3600592622,0.1920551782,0.3158000000,0.0419447255,0.2818346327,2.0885696815,0.1215111865,0.5256000000,0.0420789734,0.4190814912,2.7946705037,-0.5301853510,0.0518000000,0.0103807514,0.3889174245,2.2212249278,0.1584652977
