Instance,INF_avg,INF_sd,INF_r1,INF_kr,INF_sk,SUP_avg,SUP_sd,SUP_r1,SUP_kr,SUP_sk,INC_avg,INC_sd,INC_r1,INC_kr,INC_sk,IND_avg,IND_sd,IND_r1,IND_kr,IND_sk
instances/A1/symmetric/5.2.in,0.4844444444,0.1027041779,-0.6374122367,1.5874889534,-0.0909245104,0.0444444444,0.0544331054,0.0384615385,1.1666666667,0.4082482905,0.4711111111,0.0997775303,-0.2102473498,3.0563114135,1.3532751773,0.4444444444,0.0877707451,0.1351351351,2.5000000000,0.6816514971
