Instance,INF_avg,INF_sd,INF_r1,INF_kr,INF_sk,SUP_avg,SUP_sd,SUP_r1,SUP_kr,SUP_sk,INC_avg,INC_sd,INC_r1,INC_kr,INC_sk,IND_avg,IND_sd,IND_r1,IND_kr,IND_sk
instances/A2/asymmetric/100.3.in,0.4570000000,0.0430232495,0.2132200806,2.3598869418,-0.7322564476,0.1580000000,0.0352278299,-0.3806061596,3.2482752531,-0.5460255193,0.3850000000,0.0479061583,0.2642777156,1.6586925257,0.3410807686,0.0505000000,0.0133135270,0.4778142388,2.1064193793,0.2103971667
