Instance,INF_avg,INF_sd,INF_r1,INF_kr,INF_sk,SUP_avg,SUP_sd,SUP_r1,SUP_kr,SUP_sk,INC_avg,INC_sd,INC_r1,INC_kr,INC_sk,IND_avg,IND_sd,IND_r1,IND_kr,IND_sk
instances/A3/asymmetric/8.4.in,0.4247456247,0.1110135373,0.7859580134,1.6593354954,-0.1631145097,0.1154660155,0.0335029821,0.0347050934,2.6176496291,-0.4477430980,0.4597883598,0.0967111246,0.8622311062,1.8315179182,0.4161727994,0.2160765161,0.0503459668,0.0801774444,1.9878927851,-0.0593999725
