Instance,INF_avg,INF_sd,INF_r1,INF_kr,INF_sk,SUP_avg,SUP_sd,SUP_r1,SUP_kr,SUP_sk,INC_avg,INC_sd,INC_r1,INC_kr,INC_sk,IND_avg,IND_sd,IND_r1,IND_kr,IND_sk
instances/A3/asymmetric/8.4.in,0.5142857143,0.0466569475,0.4230769231,1.1666666667,0.4082482905,0.1047619048,0.0356348323,-0.1111111111,1.8469387755,-0.3436215967,0.3809523810,0.0301169301,0.0000000000,2.5000000000,-0.0000000000,0.1904761905,0.0425917710,-1.0000000000,1.2500000000,0.0000000000
