Instance,INF_avg,INF_sd,INF_r1,INF_kr,INF_sk,SUP_avg,SUP_sd,SUP_r1,SUP_kr,SUP_sk,INC_avg,INC_sd,INC_r1,INC_kr,INC_sk,IND_avg,IND_sd,IND_r1,IND_kr,IND_sk
instances/A2/symmetric/20.2.in,0.6491904474,0.0482574321,0.3823772348,1.4903296704,0.4716882915,0.1231985482,0.0525099153,0.3420474583,1.8835803972,-0.2400710812,0.2276110043,0.0153343678,-0.8374521030,2.0213003818,-0.7326003827,0.0486024380,0.0060242342,0.0116860609,2.0510344993,0.6394949038
