Instance,INF_avg,INF_sd,INF_r1,INF_kr,INF_sk,SUP_avg,SUP_sd,SUP_r1,SUP_kr,SUP_sk,INC_avg,INC_sd,INC_r1,INC_kr,INC_sk,IND_avg,IND_sd,IND_r1,IND_kr,IND_sk
instances/A2/symmetric/8.4.in,0.3148070746,0.1044428281,0.2926979410,1.8662627241,-0.0260554600,0.1946592360,0.0848903067,-0.3552702982,1.5491937995,-0.0468783904,0.4905336894,0.0912400694,0.7825310324,1.6971727538,-0.2502040271,0.1820484539,0.0490515134,0.0326595203,1.2042155052,0.1216566449
