Instance,INF_avg,INF_sd,INF_r1,INF_kr,INF_sk,SUP_avg,SUP_sd,SUP_r1,SUP_kr,SUP_sk,INC_avg,INC_sd,INC_r1,INC_kr,INC_sk,IND_avg,IND_sd,IND_r1,IND_kr,IND_sk
instances/A2/symmetric/8.4.in,0.3777638454,0.0809338150,-0.2270396418,2.1750816563,-0.4354050597,0.2049320794,0.0815815462,-0.7322925124,1.3122772120,0.2024473966,0.4173040752,0.0515984710,0.4135967993,2.0468769801,-0.3457730815,0.1736468130,0.0528072076,-0.6545789211,1.2060989893,0.3839953419
