Instance,INF_avg,INF_sd,INF_r1,INF_kr,INF_sk,SUP_avg,SUP_sd,SUP_r1,SUP_kr,SUP_sk,INC_avg,INC_sd,INC_r1,INC_kr,INC_sk,IND_avg,IND_sd,IND_r1,IND_kr,IND_sk
instances/A2/asymmetric/8.2.in,0.4378021978,0.0525256844,0.6417938970,1.3416946984,-0.2758302243,0.1885714286,0.0676001942,-0.1940633667,1.8373581215,0.6016184665,0.3736263736,0.0526759795,-0.2891566265,2.1114318210,0.4503183445,0.1637362637,0.0281979916,-0.4995264831,2.1046194208,-0.6381468369
