Instance,INF_avg,INF_sd,INF_r1,INF_kr,INF_sk,SUP_avg,SUP_sd,SUP_r1,SUP_kr,SUP_sk,INC_avg,INC_sd,INC_r1,INC_kr,INC_sk,IND_avg,IND_sd,IND_r1,IND_kr,IND_sk
instances/A3/symmetric/10.4.in,0.6115009747,0.0633027242,-0.2529430971,1.5000000000,0.6353820253,0.0000000000,0.0000000000,0.0000000000,0.0000000000,0.0000000000,0.3884990253,0.0633027242,-0.2529430971,1.5000000000,-0.6353820253,0.2741390513,0.0183555866,-0.3525962322,1.5000000000,0.6832577954
