Instance,INF_avg,INF_sd,INF_r1,INF_kr,INF_sk,SUP_avg,SUP_sd,SUP_r1,SUP_kr,SUP_sk,INC_avg,INC_sd,INC_r1,INC_kr,INC_sk,IND_avg,IND_sd,IND_r1,IND_kr,IND_sk
instances/A3/asymmetric/100.3.in,0.2850000000,0.0370135110,0.0466321244,1.4184293250,-0.0532455005,0.1400000000,0.0282842712,-0.5000000000,1.7000000000,0.0000000000,0.5750000000,0.0270185122,-0.1862068966,1.5880090073,0.1368924430,0.0930000000,0.0143527001,-0.4544564153,2.4234612122,-0.1034952924
