Instance,INF_avg,INF_sd,INF_r1,INF_kr,INF_sk,SUP_avg,SUP_sd,SUP_r1,SUP_kr,SUP_sk,INC_avg,INC_sd,INC_r1,INC_kr,INC_sk,IND_avg,IND_sd,IND_r1,IND_kr,IND_sk
instances/A1/asymmetric/50.1.in,0.5028000000,0.1100825145,0.7883117142,2.9954605270,0.2197721500,0.1590000000,0.0467439836,0.7094335468,2.9070190450,0.3929188098,0.3382000000,0.0927187144,0.8025357157,3.0773187807,0.3673070952,0.0858000000,0.0215025580,0.7524893087,2.5802134265,-0.4853363017
