Instance,INF_avg,INF_sd,INF_r1,INF_kr,INF_sk,SUP_avg,SUP_sd,SUP_r1,SUP_kr,SUP_sk,INC_avg,INC_sd,INC_r1,INC_kr,INC_sk,IND_avg,IND_sd,IND_r1,IND_kr,IND_sk
instances/A2/asymmetric/8.3.in,0.4902319902,0.0756835615,0.2695863736,3.7914674336,1.0474965254,0.2369556370,0.0959199542,0.4698855595,2.5853424539,-0.4774550939,0.2728123728,0.0394070565,0.2568105438,2.9517021059,-0.6576668419,0.2164835165,0.0455215718,0.1094102793,1.9403057844,-0.2145898730
