Instance,INF_avg,INF_sd,INF_r1,INF_kr,INF_sk,SUP_avg,SUP_sd,SUP_r1,SUP_kr,SUP_sk,INC_avg,INC_sd,INC_r1,INC_kr,INC_sk,IND_avg,IND_sd,IND_r1,IND_kr,IND_sk
instances/A1/symmetric/100.6.in,0.2932000000,0.0492520050,0.6650530666,2.5134993401,-0.5651465746,0.1796000000,0.0382340163,0.6062391418,1.9780142950,0.1299697655,0.5272000000,0.0289164313,0.3918615625,2.6914065744,-0.4249309161,0.0576000000,0.0137200583,0.0426331513,1.9630446181,0.0422633411
