Instance,INF_avg,INF_sd,INF_r1,INF_kr,INF_sk,SUP_avg,SUP_sd,SUP_r1,SUP_kr,SUP_sk,INC_avg,INC_sd,INC_r1,INC_kr,INC_sk,IND_avg,IND_sd,IND_r1,IND_kr,IND_sk
instances/A3/asymmetric/5.2.in,0.1000000000,0.1224744871,0.5238095238,1.1666666667,0.4082482905,0.1433333333,0.1263153021,0.7799542101,1.5113806535,0.4194305875,0.7566666667,0.2462158042,0.6820929130,1.2602517017,-0.4123858909,0.4100000000,0.1190704740,0.4835623160,1.9933790942,0.2953915661
