Instance,INF_avg,INF_sd,INF_r1,INF_kr,INF_sk,SUP_avg,SUP_sd,SUP_r1,SUP_kr,SUP_sk,INC_avg,INC_sd,INC_r1,INC_kr,INC_sk,IND_avg,IND_sd,IND_r1,IND_kr,IND_sk
instances/A1/symmetric/8.1.in,0.4556321839,0.1025751145,-0.7017676243,1.4097974147,0.2870788164,0.1072685475,0.0659104305,-0.7958594545,1.5991556979,0.2692400890,0.4370992685,0.0551499438,-0.3141387307,1.6730487482,0.1038229894,0.1588547544,0.0131200493,-0.1463834873,1.7696116818,-0.4045942678
