Instance,INF_avg,INF_sd,INF_r1,INF_kr,INF_sk,SUP_avg,SUP_sd,SUP_r1,SUP_kr,SUP_sk,INC_avg,INC_sd,INC_r1,INC_kr,INC_sk,IND_avg,IND_sd,IND_r1,IND_kr,IND_sk
instances/A2/symmetric/8.5.in,0.5483618234,0.0636042678,0.1432718912,2.3410491385,0.3504166272,0.1141229141,0.0872393386,0.4900549918,1.9268357815,0.6191101301,0.3375152625,0.0520738054,0.5034186485,1.3427734623,-0.1232136778,0.2183862434,0.0647607033,-0.4695106721,4.1809798221,1.3286894984
