Instance,INF_avg,INF_sd,INF_r1,INF_kr,INF_sk,SUP_avg,SUP_sd,SUP_r1,SUP_kr,SUP_sk,INC_avg,INC_sd,INC_r1,INC_kr,INC_sk,IND_avg,IND_sd,IND_r1,IND_kr,IND_sk
instances/A1/asymmetric/8.6.in,0.5565201465,0.1279846141,0.4764252824,1.4702933601,0.4731073331,0.1298901099,0.0699453787,0.1536988448,2.6178915202,-1.0086472852,0.3135897436,0.0772624990,0.5594149425,1.4827137961,-0.3085499770,0.2459157509,0.0666817497,-0.1065125950,2.9499428171,1.2669469477
