Instance,INF_avg,INF_sd,INF_r1,INF_kr,INF_sk,SUP_avg,SUP_sd,SUP_r1,SUP_kr,SUP_sk,INC_avg,INC_sd,INC_r1,INC_kr,INC_sk,IND_avg,IND_sd,IND_r1,IND_kr,IND_sk
instances/A1/asymmetric/8.6.in,0.4259006426,0.1927715212,0.5774730753,2.1313683938,0.0724735924,0.2348996682,0.1707688716,0.4057416853,2.3423975956,0.7186690288,0.3391996892,0.0803580349,0.3301869065,1.8799729300,-0.2640032197,0.2421193005,0.0522143700,-0.1299076767,4.8419124556,1.6590240489
