Instance,INF_avg,INF_sd,INF_r1,INF_kr,INF_sk,SUP_avg,SUP_sd,SUP_r1,SUP_kr,SUP_sk,INC_avg,INC_sd,INC_r1,INC_kr,INC_sk,IND_avg,IND_sd,IND_r1,IND_kr,IND_sk
instances/A2/asymmetric/10.2.in,0.6798245614,0.0988001269,-0.0235813311,1.5000000000,-0.2977916416,0.0333333333,0.0235702260,-0.5000000000,1.5000000000,-0.7071067812,0.2868421053,0.0816213812,-0.0958435208,1.5000000000,0.5851024021,0.2210526316,0.0297729171,-0.5000000000,1.5000000000,0.7071067812
