Instance,INF_avg,INF_sd,INF_r1,INF_kr,INF_sk,SUP_avg,SUP_sd,SUP_r1,SUP_kr,SUP_sk,INC_avg,INC_sd,INC_r1,INC_kr,INC_sk,IND_avg,IND_sd,IND_r1,IND_kr,IND_sk
instances/A1/asymmetric/8.3.in,0.5897435897,0.0673534643,-0.5327868852,1.3783868935,0.0331037821,0.1073260073,0.0262512423,-0.4192231180,2.3519844346,0.7690639588,0.3029304029,0.0676575716,-0.3426656730,2.3262083899,0.7681300622,0.2183150183,0.0369473436,-0.1048195679,2.3799581213,0.9966759267
