Instance,INF_avg,INF_sd,INF_r1,INF_kr,INF_sk,SUP_avg,SUP_sd,SUP_r1,SUP_kr,SUP_sk,INC_avg,INC_sd,INC_r1,INC_kr,INC_sk,IND_avg,IND_sd,IND_r1,IND_kr,IND_sk
instances/A2/symmetric/200.1.in,0.3336000000,0.0344534469,-0.0549039713,5.2788236148,1.0563771797,0.2136000000,0.0278754372,-0.1674523486,2.0912073503,0.4511155702,0.4528000000,0.0393974618,-0.2778064229,2.5433871452,0.0912477147,0.0620000000,0.0107703296,-0.0384316770,2.2363258026,-0.2593331447
