Instance,INF_avg,INF_sd,INF_r1,INF_kr,INF_sk,SUP_avg,SUP_sd,SUP_r1,SUP_kr,SUP_sk,INC_avg,INC_sd,INC_r1,INC_kr,INC_sk,IND_avg,IND_sd,IND_r1,IND_kr,IND_sk
instances/A1/asymmetric/50.6.in,0.4370000000,0.0666183158,0.7727796324,2.3267903625,-0.0897710563,0.1605000000,0.0465644714,0.7239808261,2.3248168206,0.2504867724,0.4025000000,0.0391184100,0.6505221610,2.8679118846,-0.4640755191,0.0596000000,0.0122816937,0.2443663208,2.6923340141,-0.1424658197
