Instance,INF_avg,INF_sd,INF_r1,INF_kr,INF_sk,SUP_avg,SUP_sd,SUP_r1,SUP_kr,SUP_sk,INC_avg,INC_sd,INC_r1,INC_kr,INC_sk,IND_avg,IND_sd,IND_r1,IND_kr,IND_sk
instances/A2/symmetric/10.4.in,0.4591627420,0.0939598850,0.3439826700,1.5746931807,0.3292457584,0.1723382173,0.0790190985,0.6884355161,1.3036829097,-0.0852279779,0.3684990406,0.0390077911,-0.4142101799,1.7086563427,0.2208393560,0.0826521891,0.0235938502,0.2589978853,2.3494671384,0.8576460369
