Instance,INF_avg,INF_sd,INF_r1,INF_kr,INF_sk,SUP_avg,SUP_sd,SUP_r1,SUP_kr,SUP_sk,INC_avg,INC_sd,INC_r1,INC_kr,INC_sk,IND_avg,IND_sd,IND_r1,IND_kr,IND_sk
instances/A2/symmetric/10.4.in,0.4539451678,0.0729093233,0.1510117137,2.5740063271,0.5655658503,0.1840291957,0.0619100191,0.4272780570,2.2054066625,-0.5907264247,0.3620256365,0.0358120453,-0.3245594893,2.1994875498,0.1709912860,0.0855465548,0.0225464313,0.1271672393,1.9577432203,0.5027108765
