Instance,INF_avg,INF_sd,INF_r1,INF_kr,INF_sk,SUP_avg,SUP_sd,SUP_r1,SUP_kr,SUP_sk,INC_avg,INC_sd,INC_r1,INC_kr,INC_sk,IND_avg,IND_sd,IND_r1,IND_kr,IND_sk
instances/A3/asymmetric/20.5.in,0.2170000000,0.0916296895,0.3584617621,2.6458249590,0.8870345908,0.1550000000,0.0434741302,0.0222929936,1.2637524145,0.3979743173,0.6280000000,0.0660757141,-0.3174807198,2.9298505358,-1.2872211092,0.0770000000,0.0050990195,-0.2698412698,1.9556213018,0.2715454179
