Instance,INF_avg,INF_sd,INF_r1,INF_kr,INF_sk,SUP_avg,SUP_sd,SUP_r1,SUP_kr,SUP_sk,INC_avg,INC_sd,INC_r1,INC_kr,INC_sk,IND_avg,IND_sd,IND_r1,IND_kr,IND_sk
instances/A2/symmetric/100.2.in,0.3490000000,0.0159373775,0.1713221601,1.9437348875,0.4046348854,0.2510000000,0.0177200451,0.3507030604,1.2329303420,0.4011434619,0.4000000000,0.0083666003,-0.0769230769,1.2755102041,0.2561204163,0.0700000000,0.0070710678,-0.4444444444,1.7000000000,-0.0000000000
