Instance,INF_avg,INF_sd,INF_r1,INF_kr,INF_sk,SUP_avg,SUP_sd,SUP_r1,SUP_kr,SUP_sk,INC_avg,INC_sd,INC_r1,INC_kr,INC_sk,IND_avg,IND_sd,IND_r1,IND_kr,IND_sk
instances/A3/asymmetric/5.1.in,0.3477777778,0.2063079324,0.6343954523,2.0911607895,-0.5727392614,0.1571428571,0.0976416286,-0.3993850635,1.9923749827,-0.3386263572,0.4950793651,0.1368253968,0.8439514419,1.7931484118,0.4684422607,0.4244444444,0.0555110933,-0.9068228106,2.1520894970,-0.3783797481
