Instance,INF_avg,INF_sd,INF_r1,INF_kr,INF_sk,SUP_avg,SUP_sd,SUP_r1,SUP_kr,SUP_sk,INC_avg,INC_sd,INC_r1,INC_kr,INC_sk,IND_avg,IND_sd,IND_r1,IND_kr,IND_sk
instances/A2/asymmetric/20.6.in,0.7356187506,0.0136753316,-0.5534173695,2.3292914229,-0.0140349964,0.0893376893,0.0224876909,-0.7486499378,1.3516629561,-0.3451262178,0.1750435600,0.0162426598,-0.7079695957,2.2725315639,0.3377966453,0.0583059433,0.0048474171,-0.5585287811,2.8686949646,1.1689060458
