Instance,INF_avg,INF_sd,INF_r1,INF_kr,INF_sk,SUP_avg,SUP_sd,SUP_r1,SUP_kr,SUP_sk,INC_avg,INC_sd,INC_r1,INC_kr,INC_sk,IND_avg,IND_sd,IND_r1,IND_kr,IND_sk
instances/A3/symmetric/100.5.in,0.3129500000,0.0520581166,0.6441531170,2.5052654300,-0.1103334719,0.1429000000,0.0379616912,0.6044284838,3.0919734226,0.4640355516,0.5441500000,0.0429013694,0.4126216064,3.2367183762,0.1690731354,0.0797000000,0.0218840124,0.3743913820,3.5806038431,0.6350902660
