Instance,INF_avg,INF_sd,INF_r1,INF_kr,INF_sk,SUP_avg,SUP_sd,SUP_r1,SUP_kr,SUP_sk,INC_avg,INC_sd,INC_r1,INC_kr,INC_sk,IND_avg,IND_sd,IND_r1,IND_kr,IND_sk
instances/A1/symmetric/200.1.in,0.3595000000,0.0308585482,-0.0174003194,1.4821852818,-0.3040321258,0.1405000000,0.0239217474,-0.3748958744,2.9274311526,-0.4453139051,0.5000000000,0.0401248053,0.0175159236,2.1080398133,-0.4876090301,0.0595000000,0.0136839322,-0.3868910300,1.5270864045,0.0755176088
