Instance,INF_avg,INF_sd,INF_r1,INF_kr,INF_sk,SUP_avg,SUP_sd,SUP_r1,SUP_kr,SUP_sk,INC_avg,INC_sd,INC_r1,INC_kr,INC_sk,IND_avg,IND_sd,IND_r1,IND_kr,IND_sk
instances/A2/symmetric/100.3.in,0.2530000000,0.0889719057,0.1012992763,1.5506534185,-0.3156616403,0.2020000000,0.0414246304,0.5408992416,2.3667559131,0.3759038569,0.5450000000,0.0588642506,-0.0685920578,2.2123835760,0.7813854847,0.0700000000,0.0189736660,-0.3986013986,2.8182870370,-0.5599866690
