Instance,INF_avg,INF_sd,INF_r1,INF_kr,INF_sk,SUP_avg,SUP_sd,SUP_r1,SUP_kr,SUP_sk,INC_avg,INC_sd,INC_r1,INC_kr,INC_sk,IND_avg,IND_sd,IND_r1,IND_kr,IND_sk
instances/A2/asymmetric/8.5.in,0.5153846154,0.0588739390,-0.4767123288,1.7111184924,-0.0368774670,0.1969230769,0.0559044926,-0.2288713999,2.3274417484,-0.5988886940,0.2876923077,0.0259164693,-0.0397420254,2.1235597699,0.8624037705,0.2610256410,0.0328925492,0.0159495914,2.7656350406,-0.9373113550
