Instance,INF_avg,INF_sd,INF_r1,INF_kr,INF_sk,SUP_avg,SUP_sd,SUP_r1,SUP_kr,SUP_sk,INC_avg,INC_sd,INC_r1,INC_kr,INC_sk,IND_avg,IND_sd,IND_r1,IND_kr,IND_sk
instances/A2/asymmetric/20.2.in,0.6737691075,0.0790561080,0.0935889467,2.3795748962,-0.8386970390,0.1373692181,0.0577798412,0.1763989042,2.8663417267,1.2480292887,0.1888616744,0.0284092672,-0.6164243524,1.2640845348,-0.3173931189,0.0467008578,0.0070970521,-0.2479291005,1.5549806464,0.5415541793
