Instance,INF_avg,INF_sd,INF_r1,INF_kr,INF_sk,SUP_avg,SUP_sd,SUP_r1,SUP_kr,SUP_sk,INC_avg,INC_sd,INC_r1,INC_kr,INC_sk,IND_avg,IND_sd,IND_r1,IND_kr,IND_sk
instances/A2/symmetric/20.3.in,0.5354224069,0.0375666441,-0.0787571094,1.7863504195,-0.3213353297,0.1614858618,0.0224920289,-0.5767713394,1.5772527958,0.4777242899,0.3030917313,0.0193930804,0.4424874733,1.8889413904,-0.0859750951,0.0611288042,0.0061194271,0.0041795911,2.1332575614,-0.4068524657
