Instance,INF_avg,INF_sd,INF_r1,INF_kr,INF_sk,SUP_avg,SUP_sd,SUP_r1,SUP_kr,SUP_sk,INC_avg,INC_sd,INC_r1,INC_kr,INC_sk,IND_avg,IND_sd,IND_r1,IND_kr,IND_sk
instances/A2/asymmetric/20.2.in,0.4668421053,0.1242261364,0.8571917291,3.1248342719,-0.7844085072,0.1263157895,0.0794196400,0.8010479162,2.3982256778,0.5117266750,0.4068421053,0.0508923148,0.7744124979,3.4867226858,0.9626126558,0.0868421053,0.0231818058,0.3644810194,1.8120544160,0.1323609910
