Instance,INF_avg,INF_sd,INF_r1,INF_kr,INF_sk,SUP_avg,SUP_sd,SUP_r1,SUP_kr,SUP_sk,INC_avg,INC_sd,INC_r1,INC_kr,INC_sk,IND_avg,IND_sd,IND_r1,IND_kr,IND_sk
instances/A2/asymmetric/20.4.in,0.3278750000,0.0878378300,0.7630528480,2.7082518374,0.5011658447,0.3272500000,0.0884904656,0.7764143323,2.1459897308,0.0112535698,0.3448750000,0.0388987066,0.5944633973,3.0716728714,-0.3460886006,0.0430625000,0.0117125400,0.3104854524,5.1018255212,0.8557334026
