Instance,INF_avg,INF_sd,INF_r1,INF_kr,INF_sk,SUP_avg,SUP_sd,SUP_r1,SUP_kr,SUP_sk,INC_avg,INC_sd,INC_r1,INC_kr,INC_sk,IND_avg,IND_sd,IND_r1,IND_kr,IND_sk
instances/A2/asymmetric/20.2.in,0.5950000000,0.1680029762,0.9390033376,1.7129348577,0.4820868665,0.0550000000,0.0522015325,0.7110423117,1.7554919620,0.3268911726,0.3500000000,0.1303840481,0.8076923077,1.9117647059,-0.4060402882,0.2150000000,0.0593717104,0.4842868654,1.4514863437,0.1218432567
