Instance,INF_avg,INF_sd,INF_r1,INF_kr,INF_sk,SUP_avg,SUP_sd,SUP_r1,SUP_kr,SUP_sk,INC_avg,INC_sd,INC_r1,INC_kr,INC_sk,IND_avg,IND_sd,IND_r1,IND_kr,IND_sk
instances/A3/symmetric/10.1.in,0.2658741259,0.1005536534,0.4971894716,1.2659835928,-0.2681478887,0.1421678322,0.0292041569,-0.1351622449,1.9723411808,-0.2092144648,0.5919580420,0.0797067833,0.6973372483,1.4840998162,-0.0139610794,0.1885314685,0.0215055147,0.6404290388,1.2424700017,-0.1296646816
