Instance,INF_avg,INF_sd,INF_r1,INF_kr,INF_sk,SUP_avg,SUP_sd,SUP_r1,SUP_kr,SUP_sk,INC_avg,INC_sd,INC_r1,INC_kr,INC_sk,IND_avg,IND_sd,IND_r1,IND_kr,IND_sk
instances/A3/asymmetric/8.5.in,0.1815375982,0.0894907790,0.3078892008,1.7570960982,0.0359916022,0.1523569024,0.0370370370,0.6259414226,4.1747212451,1.3197783621,0.6661054994,0.0956843606,0.1396722468,1.5116662562,0.1963365169,0.2370931538,0.0443091190,0.3791986098,1.6094992942,0.3548939046
