Instance,INF_avg,INF_sd,INF_r1,INF_kr,INF_sk,SUP_avg,SUP_sd,SUP_r1,SUP_kr,SUP_sk,INC_avg,INC_sd,INC_r1,INC_kr,INC_sk,IND_avg,IND_sd,IND_r1,IND_kr,IND_sk
instances/A3/asymmetric/8.5.in,0.1580808081,0.0717918234,0.6709096129,1.2330915994,0.1933314276,0.1378787879,0.0200499326,0.0965984391,1.6236456106,0.0641568523,0.7040404040,0.0774787641,0.5641534789,1.3814697986,0.0841142752,0.2010101010,0.0143384541,-0.1117556071,1.6896261907,0.2226160015
