Instance,INF_avg,INF_sd,INF_r1,INF_kr,INF_sk,SUP_avg,SUP_sd,SUP_r1,SUP_kr,SUP_sk,INC_avg,INC_sd,INC_r1,INC_kr,INC_sk,IND_avg,IND_sd,IND_r1,IND_kr,IND_sk
instances/A1/asymmetric/10.3.in,0.4168463283,0.0901956553,0.3558979480,1.9153764410,-0.4294256694,0.1524611896,0.0721296012,0.2530682362,1.9017313091,0.3912665956,0.4306924821,0.0261697851,0.2860467315,1.2625184182,0.1979890849,0.1440415140,0.0093126140,-0.5685089172,1.2727119623,0.0995342036
