Instance,INF_avg,INF_sd,INF_r1,INF_kr,INF_sk,SUP_avg,SUP_sd,SUP_r1,SUP_kr,SUP_sk,INC_avg,INC_sd,INC_r1,INC_kr,INC_sk,IND_avg,IND_sd,IND_r1,IND_kr,IND_sk
instances/A2/asymmetric/5.5.in,0.1981481481,0.1873210165,0.3332315817,1.9215315700,0.5338931698,0.2666666667,0.1581138830,0.4981949458,2.2902880658,0.0515334137,0.5351851852,0.0721984766,-0.2102259929,2.2759383657,0.2196403656,0.3666666667,0.0628539361,-0.3125000000,3.0234375000,0.5966213466
