Instance,INF_avg,INF_sd,INF_r1,INF_kr,INF_sk,SUP_avg,SUP_sd,SUP_r1,SUP_kr,SUP_sk,INC_avg,INC_sd,INC_r1,INC_kr,INC_sk,IND_avg,IND_sd,IND_r1,IND_kr,IND_sk
instances/A1/symmetric/200.1.in,0.4088000000,0.0275601161,0.1019028244,2.4311795731,-0.0376837926,0.1630000000,0.0228691933,0.3471514501,3.2308640035,0.3190478576,0.4282000000,0.0292533759,0.1756294647,2.6300535966,-0.1213581491,0.0632000000,0.0144830936,0.5477297241,2.7309148780,-0.1041694333
