Instance,INF_avg,INF_sd,INF_r1,INF_kr,INF_sk,SUP_avg,SUP_sd,SUP_r1,SUP_kr,SUP_sk,INC_avg,INC_sd,INC_r1,INC_kr,INC_sk,IND_avg,IND_sd,IND_r1,IND_kr,IND_sk
instances/A2/asymmetric/10.4.in,0.4038723182,0.0695458238,-0.5283554802,1.5042046977,0.4814608641,0.2235709668,0.0774178800,-0.6587453142,2.1790712619,0.4362633007,0.3725567150,0.0348578446,0.4777285128,2.0587267405,-0.5375837911,0.1322359713,0.0211177722,-0.3243906074,2.1092427836,-0.6494492167
