Instance,INF_avg,INF_sd,INF_r1,INF_kr,INF_sk,SUP_avg,SUP_sd,SUP_r1,SUP_kr,SUP_sk,INC_avg,INC_sd,INC_r1,INC_kr,INC_sk,IND_avg,IND_sd,IND_r1,IND_kr,IND_sk
instances/A2/asymmetric/10.4.in,0.4188179545,0.0693185880,0.0429986153,1.2718794928,-0.1713875735,0.1818984004,0.0760122241,-0.0224529395,3.2028219623,1.0503366000,0.3992836451,0.0548283509,-0.1598102294,3.2914430758,0.7213608584,0.1439772490,0.0230885045,0.2509637366,2.7074150749,-0.6120092294
