Instance,INF_avg,INF_sd,INF_r1,INF_kr,INF_sk,SUP_avg,SUP_sd,SUP_r1,SUP_kr,SUP_sk,INC_avg,INC_sd,INC_r1,INC_kr,INC_sk,IND_avg,IND_sd,IND_r1,IND_kr,IND_sk
instances/A1/symmetric/100.5.in,0.3580000000,0.0290860791,0.0650504081,2.6270224502,0.6922470256,0.1820000000,0.0233666429,0.0544472153,1.6255484442,0.0639589307,0.4600000000,0.0137840488,0.0588235294,1.8351800554,-0.0572744408,0.0530000000,0.0092736185,-0.1475409836,2.4826933478,0.9704949588
