Instance,INF_avg,INF_sd,INF_r1,INF_kr,INF_sk,SUP_avg,SUP_sd,SUP_r1,SUP_kr,SUP_sk,INC_avg,INC_sd,INC_r1,INC_kr,INC_sk,IND_avg,IND_sd,IND_r1,IND_kr,IND_sk
instances/A3/asymmetric/10.6.in,0.1861488185,0.0693818265,0.5010227242,1.7382784167,0.2302891426,0.1734958941,0.0365026431,-0.2674321437,2.6052554818,0.8544592257,0.6403552874,0.0737637219,0.0472052533,2.1148237543,0.2295279479,0.1456762192,0.0343769733,0.5856569275,2.2286469319,0.4273985542
