Instance,INF_avg,INF_sd,INF_r1,INF_kr,INF_sk,SUP_avg,SUP_sd,SUP_r1,SUP_kr,SUP_sk,INC_avg,INC_sd,INC_r1,INC_kr,INC_sk,IND_avg,IND_sd,IND_r1,IND_kr,IND_sk
instances/A1/symmetric/200.6.in,0.4541603053,0.1396911160,0.8906298804,6.2654537763,1.6169967245,0.0495801527,0.0504201363,0.8142055768,4.0424529003,1.2383209163,0.4962595420,0.1166572318,0.8504864863,8.1356363158,-2.0284060368,0.1263358779,0.0341573840,0.2540934403,3.4497101409,-0.0355259764
