Instance,INF_avg,INF_sd,INF_r1,INF_kr,INF_sk,SUP_avg,SUP_sd,SUP_r1,SUP_kr,SUP_sk,INC_avg,INC_sd,INC_r1,INC_kr,INC_sk,IND_avg,IND_sd,IND_r1,IND_kr,IND_sk
instances/A3/asymmetric/50.2.in,0.3468000000,0.0459321238,0.5196121857,2.0817139029,-0.1973415871,0.1337000000,0.0300717475,0.5428419625,3.2763120759,0.5596419849,0.5195000000,0.0443311403,0.4450790620,2.2029734096,0.2077609222,0.0923500000,0.0178249123,0.2866761792,2.7077793491,0.2905982994
