Instance,INF_avg,INF_sd,INF_r1,INF_kr,INF_sk,SUP_avg,SUP_sd,SUP_r1,SUP_kr,SUP_sk,INC_avg,INC_sd,INC_r1,INC_kr,INC_sk,IND_avg,IND_sd,IND_r1,IND_kr,IND_sk
instances/A3/asymmetric/10.3.in,0.5509051266,0.1411725887,0.0866814226,3.0995164480,-1.3951514582,0.0386916258,0.0256602755,0.7181939844,1.7469553962,-0.1904957665,0.4104032475,0.1227383681,0.0097395529,3.1979151891,1.4586737450,0.1608495473,0.0398780028,0.5357350015,1.8557319047,0.3729817914
