Instance,INF_avg,INF_sd,INF_r1,INF_kr,INF_sk,SUP_avg,SUP_sd,SUP_r1,SUP_kr,SUP_sk,INC_avg,INC_sd,INC_r1,INC_kr,INC_sk,IND_avg,IND_sd,IND_r1,IND_kr,IND_sk
instances/A1/symmetric/10.2.in,0.6585185185,0.0619567146,0.4853753617,1.3574123063,-0.1862850359,0.0822612086,0.0510765886,0.1584729038,1.9385057640,-0.4087143502,0.2592202729,0.0438298187,0.2805188180,1.3142179859,0.0425778568,0.2686939571,0.0694663766,-0.2050418710,2.7498374001,1.1152572307
