Instance,INF_avg,INF_sd,INF_r1,INF_kr,INF_sk,SUP_avg,SUP_sd,SUP_r1,SUP_kr,SUP_sk,INC_avg,INC_sd,INC_r1,INC_kr,INC_sk,IND_avg,IND_sd,IND_r1,IND_kr,IND_sk
instances/A2/asymmetric/5.1.in,0.5333333333,0.0654204509,-0.0588235294,1.5000000000,-0.4703304603,0.1851851852,0.1385799032,-0.0588235294,1.5000000000,-0.3818017742,0.2814814815,0.0838052481,-0.5000000000,1.5000000000,0.7071067812,0.4296296296,0.0209513120,-0.5000000000,1.5000000000,-0.7071067812
