Instance,INF_avg,INF_sd,INF_r1,INF_kr,INF_sk,SUP_avg,SUP_sd,SUP_r1,SUP_kr,SUP_sk,INC_avg,INC_sd,INC_r1,INC_kr,INC_sk,IND_avg,IND_sd,IND_r1,IND_kr,IND_sk
instances/A1/symmetric/100.4.in,0.3120000000,0.0252190404,0.3539811671,1.9598018275,-0.1660919359,0.1842000000,0.0295864834,0.2834133256,2.7086364985,0.2807608550,0.5038000000,0.0417439816,0.3684401280,2.3053853263,-0.1595385459,0.0752000000,0.0128436755,-0.1569766863,3.5740593963,0.6069856166
