Instance,INF_avg,INF_sd,INF_r1,INF_kr,INF_sk,SUP_avg,SUP_sd,SUP_r1,SUP_kr,SUP_sk,INC_avg,INC_sd,INC_r1,INC_kr,INC_sk,IND_avg,IND_sd,IND_r1,IND_kr,IND_sk
instances/A2/asymmetric/200.1.in,0.3346000000,0.0420099988,0.2926302242,2.8909417628,-0.1380766132,0.2123500000,0.0326990443,0.3747554767,2.3186601945,0.0772313610,0.4530500000,0.0366326016,0.2577645433,2.9654719726,0.1286448897,0.0645000000,0.0142916059,0.1953429474,3.1114595147,0.1366878139
