Instance,INF_avg,INF_sd,INF_r1,INF_kr,INF_sk,SUP_avg,SUP_sd,SUP_r1,SUP_kr,SUP_sk,INC_avg,INC_sd,INC_r1,INC_kr,INC_sk,IND_avg,IND_sd,IND_r1,IND_kr,IND_sk
instances/A1/asymmetric/10.5.in,0.4023076923,0.0819641409,-0.2354181357,1.7455260358,0.2118900053,0.1949145299,0.0554951019,0.3795572432,2.1992312128,0.5013021079,0.4027777778,0.1148805069,0.5463369540,1.6430089603,0.4971374038,0.1674358974,0.0333082856,0.0734168836,2.3217050141,0.6020880600
