Instance,INF_avg,INF_sd,INF_r1,INF_kr,INF_sk,SUP_avg,SUP_sd,SUP_r1,SUP_kr,SUP_sk,INC_avg,INC_sd,INC_r1,INC_kr,INC_sk,IND_avg,IND_sd,IND_r1,IND_kr,IND_sk
instances/A3/symmetric/5.1.in,0.4333333333,0.2122774797,0.3353689567,3.0206417714,-1.2590854905,0.1638888889,0.1432195213,0.6006095116,1.8321440237,0.2864416322,0.4027777778,0.1142046211,0.1247411498,2.5493357370,0.1706578049,0.3814814815,0.0503758167,-0.3769585253,1.2337472608,0.2225514532
