Instance,INF_avg,INF_sd,INF_r1,INF_kr,INF_sk,SUP_avg,SUP_sd,SUP_r1,SUP_kr,SUP_sk,INC_avg,INC_sd,INC_r1,INC_kr,INC_sk,IND_avg,IND_sd,IND_r1,IND_kr,IND_sk
instances/A3/asymmetric/50.5.in,0.2783333333,0.0850326735,-0.0550235946,1.8856349296,0.4220504472,0.1166666667,0.0863455590,0.2046286802,3.2229072874,0.8407857118,0.6050000000,0.0817006732,-0.4114633365,2.5541808694,-0.0554687621,0.2100000000,0.0562731434,0.1638795987,2.5725207756,0.4040442871
