Instance,INF_avg,INF_sd,INF_r1,INF_kr,INF_sk,SUP_avg,SUP_sd,SUP_r1,SUP_kr,SUP_sk,INC_avg,INC_sd,INC_r1,INC_kr,INC_sk,IND_avg,IND_sd,IND_r1,IND_kr,IND_sk
instances/A2/asymmetric/5.2.in,0.2623456790,0.1939018493,0.8058968962,1.9740042946,0.0304998103,0.3080246914,0.1705938774,0.7177831633,1.9150527553,-0.3894757379,0.4296296296,0.0610830463,-0.0323679727,2.3330449827,-0.2853360295,0.3975308642,0.1012646748,0.6160282119,2.4518140598,0.3960714149
