Instance,INF_avg,INF_sd,INF_r1,INF_kr,INF_sk,SUP_avg,SUP_sd,SUP_r1,SUP_kr,SUP_sk,INC_avg,INC_sd,INC_r1,INC_kr,INC_sk,IND_avg,IND_sd,IND_r1,IND_kr,IND_sk
instances/A2/symmetric/200.1.in,0.4270901639,0.0544376624,0.5614720869,2.7455929039,-0.1925048852,0.1152049180,0.0639396409,0.9048150181,1.7087677242,-0.0043506365,0.4577049180,0.0391934439,0.1828208812,2.8382810872,0.1004842244,0.0488934426,0.0135578949,0.1475998277,2.5115489089,0.2293614157
