Instance,INF_avg,INF_sd,INF_r1,INF_kr,INF_sk,SUP_avg,SUP_sd,SUP_r1,SUP_kr,SUP_sk,INC_avg,INC_sd,INC_r1,INC_kr,INC_sk,IND_avg,IND_sd,IND_r1,IND_kr,IND_sk
instances/A3/symmetric/5.4.in,0.4191358025,0.1152652785,0.0323299214,4.6360625594,-1.3242171304,0.1382716049,0.0434648562,-0.5422195581,2.2081371378,0.3904064228,0.4425925926,0.1196989823,0.2117846129,4.1112846681,1.3598475704,0.3734567901,0.0455704415,-0.6815393196,1.2575961619,0.3249727489
