Instance,INF_avg,INF_sd,INF_r1,INF_kr,INF_sk,SUP_avg,SUP_sd,SUP_r1,SUP_kr,SUP_sk,INC_avg,INC_sd,INC_r1,INC_kr,INC_sk,IND_avg,IND_sd,IND_r1,IND_kr,IND_sk
instances/A1/asymmetric/50.1.in,0.9133333333,0.0249443826,0.7662337662,2.7857142857,1.3363062096,0.0044444444,0.0083147942,-0.3278688525,2.7857142857,1.3363062096,0.0822222222,0.0239340658,0.8023426061,2.3213436385,-0.9925095661,0.0666666667,0.0163299316,0.6842105263,1.8333333333,-0.6804138174
