Instance,INF_avg,INF_sd,INF_r1,INF_kr,INF_sk,SUP_avg,SUP_sd,SUP_r1,SUP_kr,SUP_sk,INC_avg,INC_sd,INC_r1,INC_kr,INC_sk,IND_avg,IND_sd,IND_r1,IND_kr,IND_sk
instances/A1/asymmetric/5.3.in,0.4844444444,0.1027041779,0.5475561427,1.5874889534,-0.0909245104,0.1166666667,0.1059932446,-0.0008038585,1.2846576500,0.0622059134,0.3988888889,0.0365823947,-0.3526336174,2.5545437834,-0.7417248524,0.4111111111,0.1398411798,-0.2500000000,2.5343396082,-0.5700309798
