Instance,INF_avg,INF_sd,INF_r1,INF_kr,INF_sk,SUP_avg,SUP_sd,SUP_r1,SUP_kr,SUP_sk,INC_avg,INC_sd,INC_r1,INC_kr,INC_sk,IND_avg,IND_sd,IND_r1,IND_kr,IND_sk
instances/A2/asymmetric/10.3.in,0.5917101408,0.1111040177,0.5632078926,2.0319589257,-0.1965901026,0.0814266447,0.0555105292,0.3836842343,3.3045721531,0.7210778955,0.3268632144,0.0607831478,0.6406050344,1.4319447617,-0.2393143601,0.1229512793,0.0215749335,-0.1421743474,1.7683675097,0.1387763343
