Instance,INF_avg,INF_sd,INF_r1,INF_kr,INF_sk,SUP_avg,SUP_sd,SUP_r1,SUP_kr,SUP_sk,INC_avg,INC_sd,INC_r1,INC_kr,INC_sk,IND_avg,IND_sd,IND_r1,IND_kr,IND_sk
instances/A3/asymmetric/50.2.in,0.4420000000,0.0116619038,-0.2686567164,1.6280276817,0.3631734744,0.0570000000,0.0050990195,0.3181818182,1.9556213018,0.2715454179,0.5010000000,0.0115758369,-0.0321100917,2.5997995099,-0.8238983939,0.1020000000,0.0143527001,0.5951417004,1.3206239985,-0.2009026265
