Instance,INF_avg,INF_sd,INF_r1,INF_kr,INF_sk,SUP_avg,SUP_sd,SUP_r1,SUP_kr,SUP_sk,INC_avg,INC_sd,INC_r1,INC_kr,INC_sk,IND_avg,IND_sd,IND_r1,IND_kr,IND_sk
instances/A2/asymmetric/10.2.in,0.6989497334,0.0965812269,0.5809013437,2.2009369771,-0.7228726605,0.0660130719,0.0730470745,0.4718974645,2.9091845425,0.9865493445,0.2350371947,0.0281077455,0.5393494597,1.3905584129,0.2080255576,0.1619026631,0.0334044873,0.4237606907,1.4496730742,0.0752708628
