Instance,INF_avg,INF_sd,INF_r1,INF_kr,INF_sk,SUP_avg,SUP_sd,SUP_r1,SUP_kr,SUP_sk,INC_avg,INC_sd,INC_r1,INC_kr,INC_sk,IND_avg,IND_sd,IND_r1,IND_kr,IND_sk
instances/A1/symmetric/8.1.in,0.5125000000,0.2011684617,-0.2977777778,1.9504330585,-0.5052527904,0.0500000000,0.0500000000,0.3333333333,1.0000000000,0.0000000000,0.4375000000,0.1780975856,-0.6149914821,1.5795821301,0.4045216825,0.3125000000,0.1138804197,-0.3941368078,2.0979822906,0.8331504072
