Instance,INF_avg,INF_sd,INF_r1,INF_kr,INF_sk,SUP_avg,SUP_sd,SUP_r1,SUP_kr,SUP_sk,INC_avg,INC_sd,INC_r1,INC_kr,INC_sk,IND_avg,IND_sd,IND_r1,IND_kr,IND_sk
instances/A1/symmetric/10.3.in,0.3490441305,0.0922662841,0.7210775323,1.3972079156,-0.4865115011,0.2146014303,0.0867299585,0.3357741588,1.4773939906,0.5044737914,0.4363544392,0.0398188765,-0.6950672572,1.8212986036,0.4384310916,0.1316902145,0.0262463518,0.0825648001,2.5552170402,0.8711894354
