Instance,INF_avg,INF_sd,INF_r1,INF_kr,INF_sk,SUP_avg,SUP_sd,SUP_r1,SUP_kr,SUP_sk,INC_avg,INC_sd,INC_r1,INC_kr,INC_sk,IND_avg,IND_sd,IND_r1,IND_kr,IND_sk
instances/A1/symmetric/10.3.in,0.3125614245,0.0818491056,0.6323996294,1.5468589794,0.4603132908,0.2232634209,0.0686581657,0.3434022288,1.9800921120,0.3227914299,0.4641751547,0.0507048847,0.4779568171,1.8003430119,0.1290037204,0.1314751386,0.0222950509,-0.0022649067,2.9830639632,0.8112759423
