Instance,INF_avg,INF_sd,INF_r1,INF_kr,INF_sk,SUP_avg,SUP_sd,SUP_r1,SUP_kr,SUP_sk,INC_avg,INC_sd,INC_r1,INC_kr,INC_sk,IND_avg,IND_sd,IND_r1,IND_kr,IND_sk
instances/A2/symmetric/50.4.in,0.6020000000,0.0477074418,0.4378583228,1.3405668070,-0.3643693238,0.1060000000,0.0359722115,0.4790144080,1.2279012157,-0.3406802827,0.2920000000,0.0307571130,-0.3394770682,2.4004509920,-0.4153115527,0.0490000000,0.0096953597,0.4700460829,1.4081032141,-0.3752617726
