Instance,INF_avg,INF_sd,INF_r1,INF_kr,INF_sk,SUP_avg,SUP_sd,SUP_r1,SUP_kr,SUP_sk,INC_avg,INC_sd,INC_r1,INC_kr,INC_sk,IND_avg,IND_sd,IND_r1,IND_kr,IND_sk
instances/A1/symmetric/10.6.in,0.6237816764,0.0902009792,-0.2317703349,2.0503027105,0.6695924736,0.0803118908,0.0424468134,-0.5841657969,1.7607694841,0.4324768666,0.2959064327,0.0698650271,-0.2097768537,1.7669218140,-0.3591398297,0.2304093567,0.0437516539,-0.1591444099,1.5482620527,0.3238379846
