Instance,INF_avg,INF_sd,INF_r1,INF_kr,INF_sk,SUP_avg,SUP_sd,SUP_r1,SUP_kr,SUP_sk,INC_avg,INC_sd,INC_r1,INC_kr,INC_sk,IND_avg,IND_sd,IND_r1,IND_kr,IND_sk
instances/A2/asymmetric/5.6.in,0.3500000000,0.1224744871,-0.5384615385,1.1666666667,0.4082482905,0.2666666667,0.0623609564,-0.1111111111,1.8469387755,-0.3436215967,0.3833333333,0.0849836586,-0.3095238095,1.9556213018,-0.2715454179,0.3166666667,0.0333333333,-0.3157894737,3.2500000000,-1.5000000000
