Instance,INF_avg,INF_sd,INF_r1,INF_kr,INF_sk,SUP_avg,SUP_sd,SUP_r1,SUP_kr,SUP_sk,INC_avg,INC_sd,INC_r1,INC_kr,INC_sk,IND_avg,IND_sd,IND_r1,IND_kr,IND_sk
instances/A1/symmetric/5.5.in,0.3566666667,0.2143724692,0.7087274291,1.3160738470,0.0309255840,0.1555555556,0.1507184441,0.6686746988,1.2296786389,0.2115471545,0.4877777778,0.0765296683,0.1861676060,1.3015594030,-0.0744970778,0.3822222222,0.0430904876,0.1117478510,1.5439112721,0.0460847791
