Instance,INF_avg,INF_sd,INF_r1,INF_kr,INF_sk,SUP_avg,SUP_sd,SUP_r1,SUP_kr,SUP_sk,INC_avg,INC_sd,INC_r1,INC_kr,INC_sk,IND_avg,IND_sd,IND_r1,IND_kr,IND_sk
instances/A2/symmetric/50.3.in,0.3962000000,0.0444360214,0.5349862741,2.9108932512,0.4320055723,0.2008000000,0.0325631694,0.4718251455,2.9403627139,0.4051595102,0.4030000000,0.0381706694,0.3416451586,2.3190443597,0.0976361176,0.0575000000,0.0108282039,0.1754574812,3.1697664586,0.1358688258
