Instance,INF_avg,INF_sd,INF_r1,INF_kr,INF_sk,SUP_avg,SUP_sd,SUP_r1,SUP_kr,SUP_sk,INC_avg,INC_sd,INC_r1,INC_kr,INC_sk,IND_avg,IND_sd,IND_r1,IND_kr,IND_sk
instances/A2/symmetric/10.1.in,0.4234257806,0.0664790950,0.2457330707,1.6032267902,0.2840405534,0.2298534799,0.0648157129,0.3909434116,1.3943587640,-0.1560650380,0.3467207396,0.0164055776,-0.5983472635,1.5060456641,-0.0160837171,0.1531484389,0.0254546469,0.6493891584,1.4003176524,-0.0102755781
