Instance,INF_avg,INF_sd,INF_r1,INF_kr,INF_sk,SUP_avg,SUP_sd,SUP_r1,SUP_kr,SUP_sk,INC_avg,INC_sd,INC_r1,INC_kr,INC_sk,IND_avg,IND_sd,IND_r1,IND_kr,IND_sk
instances/A1/asymmetric/50.5.in,0.3422000000,0.0302681351,-0.1137564555,2.0456618943,-0.1320679394,0.1534000000,0.0242371615,0.4949168181,2.3808480374,-0.0046490073,0.5044000000,0.0281893597,0.0052797677,3.0806736910,0.6685404199,0.0726000000,0.0115861987,0.3981049545,1.9428487004,0.0323738098
