Instance,INF_avg,INF_sd,INF_r1,INF_kr,INF_sk,SUP_avg,SUP_sd,SUP_r1,SUP_kr,SUP_sk,INC_avg,INC_sd,INC_r1,INC_kr,INC_sk,IND_avg,IND_sd,IND_r1,IND_kr,IND_sk
instances/A1/symmetric/10.5.in,0.4531663575,0.0502725955,-0.5653202438,2.1099489457,-0.6283640498,0.1478272521,0.0422143087,-0.4334658561,2.4080199925,0.9303698567,0.3990063904,0.0112975607,-0.7425902066,2.7066291625,-1.0778971406,0.1535621521,0.0313327879,-0.5598351990,2.1124693464,0.3164021955
