Instance,INF_avg,INF_sd,INF_r1,INF_kr,INF_sk,SUP_avg,SUP_sd,SUP_r1,SUP_kr,SUP_sk,INC_avg,INC_sd,INC_r1,INC_kr,INC_sk,IND_avg,IND_sd,IND_r1,IND_kr,IND_sk
instances/A3/symmetric/100.2.in,0.5215000000,0.1377252700,0.9085931567,3.2029437310,1.0634777141,0.1030000000,0.0426380112,0.8686448365,2.2232842096,-0.4326079953,0.3755000000,0.0997409144,0.8791337233,3.4014714365,-1.1523535617,0.0636000000,0.0114035082,0.5004739455,2.8914035489,0.0936751340
