Instance,INF_avg,INF_sd,INF_r1,INF_kr,INF_sk,SUP_avg,SUP_sd,SUP_r1,SUP_kr,SUP_sk,INC_avg,INC_sd,INC_r1,INC_kr,INC_sk,IND_avg,IND_sd,IND_r1,IND_kr,IND_sk
instances/A3/symmetric/5.5.in,0.1500000000,0.1224744871,0.5238095238,1.1666666667,-0.4082482905,0.3433333333,0.0553774924,0.3033913841,2.0527725268,-0.5312680038,0.5066666667,0.0820568908,0.3610863758,1.2483580041,0.0607322347,0.3833333333,0.0408248290,0.5238095238,1.1666666667,-0.4082482905
