Instance,INF_avg,INF_sd,INF_r1,INF_kr,INF_sk,SUP_avg,SUP_sd,SUP_r1,SUP_kr,SUP_sk,INC_avg,INC_sd,INC_r1,INC_kr,INC_sk,IND_avg,IND_sd,IND_r1,IND_kr,IND_sk
instances/A2/symmetric/100.1.in,0.4170000000,0.0395094925,0.7488067308,1.6753198253,0.0640623219,0.1830000000,0.0467546789,0.4957193569,2.1001591262,0.2357891328,0.4000000000,0.0304959014,-0.2830188679,3.6238293444,0.1904010491,0.0610000000,0.0164012195,0.4691452664,1.9259960476,0.4685026553
