Instance,INF_avg,INF_sd,INF_r1,INF_kr,INF_sk,SUP_avg,SUP_sd,SUP_r1,SUP_kr,SUP_sk,INC_avg,INC_sd,INC_r1,INC_kr,INC_sk,IND_avg,IND_sd,IND_r1,IND_kr,IND_sk
instances/A1/asymmetric/8.3.in,0.2336139169,0.0753806978,0.4883590273,2.5026168143,-0.4071051968,0.1777216611,0.0707044430,-0.1276968194,3.1164486046,0.8569131019,0.5886644220,0.0547648615,0.1524353108,2.5627760357,0.2363448363,0.2543209877,0.0601083714,0.0095744934,1.7403388145,-0.1306726200
