Instance,INF_avg,INF_sd,INF_r1,INF_kr,INF_sk,SUP_avg,SUP_sd,SUP_r1,SUP_kr,SUP_sk,INC_avg,INC_sd,INC_r1,INC_kr,INC_sk,IND_avg,IND_sd,IND_r1,IND_kr,IND_sk
instances/A2/symmetric/50.4.in,0.5868421053,0.1067733769,0.8585976729,2.1901802345,0.0394624997,0.0963157895,0.0656313890,0.8326010360,2.4686694554,0.5526519473,0.3168421053,0.0474677322,0.6888238385,2.5675837939,-0.6150370638,0.0994736842,0.0127624796,-0.2909318772,2.0493891434,0.0984693608
