Instance,INF_avg,INF_sd,INF_r1,INF_kr,INF_sk,SUP_avg,SUP_sd,SUP_r1,SUP_kr,SUP_sk,INC_avg,INC_sd,INC_r1,INC_kr,INC_sk,IND_avg,IND_sd,IND_r1,IND_kr,IND_sk
instances/A1/symmetric/50.6.in,0.5478000000,0.0789186923,0.5736756626,2.2587599130,0.3131552211,0.1394000000,0.0444594197,0.7680856747,1.7648232423,-0.2460942900,0.3128000000,0.0494990909,0.3788576494,1.9579113487,0.1962942617,0.0510000000,0.0117473401,0.5161769071,2.2403906742,0.2590780746
