Instance,INF_avg,INF_sd,INF_r1,INF_kr,INF_sk,SUP_avg,SUP_sd,SUP_r1,SUP_kr,SUP_sk,INC_avg,INC_sd,INC_r1,INC_kr,INC_sk,IND_avg,IND_sd,IND_r1,IND_kr,IND_sk
instances/A2/asymmetric/8.5.in,0.4890842491,0.0965384320,0.6482606600,1.2456000276,0.0992773255,0.1647619048,0.0838776331,0.5412753532,1.3080293381,-0.1501857715,0.3461538462,0.0198614531,0.6666666667,2.9166666667,1.2909944487,0.2350183150,0.0570961582,0.3750048663,1.9764623716,0.7927716982
