Instance,INF_avg,INF_sd,INF_r1,INF_kr,INF_sk,SUP_avg,SUP_sd,SUP_r1,SUP_kr,SUP_sk,INC_avg,INC_sd,INC_r1,INC_kr,INC_sk,IND_avg,IND_sd,IND_r1,IND_kr,IND_sk
instances/A2/symmetric/100.4.in,0.5290000000,0.0421188794,0.2162562699,1.8511538965,0.0066649811,0.1005000000,0.0324384032,0.5499026350,3.2448234420,0.8637896598,0.3705000000,0.0264054919,-0.2870467068,2.2070181465,0.4734338978,0.0395000000,0.0085000000,0.0707789640,1.9149315741,0.6448198657
