Instance,INF_avg,INF_sd,INF_r1,INF_kr,INF_sk,SUP_avg,SUP_sd,SUP_r1,SUP_kr,SUP_sk,INC_avg,INC_sd,INC_r1,INC_kr,INC_sk,IND_avg,IND_sd,IND_r1,IND_kr,IND_sk
instances/A2/asymmetric/10.5.in,0.6694771242,0.0746185424,-0.1289714427,2.2150242121,-0.1917286737,0.0657516340,0.0207977832,-0.5762819594,2.2074733721,0.3647608573,0.2647712418,0.0554226956,0.0653795283,2.0006222590,0.1345116292,0.1422004357,0.0123130501,-0.3656849590,3.2211915516,-1.4776651410
