Instance,INF_avg,INF_sd,INF_r1,INF_kr,INF_sk,SUP_avg,SUP_sd,SUP_r1,SUP_kr,SUP_sk,INC_avg,INC_sd,INC_r1,INC_kr,INC_sk,IND_avg,IND_sd,IND_r1,IND_kr,IND_sk
instances/A2/asymmetric/5.1.in,0.3422222222,0.0572626610,-0.0073937153,2.6376106837,0.6760925664,0.2666666667,0.0623609564,0.0740740741,1.8469387755,-0.3436215967,0.3911111111,0.0913952210,0.0354202452,2.7374942648,-0.9148526909,0.3555555556,0.0444444444,-0.0526315789,3.2500000000,1.5000000000
