Instance,INF_avg,INF_sd,INF_r1,INF_kr,INF_sk,SUP_avg,SUP_sd,SUP_r1,SUP_kr,SUP_sk,INC_avg,INC_sd,INC_r1,INC_kr,INC_sk,IND_avg,IND_sd,IND_r1,IND_kr,IND_sk
instances/A1/symmetric/8.1.in,0.3367003367,0.1004067276,0.8266973618,2.2759337453,0.4453370217,0.2395493395,0.1257252566,0.3817270553,1.8418020672,0.0243549116,0.4237503238,0.0670399444,0.0225157204,5.4555990531,1.8387719161,0.1824397824,0.0734423995,0.1961135780,1.9506831785,0.6467294459
