Instance,INF_avg,INF_sd,INF_r1,INF_kr,INF_sk,SUP_avg,SUP_sd,SUP_r1,SUP_kr,SUP_sk,INC_avg,INC_sd,INC_r1,INC_kr,INC_sk,IND_avg,IND_sd,IND_r1,IND_kr,IND_sk
instances/A1/symmetric/8.1.in,0.2727272727,0.0542077085,-0.0666666667,1.9531250000,-0.6288941187,0.2860606061,0.1258739877,0.0028625067,2.4918611221,-0.5685255992,0.4412121212,0.0825133208,0.0915817881,2.9213751765,1.2180215327,0.2078787879,0.0863418367,-0.0006377634,1.2804124596,-0.0569838669
