Instance,INF_avg,INF_sd,INF_r1,INF_kr,INF_sk,SUP_avg,SUP_sd,SUP_r1,SUP_kr,SUP_sk,INC_avg,INC_sd,INC_r1,INC_kr,INC_sk,IND_avg,IND_sd,IND_r1,IND_kr,IND_sk
instances/A1/symmetric/20.6.in,0.4514140973,0.0323925143,-0.5016018087,1.3303694579,-0.3235731592,0.1076047741,0.0114056446,0.0029452846,1.6623974518,-0.0432991871,0.4409811286,0.0270766211,-0.7123200399,1.2060448561,0.4106333620,0.0734146647,0.0089776407,-0.5770672369,2.0577728236,-0.6861641467
