Instance,INF_avg,INF_sd,INF_r1,INF_kr,INF_sk,SUP_avg,SUP_sd,SUP_r1,SUP_kr,SUP_sk,INC_avg,INC_sd,INC_r1,INC_kr,INC_sk,IND_avg,IND_sd,IND_r1,IND_kr,IND_sk
instances/A1/asymmetric/8.2.in,0.6571428571,0.0932531239,0.8053711527,2.0115461958,-0.5755218686,0.0785347985,0.0847709906,0.7404270646,2.3751770022,0.8412400119,0.2643223443,0.0133974828,0.3740724581,1.8261992696,0.3363799457,0.2394139194,0.0252490712,0.4405879696,2.7068572629,-1.0178155967
