Instance,INF_avg,INF_sd,INF_r1,INF_kr,INF_sk,SUP_avg,SUP_sd,SUP_r1,SUP_kr,SUP_sk,INC_avg,INC_sd,INC_r1,INC_kr,INC_sk,IND_avg,IND_sd,IND_r1,IND_kr,IND_sk
instances/A3/asymmetric/5.4.in,0.3555555556,0.0846197012,0.0750988142,3.7294887039,-0.6429487402,0.1111111111,0.0953299087,0.2666666667,1.5266998932,0.1649353351,0.5333333333,0.0716740833,-0.4047267356,1.5835560008,-0.5904937397,0.4962962963,0.0862255313,-0.2706399609,2.1586920113,-0.2426645054
