Instance,INF_avg,INF_sd,INF_r1,INF_kr,INF_sk,SUP_avg,SUP_sd,SUP_r1,SUP_kr,SUP_sk,INC_avg,INC_sd,INC_r1,INC_kr,INC_sk,IND_avg,IND_sd,IND_r1,IND_kr,IND_sk
instances/A1/symmetric/50.1.in,0.6740000000,0.0304795013,0.3228335027,1.8213816030,0.0816868336,0.0890000000,0.0133790882,0.1391839016,2.8066227646,-0.7566214458,0.2370000000,0.0314801525,0.5943991586,2.2733430338,-0.4248508432,0.0570000000,0.0090000000,0.0750670241,2.3955189758,0.4197530864
