Instance,INF_avg,INF_sd,INF_r1,INF_kr,INF_sk,SUP_avg,SUP_sd,SUP_r1,SUP_kr,SUP_sk,INC_avg,INC_sd,INC_r1,INC_kr,INC_sk,IND_avg,IND_sd,IND_r1,IND_kr,IND_sk
instances/A1/symmetric/5.5.in,0.3533333333,0.1392040868,0.0304007370,2.6187400051,0.6287382634,0.2055555556,0.1105541597,0.0266179541,2.7526017753,-0.9623998473,0.4411111111,0.0339934634,0.0336034318,2.2826402586,0.6120248192,0.4255555556,0.1230075778,-0.0257787325,1.7288748698,-0.0501952065
