Instance,INF_avg,INF_sd,INF_r1,INF_kr,INF_sk,SUP_avg,SUP_sd,SUP_r1,SUP_kr,SUP_sk,INC_avg,INC_sd,INC_r1,INC_kr,INC_sk,IND_avg,IND_sd,IND_r1,IND_kr,IND_sk
instances/A1/symmetric/5.5.in,0.2037037037,0.1977930359,0.4292357710,2.2528134092,0.5857189263,0.2702821869,0.1149263783,0.2546585427,3.8621424504,-1.0868995252,0.5260141093,0.1045919321,0.2727065697,1.8208664523,0.4229883820,0.3766313933,0.1087344141,0.0684967652,2.4983305904,0.8323720228
