Instance,INF_avg,INF_sd,INF_r1,INF_kr,INF_sk,SUP_avg,SUP_sd,SUP_r1,SUP_kr,SUP_sk,INC_avg,INC_sd,INC_r1,INC_kr,INC_sk,IND_avg,IND_sd,IND_r1,IND_kr,IND_sk
instances/A1/symmetric/50.3.in,0.4335500000,0.0855549385,0.7829438245,4.7613967961,1.4343642248,0.1796000000,0.0553067808,0.6889524863,3.2778355721,-0.4177005933,0.3868500000,0.0485214128,0.5521660106,3.8663965131,-0.9693728878,0.0600500000,0.0158192130,0.7070699685,2.7677931166,0.2181798854
