Instance,INF_avg,INF_sd,INF_r1,INF_kr,INF_sk,SUP_avg,SUP_sd,SUP_r1,SUP_kr,SUP_sk,INC_avg,INC_sd,INC_r1,INC_kr,INC_sk,IND_avg,IND_sd,IND_r1,IND_kr,IND_sk
instances/A3/asymmetric/50.4.in,0.3997000000,0.0588932084,0.6379839930,3.8835073456,0.9719400053,0.1231000000,0.0428122646,0.7345109578,2.6699642908,0.5663531895,0.4772000000,0.0440585973,0.6329939287,2.6369613082,-0.1626113846,0.0627000000,0.0141495583,0.3445018244,3.0977692119,-0.4655624567
