Instance,INF_avg,INF_sd,INF_r1,INF_kr,INF_sk,SUP_avg,SUP_sd,SUP_r1,SUP_kr,SUP_sk,INC_avg,INC_sd,INC_r1,INC_kr,INC_sk,IND_avg,IND_sd,IND_r1,IND_kr,IND_sk
instances/A2/symmetric/20.3.in,0.6536467617,0.0181301243,-0.2497682840,3.1243702412,1.3899684938,0.0896655632,0.0154121236,-0.5948662508,2.7399691136,-1.0966243030,0.2566876751,0.0080641747,-0.2935277048,2.1137440006,0.8357478265,0.0630973602,0.0118617653,0.2361623359,2.2907795138,-0.8275129037
