Instance,INF_avg,INF_sd,INF_r1,INF_kr,INF_sk,SUP_avg,SUP_sd,SUP_r1,SUP_kr,SUP_sk,INC_avg,INC_sd,INC_r1,INC_kr,INC_sk,IND_avg,IND_sd,IND_r1,IND_kr,IND_sk
instances/A2/symmetric/20.3.in,0.6038222735,0.0581868938,0.8165586218,1.4233714195,-0.1294807922,0.1304421039,0.0484958153,0.6457210325,1.6602398746,0.2389566479,0.2657356226,0.0145358742,0.9572630008,2.7453843112,0.7966654104,0.0615021305,0.0096563570,0.1951878526,2.5737950150,-0.5175627103
