Instance,INF_avg,INF_sd,INF_r1,INF_kr,INF_sk,SUP_avg,SUP_sd,SUP_r1,SUP_kr,SUP_sk,INC_avg,INC_sd,INC_r1,INC_kr,INC_sk,IND_avg,IND_sd,IND_r1,IND_kr,IND_sk
instances/A3/asymmetric/10.2.in,0.6569590643,0.0902448137,0.6215649366,1.5794762867,0.0929425363,0.0549707602,0.0497041622,0.6613399795,1.2494472099,0.0352574723,0.2880701754,0.0466336778,-0.0619569898,1.9012028502,-0.5809287017,0.2077582846,0.0490339863,-0.2254912814,2.7365201315,1.0821241439
