Instance,INF_avg,INF_sd,INF_r1,INF_kr,INF_sk,SUP_avg,SUP_sd,SUP_r1,SUP_kr,SUP_sk,INC_avg,INC_sd,INC_r1,INC_kr,INC_sk,IND_avg,IND_sd,IND_r1,IND_kr,IND_sk
instances/A3/symmetric/8.2.in,0.4470915751,0.0440360298,-0.4679422781,3.1407629077,-1.4176156567,0.1393260073,0.0382956801,-0.4759217905,1.4564838322,-0.0383556281,0.4135824176,0.0452688356,0.3118431314,1.9495778047,-0.0671670431,0.2622857143,0.0229607121,-0.7734612295,1.3227545616,-0.2696206198
