Instance,INF_avg,INF_sd,INF_r1,INF_kr,INF_sk,SUP_avg,SUP_sd,SUP_r1,SUP_kr,SUP_sk,INC_avg,INC_sd,INC_r1,INC_kr,INC_sk,IND_avg,IND_sd,IND_r1,IND_kr,IND_sk
instances/A3/asymmetric/50.6.in,0.3015000000,0.0465429909,0.6294331748,6.7804761114,-1.4601618584,0.1904000000,0.0355083089,0.6065156598,2.5018982739,0.3155424289,0.5081000000,0.0463776886,0.6347922911,3.8056086090,0.8519460143,0.0606000000,0.0150877434,0.2748659230,1.7714038026,-0.0407526535
