Instance,INF_avg,INF_sd,INF_r1,INF_kr,INF_sk,SUP_avg,SUP_sd,SUP_r1,SUP_kr,SUP_sk,INC_avg,INC_sd,INC_r1,INC_kr,INC_sk,IND_avg,IND_sd,IND_r1,IND_kr,IND_sk
instances/A3/asymmetric/200.1.in,0.3090000000,0.0350428309,0.4369848227,2.7514058505,0.1645264426,0.1270000000,0.0266458252,0.1577101482,4.4238405078,0.9933115393,0.5640000000,0.0352845575,0.0786386862,2.7894343640,-0.4389783438,0.0969000000,0.0218835555,-0.2475663651,2.7342343096,0.3216629031
