Instance,INF_avg,INF_sd,INF_r1,INF_kr,INF_sk,SUP_avg,SUP_sd,SUP_r1,SUP_kr,SUP_sk,INC_avg,INC_sd,INC_r1,INC_kr,INC_sk,IND_avg,IND_sd,IND_r1,IND_kr,IND_sk
instances/A2/asymmetric/200.5.in,0.3286000000,0.0376037232,0.0471596469,2.6788258065,0.1923284287,0.1889000000,0.0348323126,0.3756651731,3.5020543778,0.7290925478,0.4825000000,0.0393732142,0.2227518785,3.6547373206,-0.3708325852,0.0651000000,0.0149829904,0.0044536545,3.6819162829,0.8146651803
