Instance,INF_avg,INF_sd,INF_r1,INF_kr,INF_sk,SUP_avg,SUP_sd,SUP_r1,SUP_kr,SUP_sk,INC_avg,INC_sd,INC_r1,INC_kr,INC_sk,IND_avg,IND_sd,IND_r1,IND_kr,IND_sk
instances/A2/symmetric/50.4.in,0.3410000000,0.1849837831,0.0960442125,2.5151162443,0.3178759387,0.0760000000,0.0861626369,0.0768696105,2.4837293772,0.7634419601,0.5830000000,0.1855020216,0.1186284893,2.5676512033,-0.0987146157,0.4450000000,0.1472243186,0.0590635713,2.5739434793,0.0980073528
