Instance,INF_avg,INF_sd,INF_r1,INF_kr,INF_sk,SUP_avg,SUP_sd,SUP_r1,SUP_kr,SUP_sk,INC_avg,INC_sd,INC_r1,INC_kr,INC_sk,IND_avg,IND_sd,IND_r1,IND_kr,IND_sk
instances/A3/symmetric/5.5.in,0.4066666667,0.1691810339,0.4367381253,1.5062401142,-0.0066083792,0.0222222222,0.0444444444,-0.3157894737,3.2500000000,1.5000000000,0.5711111111,0.1653428910,0.5168038251,1.7463534793,0.3928748039,0.4544444444,0.0973982533,0.2326272245,1.3628061826,0.2328319469
