Instance,INF_avg,INF_sd,INF_r1,INF_kr,INF_sk,SUP_avg,SUP_sd,SUP_r1,SUP_kr,SUP_sk,INC_avg,INC_sd,INC_r1,INC_kr,INC_sk,IND_avg,IND_sd,IND_r1,IND_kr,IND_sk
instances/A2/asymmetric/20.2.in,0.2917500000,0.0953450969,0.8413026457,2.1905958146,0.1155099449,0.3488750000,0.0716544442,0.7836719414,2.5951163543,-0.0900673233,0.3593750000,0.0285523095,0.7937729165,2.3033067321,0.0827296534,0.0581250000,0.0122314911,0.4054517854,3.5126083074,0.3661417473
