Instance,INF_avg,INF_sd,INF_r1,INF_kr,INF_sk,SUP_avg,SUP_sd,SUP_r1,SUP_kr,SUP_sk,INC_avg,INC_sd,INC_r1,INC_kr,INC_sk,IND_avg,IND_sd,IND_r1,IND_kr,IND_sk
instances/A3/asymmetric/8.4.in,0.5065147815,0.1204510967,1.0449932991,2.9782327658,-1.1095511508,0.0880896881,0.0606482747,0.4950880842,2.4625591707,0.6956146405,0.4053955304,0.0744181811,0.5786118514,3.5233362576,1.0187914230,0.2219826470,0.0689924245,0.4001856874,3.0239530525,1.0692390246
