Instance,INF_avg,INF_sd,INF_r1,INF_kr,INF_sk,SUP_avg,SUP_sd,SUP_r1,SUP_kr,SUP_sk,INC_avg,INC_sd,INC_r1,INC_kr,INC_sk,IND_avg,IND_sd,IND_r1,IND_kr,IND_sk
instances/A1/asymmetric/8.4.in,0.5669780220,0.0799978448,0.7011178180,2.0987005672,-0.4782002396,0.0810989011,0.0535247942,0.0785441876,2.3624329171,0.1211287020,0.3519230769,0.0480144894,0.0630935925,2.2473429598,-0.8451699924,0.2268681319,0.0943322588,-0.0022414473,2.0138954019,0.1941085680
