Instance,INF_avg,INF_sd,INF_r1,INF_kr,INF_sk,SUP_avg,SUP_sd,SUP_r1,SUP_kr,SUP_sk,INC_avg,INC_sd,INC_r1,INC_kr,INC_sk,IND_avg,IND_sd,IND_r1,IND_kr,IND_sk
instances/A1/asymmetric/8.4.in,0.5323667074,0.0986486164,0.5968653584,1.7574387712,-0.2916565348,0.1256817257,0.1005085672,0.2609137056,4.0021858821,1.2915384931,0.3419515670,0.0493095649,-0.1671338510,1.6332082266,-0.4872561632,0.2183455433,0.0715076319,-0.0163583107,3.5904921456,0.5891505874
