Instance,INF_avg,INF_sd,INF_r1,INF_kr,INF_sk,SUP_avg,SUP_sd,SUP_r1,SUP_kr,SUP_sk,INC_avg,INC_sd,INC_r1,INC_kr,INC_sk,IND_avg,IND_sd,IND_r1,IND_kr,IND_sk
instances/A2/asymmetric/5.1.in,0.1500000000,0.1358103252,-0.1498371336,3.0579547104,1.3750573648,0.3666666667,0.1333333333,0.5454545455,1.6281250000,-0.2812500000,0.4833333333,0.0745355992,-0.5066666667,1.6820000000,0.4024922359,0.2900000000,0.0359010987,-0.6180048662,1.2285969084,0.3169627324
