Instance,INF_avg,INF_sd,INF_r1,INF_kr,INF_sk,SUP_avg,SUP_sd,SUP_r1,SUP_kr,SUP_sk,INC_avg,INC_sd,INC_r1,INC_kr,INC_sk,IND_avg,IND_sd,IND_r1,IND_kr,IND_sk
instances/A2/asymmetric/20.4.in,0.5560220526,0.0122957427,0.2979139286,1.2475176222,-0.0746419153,0.1429919423,0.0175650610,-0.0142025997,2.6209145066,1.0054941775,0.3009860051,0.0184313903,-0.2786716130,2.5583309824,-0.9354410649,0.0537319763,0.0131284929,0.3068019705,1.2690037625,0.2643190766
