Instance,INF_avg,INF_sd,INF_r1,INF_kr,INF_sk,SUP_avg,SUP_sd,SUP_r1,SUP_kr,SUP_sk,INC_avg,INC_sd,INC_r1,INC_kr,INC_sk,IND_avg,IND_sd,IND_r1,IND_kr,IND_sk
instances/A3/symmetric/100.2.in,0.3740000000,0.0367967390,0.3867658133,1.8089636484,-0.5511936000,0.1385000000,0.0130479884,-0.3145610601,2.1459695835,-0.2106760525,0.4875000000,0.0331096663,0.2921751615,1.8615667853,0.0991831943,0.0670000000,0.0145258390,-0.2699876999,1.7898744413,-0.0567708720
