Instance,INF_avg,INF_sd,INF_r1,INF_kr,INF_sk,SUP_avg,SUP_sd,SUP_r1,SUP_kr,SUP_sk,INC_avg,INC_sd,INC_r1,INC_kr,INC_sk,IND_avg,IND_sd,IND_r1,IND_kr,IND_sk
instances/A1/asymmetric/8.2.in,0.4066666667,0.0975249256,-0.6361071932,1.3093283256,0.0900800147,0.1497435897,0.0423690309,-0.5325027305,1.2628272623,0.2256111616,0.4435897436,0.0570822446,-0.6869455006,1.2742594883,-0.3107381243,0.1897435897,0.0446477925,-0.6648083624,1.9169753065,-0.5768714800
