Instance,INF_avg,INF_sd,INF_r1,INF_kr,INF_sk,SUP_avg,SUP_sd,SUP_r1,SUP_kr,SUP_sk,INC_avg,INC_sd,INC_r1,INC_kr,INC_sk,IND_avg,IND_sd,IND_r1,IND_kr,IND_sk
instances/A1/symmetric/20.5.in,0.5859829060,0.1431546113,0.6082991073,2.2784696643,0.5217834907,0.0381956315,0.0384536542,0.4843904363,7.2626367781,1.6325466226,0.3758214625,0.1227161302,0.5403992071,2.3548474437,-0.7577372361,0.1594301994,0.0503333584,0.5895978686,1.8785126693,0.1477245764
