Instance,INF_avg,INF_sd,INF_r1,INF_kr,INF_sk,SUP_avg,SUP_sd,SUP_r1,SUP_kr,SUP_sk,INC_avg,INC_sd,INC_r1,INC_kr,INC_sk,IND_avg,IND_sd,IND_r1,IND_kr,IND_sk
instances/A1/symmetric/50.2.in,0.2830000000,0.0446206230,0.2114648855,1.8743832429,0.4919424475,0.1675000000,0.0275000000,-0.3686690224,1.8550235640,-0.0577009767,0.5495000000,0.0360867012,0.3683877474,2.1019432269,0.0875858234,0.0560000000,0.0094339811,-0.2585812357,2.0246181038,-0.0214381594
