Instance,INF_avg,INF_sd,INF_r1,INF_kr,INF_sk,SUP_avg,SUP_sd,SUP_r1,SUP_kr,SUP_sk,INC_avg,INC_sd,INC_r1,INC_kr,INC_sk,IND_avg,IND_sd,IND_r1,IND_kr,IND_sk
instances/A1/symmetric/10.4.in,0.3323040275,0.1385671009,0.6808973278,1.8896697964,0.3774061752,0.2280157233,0.0794893464,0.5511988087,2.1558779888,0.3981224574,0.4396802492,0.0745763181,0.8879871214,2.0397844521,-0.2516644645,0.1520253996,0.0349676865,0.0209018663,2.6752797996,1.0140118177
