Instance,INF_avg,INF_sd,INF_r1,INF_kr,INF_sk,SUP_avg,SUP_sd,SUP_r1,SUP_kr,SUP_sk,INC_avg,INC_sd,INC_r1,INC_kr,INC_sk,IND_avg,IND_sd,IND_r1,IND_kr,IND_sk
instances/A1/symmetric/10.4.in,0.4113640328,0.1322680061,0.7227801725,2.0432358534,-0.4866224197,0.2030856445,0.0837613751,0.8802769532,2.0479208255,0.6843021045,0.3855503227,0.0520122743,0.3410373818,1.8193268300,-0.0237312692,0.1674219431,0.0388785764,-0.3324681985,1.4882707478,0.3147727087
