Instance,INF_avg,INF_sd,INF_r1,INF_kr,INF_sk,SUP_avg,SUP_sd,SUP_r1,SUP_kr,SUP_sk,INC_avg,INC_sd,INC_r1,INC_kr,INC_sk,IND_avg,IND_sd,IND_r1,IND_kr,IND_sk
instances/A2/symmetric/10.4.in,0.4688178456,0.0730442027,0.4606901015,3.1578041439,1.1793336609,0.2587580521,0.0730499672,0.3755023114,2.5392152063,-0.9439429746,0.2724241023,0.0258784721,-0.1873884543,2.9041948538,0.4049323180,0.1515515592,0.0522340030,0.2513494856,2.9400928079,1.1033924991
