Instance,INF_avg,INF_sd,INF_r1,INF_kr,INF_sk,SUP_avg,SUP_sd,SUP_r1,SUP_kr,SUP_sk,INC_avg,INC_sd,INC_r1,INC_kr,INC_sk,IND_avg,IND_sd,IND_r1,IND_kr,IND_sk
instances/A2/asymmetric/8.6.in,0.6179487179,0.0974358974,-0.2500000000,3.2500000000,-1.5000000000,0.0956043956,0.0528336695,-0.9961251602,2.5168445100,0.9266927032,0.2864468864,0.0535049367,0.0073445031,2.5332000120,0.9400802160,0.2135531136,0.0490842491,-0.2500000000,3.2500000000,-1.5000000000
