Instance,INF_avg,INF_sd,INF_r1,INF_kr,INF_sk,SUP_avg,SUP_sd,SUP_r1,SUP_kr,SUP_sk,INC_avg,INC_sd,INC_r1,INC_kr,INC_sk,IND_avg,IND_sd,IND_r1,IND_kr,IND_sk
instances/A1/asymmetric/100.2.in,0.3605000000,0.0375133310,0.2784360403,2.3759777181,-0.4375491979,0.1450000000,0.0294957624,0.0489913545,2.4128022196,0.5260837528,0.4945000000,0.0206700266,0.1942136410,4.0982418142,1.1072587808,0.0620000000,0.0120830460,-0.2083689155,1.4637830737,0.0374123210
