Instance,INF_avg,INF_sd,INF_r1,INF_kr,INF_sk,SUP_avg,SUP_sd,SUP_r1,SUP_kr,SUP_sk,INC_avg,INC_sd,INC_r1,INC_kr,INC_sk,IND_avg,IND_sd,IND_r1,IND_kr,IND_sk
instances/A2/symmetric/5.2.in,0.2882716049,0.1053586352,0.5031693760,2.9713222126,-0.4748631772,0.1722222222,0.1239772978,0.5642558279,4.0247979871,1.1361136319,0.5395061728,0.0446326605,0.3871045641,1.4078464264,-0.2881298910,0.3129629630,0.0489253512,0.2244046158,2.0438378995,-0.0447916348
