Instance,INF_avg,INF_sd,INF_r1,INF_kr,INF_sk,SUP_avg,SUP_sd,SUP_r1,SUP_kr,SUP_sk,INC_avg,INC_sd,INC_r1,INC_kr,INC_sk,IND_avg,IND_sd,IND_r1,IND_kr,IND_sk
instances/A2/asymmetric/10.3.in,0.3166433566,0.0553860281,0.4496436791,2.4662730492,-0.7252485055,0.2456643357,0.0172906959,0.0192228229,1.9980804902,-0.2975811348,0.4376923077,0.0659060395,0.2859818267,2.1960862014,0.3044109841,0.1486013986,0.0189276815,-0.7083703572,2.2804441140,0.7174347902
