Instance,INF_avg,INF_sd,INF_r1,INF_kr,INF_sk,SUP_avg,SUP_sd,SUP_r1,SUP_kr,SUP_sk,INC_avg,INC_sd,INC_r1,INC_kr,INC_sk,IND_avg,IND_sd,IND_r1,IND_kr,IND_sk
instances/A3/symmetric/50.4.in,0.3723000000,0.0539556299,0.5036024134,2.1989533153,-0.0203532847,0.1169000000,0.0361232612,0.6960571813,2.8274219300,0.3646352316,0.5108000000,0.0440948977,0.4523075355,3.5669104197,0.0686176125,0.0772000000,0.0167678263,0.4080246665,2.7065731039,-0.4096569602
