Instance,INF_avg,INF_sd,INF_r1,INF_kr,INF_sk,SUP_avg,SUP_sd,SUP_r1,SUP_kr,SUP_sk,INC_avg,INC_sd,INC_r1,INC_kr,INC_sk,IND_avg,IND_sd,IND_r1,IND_kr,IND_sk
instances/A1/symmetric/5.3.in,0.2066666667,0.0946337971,0.7175639894,1.6896261907,-0.2226160015,0.3333333333,0.1005540209,-0.8192771084,1.7754498249,-0.6830290633,0.4600000000,0.1083205121,-0.3302752294,1.3517561983,-0.1356803935,0.3800000000,0.0385861230,-0.1075949367,1.1963689018,-0.3365218792
