Instance,INF_avg,INF_sd,INF_r1,INF_kr,INF_sk,SUP_avg,SUP_sd,SUP_r1,SUP_kr,SUP_sk,INC_avg,INC_sd,INC_r1,INC_kr,INC_sk,IND_avg,IND_sd,IND_r1,IND_kr,IND_sk
instances/A3/symmetric/100.3.in,0.3136000000,0.0295810750,0.3367480356,2.6634351680,-0.0783124378,0.1278000000,0.0186590461,0.2179704707,2.5824926568,0.2037309206,0.5586000000,0.0363185903,0.2474601857,2.6302319048,-0.2764242120,0.0806000000,0.0201653168,0.4837084873,2.2194388612,-0.1423371373
