Instance,INF_avg,INF_sd,INF_r1,INF_kr,INF_sk,SUP_avg,SUP_sd,SUP_r1,SUP_kr,SUP_sk,INC_avg,INC_sd,INC_r1,INC_kr,INC_sk,IND_avg,IND_sd,IND_r1,IND_kr,IND_sk
instances/A3/asymmetric/200.1.in,0.2844000000,0.0283309019,-0.0217964640,3.3146948718,-0.9951853386,0.1558000000,0.0170105849,0.0948840176,2.1154668968,-0.0944654056,0.5598000000,0.0289648062,-0.1051367088,3.6492579246,1.0118545862,0.0926000000,0.0218229237,0.2630369844,2.9014251397,-0.4019309554
