Instance,INF_avg,INF_sd,INF_r1,INF_kr,INF_sk,SUP_avg,SUP_sd,SUP_r1,SUP_kr,SUP_sk,INC_avg,INC_sd,INC_r1,INC_kr,INC_sk,IND_avg,IND_sd,IND_r1,IND_kr,IND_sk
instances/A2/asymmetric/10.6.in,0.3832199546,0.0401220878,0.3626148134,2.9176841978,-1.2057921805,0.2746485261,0.0403282483,-0.5942874654,1.6017410091,0.1901187272,0.3421315193,0.0461415087,0.0022345596,1.7521093327,-0.6175377074,0.1678911565,0.0196417438,0.3250714843,2.0005853308,0.4329771136
