Instance,INF_avg,INF_sd,INF_r1,INF_kr,INF_sk,SUP_avg,SUP_sd,SUP_r1,SUP_kr,SUP_sk,INC_avg,INC_sd,INC_r1,INC_kr,INC_sk,IND_avg,IND_sd,IND_r1,IND_kr,IND_sk
instances/A1/asymmetric/8.5.in,0.4321611722,0.0695748567,0.1516696848,1.7841697687,0.0286273119,0.1803663004,0.0872510557,0.1062188871,2.4732314013,0.6189985957,0.3874725275,0.0301831502,-0.3362073239,2.4697823629,-0.7993096343,0.2232234432,0.0551924103,-0.0909420686,3.2252528204,1.4813501172
