Instance,INF_avg,INF_sd,INF_r1,INF_kr,INF_sk,SUP_avg,SUP_sd,SUP_r1,SUP_kr,SUP_sk,INC_avg,INC_sd,INC_r1,INC_kr,INC_sk,IND_avg,IND_sd,IND_r1,IND_kr,IND_sk
instances/A1/symmetric/5.1.in,0.3902356902,0.1510803713,0.6898382758,1.4894816734,0.5980186047,0.1461840629,0.1075759186,0.5572639239,1.5026960701,-0.4724391265,0.4635802469,0.0626382290,0.3533075970,2.1772411540,0.6911268380,0.4363636364,0.0770609908,0.2861351289,3.0152669602,-0.5610334880
