Instance,INF_avg,INF_sd,INF_r1,INF_kr,INF_sk,SUP_avg,SUP_sd,SUP_r1,SUP_kr,SUP_sk,INC_avg,INC_sd,INC_r1,INC_kr,INC_sk,IND_avg,IND_sd,IND_r1,IND_kr,IND_sk
instances/A1/asymmetric/100.4.in,0.4034000000,0.0592742777,0.6306518830,2.6484594800,-0.5304099955,0.1718000000,0.0348964182,0.4191618205,3.5191793308,0.5775502311,0.4248000000,0.0393314124,0.3645456963,2.3732904188,-0.3146863734,0.0482000000,0.0137025545,0.0623395933,3.3568150985,0.8219616280
