Instance,INF_avg,INF_sd,INF_r1,INF_kr,INF_sk,SUP_avg,SUP_sd,SUP_r1,SUP_kr,SUP_sk,INC_avg,INC_sd,INC_r1,INC_kr,INC_sk,IND_avg,IND_sd,IND_r1,IND_kr,IND_sk
instances/A3/asymmetric/100.2.in,0.2742000000,0.0363092275,0.3493974880,3.9386311037,0.3392529708,0.1383000000,0.0236983122,0.1465935578,2.7921582157,0.4806163876,0.5875000000,0.0293470612,0.1239398899,3.0144548061,0.2537076285,0.0769000000,0.0227571967,0.1205983547,2.7180826669,0.7953408326
