Instance,INF_avg,INF_sd,INF_r1,INF_kr,INF_sk,SUP_avg,SUP_sd,SUP_r1,SUP_kr,SUP_sk,INC_avg,INC_sd,INC_r1,INC_kr,INC_sk,IND_avg,IND_sd,IND_r1,IND_kr,IND_sk
instances/A3/symmetric/200.6.in,0.3163636364,0.0683404216,0.3149710782,2.6053881740,0.3602943920,0.0956363636,0.0515492222,0.4178374711,3.4049977009,0.6686756372,0.5880000000,0.0723225100,0.1404977902,3.8741640384,-0.7100194575,0.2294545455,0.0590660087,0.0531845813,3.8623084846,0.5801231728
