Instance,INF_avg,INF_sd,INF_r1,INF_kr,INF_sk,SUP_avg,SUP_sd,SUP_r1,SUP_kr,SUP_sk,INC_avg,INC_sd,INC_r1,INC_kr,INC_sk,IND_avg,IND_sd,IND_r1,IND_kr,IND_sk
instances/A2/asymmetric/10.3.in,0.3945946470,0.0514985479,0.2694101313,1.6874829492,0.0828657557,0.2478865050,0.0317614404,0.0221153676,2.0801534623,0.5004781611,0.3575188480,0.0351628519,0.6410091516,2.2653815469,0.1554382260,0.1178353393,0.0285866164,0.4958244590,2.6726875942,0.7087634967
