Instance,INF_avg,INF_sd,INF_r1,INF_kr,INF_sk,SUP_avg,SUP_sd,SUP_r1,SUP_kr,SUP_sk,INC_avg,INC_sd,INC_r1,INC_kr,INC_sk,IND_avg,IND_sd,IND_r1,IND_kr,IND_sk
instances/A2/asymmetric/20.3.in,0.5858504568,0.0333218847,-0.1144794277,3.2842256328,0.9643999985,0.1846738518,0.0339784725,0.1618815197,2.5099466202,-0.6967211516,0.2294756913,0.0100750094,-0.3728949028,2.4754768642,-0.1474706396,0.0543013905,0.0043234897,-1.0065226673,1.5396303785,-0.0262314151
