Instance,INF_avg,INF_sd,INF_r1,INF_kr,INF_sk,SUP_avg,SUP_sd,SUP_r1,SUP_kr,SUP_sk,INC_avg,INC_sd,INC_r1,INC_kr,INC_sk,IND_avg,IND_sd,IND_r1,IND_kr,IND_sk
instances/A1/symmetric/50.4.in,0.7353415419,0.1178713355,0.7313217982,1.8137515111,-0.5890487264,0.0677522288,0.0578962756,0.9685665483,1.9664175355,0.7469920749,0.1969062293,0.0693508157,0.4001694232,1.6288461328,0.2583415619,0.0345607378,0.0109443853,0.1878590365,1.9158955761,0.4436747253
