Instance,INF_avg,INF_sd,INF_r1,INF_kr,INF_sk,SUP_avg,SUP_sd,SUP_r1,SUP_kr,SUP_sk,INC_avg,INC_sd,INC_r1,INC_kr,INC_sk,IND_avg,IND_sd,IND_r1,IND_kr,IND_sk
instances/A3/asymmetric/20.6.in,0.5422910318,0.0532214452,0.4404027858,2.9181316814,1.1991025490,0.1030395595,0.0251311887,0.2085065075,2.3713267182,-0.2028398994,0.3546694088,0.0374393536,0.4296307165,3.5513024437,-1.0203136802,0.0614657083,0.0072786660,-0.4053816986,2.9631175207,-0.9989968752
