Instance,INF_avg,INF_sd,INF_r1,INF_kr,INF_sk,SUP_avg,SUP_sd,SUP_r1,SUP_kr,SUP_sk,INC_avg,INC_sd,INC_r1,INC_kr,INC_sk,IND_avg,IND_sd,IND_r1,IND_kr,IND_sk
instances/A3/asymmetric/10.4.in,0.3795758474,0.0656781914,0.4332515233,2.1630775411,0.2324495374,0.1671507064,0.0487132619,0.4561610408,2.0037507557,-0.0520394389,0.4532734461,0.0475366717,-0.1099854890,3.5046373105,0.5803997499,0.2026692443,0.0275775383,0.4078850289,2.3514911606,-0.3196438705
