Instance,INF_avg,INF_sd,INF_r1,INF_kr,INF_sk,SUP_avg,SUP_sd,SUP_r1,SUP_kr,SUP_sk,INC_avg,INC_sd,INC_r1,INC_kr,INC_sk,IND_avg,IND_sd,IND_r1,IND_kr,IND_sk
instances/A3/asymmetric/200.1.in,0.2919000000,0.0386767372,0.1103387579,3.9702080774,-0.6571632519,0.1492000000,0.0291609328,0.3424097827,3.1869215255,0.4976904979,0.5589000000,0.0466292826,0.2105766658,3.2094996241,0.3467355710,0.0915000000,0.0168893458,-0.1424360976,2.9926982574,0.0613365021
