Instance,INF_avg,INF_sd,INF_r1,INF_kr,INF_sk,SUP_avg,SUP_sd,SUP_r1,SUP_kr,SUP_sk,INC_avg,INC_sd,INC_r1,INC_kr,INC_sk,IND_avg,IND_sd,IND_r1,IND_kr,IND_sk
instances/A1/asymmetric/200.6.in,0.1777777778,0.0785674201,0.1246200608,1.7304000000,0.4129503602,0.1888888889,0.1196703290,-0.4304635762,2.0324019025,0.2145101320,0.6333333333,0.1154700538,-0.2403846154,1.5833333333,0.1924500897,0.5000000000,0.1054092553,0.2222222222,3.0600000000,-0.0000000000
