Instance,INF_avg,INF_sd,INF_r1,INF_kr,INF_sk,SUP_avg,SUP_sd,SUP_r1,SUP_kr,SUP_sk,INC_avg,INC_sd,INC_r1,INC_kr,INC_sk,IND_avg,IND_sd,IND_r1,IND_kr,IND_sk
instances/A2/symmetric/20.1.in,0.8288424052,0.0868483535,0.5600808612,2.8122804860,-1.2218271176,0.0181511471,0.0181425468,0.1137701873,1.6724977744,0.3446211394,0.1530064477,0.0755459854,0.6033810444,2.6435810171,1.2095995182,0.1203178887,0.0554994649,0.3467998995,3.7159531842,1.0678235803
