Instance,INF_avg,INF_sd,INF_r1,INF_kr,INF_sk,SUP_avg,SUP_sd,SUP_r1,SUP_kr,SUP_sk,INC_avg,INC_sd,INC_r1,INC_kr,INC_sk,IND_avg,IND_sd,IND_r1,IND_kr,IND_sk
instances/A1/symmetric/5.5.in,0.5511111111,0.0569166599,-0.3948497854,2.6848602023,-1.0627434041,0.0444444444,0.0888888889,-0.3157894737,3.2500000000,1.5000000000,0.4044444444,0.0407340062,-0.1336515513,2.2295918367,-0.6858276550,0.4044444444,0.0407340062,-0.7303102625,2.2295918367,-0.6858276550
