Instance,INF_avg,INF_sd,INF_r1,INF_kr,INF_sk,SUP_avg,SUP_sd,SUP_r1,SUP_kr,SUP_sk,INC_avg,INC_sd,INC_r1,INC_kr,INC_sk,IND_avg,IND_sd,IND_r1,IND_kr,IND_sk
instances/A1/symmetric/20.4.in,0.4133585954,0.0260525549,-0.6237776197,2.5237527511,1.0352427631,0.2241443614,0.0315828745,-0.6195611331,2.6346498556,-1.1210923385,0.3624970432,0.0069955210,0.0514993418,2.4958994388,0.0315419492,0.0731548911,0.0116943301,-0.2523006569,1.8513487461,-0.3956893781
