Instance,INF_avg,INF_sd,INF_r1,INF_kr,INF_sk,SUP_avg,SUP_sd,SUP_r1,SUP_kr,SUP_sk,INC_avg,INC_sd,INC_r1,INC_kr,INC_sk,IND_avg,IND_sd,IND_r1,IND_kr,IND_sk
instances/A2/symmetric/50.5.in,0.8950000000,0.0250000000,-1.0000000000,1.0000000000,0.0000000000,0.0100000000,0.0100000000,-1.0000000000,1.0000000000,0.0000000000,0.0950000000,0.0150000000,-1.0000000000,1.0000000000,0.0000000000,0.0700000000,0.0000000000,0.0000000000,0.0000000000,0.0000000000
