Instance,INF_avg,INF_sd,INF_r1,INF_kr,INF_sk,SUP_avg,SUP_sd,SUP_r1,SUP_kr,SUP_sk,INC_avg,INC_sd,INC_r1,INC_kr,INC_sk,IND_avg,IND_sd,IND_r1,IND_kr,IND_sk
instances/A2/asymmetric/20.2.in,0.3990000000,0.0520000000,-0.2893058440,2.4168736433,-0.4812101730,0.2740000000,0.0601165535,0.0422135509,2.4917213052,1.0398450107,0.3270000000,0.0237907545,0.3792766373,1.2469939692,0.1965011937,0.0620000000,0.0128840987,-0.4599092284,1.9843954130,-0.7265891066
