Instance,INF_avg,INF_sd,INF_r1,INF_kr,INF_sk,SUP_avg,SUP_sd,SUP_r1,SUP_kr,SUP_sk,INC_avg,INC_sd,INC_r1,INC_kr,INC_sk,IND_avg,IND_sd,IND_r1,IND_kr,IND_sk
instances/A3/symmetric/50.5.in,0.7840000000,0.1518244600,0.7656805937,1.5604706161,-0.0657984855,0.0080000000,0.0122202019,0.5955882353,3.5051020408,1.2625463649,0.2080000000,0.1432573442,0.7596704051,1.4613112733,0.0031782067,0.1146666667,0.0553614386,0.6349674353,1.5027616130,-0.0809976313
