Instance,INF_avg,INF_sd,INF_r1,INF_kr,INF_sk,SUP_avg,SUP_sd,SUP_r1,SUP_kr,SUP_sk,INC_avg,INC_sd,INC_r1,INC_kr,INC_sk,IND_avg,IND_sd,IND_r1,IND_kr,IND_sk
instances/A2/symmetric/20.6.in,0.5373968210,0.0517456500,0.7519100894,1.5228692899,-0.5287825691,0.1419871913,0.0527842924,0.7502669645,1.6947001067,0.2875824990,0.3206159878,0.0107567757,0.2948826759,2.3406859211,0.0397980844,0.0518041574,0.0164503035,0.3951259438,2.5428712210,0.2353322065
