Instance,INF_avg,INF_sd,INF_r1,INF_kr,INF_sk,SUP_avg,SUP_sd,SUP_r1,SUP_kr,SUP_sk,INC_avg,INC_sd,INC_r1,INC_kr,INC_sk,IND_avg,IND_sd,IND_r1,IND_kr,IND_sk
instances/A3/symmetric/10.1.in,0.5709917154,0.0595093345,0.3272955711,1.2178288439,-0.2654962628,0.0440911306,0.0382778658,0.6815793994,1.3464844562,-0.0762881322,0.3849171540,0.0941962416,0.4558355439,1.1757501572,0.3929714604,0.3515497076,0.2056176360,0.4637242579,1.2229583616,0.3238646563
