Instance,INF_avg,INF_sd,INF_r1,INF_kr,INF_sk,SUP_avg,SUP_sd,SUP_r1,SUP_kr,SUP_sk,INC_avg,INC_sd,INC_r1,INC_kr,INC_sk,IND_avg,IND_sd,IND_r1,IND_kr,IND_sk
instances/A2/symmetric/20.3.in,0.3833416753,0.0376178313,0.3002802595,2.1240509213,0.6080334125,0.3080454612,0.0640950072,0.1342084019,1.6518948377,0.2386943214,0.3086128634,0.0458454903,-0.0782991244,2.0833673890,-0.5331918803,0.0608041138,0.0092357315,0.8020875257,1.8282673234,0.4591261989
