Instance,INF_avg,INF_sd,INF_r1,INF_kr,INF_sk,SUP_avg,SUP_sd,SUP_r1,SUP_kr,SUP_sk,INC_avg,INC_sd,INC_r1,INC_kr,INC_sk,IND_avg,IND_sd,IND_r1,IND_kr,IND_sk
instances/A2/symmetric/200.5.in,0.3296000000,0.0612522653,0.5608010475,3.2356450835,-0.9488227775,0.1852000000,0.0288610464,0.2965531172,3.5295560517,0.9328255121,0.4852000000,0.0674163185,0.6450500442,3.3902274154,1.2485719116,0.0494000000,0.0097283092,-0.0562656341,2.8175251824,0.5273973711
