Instance,INF_avg,INF_sd,INF_r1,INF_kr,INF_sk,SUP_avg,SUP_sd,SUP_r1,SUP_kr,SUP_sk,INC_avg,INC_sd,INC_r1,INC_kr,INC_sk,IND_avg,IND_sd,IND_r1,IND_kr,IND_sk
instances/A2/symmetric/100.4.in,0.4132743363,0.1685463224,-0.0706104131,2.8034862582,0.0016640010,0.0849557522,0.0904475000,0.3316572488,3.4643704672,0.9461162423,0.5017699115,0.1708812665,-0.2028585536,2.4001850950,-0.0807325660,0.4230088496,0.1152211030,-0.0861489186,2.5446470071,0.1334754295
