Instance,INF_avg,INF_sd,INF_r1,INF_kr,INF_sk,SUP_avg,SUP_sd,SUP_r1,SUP_kr,SUP_sk,INC_avg,INC_sd,INC_r1,INC_kr,INC_sk,IND_avg,IND_sd,IND_r1,IND_kr,IND_sk
instances/A1/symmetric/20.5.in,0.4842002442,0.0400111202,-0.3215699195,3.1253094081,-1.4168900553,0.1663654864,0.0661622826,0.2921677259,3.1553976656,1.4305274374,0.3494342694,0.0277694036,0.8390705181,2.6084936946,-1.1074952143,0.0696133496,0.0179439016,-0.9643166227,2.6912098681,-1.0880200923
