Instance,INF_avg,INF_sd,INF_r1,INF_kr,INF_sk,SUP_avg,SUP_sd,SUP_r1,SUP_kr,SUP_sk,INC_avg,INC_sd,INC_r1,INC_kr,INC_sk,IND_avg,IND_sd,IND_r1,IND_kr,IND_sk
instances/A3/symmetric/8.5.in,0.6628571429,0.1010780888,-0.0486979781,2.9466023090,-1.3005487343,0.0400000000,0.0326598632,-0.6666666667,1.1666666667,-0.4082482905,0.2971428571,0.0896250694,-0.0773071944,2.8413997645,1.0826133221,0.2742857143,0.0526486665,0.3335962145,1.4703064609,-0.0630760062
