Instance,INF_avg,INF_sd,INF_r1,INF_kr,INF_sk,SUP_avg,SUP_sd,SUP_r1,SUP_kr,SUP_sk,INC_avg,INC_sd,INC_r1,INC_kr,INC_sk,IND_avg,IND_sd,IND_r1,IND_kr,IND_sk
instances/A1/asymmetric/200.6.in,0.3152000000,0.0299492905,0.1689718742,2.0860293202,-0.2130483105,0.1694000000,0.0249927990,0.1629368797,1.9258905917,0.2017466360,0.5154000000,0.0246544114,-0.5266131121,2.4825315448,0.1541797445,0.0746000000,0.0156792857,-0.0222276767,3.8219123256,0.7899848179
