Instance,INF_avg,INF_sd,INF_r1,INF_kr,INF_sk,SUP_avg,SUP_sd,SUP_r1,SUP_kr,SUP_sk,INC_avg,INC_sd,INC_r1,INC_kr,INC_sk,IND_avg,IND_sd,IND_r1,IND_kr,IND_sk
instances/A2/symmetric/8.6.in,0.5375000000,0.0535218024,0.7704918033,1.6611570248,0.7643444179,0.0111111111,0.0248451997,-0.2413793103,4.2000000000,1.7888543820,0.4513888889,0.0697908029,0.4432989691,1.7607097343,-0.7999704935,0.4722222222,0.0952174250,0.4206008584,2.0439112721,0.0062070209
