Instance,INF_avg,INF_sd,INF_r1,INF_kr,INF_sk,SUP_avg,SUP_sd,SUP_r1,SUP_kr,SUP_sk,INC_avg,INC_sd,INC_r1,INC_kr,INC_sk,IND_avg,IND_sd,IND_r1,IND_kr,IND_sk
instances/A1/symmetric/100.3.in,0.6900000000,0.1154339638,0.8034482759,1.5621160974,-0.4037297693,0.0425000000,0.0399217986,0.7418617933,1.8483506344,0.6763222344,0.2675000000,0.0762807315,0.8238569259,1.4578840072,0.2819733049,0.0787500000,0.0145236875,0.2982456140,1.4352263374,-0.0267761812
