Instance,INF_avg,INF_sd,INF_r1,INF_kr,INF_sk,SUP_avg,SUP_sd,SUP_r1,SUP_kr,SUP_sk,INC_avg,INC_sd,INC_r1,INC_kr,INC_sk,IND_avg,IND_sd,IND_r1,IND_kr,IND_sk
instances/A3/asymmetric/10.6.in,0.4298130948,0.0256602989,-0.0941836653,1.9441195398,0.7642443810,0.1258456599,0.0181953987,0.0903071711,1.2426533566,0.2712335561,0.4443412453,0.0282304280,0.0088033322,1.4272027181,0.0557242924,0.2300424263,0.0624406713,0.0694947628,1.2347981472,0.4300992123
