Instance,INF_avg,INF_sd,INF_r1,INF_kr,INF_sk,SUP_avg,SUP_sd,SUP_r1,SUP_kr,SUP_sk,INC_avg,INC_sd,INC_r1,INC_kr,INC_sk,IND_avg,IND_sd,IND_r1,IND_kr,IND_sk
instances/A2/asymmetric/5.2.in,0.4945005612,0.1073552654,0.0684433661,2.4589964640,-0.6027850975,0.1638608305,0.1620209422,0.1375220777,1.1220720985,0.1261708526,0.3416386083,0.0865755734,-0.2021867447,1.5197383681,-0.5507332984,0.4702581369,0.0889081592,-0.2805351401,1.8152574135,0.2671027503
