Instance,INF_avg,INF_sd,INF_r1,INF_kr,INF_sk,SUP_avg,SUP_sd,SUP_r1,SUP_kr,SUP_sk,INC_avg,INC_sd,INC_r1,INC_kr,INC_sk,IND_avg,IND_sd,IND_r1,IND_kr,IND_sk
instances/A2/asymmetric/5.2.in,0.5377777778,0.0762063476,-0.6666666667,1.1666666667,-0.4082482905,0.0888888889,0.1295767088,-0.7346938776,2.6660899654,1.1500493357,0.3733333333,0.0774915368,0.0659340659,3.0422437673,-1.3040473294,0.4755555556,0.1075886083,-0.7602308499,1.3767254132,0.0829012154
