Instance,INF_avg,INF_sd,INF_r1,INF_kr,INF_sk,SUP_avg,SUP_sd,SUP_r1,SUP_kr,SUP_sk,INC_avg,INC_sd,INC_r1,INC_kr,INC_sk,IND_avg,IND_sd,IND_r1,IND_kr,IND_sk
instances/A1/asymmetric/20.6.in,0.2585556253,0.0762083401,0.7289617378,1.8552668083,-0.0285740336,0.2518366136,0.0701520417,0.6938309277,3.1037047478,0.7182408600,0.4896077610,0.0454452592,0.6186304746,3.2667785018,0.0521043366,0.0563229341,0.0128271302,0.2423952736,2.8644021899,-0.0479764656
