Instance,INF_avg,INF_sd,INF_r1,INF_kr,INF_sk,SUP_avg,SUP_sd,SUP_r1,SUP_kr,SUP_sk,INC_avg,INC_sd,INC_r1,INC_kr,INC_sk,IND_avg,IND_sd,IND_r1,IND_kr,IND_sk
instances/A1/asymmetric/20.6.in,0.2769064070,0.0673456466,0.5984202254,2.1643817209,-0.3316958132,0.2389761307,0.0569164104,0.2963791929,6.6209073342,1.3239655846,0.4841174623,0.0545588258,0.6669601933,3.0279914476,0.2041849828,0.0625078518,0.0095913042,0.1798484152,2.5158977483,-0.1179016667
