Instance,INF_avg,INF_sd,INF_r1,INF_kr,INF_sk,SUP_avg,SUP_sd,SUP_r1,SUP_kr,SUP_sk,INC_avg,INC_sd,INC_r1,INC_kr,INC_sk,IND_avg,IND_sd,IND_r1,IND_kr,IND_sk
instances/A1/symmetric/50.6.in,0.5610000000,0.0305614136,-0.2631437045,2.2677461954,0.7750042313,0.0950000000,0.0122474487,0.0952380952,1.9666666667,-0.4082482905,0.3440000000,0.0226715681,-0.4541918755,1.5169116868,-0.3974878629,0.0580000000,0.0067823300,-0.6814159292,1.2296786389,-0.2115471545
