Instance,INF_avg,INF_sd,INF_r1,INF_kr,INF_sk,SUP_avg,SUP_sd,SUP_r1,SUP_kr,SUP_sk,INC_avg,INC_sd,INC_r1,INC_kr,INC_sk,IND_avg,IND_sd,IND_r1,IND_kr,IND_sk
instances/A3/asymmetric/200.3.in,0.2820000000,0.0140000000,-0.8089725036,1.9380466472,0.5160349854,0.1300000000,0.0137840488,-0.2941176471,2.3337950139,-0.9736654936,0.5880000000,0.0116619038,-0.1806656101,2.0659602076,-0.0794441975,0.0970000000,0.0265706605,-0.7455279862,1.8017197795,-0.3914944562
