Instance,INF_avg,INF_sd,INF_r1,INF_kr,INF_sk,SUP_avg,SUP_sd,SUP_r1,SUP_kr,SUP_sk,INC_avg,INC_sd,INC_r1,INC_kr,INC_sk,IND_avg,IND_sd,IND_r1,IND_kr,IND_sk
instances/A2/symmetric/100.2.in,0.4360000000,0.0188148877,-0.5065008479,2.8137029589,-1.2143286723,0.0960000000,0.0190787840,-0.9867211440,1.6650464920,0.1918015663,0.4680000000,0.0211187121,0.0871369295,1.7826720827,0.1203956419,0.0740000000,0.0106770783,-0.1898395722,1.7206832872,0.1380231722
