Instance,INF_avg,INF_sd,INF_r1,INF_kr,INF_sk,SUP_avg,SUP_sd,SUP_r1,SUP_kr,SUP_sk,INC_avg,INC_sd,INC_r1,INC_kr,INC_sk,IND_avg,IND_sd,IND_r1,IND_kr,IND_sk
instances/A3/asymmetric/20.5.in,0.2638876070,0.0242484857,-0.1862061799,1.8733826919,-0.1432284356,0.2012254525,0.0365437762,0.1069464518,2.2866494616,0.4368478260,0.5348869405,0.0215753940,0.4777644861,2.0088276747,0.4629283782,0.0596574886,0.0059016762,-0.5385818068,1.6309989795,-0.3910492226
