Instance,INF_avg,INF_sd,INF_r1,INF_kr,INF_sk,SUP_avg,SUP_sd,SUP_r1,SUP_kr,SUP_sk,INC_avg,INC_sd,INC_r1,INC_kr,INC_sk,IND_avg,IND_sd,IND_r1,IND_kr,IND_sk
instances/A1/asymmetric/5.4.in,0.3355555556,0.1916980651,0.1913632515,1.4839381321,0.0171057167,0.1222222222,0.1537594723,0.2409402547,2.8500466974,1.2002628615,0.5422222222,0.2303405959,0.4537028785,1.9565284044,0.6969941211,0.4155555556,0.0694244416,-0.4255197949,1.2895265050,-0.2103556731
