Instance,INF_avg,INF_sd,INF_r1,INF_kr,INF_sk,SUP_avg,SUP_sd,SUP_r1,SUP_kr,SUP_sk,INC_avg,INC_sd,INC_r1,INC_kr,INC_sk,IND_avg,IND_sd,IND_r1,IND_kr,IND_sk
instances/A1/symmetric/8.3.in,0.5557142857,0.1130849619,-0.5533067717,1.9648819776,0.7845103435,0.1047619048,0.0715237461,-0.7764227642,1.6519541271,-0.2153159401,0.3395238095,0.0518938390,-0.1725017311,2.2216347015,-0.6092017785,0.2445238095,0.0711884854,-0.0763027531,2.4222949465,1.0134260197
