Instance,INF_avg,INF_sd,INF_r1,INF_kr,INF_sk,SUP_avg,SUP_sd,SUP_r1,SUP_kr,SUP_sk,INC_avg,INC_sd,INC_r1,INC_kr,INC_sk,IND_avg,IND_sd,IND_r1,IND_kr,IND_sk
instances/A1/symmetric/8.3.in,0.5165038665,0.1157199501,-0.4554638104,2.5485751313,0.6370703532,0.1218966219,0.0688505640,-0.5265809882,1.8095851173,-0.4980111105,0.3615995116,0.0596028716,-0.2456634194,2.4638919960,-0.0618258021,0.2312881563,0.0572447772,-0.0242330996,4.5496869135,1.6106215686
