Instance,INF_avg,INF_sd,INF_r1,INF_kr,INF_sk,SUP_avg,SUP_sd,SUP_r1,SUP_kr,SUP_sk,INC_avg,INC_sd,INC_r1,INC_kr,INC_sk,IND_avg,IND_sd,IND_r1,IND_kr,IND_sk
instances/A3/symmetric/50.3.in,0.3575000000,0.0549203969,0.0950053135,1.9737997094,0.1086604509,0.1310000000,0.0357631095,-0.1221389508,2.0901035003,0.5561091915,0.5115000000,0.0409298180,-0.0007170940,2.0960705627,-0.6465072403,0.0855000000,0.0217313138,0.0350261752,1.9809700417,-0.5940007707
