Instance,INF_avg,INF_sd,INF_r1,INF_kr,INF_sk,SUP_avg,SUP_sd,SUP_r1,SUP_kr,SUP_sk,INC_avg,INC_sd,INC_r1,INC_kr,INC_sk,IND_avg,IND_sd,IND_r1,IND_kr,IND_sk
instances/A2/asymmetric/50.5.in,0.7120000000,0.0177763888,-0.4799490770,2.6611520590,-0.7305950547,0.0870000000,0.0231516738,0.5331069610,1.3968589886,-0.2436882574,0.2010000000,0.0237486842,-0.0613703237,1.3562320809,-0.0125426882,0.0320000000,0.0024494897,0.0384615385,1.1666666667,0.4082482905
