Instance,INF_avg,INF_sd,INF_r1,INF_kr,INF_sk,SUP_avg,SUP_sd,SUP_r1,SUP_kr,SUP_sk,INC_avg,INC_sd,INC_r1,INC_kr,INC_sk,IND_avg,IND_sd,IND_r1,IND_kr,IND_sk
instances/A3/symmetric/5.2.in,0.4197530864,0.0772961770,0.1859117841,2.4669096210,0.8853003829,0.0895061728,0.1184155932,-0.1753603945,2.5538567758,1.0080793666,0.4907407407,0.1245017505,0.1541197544,1.1951072911,-0.3215702077,0.5623456790,0.1111659673,0.1592221582,2.9355924226,0.5877059272
