Instance,INF_avg,INF_sd,INF_r1,INF_kr,INF_sk,SUP_avg,SUP_sd,SUP_r1,SUP_kr,SUP_sk,INC_avg,INC_sd,INC_r1,INC_kr,INC_sk,IND_avg,IND_sd,IND_r1,IND_kr,IND_sk
instances/A1/symmetric/10.4.in,0.5010420952,0.0450857764,0.4363705720,1.2673586006,0.2430791141,0.0769546140,0.0618554266,-0.5510378938,1.1686899538,0.4066230186,0.4220032908,0.0557255502,-0.6128687120,2.6154852895,0.9713850924,0.2094481009,0.0430841472,-0.6511966752,1.8564757148,0.1692477313
