Instance,INF_avg,INF_sd,INF_r1,INF_kr,INF_sk,SUP_avg,SUP_sd,SUP_r1,SUP_kr,SUP_sk,INC_avg,INC_sd,INC_r1,INC_kr,INC_sk,IND_avg,IND_sd,IND_r1,IND_kr,IND_sk
instances/A1/symmetric/10.5.in,0.5709563123,0.0656753809,-0.7986827711,2.5056331161,-1.0055360809,0.1152792111,0.0827612420,0.2819858923,2.1738627117,0.3084644300,0.3137644766,0.0625281967,-0.5470463169,1.4402441288,0.1695682682,0.2644215113,0.0882847378,0.4269211295,1.8166098693,0.2161384774
