Instance,INF_avg,INF_sd,INF_r1,INF_kr,INF_sk,SUP_avg,SUP_sd,SUP_r1,SUP_kr,SUP_sk,INC_avg,INC_sd,INC_r1,INC_kr,INC_sk,IND_avg,IND_sd,IND_r1,IND_kr,IND_sk
instances/A1/asymmetric/20.6.in,0.6853796487,0.0752969310,0.4175696506,2.1522090341,-0.8811102358,0.0825071288,0.0763667167,0.4336766096,2.1938334263,0.9368179179,0.2321132225,0.0258249248,0.7939638475,1.5316310316,-0.2137907339,0.0596000228,0.0119313943,-0.2196485256,3.1300756149,0.4293955612
