Instance,INF_avg,INF_sd,INF_r1,INF_kr,INF_sk,SUP_avg,SUP_sd,SUP_r1,SUP_kr,SUP_sk,INC_avg,INC_sd,INC_r1,INC_kr,INC_sk,IND_avg,IND_sd,IND_r1,IND_kr,IND_sk
instances/A3/symmetric/100.2.in,0.2795000000,0.0305327693,-0.1570883493,2.8113151535,0.6389084010,0.1280000000,0.0124899960,-0.1540941328,2.0665680473,-0.1570487662,0.5925000000,0.0326534837,-0.2882238126,1.8078184849,-0.2240299265,0.1075000000,0.0220510771,0.5467980296,1.7574890465,-0.1259053971
