Instance,INF_avg,INF_sd,INF_r1,INF_kr,INF_sk,SUP_avg,SUP_sd,SUP_r1,SUP_kr,SUP_sk,INC_avg,INC_sd,INC_r1,INC_kr,INC_sk,IND_avg,IND_sd,IND_r1,IND_kr,IND_sk
instances/A2/asymmetric/20.1.in,0.6890742421,0.0731155257,0.5389293137,2.4752828747,-0.9464318976,0.0976655436,0.0366409417,0.3045472579,1.7936448000,0.4747586463,0.2132602143,0.0390635081,0.4783120020,2.8250863170,1.1463990184,0.0481726002,0.0061566085,-0.5624269529,2.1151788147,-0.4838697241
