Instance,INF_avg,INF_sd,INF_r1,INF_kr,INF_sk,SUP_avg,SUP_sd,SUP_r1,SUP_kr,SUP_sk,INC_avg,INC_sd,INC_r1,INC_kr,INC_sk,IND_avg,IND_sd,IND_r1,IND_kr,IND_sk
instances/A2/asymmetric/20.1.in,0.6386504492,0.0871596477,0.7580647224,1.2481336366,0.1922729088,0.1232696448,0.0452717883,0.6693964988,1.5353928326,-0.1883902914,0.2380799060,0.0449991827,0.7283921409,1.2782223847,-0.0605968960,0.0449071433,0.0076214108,-0.3863477300,2.2897648629,-0.4158542990
