Instance,INF_avg,INF_sd,INF_r1,INF_kr,INF_sk,SUP_avg,SUP_sd,SUP_r1,SUP_kr,SUP_sk,INC_avg,INC_sd,INC_r1,INC_kr,INC_sk,IND_avg,IND_sd,IND_r1,IND_kr,IND_sk
instances/A2/symmetric/100.3.in,0.4202000000,0.0429297100,0.4187586190,2.7130731867,0.2397593309,0.2062000000,0.0247095123,0.1279504897,2.6939749816,-0.0006458695,0.3736000000,0.0310328858,0.3052227082,3.1087801833,-0.6487166625,0.0684000000,0.0141223228,0.1321224550,2.8344773307,-0.4291027689
