Instance,INF_avg,INF_sd,INF_r1,INF_kr,INF_sk,SUP_avg,SUP_sd,SUP_r1,SUP_kr,SUP_sk,INC_avg,INC_sd,INC_r1,INC_kr,INC_sk,IND_avg,IND_sd,IND_r1,IND_kr,IND_sk
instances/A2/asymmetric/8.5.in,0.5985714286,0.0648275228,-1.0699889175,2.7946078596,-1.0866313338,0.0914285714,0.0882379796,-0.6882631448,1.2382650832,0.2060488480,0.3100000000,0.0677823314,-0.8082734704,1.7616602016,-0.5461503949,0.3404761905,0.0331200661,-0.1402508552,1.9679005669,-0.4550152936
