Instance,INF_avg,INF_sd,INF_r1,INF_kr,INF_sk,SUP_avg,SUP_sd,SUP_r1,SUP_kr,SUP_sk,INC_avg,INC_sd,INC_r1,INC_kr,INC_sk,IND_avg,IND_sd,IND_r1,IND_kr,IND_sk
instances/A1/symmetric/100.4.in,0.2870000000,0.0287402157,0.0864098448,4.2058082066,-1.3696207607,0.1860000000,0.0122065556,-0.0854816825,1.6844736724,-0.1088643760,0.5270000000,0.0282134720,0.1248558247,2.5779052297,0.4938568747,0.0855000000,0.0140445719,-0.6423300361,2.0383842473,-0.0752628295
