Instance,INF_avg,INF_sd,INF_r1,INF_kr,INF_sk,SUP_avg,SUP_sd,SUP_r1,SUP_kr,SUP_sk,INC_avg,INC_sd,INC_r1,INC_kr,INC_sk,IND_avg,IND_sd,IND_r1,IND_kr,IND_sk
instances/A3/symmetric/200.1.in,0.2948000000,0.0417846862,0.1251027979,2.2727295794,-0.1532795476,0.1310000000,0.0225166605,0.3699710650,3.7782874082,-0.2178531512,0.5742000000,0.0324400986,-0.1479334145,2.2769885298,-0.0307224693,0.0913000000,0.0187832372,0.0510697717,2.5131136599,0.4646724007
