Instance,INF_avg,INF_sd,INF_r1,INF_kr,INF_sk,SUP_avg,SUP_sd,SUP_r1,SUP_kr,SUP_sk,INC_avg,INC_sd,INC_r1,INC_kr,INC_sk,IND_avg,IND_sd,IND_r1,IND_kr,IND_sk
instances/A2/symmetric/10.2.in,0.4557823129,0.1131518011,-0.0959833327,3.3375274382,-0.0952301782,0.1271149485,0.0971847372,0.7322201855,4.3873142941,1.3255993365,0.4171027385,0.0707854116,-0.4120952939,2.3211539015,0.6325503348,0.0845107274,0.0211340599,-0.2898647785,2.1293547572,0.6114893797
