Instance,INF_avg,INF_sd,INF_r1,INF_kr,INF_sk,SUP_avg,SUP_sd,SUP_r1,SUP_kr,SUP_sk,INC_avg,INC_sd,INC_r1,INC_kr,INC_sk,IND_avg,IND_sd,IND_r1,IND_kr,IND_sk
instances/A3/asymmetric/8.5.in,0.3655424822,0.1698448186,0.5964610942,2.8258705933,-0.9261746874,0.0369334369,0.0376419076,0.5801893022,2.1547835186,0.5263197399,0.5975240809,0.1379925415,0.5742286333,2.7470008387,0.8721588036,0.2377011877,0.0557332563,-0.2584958519,1.9500439291,0.2623109323
