Instance,INF_avg,INF_sd,INF_r1,INF_kr,INF_sk,SUP_avg,SUP_sd,SUP_r1,SUP_kr,SUP_sk,INC_avg,INC_sd,INC_r1,INC_kr,INC_sk,IND_avg,IND_sd,IND_r1,IND_kr,IND_sk
instances/A3/asymmetric/8.5.in,0.2667676768,0.1678143527,0.4948158248,2.0554024636,-0.2403091127,0.0664801865,0.0242109552,-0.2002621989,2.6772586599,0.9216457925,0.6667521368,0.1472444936,0.5887999397,1.8536863275,0.1186283953,0.2589976690,0.0435129149,-0.0155584970,2.3846247970,0.4884299421
