Instance,INF_avg,INF_sd,INF_r1,INF_kr,INF_sk,SUP_avg,SUP_sd,SUP_r1,SUP_kr,SUP_sk,INC_avg,INC_sd,INC_r1,INC_kr,INC_sk,IND_avg,IND_sd,IND_r1,IND_kr,IND_sk
instances/A3/symmetric/5.5.in,0.2555555556,0.1463548875,-0.1484490399,2.4301381126,-0.6048356481,0.1984126984,0.0532988362,0.0304740406,1.8174074857,-0.5531967492,0.5460317460,0.1217575169,0.0262879589,3.1124321288,1.3770563189,0.4333333333,0.0623609564,-0.0185185185,1.8469387755,-0.3436215967
