Instance,INF_avg,INF_sd,INF_r1,INF_kr,INF_sk,SUP_avg,SUP_sd,SUP_r1,SUP_kr,SUP_sk,INC_avg,INC_sd,INC_r1,INC_kr,INC_sk,IND_avg,IND_sd,IND_r1,IND_kr,IND_sk
instances/A3/asymmetric/10.3.in,0.1044475524,0.0644722569,0.5790815384,1.2663942686,-0.3249594978,0.1436083916,0.0257885411,-0.3586205659,1.5703962571,0.1776170243,0.7519440559,0.0519791372,0.5137146975,1.4805351604,-0.0523490869,0.2111048951,0.0353870863,0.2134382679,2.2255308785,0.6736868148
