Instance,INF_avg,INF_sd,INF_r1,INF_kr,INF_sk,SUP_avg,SUP_sd,SUP_r1,SUP_kr,SUP_sk,INC_avg,INC_sd,INC_r1,INC_kr,INC_sk,IND_avg,IND_sd,IND_r1,IND_kr,IND_sk
instances/A2/asymmetric/50.6.in,0.3370000000,0.0665281895,0.3361277044,1.9366379172,0.1580417887,0.2140000000,0.0461952378,-0.3159882897,2.1709217217,-0.2061459583,0.4490000000,0.0389101529,0.6752368065,1.7015831107,0.0384994245,0.0640000000,0.0037416574,-0.3768115942,1.8469387755,0.3436215967
