Instance,INF_avg,INF_sd,INF_r1,INF_kr,INF_sk,SUP_avg,SUP_sd,SUP_r1,SUP_kr,SUP_sk,INC_avg,INC_sd,INC_r1,INC_kr,INC_sk,IND_avg,IND_sd,IND_r1,IND_kr,IND_sk
instances/A1/asymmetric/8.5.in,0.2969696970,0.0411496853,0.1550116550,2.2875974610,0.4658071343,0.1381818182,0.0117519512,-0.2226277372,1.5439112721,-0.0460847791,0.5648484848,0.0399540599,0.1187302701,1.8519021569,-0.4390265839,0.2406060606,0.0607150535,0.3741906129,2.0407224704,0.0891939196
