Instance,INF_avg,INF_sd,INF_r1,INF_kr,INF_sk,SUP_avg,SUP_sd,SUP_r1,SUP_kr,SUP_sk,INC_avg,INC_sd,INC_r1,INC_kr,INC_sk,IND_avg,IND_sd,IND_r1,IND_kr,IND_sk
instances/A1/symmetric/50.2.in,0.4210000000,0.0492848861,0.6968659668,2.2173789979,0.4305046653,0.1641000000,0.0244272389,0.4146887118,3.1492800507,0.2911937945,0.4149000000,0.0448607847,0.6810445115,2.2489865104,0.1443949542,0.0511000000,0.0154042202,0.3504107306,2.2357724082,0.5315922972
