Instance,INF_avg,INF_sd,INF_r1,INF_kr,INF_sk,SUP_avg,SUP_sd,SUP_r1,SUP_kr,SUP_sk,INC_avg,INC_sd,INC_r1,INC_kr,INC_sk,IND_avg,IND_sd,IND_r1,IND_kr,IND_sk
instances/A3/symmetric/5.5.in,0.1925925926,0.1259803804,-0.0636504387,1.6899891234,-0.5530299556,0.1796296296,0.0901910790,-0.1566519293,1.5645409201,0.3195874123,0.6277777778,0.1416394309,0.0347679008,1.8745704142,0.2431840076,0.4537037037,0.0679405049,-0.9374826726,2.6784893438,0.1348267919
