Instance,INF_avg,INF_sd,INF_r1,INF_kr,INF_sk,SUP_avg,SUP_sd,SUP_r1,SUP_kr,SUP_sk,INC_avg,INC_sd,INC_r1,INC_kr,INC_sk,IND_avg,IND_sd,IND_r1,IND_kr,IND_sk
instances/A1/asymmetric/200.4.in,0.3468000000,0.0382591166,0.1830604502,3.5617650131,0.0277643555,0.1506000000,0.0275524953,0.2524947488,2.8610465291,0.1229110373,0.5026000000,0.0370572530,-0.0699196601,3.5853051124,-0.4191290196,0.0834000000,0.0177324561,0.1048806918,2.9182069788,-0.0128397868
