Instance,INF_avg,INF_sd,INF_r1,INF_kr,INF_sk,SUP_avg,SUP_sd,SUP_r1,SUP_kr,SUP_sk,INC_avg,INC_sd,INC_r1,INC_kr,INC_sk,IND_avg,IND_sd,IND_r1,IND_kr,IND_sk
instances/A3/asymmetric/200.3.in,0.3697619048,0.1496820137,0.9569364604,7.0199591170,1.7959417122,0.0388095238,0.0346892587,0.5973353813,2.3456162548,0.5707083680,0.5914285714,0.1342806483,0.9146082418,7.8195005729,-1.9556550910,0.2452380952,0.0611102865,0.2202732886,3.2843761009,-0.3061850474
