Instance,INF_avg,INF_sd,INF_r1,INF_kr,INF_sk,SUP_avg,SUP_sd,SUP_r1,SUP_kr,SUP_sk,INC_avg,INC_sd,INC_r1,INC_kr,INC_sk,IND_avg,IND_sd,IND_r1,IND_kr,IND_sk
instances/A1/asymmetric/8.3.in,0.5266666667,0.0408081624,0.4828247937,1.5501552110,-0.1636710817,0.1164102564,0.0194082513,-0.0977822886,1.3716575905,0.1193373115,0.3569230769,0.0420168076,0.0478976639,1.9499206066,-0.6987601238,0.2385347985,0.0407594715,0.0924940443,1.2646477006,0.1221193356
