Instance,INF_avg,INF_sd,INF_r1,INF_kr,INF_sk,SUP_avg,SUP_sd,SUP_r1,SUP_kr,SUP_sk,INC_avg,INC_sd,INC_r1,INC_kr,INC_sk,IND_avg,IND_sd,IND_r1,IND_kr,IND_sk
instances/A3/asymmetric/10.6.in,0.4308140768,0.1482631183,0.5487629275,1.4163913629,0.0329213932,0.1099179145,0.0427172080,0.0100529745,1.9780725659,0.2791122240,0.4592680087,0.1155776336,0.5445741227,1.7517840007,-0.3507346385,0.1671120755,0.0477474584,0.5158392220,2.9926934224,0.2407371807
