Instance,INF_avg,INF_sd,INF_r1,INF_kr,INF_sk,SUP_avg,SUP_sd,SUP_r1,SUP_kr,SUP_sk,INC_avg,INC_sd,INC_r1,INC_kr,INC_sk,IND_avg,IND_sd,IND_r1,IND_kr,IND_sk
instances/A1/symmetric/8.2.in,0.2163860831,0.1258644926,1.0966201723,2.4588028391,0.9572020488,0.3084175084,0.1299172549,0.9677468579,1.7832250108,-0.6485378125,0.4751964085,0.0358577516,0.1004219739,2.4086511274,0.3456709834,0.2649831650,0.0371874814,0.0621779950,1.3333795607,-0.1892123044
