Instance,INF_avg,INF_sd,INF_r1,INF_kr,INF_sk,SUP_avg,SUP_sd,SUP_r1,SUP_kr,SUP_sk,INC_avg,INC_sd,INC_r1,INC_kr,INC_sk,IND_avg,IND_sd,IND_r1,IND_kr,IND_sk
instances/A2/asymmetric/100.6.in,0.4160500000,0.0564016622,0.6621168375,2.9398045547,0.2282438955,0.1964000000,0.0410065848,0.5520984158,2.2316532653,-0.1649313589,0.3875500000,0.0419612619,0.4302422417,3.0808714169,0.4671895144,0.0567500000,0.0120078100,0.2691778914,2.8315287391,0.1654211643
