Instance,INF_avg,INF_sd,INF_r1,INF_kr,INF_sk,SUP_avg,SUP_sd,SUP_r1,SUP_kr,SUP_sk,INC_avg,INC_sd,INC_r1,INC_kr,INC_sk,IND_avg,IND_sd,IND_r1,IND_kr,IND_sk
instances/A2/asymmetric/100.5.in,0.3820000000,0.0695053955,0.4940264410,2.7216231112,-0.5034359262,0.1760000000,0.0293938769,0.4104030501,2.2780590921,0.4688476461,0.4420000000,0.0686367249,0.7059687248,5.3579640202,1.6152152745,0.0570000000,0.0161554944,0.3045417680,1.7804641740,0.6168500314
