Instance,INF_avg,INF_sd,INF_r1,INF_kr,INF_sk,SUP_avg,SUP_sd,SUP_r1,SUP_kr,SUP_sk,INC_avg,INC_sd,INC_r1,INC_kr,INC_sk,IND_avg,IND_sd,IND_r1,IND_kr,IND_sk
instances/A1/asymmetric/5.3.in,0.0648148148,0.0957247999,-0.0861590017,2.1675111603,0.9512059907,0.3092592593,0.0899626504,-0.0729081165,2.8150833094,-0.1706783498,0.6259259259,0.0698813417,0.3182250396,2.1896856458,-0.4284654352,0.3648148148,0.0568973759,0.2687154272,2.2755583884,0.1283960552
