Instance,INF_avg,INF_sd,INF_r1,INF_kr,INF_sk,SUP_avg,SUP_sd,SUP_r1,SUP_kr,SUP_sk,INC_avg,INC_sd,INC_r1,INC_kr,INC_sk,IND_avg,IND_sd,IND_r1,IND_kr,IND_sk
instances/A1/asymmetric/5.3.in,0.0500000000,0.1000000000,-0.3157894737,3.2500000000,1.5000000000,0.3300000000,0.0763034876,-0.3993890798,2.3948633530,0.8043412919,0.6200000000,0.0884433277,0.4163658243,1.4324638430,-0.2081456157,0.3633333333,0.0702376917,0.4086021505,1.7342951059,0.1718745560
