Instance,INF_avg,INF_sd,INF_r1,INF_kr,INF_sk,SUP_avg,SUP_sd,SUP_r1,SUP_kr,SUP_sk,INC_avg,INC_sd,INC_r1,INC_kr,INC_sk,IND_avg,IND_sd,IND_r1,IND_kr,IND_sk
instances/A1/symmetric/5.4.in,0.2748015873,0.1361803644,0.2978257571,1.8543730025,-0.3310516830,0.1577380952,0.0957482616,0.3929376409,2.0874242106,-0.8424077253,0.5674603175,0.0877513666,-0.1484334874,2.1341538384,0.9432718697,0.3422619048,0.0471517248,-0.5437185930,2.0678560658,0.5477057410
