Instance,INF_avg,INF_sd,INF_r1,INF_kr,INF_sk,SUP_avg,SUP_sd,SUP_r1,SUP_kr,SUP_sk,INC_avg,INC_sd,INC_r1,INC_kr,INC_sk,IND_avg,IND_sd,IND_r1,IND_kr,IND_sk
instances/A1/symmetric/20.6.in,0.3618589744,0.0746659237,0.3752341579,3.8040679726,0.3735243206,0.1694820513,0.0586977625,0.5417747179,6.4050780546,1.2151209847,0.4686589744,0.0479801365,0.3515904142,3.5855023453,-0.3959617699,0.0649256410,0.0137389269,0.4812339634,2.9247255108,0.0387449286
