Instance,INF_avg,INF_sd,INF_r1,INF_kr,INF_sk,SUP_avg,SUP_sd,SUP_r1,SUP_kr,SUP_sk,INC_avg,INC_sd,INC_r1,INC_kr,INC_sk,IND_avg,IND_sd,IND_r1,IND_kr,IND_sk
instances/A2/asymmetric/20.1.in,0.6256984129,0.0898942459,0.3090291650,2.4084420565,-0.9876659773,0.1021180003,0.0877149908,0.4098300161,1.7638735933,0.6818322212,0.2721835868,0.0170604222,-0.5572458290,2.4709227545,-0.8445931300,0.0541645584,0.0098173777,-0.0073675657,2.2345155057,0.7622212108
