Instance,INF_avg,INF_sd,INF_r1,INF_kr,INF_sk,SUP_avg,SUP_sd,SUP_r1,SUP_kr,SUP_sk,INC_avg,INC_sd,INC_r1,INC_kr,INC_sk,IND_avg,IND_sd,IND_r1,IND_kr,IND_sk
instances/A2/asymmetric/8.4.in,0.5541724942,0.0806135427,-0.3080285660,3.1857467695,-1.4558623668,0.0723543124,0.0432780198,0.3601933466,2.5031684070,0.9305260640,0.3734731935,0.0424804055,-1.1218362725,2.8470737536,1.1666409150,0.1727738928,0.0312894499,0.2434302914,2.4943898369,-0.9671692845
