Instance,INF_avg,INF_sd,INF_r1,INF_kr,INF_sk,SUP_avg,SUP_sd,SUP_r1,SUP_kr,SUP_sk,INC_avg,INC_sd,INC_r1,INC_kr,INC_sk,IND_avg,IND_sd,IND_r1,IND_kr,IND_sk
instances/A3/symmetric/100.4.in,0.3220000000,0.0250199920,-0.7070217918,2.8726484908,1.2090012367,0.1820000000,0.0289136646,-0.5741728922,1.2640106683,-0.2740380747,0.4960000000,0.0274590604,-0.2592491093,3.0883950496,1.3771164420,0.0890000000,0.0149666295,0.0590405904,2.1339285714,0.7301958931
