Instance,INF_avg,INF_sd,INF_r1,INF_kr,INF_sk,SUP_avg,SUP_sd,SUP_r1,SUP_kr,SUP_sk,INC_avg,INC_sd,INC_r1,INC_kr,INC_sk,IND_avg,IND_sd,IND_r1,IND_kr,IND_sk
instances/A1/symmetric/20.4.in,0.6427556920,0.0471929492,0.5671907138,2.2287029170,-0.8484784467,0.1165675011,0.0354113230,0.5053393348,2.3695736869,0.4332477415,0.2406768069,0.0270341922,0.3915214528,1.8296014071,0.3192260064,0.0714942839,0.0205759391,0.3266058733,2.6998696828,0.9938633083
