Instance,INF_avg,INF_sd,INF_r1,INF_kr,INF_sk,SUP_avg,SUP_sd,SUP_r1,SUP_kr,SUP_sk,INC_avg,INC_sd,INC_r1,INC_kr,INC_sk,IND_avg,IND_sd,IND_r1,IND_kr,IND_sk
instances/A3/symmetric/100.4.in,0.6875000000,0.0917401221,0.6199697966,2.3096445749,0.3170541720,0.0345000000,0.0207906229,0.8390498390,2.9674367214,0.6549644903,0.2780000000,0.0760986202,0.5047983917,2.2953047233,-0.2946444249,0.0425000000,0.0051234754,-0.0303030303,1.8707482993,0.0000000000
