Instance,INF_avg,INF_sd,INF_r1,INF_kr,INF_sk,SUP_avg,SUP_sd,SUP_r1,SUP_kr,SUP_sk,INC_avg,INC_sd,INC_r1,INC_kr,INC_sk,IND_avg,IND_sd,IND_r1,IND_kr,IND_sk
instances/A2/symmetric/8.1.in,0.4114478114,0.1493274534,0.5957129248,1.9223871539,-0.0800907465,0.2058651225,0.1127137165,0.4776498991,1.8502290704,0.2694452889,0.3826870660,0.0661316976,0.2161418752,1.9533426869,-0.5759212628,0.1896424563,0.0760148321,0.6407607419,1.7601441014,-0.1640948634
