Instance,INF_avg,INF_sd,INF_r1,INF_kr,INF_sk,SUP_avg,SUP_sd,SUP_r1,SUP_kr,SUP_sk,INC_avg,INC_sd,INC_r1,INC_kr,INC_sk,IND_avg,IND_sd,IND_r1,IND_kr,IND_sk
instances/A2/asymmetric/8.3.in,0.5852380952,0.0698256656,0.8065974776,1.6627110958,-0.4528882801,0.1376190476,0.0556175391,0.2632934372,2.6610669723,0.7591909294,0.2771428571,0.0310292087,-0.1001626327,2.3887602285,0.9164758702,0.3042857143,0.0586729666,-0.4279024149,1.2355235813,0.3076959535
