Instance,INF_avg,INF_sd,INF_r1,INF_kr,INF_sk,SUP_avg,SUP_sd,SUP_r1,SUP_kr,SUP_sk,INC_avg,INC_sd,INC_r1,INC_kr,INC_sk,IND_avg,IND_sd,IND_r1,IND_kr,IND_sk
instances/A1/asymmetric/50.5.in,0.5685000000,0.0857044340,0.2800150062,2.4692136739,0.0557876993,0.1010000000,0.0305614136,0.1773038605,1.7972960580,0.3493509716,0.3305000000,0.0881036322,0.2646246394,3.0372649258,0.7711764267,0.0485000000,0.0077620873,0.4957608211,1.8363492364,-0.2950825376
