Instance,INF_avg,INF_sd,INF_r1,INF_kr,INF_sk,SUP_avg,SUP_sd,SUP_r1,SUP_kr,SUP_sk,INC_avg,INC_sd,INC_r1,INC_kr,INC_sk,IND_avg,IND_sd,IND_r1,IND_kr,IND_sk
instances/A2/symmetric/10.4.in,0.4647619048,0.0506195591,0.5781688152,1.3278645000,0.0258625583,0.1420408163,0.0396065615,0.3088655863,2.0279301884,-0.0762795600,0.3931972789,0.0454103926,0.1915947880,1.3508198254,-0.1971944420,0.1075736961,0.0428550072,0.7492413566,2.2992753045,0.8142996565
