Instance,INF_avg,INF_sd,INF_r1,INF_kr,INF_sk,SUP_avg,SUP_sd,SUP_r1,SUP_kr,SUP_sk,INC_avg,INC_sd,INC_r1,INC_kr,INC_sk,IND_avg,IND_sd,IND_r1,IND_kr,IND_sk
instances/A2/symmetric/10.4.in,0.3988705739,0.0881040385,0.8967030955,1.9456044062,-0.0605576268,0.2265255247,0.1183093051,0.9789103695,2.8119667838,0.8755417235,0.3746039014,0.0531397907,0.2593639611,2.3748921187,-0.4368490673,0.1112232785,0.0362565396,0.3922535811,2.4233732724,0.5209448970
