Instance,INF_avg,INF_sd,INF_r1,INF_kr,INF_sk,SUP_avg,SUP_sd,SUP_r1,SUP_kr,SUP_sk,INC_avg,INC_sd,INC_r1,INC_kr,INC_sk,IND_avg,IND_sd,IND_r1,IND_kr,IND_sk
instances/A3/symmetric/10.6.in,0.6149782135,0.0676759960,0.3281970632,2.5139290866,0.7057513482,0.0182897603,0.0154221746,-0.6954462993,1.2892255079,-0.2164390456,0.3667320261,0.0598314202,0.4856755605,2.2143433453,-0.5479335326,0.2003594771,0.0513306544,-0.5200264513,2.6758236347,1.0512371322
