Instance,INF_avg,INF_sd,INF_r1,INF_kr,INF_sk,SUP_avg,SUP_sd,SUP_r1,SUP_kr,SUP_sk,INC_avg,INC_sd,INC_r1,INC_kr,INC_sk,IND_avg,IND_sd,IND_r1,IND_kr,IND_sk
instances/A1/symmetric/10.5.in,0.3390894819,0.0438571156,0.3210870766,1.6949572540,-0.5222067232,0.1860282575,0.0612149290,0.5150632089,1.2686326023,0.3588162280,0.4748822606,0.0206258765,0.4612647582,1.7750896227,-0.4005341183,0.1677394035,0.0230996055,0.2993034880,2.0982923026,0.1505464460
