Instance,INF_avg,INF_sd,INF_r1,INF_kr,INF_sk,SUP_avg,SUP_sd,SUP_r1,SUP_kr,SUP_sk,INC_avg,INC_sd,INC_r1,INC_kr,INC_sk,IND_avg,IND_sd,IND_r1,IND_kr,IND_sk
instances/A1/symmetric/100.6.in,0.4008000000,0.0360466365,-0.0050172290,2.3503934101,0.0343959866,0.1486000000,0.0292068485,0.1960550764,2.9891910188,0.6337852355,0.4506000000,0.0310586542,-0.2408346961,2.1527605791,0.2299177368,0.0612000000,0.0077820306,0.5907600360,2.3338588847,-0.1479885285
