Instance,INF_avg,INF_sd,INF_r1,INF_kr,INF_sk,SUP_avg,SUP_sd,SUP_r1,SUP_kr,SUP_sk,INC_avg,INC_sd,INC_r1,INC_kr,INC_sk,IND_avg,IND_sd,IND_r1,IND_kr,IND_sk
instances/A1/symmetric/8.6.in,0.2884788051,0.0719435475,0.3990717359,2.6329732598,-0.0073909810,0.1289173789,0.0424429834,0.0346877952,1.9433868564,0.1572448824,0.5826038159,0.0760205354,0.4113647380,1.8452773203,0.1619879965,0.2630795131,0.0454248430,0.1091460121,3.0137857696,-0.5749828767
