Instance,INF_avg,INF_sd,INF_r1,INF_kr,INF_sk,SUP_avg,SUP_sd,SUP_r1,SUP_kr,SUP_sk,INC_avg,INC_sd,INC_r1,INC_kr,INC_sk,IND_avg,IND_sd,IND_r1,IND_kr,IND_sk
instances/A1/symmetric/8.6.in,0.2479797980,0.0599799307,0.4174165798,1.6342079734,-0.0360825013,0.1433333333,0.0232639223,-0.5924441059,2.2440383598,0.3654098864,0.6086868687,0.0713716245,0.3763687273,1.2145652462,0.2998044917,0.2530303030,0.0536971065,0.0729831451,2.3425722139,-0.1548769616
