Instance,INF_avg,INF_sd,INF_r1,INF_kr,INF_sk,SUP_avg,SUP_sd,SUP_r1,SUP_kr,SUP_sk,INC_avg,INC_sd,INC_r1,INC_kr,INC_sk,IND_avg,IND_sd,IND_r1,IND_kr,IND_sk
instances/A3/asymmetric/8.6.in,0.4475376475,0.0838583030,0.4347156040,2.2448778967,0.6057385676,0.1252340252,0.0656545526,0.3538747842,2.4851003687,-0.4159214702,0.4272283272,0.0652339257,-0.4920326052,3.6186026624,0.3785377985,0.2778998779,0.0368459247,-0.3184122538,3.5604862828,-0.3056322089
