Instance,INF_avg,INF_sd,INF_r1,INF_kr,INF_sk,SUP_avg,SUP_sd,SUP_r1,SUP_kr,SUP_sk,INC_avg,INC_sd,INC_r1,INC_kr,INC_sk,IND_avg,IND_sd,IND_r1,IND_kr,IND_sk
instances/A2/asymmetric/5.6.in,0.4592592593,0.1045599571,0.4843340897,1.5739421986,0.3946843776,0.0277777778,0.0555555556,0.4000000000,4.5000000000,1.7500000000,0.5129629630,0.0925555481,0.4372901231,1.6961537204,0.0487464841,0.4827160494,0.0701480134,-0.3674468302,1.8665987661,0.3770489652
