Instance,INF_avg,INF_sd,INF_r1,INF_kr,INF_sk,SUP_avg,SUP_sd,SUP_r1,SUP_kr,SUP_sk,INC_avg,INC_sd,INC_r1,INC_kr,INC_sk,IND_avg,IND_sd,IND_r1,IND_kr,IND_sk
instances/A3/symmetric/8.1.in,0.4155665025,0.0908894154,0.6562931360,1.2700661962,-0.1209796060,0.1165011999,0.0342820446,0.8506022769,1.8413100591,0.5387579271,0.4679322976,0.0616953327,0.4809546590,1.6081160062,-0.0341523961,0.2094556019,0.0520131782,0.5767097198,1.3675460302,-0.1824491084
