Instance,INF_avg,INF_sd,INF_r1,INF_kr,INF_sk,SUP_avg,SUP_sd,SUP_r1,SUP_kr,SUP_sk,INC_avg,INC_sd,INC_r1,INC_kr,INC_sk,IND_avg,IND_sd,IND_r1,IND_kr,IND_sk
instances/A2/symmetric/8.4.in,0.4704521405,0.1296587427,0.3436751537,3.5013848972,0.4786939438,0.1613275613,0.1232563146,-0.0685972290,3.9776504224,1.1458286583,0.3682202982,0.0764284688,-0.5218406709,2.4467615397,0.1949148516,0.2296416546,0.0847883453,-0.0841377306,1.6998913874,0.3725150834
