Instance,INF_avg,INF_sd,INF_r1,INF_kr,INF_sk,SUP_avg,SUP_sd,SUP_r1,SUP_kr,SUP_sk,INC_avg,INC_sd,INC_r1,INC_kr,INC_sk,IND_avg,IND_sd,IND_r1,IND_kr,IND_sk
instances/A2/symmetric/8.4.in,0.5559047619,0.0989457351,0.0499199277,3.0700722297,1.3570912675,0.1085714286,0.0688354705,0.3688099355,1.9033615613,-0.3272239084,0.3355238095,0.0593094043,-0.4114011345,1.3817447311,-0.3879893096,0.2254761905,0.0933976940,-0.5271194346,1.7284399382,0.4861457287
