Instance,INF_avg,INF_sd,INF_r1,INF_kr,INF_sk,SUP_avg,SUP_sd,SUP_r1,SUP_kr,SUP_sk,INC_avg,INC_sd,INC_r1,INC_kr,INC_sk,IND_avg,IND_sd,IND_r1,IND_kr,IND_sk
instances/A3/symmetric/100.5.in,0.2965174129,0.1606510725,-0.0159939232,3.1194238385,0.4238207685,0.0786069652,0.0845829673,0.0137527356,3.4243802499,0.9147174752,0.6248756219,0.1604660794,0.1072469106,3.0905746319,-0.3941358098,0.5059701493,0.1527986973,0.0280442685,2.7137659801,0.1086471493
