Instance,INF_avg,INF_sd,INF_r1,INF_kr,INF_sk,SUP_avg,SUP_sd,SUP_r1,SUP_kr,SUP_sk,INC_avg,INC_sd,INC_r1,INC_kr,INC_sk,IND_avg,IND_sd,IND_r1,IND_kr,IND_sk
instances/A3/symmetric/200.1.in,0.3799500000,0.0716222556,0.7233880445,4.7278440787,1.1466957704,0.1191000000,0.0342810443,0.8364524955,2.8412187849,0.5710003273,0.5009500000,0.0514766695,0.5643483432,4.5643245108,-1.0723860958,0.0858500000,0.0171180460,0.4140292845,2.7313459973,-0.0970053032
