Instance,INF_avg,INF_sd,INF_r1,INF_kr,INF_sk,SUP_avg,SUP_sd,SUP_r1,SUP_kr,SUP_sk,INC_avg,INC_sd,INC_r1,INC_kr,INC_sk,IND_avg,IND_sd,IND_r1,IND_kr,IND_sk
instances/A3/symmetric/8.6.in,0.1404040404,0.0712389805,0.1991527561,1.2194865654,-0.2577029365,0.1429292929,0.0321650168,-0.0978785741,1.6498977335,0.5853122822,0.7166666667,0.0444444444,0.2259414226,1.4189453125,0.0351562500,0.2010101010,0.0379494291,0.0989692208,2.0255595546,-0.4329297763
