Instance,INF_avg,INF_sd,INF_r1,INF_kr,INF_sk,SUP_avg,SUP_sd,SUP_r1,SUP_kr,SUP_sk,INC_avg,INC_sd,INC_r1,INC_kr,INC_sk,IND_avg,IND_sd,IND_r1,IND_kr,IND_sk
instances/A3/symmetric/8.6.in,0.1689113356,0.0625443470,0.4476003363,2.5245480664,-1.1388173308,0.1770482604,0.0540616986,0.4680948598,1.8530091920,0.3875555436,0.6540404040,0.0813150483,0.7891530283,1.6686378319,0.0110017560,0.1891133558,0.0408131026,-0.2142219336,1.8183728568,-0.3182878130
