Instance,INF_avg,INF_sd,INF_r1,INF_kr,INF_sk,SUP_avg,SUP_sd,SUP_r1,SUP_kr,SUP_sk,INC_avg,INC_sd,INC_r1,INC_kr,INC_sk,IND_avg,IND_sd,IND_r1,IND_kr,IND_sk
instances/A2/symmetric/10.4.in,0.6029698950,0.0789155399,0.2339164266,2.1396497803,0.7710366412,0.1221727075,0.0441748721,0.1943080155,2.8760119502,-1.2595936861,0.2748573975,0.0387445178,0.0227169015,1.4308451710,-0.0584199629,0.1206842939,0.0279024386,0.3496874713,1.9258857613,-0.4256251382
