Instance,INF_avg,INF_sd,INF_r1,INF_kr,INF_sk,SUP_avg,SUP_sd,SUP_r1,SUP_kr,SUP_sk,INC_avg,INC_sd,INC_r1,INC_kr,INC_sk,IND_avg,IND_sd,IND_r1,IND_kr,IND_sk
instances/A1/symmetric/200.1.in,0.3228000000,0.0333790353,0.1783254239,3.2732043999,0.0198739507,0.1646000000,0.0301635542,-0.0535899185,3.0837162449,0.7936840676,0.5126000000,0.0371515814,0.1024725389,3.8216440611,-0.7332262496,0.0620000000,0.0098994949,0.3213409648,2.6665972511,-0.2226458670
