Instance,INF_avg,INF_sd,INF_r1,INF_kr,INF_sk,SUP_avg,SUP_sd,SUP_r1,SUP_kr,SUP_sk,INC_avg,INC_sd,INC_r1,INC_kr,INC_sk,IND_avg,IND_sd,IND_r1,IND_kr,IND_sk
instances/A3/symmetric/20.3.in,0.2919635198,0.1454536988,0.9026083493,2.2082137832,0.6568525950,0.1240936549,0.0295249236,0.7332230438,1.8573143305,-0.5181409992,0.5839428253,0.1216021389,0.9307894269,2.3319933006,-0.4432671926,0.0783613235,0.0213142869,0.9695810970,1.5411582100,0.4007447034
