Instance,INF_avg,INF_sd,INF_r1,INF_kr,INF_sk,SUP_avg,SUP_sd,SUP_r1,SUP_kr,SUP_sk,INC_avg,INC_sd,INC_r1,INC_kr,INC_sk,IND_avg,IND_sd,IND_r1,IND_kr,IND_sk
instances/A3/symmetric/20.3.in,0.4704575799,0.0737345963,-0.0055238004,1.7351251753,0.5248934732,0.0876189159,0.0126363226,0.4758508067,1.5987153647,0.2024102849,0.4419235041,0.0641945321,-0.0369194200,1.8933662967,-0.4158102737,0.0626529928,0.0100581402,0.2509814003,2.6054234929,1.0588152601
