Instance,INF_avg,INF_sd,INF_r1,INF_kr,INF_sk,SUP_avg,SUP_sd,SUP_r1,SUP_kr,SUP_sk,INC_avg,INC_sd,INC_r1,INC_kr,INC_sk,IND_avg,IND_sd,IND_r1,IND_kr,IND_sk
instances/A2/asymmetric/100.2.in,0.9213197970,0.0076142132,-1.0000000000,1.0000000000,-0.0000000000,0.0025380711,0.0025380711,-1.0000000000,1.0000000000,0.0000000000,0.0761421320,0.0050761421,-1.0000000000,1.0000000000,0.0000000000,0.0228426396,0.0025380711,-1.0000000000,1.0000000000,0.0000000000
