Instance,INF_avg,INF_sd,INF_r1,INF_kr,INF_sk,SUP_avg,SUP_sd,SUP_r1,SUP_kr,SUP_sk,INC_avg,INC_sd,INC_r1,INC_kr,INC_sk,IND_avg,IND_sd,IND_r1,IND_kr,IND_sk
instances/A2/symmetric/200.4.in,0.3826966292,0.0747244232,0.2370470423,2.4830970052,0.2238877509,0.0988764045,0.0587020319,0.5426921506,2.5696188490,0.5857798641,0.5184269663,0.0677884826,0.0856509542,3.3218289263,-0.0830192914,0.1611235955,0.0408185407,0.0954523480,3.7391408587,0.0826098245
