Instance,INF_avg,INF_sd,INF_r1,INF_kr,INF_sk,SUP_avg,SUP_sd,SUP_r1,SUP_kr,SUP_sk,INC_avg,INC_sd,INC_r1,INC_kr,INC_sk,IND_avg,IND_sd,IND_r1,IND_kr,IND_sk
instances/A1/symmetric/8.6.in,0.3675533662,0.0466303105,-0.5307086945,3.0864838226,-1.3763294336,0.2055697865,0.0182967522,0.0991549997,2.6947626308,1.1025665951,0.4268768473,0.0517037126,-0.8246187770,2.4405219374,0.6068396079,0.2585615764,0.0221758145,0.4144634648,1.1674913692,0.4066799624
