Instance,INF_avg,INF_sd,INF_r1,INF_kr,INF_sk,SUP_avg,SUP_sd,SUP_r1,SUP_kr,SUP_sk,INC_avg,INC_sd,INC_r1,INC_kr,INC_sk,IND_avg,IND_sd,IND_r1,IND_kr,IND_sk
instances/A2/asymmetric/10.5.in,0.6098609359,0.0816176851,-0.0278050992,2.1506365984,-0.3498209111,0.1261335983,0.0532327007,0.0661116488,2.2559954757,0.6167662145,0.2640054657,0.0478124240,-0.2599892502,1.2903814601,0.3014146600,0.1365022487,0.0285767084,-0.2306178858,2.1477818491,0.8119048722
