Instance,INF_avg,INF_sd,INF_r1,INF_kr,INF_sk,SUP_avg,SUP_sd,SUP_r1,SUP_kr,SUP_sk,INC_avg,INC_sd,INC_r1,INC_kr,INC_sk,IND_avg,IND_sd,IND_r1,IND_kr,IND_sk
instances/A3/asymmetric/5.4.in,0.3166666667,0.1753303760,0.8469093010,2.3016281995,-0.9570763229,0.2722222222,0.0509175077,-0.6889632107,1.2091836735,0.2961528510,0.4111111111,0.1555555556,0.8115299335,1.9380466472,0.5160349854,0.4788888889,0.0891939211,-0.3650692511,1.7118954650,-0.6375700214
