Instance,INF_avg,INF_sd,INF_r1,INF_kr,INF_sk,SUP_avg,SUP_sd,SUP_r1,SUP_kr,SUP_sk,INC_avg,INC_sd,INC_r1,INC_kr,INC_sk,IND_avg,IND_sd,IND_r1,IND_kr,IND_sk
instances/A2/asymmetric/10.4.in,0.3500000000,0.0500000000,0.3333333333,1.0000000000,0.0000000000,0.1750000000,0.1089724736,-0.0370370370,2.0969529086,-0.6520236647,0.4750000000,0.0829156198,-1.1052631579,1.6280991736,0.4933822002,0.3750000000,0.1479019946,-0.2203389831,1.8457142857,0.4346507596
