Instance,INF_avg,INF_sd,INF_r1,INF_kr,INF_sk,SUP_avg,SUP_sd,SUP_r1,SUP_kr,SUP_sk,INC_avg,INC_sd,INC_r1,INC_kr,INC_sk,IND_avg,IND_sd,IND_r1,IND_kr,IND_sk
instances/A1/symmetric/200.1.in,0.4222222222,0.1133115447,0.4176470588,2.5417899408,-0.4431470361,0.1222222222,0.0628539361,-0.2395209581,2.3789062500,-0.2099223257,0.4555555556,0.0955813919,0.3822152886,1.9996347699,0.2230697933,0.4555555556,0.0831479419,-0.5122950820,2.4757653061,-0.1765833205
