Instance,INF_avg,INF_sd,INF_r1,INF_kr,INF_sk,SUP_avg,SUP_sd,SUP_r1,SUP_kr,SUP_sk,INC_avg,INC_sd,INC_r1,INC_kr,INC_sk,IND_avg,IND_sd,IND_r1,IND_kr,IND_sk
instances/A3/asymmetric/100.5.in,0.5024000000,0.1144038461,0.8437595812,3.0112058232,0.8384512938,0.0772000000,0.0341490849,0.8309477745,2.1232036776,0.2824401014,0.4204000000,0.0865669683,0.7751773061,3.7925974801,-1.1320967338,0.0678000000,0.0107777549,0.0269167671,2.3360426200,-0.0460851282
