Instance,INF_avg,INF_sd,INF_r1,INF_kr,INF_sk,SUP_avg,SUP_sd,SUP_r1,SUP_kr,SUP_sk,INC_avg,INC_sd,INC_r1,INC_kr,INC_sk,IND_avg,IND_sd,IND_r1,IND_kr,IND_sk
instances/A2/symmetric/200.1.in,0.7765000000,0.0221415898,0.7680999921,2.2847195478,-0.2830054557,0.0850000000,0.0137840488,0.1866666667,1.8144044321,-0.4295583060,0.1385000000,0.0224777668,0.4408977891,2.3636960358,-0.3113087720,0.0455000000,0.0115000000,0.5298897272,2.3776966206,-0.8126900633
