Instance,INF_avg,INF_sd,INF_r1,INF_kr,INF_sk,SUP_avg,SUP_sd,SUP_r1,SUP_kr,SUP_sk,INC_avg,INC_sd,INC_r1,INC_kr,INC_sk,IND_avg,IND_sd,IND_r1,IND_kr,IND_sk
instances/A1/asymmetric/100.4.in,0.4250000000,0.1513199500,0.6418864908,3.9334334920,0.9838978580,0.0511363636,0.0661340206,0.5408529078,6.1541634076,1.7261575990,0.5238636364,0.1342016107,0.5668048359,3.7652029270,-0.8388064318,0.3136363636,0.1035525977,0.1824792747,3.1869869803,0.1399315790
