Instance,INF_avg,INF_sd,INF_r1,INF_kr,INF_sk,SUP_avg,SUP_sd,SUP_r1,SUP_kr,SUP_sk,INC_avg,INC_sd,INC_r1,INC_kr,INC_sk,IND_avg,IND_sd,IND_r1,IND_kr,IND_sk
instances/A1/symmetric/5.1.in,0.2473544974,0.1631762673,0.6057376487,1.5963658129,-0.0781617703,0.1763668430,0.0660875766,0.1759329021,1.6967589645,0.1763414822,0.5762786596,0.1452110809,0.5885161471,1.7087563820,-0.1518043689,0.3492063492,0.0296956935,0.0160000000,5.7244897959,2.0235494031
