Instance,INF_avg,INF_sd,INF_r1,INF_kr,INF_sk,SUP_avg,SUP_sd,SUP_r1,SUP_kr,SUP_sk,INC_avg,INC_sd,INC_r1,INC_kr,INC_sk,IND_avg,IND_sd,IND_r1,IND_kr,IND_sk
instances/A1/symmetric/5.1.in,0.2174603175,0.1387731944,0.4290457833,1.9231895865,0.4142351045,0.1436507937,0.0452032726,0.3909484834,1.8936118050,0.2397198642,0.6388888889,0.1173959498,0.1787341772,2.0392570494,-0.4830732846,0.3571428571,0.0368855557,-0.1818181818,2.9166666667,1.2909944487
