Instance,INF_avg,INF_sd,INF_r1,INF_kr,INF_sk,SUP_avg,SUP_sd,SUP_r1,SUP_kr,SUP_sk,INC_avg,INC_sd,INC_r1,INC_kr,INC_sk,IND_avg,IND_sd,IND_r1,IND_kr,IND_sk
instances/A1/asymmetric/20.2.in,0.6329789705,0.0805793317,0.3780927289,2.0421054463,0.4791685470,0.1363830440,0.0320316300,-0.2113055885,2.1220724759,-0.2455864277,0.2306379855,0.0538604530,0.4982504938,1.6963859236,-0.3162250230,0.0726027680,0.0082739762,-0.7618545355,1.7677553273,0.3896554206
