Instance,INF_avg,INF_sd,INF_r1,INF_kr,INF_sk,SUP_avg,SUP_sd,SUP_r1,SUP_kr,SUP_sk,INC_avg,INC_sd,INC_r1,INC_kr,INC_sk,IND_avg,IND_sd,IND_r1,IND_kr,IND_sk
instances/A3/asymmetric/100.6.in,0.3010000000,0.0131909060,-0.2459283388,2.6331747919,0.8286795856,0.1220000000,0.0431972221,0.3914573474,1.5960804789,0.5334093144,0.5770000000,0.0386781592,0.1093032958,2.1481758844,-0.7195330510,0.0810000000,0.0101980390,0.6240601504,1.3731508876,0.1527442976
