Instance,INF_avg,INF_sd,INF_r1,INF_kr,INF_sk,SUP_avg,SUP_sd,SUP_r1,SUP_kr,SUP_sk,INC_avg,INC_sd,INC_r1,INC_kr,INC_sk,IND_avg,IND_sd,IND_r1,IND_kr,IND_sk
instances/A1/symmetric/50.5.in,0.4630000000,0.0462168800,0.0618870145,2.5534733619,-0.7610065476,0.1370000000,0.0208806130,-0.1318525520,2.3031100076,-0.7935019592,0.4000000000,0.0328633535,0.3111111111,2.4176954733,0.9804909980,0.0480000000,0.0136381817,-0.4434180139,3.1437738467,1.4286267334
