Instance,INF_avg,INF_sd,INF_r1,INF_kr,INF_sk,SUP_avg,SUP_sd,SUP_r1,SUP_kr,SUP_sk,INC_avg,INC_sd,INC_r1,INC_kr,INC_sk,IND_avg,IND_sd,IND_r1,IND_kr,IND_sk
instances/A2/symmetric/50.4.in,0.9048148148,0.0683917249,0.6383598149,3.8123433939,-1.5607107770,0.0075168350,0.0082967218,0.5403340597,1.6203117027,0.4869502389,0.0876683502,0.0621063251,0.6022383375,3.9927229754,1.5967534521,0.0568602694,0.0156145008,-0.3552824244,4.4795539922,-0.1795900779
