Instance,INF_avg,INF_sd,INF_r1,INF_kr,INF_sk,SUP_avg,SUP_sd,SUP_r1,SUP_kr,SUP_sk,INC_avg,INC_sd,INC_r1,INC_kr,INC_sk,IND_avg,IND_sd,IND_r1,IND_kr,IND_sk
instances/A1/symmetric/200.4.in,0.3826000000,0.0473945145,0.0946242371,2.6060624831,0.0556714483,0.1456000000,0.0289247299,0.5647610579,2.8381937717,0.5557463663,0.4718000000,0.0441107697,0.2568979837,3.4147743290,-0.1135739584,0.0768000000,0.0148243044,0.0942637952,4.2410379447,0.5317913259
