Instance,INF_avg,INF_sd,INF_r1,INF_kr,INF_sk,SUP_avg,SUP_sd,SUP_r1,SUP_kr,SUP_sk,INC_avg,INC_sd,INC_r1,INC_kr,INC_sk,IND_avg,IND_sd,IND_r1,IND_kr,IND_sk
instances/A2/symmetric/20.6.in,0.6433333333,0.0233333333,-1.0000000000,1.0000000000,0.0000000000,0.0200000000,0.0200000000,-1.0000000000,1.0000000000,0.0000000000,0.3366666667,0.0033333333,-1.0000000000,1.0000000000,0.0000000000,0.1697435897,0.0097435897,-1.0000000000,1.0000000000,0.0000000000
