Instance,INF_avg,INF_sd,INF_r1,INF_kr,INF_sk,SUP_avg,SUP_sd,SUP_r1,SUP_kr,SUP_sk,INC_avg,INC_sd,INC_r1,INC_kr,INC_sk,IND_avg,IND_sd,IND_r1,IND_kr,IND_sk
instances/A2/symmetric/20.2.in,0.7251520814,0.0804479293,0.5615882488,1.5887725803,0.2991913053,0.0733375987,0.0612566861,0.7344975202,1.3646064062,0.1811047918,0.2015103199,0.0309137586,-0.1133264081,2.0164560447,0.0468407208,0.0596366963,0.0123914433,0.2318683492,2.2697498231,-0.4456842952
