Instance,INF_avg,INF_sd,INF_r1,INF_kr,INF_sk,SUP_avg,SUP_sd,SUP_r1,SUP_kr,SUP_sk,INC_avg,INC_sd,INC_r1,INC_kr,INC_sk,IND_avg,IND_sd,IND_r1,IND_kr,IND_sk
instances/A2/asymmetric/5.2.in,0.1433333333,0.1576212056,-0.6901339110,1.7328677584,0.6017460811,0.3600000000,0.0997775303,-0.8115942029,1.8469387755,-0.3436215967,0.4966666667,0.0763034876,-0.2744618395,1.4508624206,-0.0960407513,0.2933333333,0.0326598632,-0.1904761905,1.1666666667,0.4082482905
