Instance,INF_avg,INF_sd,INF_r1,INF_kr,INF_sk,SUP_avg,SUP_sd,SUP_r1,SUP_kr,SUP_sk,INC_avg,INC_sd,INC_r1,INC_kr,INC_sk,IND_avg,IND_sd,IND_r1,IND_kr,IND_sk
instances/A1/asymmetric/50.1.in,0.4280000000,0.0588727441,0.3543534598,1.6206800278,-0.0328150150,0.1405000000,0.0421574430,0.6251291462,1.6420723496,-0.2145965549,0.4315000000,0.0368137203,-0.4279898596,2.5531752709,-0.4627915328,0.0510000000,0.0106770783,-0.2862318841,3.2442289935,0.7246216542
