Instance,INF_avg,INF_sd,INF_r1,INF_kr,INF_sk,SUP_avg,SUP_sd,SUP_r1,SUP_kr,SUP_sk,INC_avg,INC_sd,INC_r1,INC_kr,INC_sk,IND_avg,IND_sd,IND_r1,IND_kr,IND_sk
instances/A1/asymmetric/200.6.in,0.3320000000,0.0434856298,-0.6608454775,1.9939022020,-0.5871120212,0.1355000000,0.0179513231,0.3814764238,1.9396306156,0.1000896509,0.5325000000,0.0408809246,-0.6651694569,1.7762139531,0.0214059124,0.0595000000,0.0131244047,0.3236633496,3.3786940119,-0.6210524250
