Instance,INF_avg,INF_sd,INF_r1,INF_kr,INF_sk,SUP_avg,SUP_sd,SUP_r1,SUP_kr,SUP_sk,INC_avg,INC_sd,INC_r1,INC_kr,INC_sk,IND_avg,IND_sd,IND_r1,IND_kr,IND_sk
instances/A2/symmetric/20.5.in,0.8364743590,0.0293927557,1.0496988834,3.0620428997,1.3467798062,0.0350000000,0.0278388218,0.7587939698,1.6618106139,0.1738115826,0.1285256410,0.0220392595,0.5106890966,1.7562603190,0.1892460023,0.0940705128,0.0287778215,-0.3627685602,2.3723782283,0.5692729461
