Instance,INF_avg,INF_sd,INF_r1,INF_kr,INF_sk,SUP_avg,SUP_sd,SUP_r1,SUP_kr,SUP_sk,INC_avg,INC_sd,INC_r1,INC_kr,INC_sk,IND_avg,IND_sd,IND_r1,IND_kr,IND_sk
instances/A3/symmetric/5.1.in,0.4314814815,0.1431806058,0.6507760532,1.5000000000,-0.1350615228,0.1882716049,0.1396754136,0.4205301686,1.4931850433,-0.4301595024,0.3802469136,0.0726771574,0.1492963890,3.3569770149,-0.6702272875,0.3956790123,0.0822679960,0.1519010472,3.8186888464,-0.2687368328
