Instance,INF_avg,INF_sd,INF_r1,INF_kr,INF_sk,SUP_avg,SUP_sd,SUP_r1,SUP_kr,SUP_sk,INC_avg,INC_sd,INC_r1,INC_kr,INC_sk,IND_avg,IND_sd,IND_r1,IND_kr,IND_sk
instances/A1/symmetric/200.5.in,0.4628000000,0.1179540589,0.9019161852,1.8941694854,0.2839641798,0.1558000000,0.0702236427,0.9092049409,2.2161817346,0.1331633900,0.3814000000,0.0583612885,0.7602936465,2.4742106843,-0.0585222875,0.0530000000,0.0076157731,0.1110342442,2.2146254459,0.2852519059
