Instance,INF_avg,INF_sd,INF_r1,INF_kr,INF_sk,SUP_avg,SUP_sd,SUP_r1,SUP_kr,SUP_sk,INC_avg,INC_sd,INC_r1,INC_kr,INC_sk,IND_avg,IND_sd,IND_r1,IND_kr,IND_sk
instances/A1/symmetric/200.1.in,0.3874558304,0.1322938185,0.2818975746,3.5770594477,0.3335783432,0.0660777385,0.0657747062,0.4206589949,3.4532329372,0.9672632692,0.5464664311,0.1228556916,0.1670354335,3.2400031545,-0.2028624867,0.3206713781,0.0895921745,0.0331305539,2.6535520876,0.0860165227
