Instance,INF_avg,INF_sd,INF_r1,INF_kr,INF_sk,SUP_avg,SUP_sd,SUP_r1,SUP_kr,SUP_sk,INC_avg,INC_sd,INC_r1,INC_kr,INC_sk,IND_avg,IND_sd,IND_r1,IND_kr,IND_sk
instances/A2/symmetric/5.5.in,0.3222222222,0.1832154503,0.5381211709,1.8630617015,0.1891282627,0.2244444444,0.1284571312,0.1737109045,2.5622479414,-0.5531449562,0.4533333333,0.0748331477,0.2667844523,1.6957671958,-0.5557336935,0.3266666667,0.1432170071,0.6069433360,2.8087440385,1.1906410198
