Instance,INF_avg,INF_sd,INF_r1,INF_kr,INF_sk,SUP_avg,SUP_sd,SUP_r1,SUP_kr,SUP_sk,INC_avg,INC_sd,INC_r1,INC_kr,INC_sk,IND_avg,IND_sd,IND_r1,IND_kr,IND_sk
instances/A3/symmetric/20.3.in,0.6479673999,0.0859071993,0.6881149417,1.3189711916,0.0841683200,0.0492260832,0.0256354578,0.1480986745,2.8733388471,-1.2179431518,0.3028065169,0.0714672883,0.7097272274,1.6394034859,0.0679994673,0.1430878364,0.0291203634,-0.0948517088,3.0144116182,1.3432649455
