Instance,INF_avg,INF_sd,INF_r1,INF_kr,INF_sk,SUP_avg,SUP_sd,SUP_r1,SUP_kr,SUP_sk,INC_avg,INC_sd,INC_r1,INC_kr,INC_sk,IND_avg,IND_sd,IND_r1,IND_kr,IND_sk
instances/A1/symmetric/8.2.in,0.3806859041,0.0960487665,0.1748198945,1.9728036377,0.3150208025,0.1144975842,0.0634720677,-0.2823582268,2.5772728230,0.9318944873,0.5048165117,0.0725477208,0.1988007773,2.1028463533,0.3816449137,0.2018630157,0.0302954770,-0.3232034897,1.7814034414,-0.1239840822
