Instance,INF_avg,INF_sd,INF_r1,INF_kr,INF_sk,SUP_avg,SUP_sd,SUP_r1,SUP_kr,SUP_sk,INC_avg,INC_sd,INC_r1,INC_kr,INC_sk,IND_avg,IND_sd,IND_r1,IND_kr,IND_sk
instances/A3/asymmetric/50.4.in,0.4687000000,0.0928375463,0.7806959805,2.7488699138,0.6880505224,0.1254000000,0.0493339640,0.7124606760,2.6681469954,0.5446722498,0.4059000000,0.0567863540,0.6671772504,3.6312820490,-1.0449791211,0.0681000000,0.0139603009,0.4572364538,2.5109165454,0.2389923531
