Instance,INF_avg,INF_sd,INF_r1,INF_kr,INF_sk,SUP_avg,SUP_sd,SUP_r1,SUP_kr,SUP_sk,INC_avg,INC_sd,INC_r1,INC_kr,INC_sk,IND_avg,IND_sd,IND_r1,IND_kr,IND_sk
instances/A1/asymmetric/50.6.in,0.3760000000,0.0272763634,0.3215074544,1.9132305758,-0.0755410038,0.1485000000,0.0271154937,0.2081332380,3.4650006168,0.1642451087,0.4755000000,0.0268747093,-0.3680621463,2.2024958062,0.8258004271,0.0590000000,0.0135646600,-0.9541139241,2.7670723062,-0.0588966510
