Instance,INF_avg,INF_sd,INF_r1,INF_kr,INF_sk,SUP_avg,SUP_sd,SUP_r1,SUP_kr,SUP_sk,INC_avg,INC_sd,INC_r1,INC_kr,INC_sk,IND_avg,IND_sd,IND_r1,IND_kr,IND_sk
instances/A1/symmetric/100.1.in,0.3580000000,0.0420832508,0.3480455791,1.3867715031,0.1319478634,0.1440000000,0.0355527777,0.1507847534,1.9554170506,0.4026150196,0.4980000000,0.0206397674,0.0713922764,2.1684520267,0.4906431525,0.0775000000,0.0158508675,0.3266832918,2.9045073142,0.2165708485
