Instance,INF_avg,INF_sd,INF_r1,INF_kr,INF_sk,SUP_avg,SUP_sd,SUP_r1,SUP_kr,SUP_sk,INC_avg,INC_sd,INC_r1,INC_kr,INC_sk,IND_avg,IND_sd,IND_r1,IND_kr,IND_sk
instances/A1/asymmetric/50.1.in,0.5414000000,0.0451778707,-0.0314722327,1.7198869355,0.0648508654,0.1194000000,0.0275797027,0.2974020669,3.9509198374,1.0112565745,0.3392000000,0.0360743676,0.0032645165,1.8620430904,-0.0866154007,0.0784000000,0.0095624265,0.2869891793,2.5333675482,0.1864251893
