Instance,INF_avg,INF_sd,INF_r1,INF_kr,INF_sk,SUP_avg,SUP_sd,SUP_r1,SUP_kr,SUP_sk,INC_avg,INC_sd,INC_r1,INC_kr,INC_sk,IND_avg,IND_sd,IND_r1,IND_kr,IND_sk
instances/A3/asymmetric/200.5.in,0.4554000000,0.0799864989,0.7970965164,2.4204502275,0.4615080875,0.0812000000,0.0296067560,0.7944941701,2.7614774146,-0.4256821159,0.4634000000,0.0552398407,0.7139226312,2.2150121494,-0.2854692071,0.0792000000,0.0082073138,0.0097186579,2.7081530233,0.3657012815
