Instance,INF_avg,INF_sd,INF_r1,INF_kr,INF_sk,SUP_avg,SUP_sd,SUP_r1,SUP_kr,SUP_sk,INC_avg,INC_sd,INC_r1,INC_kr,INC_sk,IND_avg,IND_sd,IND_r1,IND_kr,IND_sk
instances/A2/asymmetric/20.1.in,0.6239064196,0.0590830236,0.4344065791,2.1905021217,0.1013627708,0.1480622689,0.0506345362,0.3903516971,1.9382776305,-0.1516972301,0.2280313115,0.0126159760,-0.2955650594,1.3341562634,-0.1770021726,0.0649518135,0.0097973815,-0.4289195343,2.1383892270,-0.3824459957
