Instance,INF_avg,INF_sd,INF_r1,INF_kr,INF_sk,SUP_avg,SUP_sd,SUP_r1,SUP_kr,SUP_sk,INC_avg,INC_sd,INC_r1,INC_kr,INC_sk,IND_avg,IND_sd,IND_r1,IND_kr,IND_sk
instances/A3/symmetric/50.3.in,0.3672000000,0.0328048777,0.5561485635,2.8085569652,-0.1200540556,0.1324000000,0.0292957335,0.6150191233,3.1977808599,0.7726613960,0.5004000000,0.0408636758,0.5501551793,2.8726609773,0.4196642793,0.0850000000,0.0226274170,0.4314516129,2.7507781982,-0.8364092663
