Instance,INF_avg,INF_sd,INF_r1,INF_kr,INF_sk,SUP_avg,SUP_sd,SUP_r1,SUP_kr,SUP_sk,INC_avg,INC_sd,INC_r1,INC_kr,INC_sk,IND_avg,IND_sd,IND_r1,IND_kr,IND_sk
instances/A2/asymmetric/50.4.in,0.3712500000,0.0747374571,0.7638614084,4.1868123888,-1.0441166760,0.2119000000,0.0385537287,0.6356379443,2.4542885747,0.2852799555,0.4168500000,0.0486037807,0.6099840337,4.7352186367,1.1765702635,0.0509000000,0.0114538203,0.2796650003,3.3105084250,0.1081825588
