Instance,INF_avg,INF_sd,INF_r1,INF_kr,INF_sk,SUP_avg,SUP_sd,SUP_r1,SUP_kr,SUP_sk,INC_avg,INC_sd,INC_r1,INC_kr,INC_sk,IND_avg,IND_sd,IND_r1,IND_kr,IND_sk
instances/A1/symmetric/100.4.in,0.4501000000,0.0642533268,0.7573069045,2.6389749645,0.5060102846,0.1497000000,0.0433406276,0.7201194075,2.7190653724,-0.0556052371,0.4002000000,0.0471270623,0.5510552397,2.6368890774,0.1469648402,0.0583000000,0.0116021550,0.5547360636,5.1377733762,0.5979922419
