Instance,INF_avg,INF_sd,INF_r1,INF_kr,INF_sk,SUP_avg,SUP_sd,SUP_r1,SUP_kr,SUP_sk,INC_avg,INC_sd,INC_r1,INC_kr,INC_sk,IND_avg,IND_sd,IND_r1,IND_kr,IND_sk
instances/A2/asymmetric/8.3.in,0.6755555556,0.0669069743,0.7844732570,1.2022414875,-0.0711537040,0.0166666667,0.0434613494,0.4653465347,6.8252595156,2.3460105541,0.3077777778,0.0620234922,0.7343082932,1.6318763894,0.5544827592,0.2811111111,0.0668377435,0.4377058483,2.0347121021,-0.1775061247
