Instance,INF_avg,INF_sd,INF_r1,INF_kr,INF_sk,SUP_avg,SUP_sd,SUP_r1,SUP_kr,SUP_sk,INC_avg,INC_sd,INC_r1,INC_kr,INC_sk,IND_avg,IND_sd,IND_r1,IND_kr,IND_sk
instances/A1/asymmetric/5.1.in,0.4203703704,0.1332046704,0.3546795444,1.6414595800,-0.1267705282,0.2006172840,0.1268064110,0.6863523945,1.8224573797,-0.5292425250,0.3790123457,0.0579589857,-0.0750300834,3.0571420734,-1.0723929624,0.3919753086,0.0929663239,0.1473571457,3.4551051845,0.7896733544
