Instance,INF_avg,INF_sd,INF_r1,INF_kr,INF_sk,SUP_avg,SUP_sd,SUP_r1,SUP_kr,SUP_sk,INC_avg,INC_sd,INC_r1,INC_kr,INC_sk,IND_avg,IND_sd,IND_r1,IND_kr,IND_sk
instances/A1/asymmetric/5.1.in,0.4677777778,0.1292141490,0.5553691275,2.0527725268,-0.5312680038,0.1333333333,0.1295767088,0.8314606742,1.6280276817,0.3631734744,0.3988888889,0.0365823947,-0.6431061193,2.5545437834,-0.7417248524,0.4222222222,0.0983819716,0.0365853659,2.4000416493,0.8850689661
