Instance,INF_avg,INF_sd,INF_r1,INF_kr,INF_sk,SUP_avg,SUP_sd,SUP_r1,SUP_kr,SUP_sk,INC_avg,INC_sd,INC_r1,INC_kr,INC_sk,IND_avg,IND_sd,IND_r1,IND_kr,IND_sk
instances/A1/symmetric/100.3.in,0.7729617937,0.1748363552,0.9620722705,2.4218742020,-0.7342001986,0.0264186605,0.0392728966,0.8765951452,6.1811395392,1.9087475115,0.2006195458,0.1400372775,0.9723206430,2.0235258181,0.5242165081,0.0495661445,0.0164353075,0.5586205020,3.5682033696,0.8404909624
