Instance,INF_avg,INF_sd,INF_r1,INF_kr,INF_sk,SUP_avg,SUP_sd,SUP_r1,SUP_kr,SUP_sk,INC_avg,INC_sd,INC_r1,INC_kr,INC_sk,IND_avg,IND_sd,IND_r1,IND_kr,IND_sk
instances/A3/asymmetric/10.2.in,0.5573073934,0.0480166399,-0.3481675843,1.5607233627,0.4271873432,0.0772592338,0.0333516842,-0.7179175150,2.7539446100,0.7038314309,0.3654333728,0.0342388852,0.1520254241,1.3813297063,0.2067659199,0.1934474895,0.0145443419,0.1369615029,2.2370039754,0.8312102456
