Instance,INF_avg,INF_sd,INF_r1,INF_kr,INF_sk,SUP_avg,SUP_sd,SUP_r1,SUP_kr,SUP_sk,INC_avg,INC_sd,INC_r1,INC_kr,INC_sk,IND_avg,IND_sd,IND_r1,IND_kr,IND_sk
instances/A3/asymmetric/10.2.in,0.5454191033,0.0332277205,-0.2196134508,1.2775764770,0.4594024690,0.0771929825,0.0188832453,-0.0706326076,2.6547521711,0.7162209492,0.3773879142,0.0278309057,0.3780977106,1.8001179550,-0.3011838482,0.1902534113,0.0101364522,-0.0526315789,3.2500000000,1.5000000000
