Instance,INF_avg,INF_sd,INF_r1,INF_kr,INF_sk,SUP_avg,SUP_sd,SUP_r1,SUP_kr,SUP_sk,INC_avg,INC_sd,INC_r1,INC_kr,INC_sk,IND_avg,IND_sd,IND_r1,IND_kr,IND_sk
instances/A2/symmetric/10.2.in,0.6863157895,0.0273684211,-0.3157894737,3.2500000000,-1.5000000000,0.0105263158,0.0210526316,-0.3157894737,3.2500000000,1.5000000000,0.3031578947,0.0063157895,-0.3157894737,3.2500000000,1.5000000000,0.2915789474,0.0772519711,-0.0425817018,2.5696015815,-0.4827624377
