Instance,INF_avg,INF_sd,INF_r1,INF_kr,INF_sk,SUP_avg,SUP_sd,SUP_r1,SUP_kr,SUP_sk,INC_avg,INC_sd,INC_r1,INC_kr,INC_sk,IND_avg,IND_sd,IND_r1,IND_kr,IND_sk
instances/A2/asymmetric/20.3.in,0.6723916584,0.0426860915,0.5297317981,1.6733770877,-0.1631773665,0.0839459649,0.0225899080,0.4156411121,2.0265717611,0.4689391633,0.2436623766,0.0205164152,0.5836727996,1.3823048872,-0.1290322615,0.0541628078,0.0079523664,0.4874602598,1.3196288503,0.2020934369
