Instance,INF_avg,INF_sd,INF_r1,INF_kr,INF_sk,SUP_avg,SUP_sd,SUP_r1,SUP_kr,SUP_sk,INC_avg,INC_sd,INC_r1,INC_kr,INC_sk,IND_avg,IND_sd,IND_r1,IND_kr,IND_sk
instances/A1/symmetric/100.5.in,0.3970000000,0.0385486705,-0.5703393999,1.7579789113,0.2326331465,0.1730000000,0.0240000000,-0.6828929068,2.3096064815,0.6701388889,0.4300000000,0.0398748041,-0.4885057471,1.6693366560,-0.2011011241,0.0500000000,0.0044721360,-0.6666666667,1.2500000000,-0.0000000000
