Instance,INF_avg,INF_sd,INF_r1,INF_kr,INF_sk,SUP_avg,SUP_sd,SUP_r1,SUP_kr,SUP_sk,INC_avg,INC_sd,INC_r1,INC_kr,INC_sk,IND_avg,IND_sd,IND_r1,IND_kr,IND_sk
instances/A3/symmetric/5.5.in,0.5222222222,0.0777777778,0.3333333333,1.0000000000,-0.0000000000,0.0277777778,0.0481125224,-0.0909090909,2.3333333333,1.1547005384,0.4500000000,0.0635862397,-0.2460496614,2.0896800886,0.9003820431,0.4444444444,0.0981306763,-0.6621621622,2.0000000000,0.6096876338
