Instance,INF_avg,INF_sd,INF_r1,INF_kr,INF_sk,SUP_avg,SUP_sd,SUP_r1,SUP_kr,SUP_sk,INC_avg,INC_sd,INC_r1,INC_kr,INC_sk,IND_avg,IND_sd,IND_r1,IND_kr,IND_sk
instances/A3/asymmetric/200.1.in,0.2846000000,0.0308356936,0.2377357967,3.9610794520,0.7473981354,0.1410000000,0.0224276615,0.0370812188,2.9813801090,0.3344084716,0.5744000000,0.0315933537,0.0611844710,2.7746610109,-0.0714495414,0.0847000000,0.0197967169,-0.1036543393,3.1429117692,0.4476035292
