Instance,INF_avg,INF_sd,INF_r1,INF_kr,INF_sk,SUP_avg,SUP_sd,SUP_r1,SUP_kr,SUP_sk,INC_avg,INC_sd,INC_r1,INC_kr,INC_sk,IND_avg,IND_sd,IND_r1,IND_kr,IND_sk
instances/A3/asymmetric/20.4.in,0.6734996433,0.0077363879,-0.3215389524,2.0839992562,-0.8681465633,0.0135544855,0.0083944807,-0.5491811580,2.0350231034,-0.7190916643,0.3129458712,0.0152312715,-0.4563956342,2.3246531505,1.1439645922,0.1287843321,0.0147826015,-0.5473086966,2.1181863253,0.7176660878
