Instance,INF_avg,INF_sd,INF_r1,INF_kr,INF_sk,SUP_avg,SUP_sd,SUP_r1,SUP_kr,SUP_sk,INC_avg,INC_sd,INC_r1,INC_kr,INC_sk,IND_avg,IND_sd,IND_r1,IND_kr,IND_sk
instances/A1/symmetric/20.2.in,0.5963901347,0.0312595367,0.1997468239,2.1939518632,-0.0045040093,0.1810745021,0.0080057523,0.6953652742,1.5407820827,0.5355563956,0.2225353631,0.0250430269,-0.1242871039,2.2227753853,-0.2669169087,0.0432917615,0.0034127717,0.2027152424,1.8767641911,0.2921509106
