Instance,INF_avg,INF_sd,INF_r1,INF_kr,INF_sk,SUP_avg,SUP_sd,SUP_r1,SUP_kr,SUP_sk,INC_avg,INC_sd,INC_r1,INC_kr,INC_sk,IND_avg,IND_sd,IND_r1,IND_kr,IND_sk
instances/A3/asymmetric/50.5.in,0.2279000000,0.1051194083,0.8491739364,1.7911342245,-0.1933511944,0.1590000000,0.0398998747,0.5871600197,2.1571858981,0.0188442803,0.6131000000,0.0776523664,0.7636535298,1.7606278899,0.1751571159,0.0982000000,0.0169339895,0.2711412114,3.7001739737,0.6536948100
