Instance,INF_avg,INF_sd,INF_r1,INF_kr,INF_sk,SUP_avg,SUP_sd,SUP_r1,SUP_kr,SUP_sk,INC_avg,INC_sd,INC_r1,INC_kr,INC_sk,IND_avg,IND_sd,IND_r1,IND_kr,IND_sk
instances/A2/symmetric/20.5.in,0.3312500000,0.1223149112,-0.1688752973,2.2351301052,-0.4330622765,0.1625000000,0.1218349293,0.1404399323,4.2899722992,1.3154122451,0.5062500000,0.1013579671,0.4422565194,1.5736095650,-0.0801848799,0.3125000000,0.0414578099,0.7948717949,3.2148760331,0.8223036670
