Instance,INF_avg,INF_sd,INF_r1,INF_kr,INF_sk,SUP_avg,SUP_sd,SUP_r1,SUP_kr,SUP_sk,INC_avg,INC_sd,INC_r1,INC_kr,INC_sk,IND_avg,IND_sd,IND_r1,IND_kr,IND_sk
instances/A1/symmetric/20.1.in,0.5714279331,0.0646380134,-0.5211350780,2.0195285963,-0.0150647821,0.0779605100,0.0416111035,-0.7160082157,2.8901117382,1.2136429114,0.3506115569,0.0322614656,0.0014172209,2.3142288868,-0.9391851827,0.0605112130,0.0081894312,-0.2632852087,2.3172518075,-0.3975077823
