Instance,INF_avg,INF_sd,INF_r1,INF_kr,INF_sk,SUP_avg,SUP_sd,SUP_r1,SUP_kr,SUP_sk,INC_avg,INC_sd,INC_r1,INC_kr,INC_sk,IND_avg,IND_sd,IND_r1,IND_kr,IND_sk
instances/A3/symmetric/5.6.in,0.3555555556,0.0444444444,-0.0526315789,3.2500000000,1.5000000000,0.0333333333,0.0666666667,-0.3157894737,3.2500000000,1.5000000000,0.6111111111,0.0702728369,0.2857142857,1.5625000000,-0.5929270613,0.3555555556,0.0689426314,0.0782493369,1.7794737730,-0.1632576395
