Instance,INF_avg,INF_sd,INF_r1,INF_kr,INF_sk,SUP_avg,SUP_sd,SUP_r1,SUP_kr,SUP_sk,INC_avg,INC_sd,INC_r1,INC_kr,INC_sk,IND_avg,IND_sd,IND_r1,IND_kr,IND_sk
instances/A3/asymmetric/10.5.in,0.2969721222,0.0820614262,0.5527471695,1.6237488629,-0.0694969269,0.1373616113,0.0413116158,0.0301235713,2.0798049860,-0.6758344097,0.5656662665,0.0784277955,0.4844450936,2.5571591913,0.7254044871,0.1958810191,0.0345421670,-0.7227000287,2.3366678741,-0.9562596837
