Instance,INF_avg,INF_sd,INF_r1,INF_kr,INF_sk,SUP_avg,SUP_sd,SUP_r1,SUP_kr,SUP_sk,INC_avg,INC_sd,INC_r1,INC_kr,INC_sk,IND_avg,IND_sd,IND_r1,IND_kr,IND_sk
instances/A3/asymmetric/10.5.in,0.3070574526,0.1140458482,0.0583542886,2.9297216016,0.8881965914,0.1213989299,0.0451491899,-0.0631746876,1.7909724703,-0.3383988392,0.5715436174,0.1018193914,0.1600476382,2.0453755310,0.0589890425,0.1758232923,0.0497836673,-0.5234474684,1.2758080103,-0.0260480751
