Instance,INF_avg,INF_sd,INF_r1,INF_kr,INF_sk,SUP_avg,SUP_sd,SUP_r1,SUP_kr,SUP_sk,INC_avg,INC_sd,INC_r1,INC_kr,INC_sk,IND_avg,IND_sd,IND_r1,IND_kr,IND_sk
instances/A1/asymmetric/10.4.in,0.6114969614,0.1108277974,0.6858145454,1.3549985364,0.0632588596,0.1524435271,0.0910443131,0.4692224453,1.3393624875,-0.2069792227,0.2360595115,0.0290077064,0.2408315822,1.2620704723,0.3354885526,0.1894364178,0.0137910764,0.0001698198,1.5608482893,0.4036617503
