Instance,INF_avg,INF_sd,INF_r1,INF_kr,INF_sk,SUP_avg,SUP_sd,SUP_r1,SUP_kr,SUP_sk,INC_avg,INC_sd,INC_r1,INC_kr,INC_sk,IND_avg,IND_sd,IND_r1,IND_kr,IND_sk
instances/A1/symmetric/5.4.in,0.1357142857,0.0654653671,-0.0670731707,2.2295918367,0.6858276550,0.2476190476,0.0490268102,-0.7634854772,1.7481310075,-0.6817327185,0.6166666667,0.0555328752,-0.5946909667,2.1217155061,0.8478776558,0.3666666667,0.0959497223,-0.7364967188,2.0556310515,-0.2192973524
