Instance,INF_avg,INF_sd,INF_r1,INF_kr,INF_sk,SUP_avg,SUP_sd,SUP_r1,SUP_kr,SUP_sk,INC_avg,INC_sd,INC_r1,INC_kr,INC_sk,IND_avg,IND_sd,IND_r1,IND_kr,IND_sk
instances/A3/symmetric/10.6.in,0.6354775828,0.0569654550,-0.1321631389,1.5000000000,-0.6571386966,0.0370370370,0.0302406141,0.0000000000,1.5000000000,0.0000000000,0.3274853801,0.0313511061,-0.3459459459,1.5000000000,0.5076720034,0.2111760884,0.0475977819,-0.9702000412,1.5000000000,-0.3356098047
