Instance,INF_avg,INF_sd,INF_r1,INF_kr,INF_sk,SUP_avg,SUP_sd,SUP_r1,SUP_kr,SUP_sk,INC_avg,INC_sd,INC_r1,INC_kr,INC_sk,IND_avg,IND_sd,IND_r1,IND_kr,IND_sk
instances/A3/symmetric/10.3.in,0.3626700680,0.0597489354,0.0565833295,1.7683930217,-0.5455152630,0.1151769967,0.0200204410,0.7534226255,1.5806459107,0.1216276302,0.5221529352,0.0587489171,0.1627531271,1.8309378958,0.3952805599,0.1767888637,0.0225167504,-0.5090606066,1.5574497811,0.0376073081
