Instance,INF_avg,INF_sd,INF_r1,INF_kr,INF_sk,SUP_avg,SUP_sd,SUP_r1,SUP_kr,SUP_sk,INC_avg,INC_sd,INC_r1,INC_kr,INC_sk,IND_avg,IND_sd,IND_r1,IND_kr,IND_sk
instances/A2/symmetric/5.5.in,0.2314814815,0.1253253653,-0.4088764591,3.0508193970,0.5442537363,0.2944444444,0.1519421592,-0.1153969270,1.7577139752,0.5624345262,0.4740740741,0.1235061630,0.6090611864,2.6868950882,0.7809826334,0.2648148148,0.0546845299,0.4623586845,1.4800206212,0.0984860052
