Instance,INF_avg,INF_sd,INF_r1,INF_kr,INF_sk,SUP_avg,SUP_sd,SUP_r1,SUP_kr,SUP_sk,INC_avg,INC_sd,INC_r1,INC_kr,INC_sk,IND_avg,IND_sd,IND_r1,IND_kr,IND_sk
instances/A1/asymmetric/20.6.in,0.8061894553,0.0669095966,0.7227381483,2.2359271527,-0.5647489468,0.0345152170,0.0341385576,0.8003724581,1.7953776510,0.5640784961,0.1592953277,0.0382386896,0.3699581840,2.4711186982,0.4555218877,0.1127054855,0.0667972121,0.4530883420,4.6909448693,1.6969339164
