Instance,INF_avg,INF_sd,INF_r1,INF_kr,INF_sk,SUP_avg,SUP_sd,SUP_r1,SUP_kr,SUP_sk,INC_avg,INC_sd,INC_r1,INC_kr,INC_sk,IND_avg,IND_sd,IND_r1,IND_kr,IND_sk
instances/A1/asymmetric/20.6.in,0.7599399399,0.0527495578,0.4565915723,1.2254003076,-0.4062354194,0.0586186186,0.0272843275,0.6323395048,1.3736254028,-0.0880478420,0.1814414414,0.0342465601,0.0853878391,1.8830662419,0.1525958684,0.0743543544,0.0056711455,0.6002954953,1.2694089051,-0.2638065942
