Instance,INF_avg,INF_sd,INF_r1,INF_kr,INF_sk,SUP_avg,SUP_sd,SUP_r1,SUP_kr,SUP_sk,INC_avg,INC_sd,INC_r1,INC_kr,INC_sk,IND_avg,IND_sd,IND_r1,IND_kr,IND_sk
instances/A1/asymmetric/5.2.in,0.4253086420,0.0915912938,-0.9586766308,2.5149208840,-0.2542452973,0.1512345679,0.1072725136,0.2350731113,1.9295041884,0.0544948697,0.4234567901,0.1219913020,-0.2328517708,1.9141402817,0.0689566044,0.4512345679,0.0903346080,-0.0026749774,2.2817026856,0.4920260559
