Instance,INF_avg,INF_sd,INF_r1,INF_kr,INF_sk,SUP_avg,SUP_sd,SUP_r1,SUP_kr,SUP_sk,INC_avg,INC_sd,INC_r1,INC_kr,INC_sk,IND_avg,IND_sd,IND_r1,IND_kr,IND_sk
instances/A3/asymmetric/20.2.in,0.2020365878,0.1036971139,0.8719602305,2.3902518607,0.8420023606,0.1533835836,0.0399176009,0.8686939209,1.8538873528,0.3796454982,0.6445798287,0.1009302111,0.9170735949,2.1450521501,-0.8823109317,0.0952040620,0.0152715738,0.1290352791,2.4006152436,0.0782059115
