Instance,INF_avg,INF_sd,INF_r1,INF_kr,INF_sk,SUP_avg,SUP_sd,SUP_r1,SUP_kr,SUP_sk,INC_avg,INC_sd,INC_r1,INC_kr,INC_sk,IND_avg,IND_sd,IND_r1,IND_kr,IND_sk
instances/A3/asymmetric/50.1.in,0.5890000000,0.0146287388,-0.0483870968,2.5670800943,0.6765584081,0.0530000000,0.0107703296,0.8281786942,1.7636741974,0.4034071140,0.3580000000,0.0136381817,-0.5308804205,1.3747832119,-0.1088026982,0.0660000000,0.0020000000,-0.3157894737,3.2500000000,1.5000000000
