Instance,INF_avg,INF_sd,INF_r1,INF_kr,INF_sk,SUP_avg,SUP_sd,SUP_r1,SUP_kr,SUP_sk,INC_avg,INC_sd,INC_r1,INC_kr,INC_sk,IND_avg,IND_sd,IND_r1,IND_kr,IND_sk
instances/A2/symmetric/200.5.in,0.3185000000,0.0352171833,0.3924329170,2.1678927117,-0.5031810945,0.1990000000,0.0404845650,0.2888507064,3.0013862826,0.8073038091,0.4825000000,0.0376994695,0.3626159102,1.7970611919,0.3212463757,0.0595000000,0.0172409396,-0.2761453129,3.4876308692,1.2114455264
