Instance,INF_avg,INF_sd,INF_r1,INF_kr,INF_sk,SUP_avg,SUP_sd,SUP_r1,SUP_kr,SUP_sk,INC_avg,INC_sd,INC_r1,INC_kr,INC_sk,IND_avg,IND_sd,IND_r1,IND_kr,IND_sk
instances/A3/asymmetric/10.2.in,0.5992713513,0.0296349762,-0.0776223078,1.4499105655,0.0318537453,0.0625168090,0.0175817995,-0.8402853892,1.8552496967,0.0382739011,0.3382118398,0.0219767608,0.0564318809,2.0688976871,-0.2452057338,0.2013051047,0.0374249066,0.2985143853,2.0049914290,0.1189616186
