Instance,INF_avg,INF_sd,INF_r1,INF_kr,INF_sk,SUP_avg,SUP_sd,SUP_r1,SUP_kr,SUP_sk,INC_avg,INC_sd,INC_r1,INC_kr,INC_sk,IND_avg,IND_sd,IND_r1,IND_kr,IND_sk
instances/A3/asymmetric/10.2.in,0.5107378003,0.1152220569,1.0073323650,1.8186907786,-0.6211527537,0.1250628782,0.0813627703,1.0988602274,2.2437975251,0.7763241493,0.3641993214,0.0408486563,0.5999623713,2.7729542051,0.6136330938,0.1939160383,0.0321664619,0.3267738147,2.6166641956,0.4250524991
