Instance,INF_avg,INF_sd,INF_r1,INF_kr,INF_sk,SUP_avg,SUP_sd,SUP_r1,SUP_kr,SUP_sk,INC_avg,INC_sd,INC_r1,INC_kr,INC_sk,IND_avg,IND_sd,IND_r1,IND_kr,IND_sk
instances/A3/asymmetric/100.5.in,0.3190000000,0.0472652092,-0.1145231214,1.6642131974,-0.1498430578,0.1470000000,0.0352987252,-0.0135732070,1.6271664833,0.3698313344,0.5340000000,0.0322335229,0.0987437920,2.8517157147,0.8918315277,0.0725000000,0.0098107084,-0.0980392157,1.9067296340,0.3177021453
