Instance,INF_avg,INF_sd,INF_r1,INF_kr,INF_sk,SUP_avg,SUP_sd,SUP_r1,SUP_kr,SUP_sk,INC_avg,INC_sd,INC_r1,INC_kr,INC_sk,IND_avg,IND_sd,IND_r1,IND_kr,IND_sk
instances/A1/symmetric/5.6.in,0.4154320988,0.1271395164,-0.0854424727,1.6355713624,-0.2090060104,0.2592592593,0.1354512855,0.2922155689,2.7894575945,-0.2485186221,0.3253086420,0.0925967077,0.4350453919,1.9984614251,0.4850813951,0.4240740741,0.0778659113,0.4118125971,1.7204730657,0.2120523234
