Instance,INF_avg,INF_sd,INF_r1,INF_kr,INF_sk,SUP_avg,SUP_sd,SUP_r1,SUP_kr,SUP_sk,INC_avg,INC_sd,INC_r1,INC_kr,INC_sk,IND_avg,IND_sd,IND_r1,IND_kr,IND_sk
instances/A1/symmetric/5.6.in,0.4366666667,0.1110888867,-0.0255152110,2.5291234141,-0.3130037835,0.2777777778,0.1648044108,0.2790697674,2.2830578512,-0.4596817244,0.2855555556,0.0702376917,0.3362620286,1.7300866933,0.6089242838,0.4466666667,0.0771082292,0.0066316662,1.8013404929,-0.0499793684
