Instance,INF_avg,INF_sd,INF_r1,INF_kr,INF_sk,SUP_avg,SUP_sd,SUP_r1,SUP_kr,SUP_sk,INC_avg,INC_sd,INC_r1,INC_kr,INC_sk,IND_avg,IND_sd,IND_r1,IND_kr,IND_sk
instances/A2/symmetric/50.6.in,0.4680000000,0.0750599760,0.6221270795,1.9186188148,-0.1759047708,0.1550000000,0.0434971263,0.5023796933,2.4484700240,0.7064693573,0.3770000000,0.0520768663,0.6286317468,2.9711573603,0.7030961514,0.0438000000,0.0126712272,0.6574567449,2.6679890190,0.5651257711
