Instance,INF_avg,INF_sd,INF_r1,INF_kr,INF_sk,SUP_avg,SUP_sd,SUP_r1,SUP_kr,SUP_sk,INC_avg,INC_sd,INC_r1,INC_kr,INC_sk,IND_avg,IND_sd,IND_r1,IND_kr,IND_sk
instances/A2/symmetric/200.5.in,0.3114000000,0.0543786723,0.2552681286,2.9405134630,0.8554276477,0.1896000000,0.0314934914,0.3042612257,4.1278641295,0.7648189956,0.4990000000,0.0456946386,0.1443332567,3.3055830801,-0.3332969800,0.0670000000,0.0134907376,-0.0283765948,1.9625045284,0.1710575346
