Instance,INF_avg,INF_sd,INF_r1,INF_kr,INF_sk,SUP_avg,SUP_sd,SUP_r1,SUP_kr,SUP_sk,INC_avg,INC_sd,INC_r1,INC_kr,INC_sk,IND_avg,IND_sd,IND_r1,IND_kr,IND_sk
instances/A1/symmetric/200.4.in,0.3415000000,0.0366230802,0.2501746820,2.5559579582,0.4873403056,0.1622000000,0.0332589837,0.5207095127,2.6408554392,-0.4907970382,0.4963000000,0.0339972058,0.2899028951,2.6758991407,-0.0284355671,0.0663000000,0.0179390635,0.2525329655,2.0753451450,0.0164982668
