Instance,INF_avg,INF_sd,INF_r1,INF_kr,INF_sk,SUP_avg,SUP_sd,SUP_r1,SUP_kr,SUP_sk,INC_avg,INC_sd,INC_r1,INC_kr,INC_sk,IND_avg,IND_sd,IND_r1,IND_kr,IND_sk
instances/A3/symmetric/20.4.in,0.7145222176,0.0560496739,0.4811116980,1.3987737382,-0.0269916393,0.0483928182,0.0206971453,0.3819523016,2.0371180828,0.3045799485,0.2370849642,0.0454554083,0.4185955872,1.3535760704,0.0854324508,0.0638764650,0.0263507174,0.4998086880,3.2758576544,1.2439715632
