Instance,INF_avg,INF_sd,INF_r1,INF_kr,INF_sk,SUP_avg,SUP_sd,SUP_r1,SUP_kr,SUP_sk,INC_avg,INC_sd,INC_r1,INC_kr,INC_sk,IND_avg,IND_sd,IND_r1,IND_kr,IND_sk
instances/A1/asymmetric/20.6.in,0.7975158965,0.0681137586,0.5843401851,1.5718243983,0.2864471480,0.0554604807,0.0294159970,-0.2467100057,2.7031482262,-1.1196804317,0.1470236228,0.0512418382,0.6312731431,1.4238119163,-0.1620055923,0.1022514012,0.0145668062,-0.0372788527,2.3919296477,-0.3742358306
