Instance,INF_avg,INF_sd,INF_r1,INF_kr,INF_sk,SUP_avg,SUP_sd,SUP_r1,SUP_kr,SUP_sk,INC_avg,INC_sd,INC_r1,INC_kr,INC_sk,IND_avg,IND_sd,IND_r1,IND_kr,IND_sk
instances/A1/asymmetric/5.3.in,0.3549382716,0.1521100886,0.3563479766,2.3106375940,-0.3105530609,0.2006172840,0.1154832527,0.5805971538,1.7175061224,-0.2223613533,0.4444444444,0.0692404411,0.2476329206,3.6379469137,0.8144096163,0.4419753086,0.0279759733,0.1147277596,2.8356103795,0.5282443711
