Instance,INF_avg,INF_sd,INF_r1,INF_kr,INF_sk,SUP_avg,SUP_sd,SUP_r1,SUP_kr,SUP_sk,INC_avg,INC_sd,INC_r1,INC_kr,INC_sk,IND_avg,IND_sd,IND_r1,IND_kr,IND_sk
instances/A1/symmetric/10.1.in,0.6078769637,0.0817770808,0.5340745559,1.9243858403,-0.3790692118,0.1470983832,0.0465704599,0.8352221359,1.8311307804,0.6984534597,0.2450246531,0.0453827970,-0.2592158142,1.3762630289,0.0603861868,0.1258599931,0.0166096267,-0.2007963671,2.9156807925,1.2464565677
