Instance,INF_avg,INF_sd,INF_r1,INF_kr,INF_sk,SUP_avg,SUP_sd,SUP_r1,SUP_kr,SUP_sk,INC_avg,INC_sd,INC_r1,INC_kr,INC_sk,IND_avg,IND_sd,IND_r1,IND_kr,IND_sk
instances/A1/symmetric/10.1.in,0.5377374826,0.1051487358,0.7198147691,1.7962277260,0.2249410827,0.1580961837,0.0392137486,0.4370936164,1.8277108579,0.1376030332,0.3041663337,0.0784240670,0.6720039767,1.8336340503,0.0123627410,0.1438840590,0.0297788980,0.3929425467,2.4219892157,0.7822157731
