Instance,INF_avg,INF_sd,INF_r1,INF_kr,INF_sk,SUP_avg,SUP_sd,SUP_r1,SUP_kr,SUP_sk,INC_avg,INC_sd,INC_r1,INC_kr,INC_sk,IND_avg,IND_sd,IND_r1,IND_kr,IND_sk
instances/A3/asymmetric/8.4.in,0.3709956710,0.1056277056,0.5275506010,1.6717926941,-0.1367869172,0.1352847153,0.0120365982,-0.3031061203,2.1871040572,-0.3653767768,0.4937196137,0.0980877081,0.5476221279,1.5606894958,0.0623074302,0.1785614386,0.0165197488,-0.1371446588,1.6774866970,-0.2307206629
