Instance,INF_avg,INF_sd,INF_r1,INF_kr,INF_sk,SUP_avg,SUP_sd,SUP_r1,SUP_kr,SUP_sk,INC_avg,INC_sd,INC_r1,INC_kr,INC_sk,IND_avg,IND_sd,IND_r1,IND_kr,IND_sk
instances/A1/asymmetric/20.1.in,0.6718446431,0.0473802691,0.0259831223,2.5274023486,0.6499722906,0.1151696985,0.0452651646,0.1272283779,2.4218303054,0.0173956780,0.2129856584,0.0145728889,0.0439804031,1.1768530483,0.3867898591,0.0652786573,0.0140565346,0.0135246110,1.1695548424,-0.4032384740
