Instance,INF_avg,INF_sd,INF_r1,INF_kr,INF_sk,SUP_avg,SUP_sd,SUP_r1,SUP_kr,SUP_sk,INC_avg,INC_sd,INC_r1,INC_kr,INC_sk,IND_avg,IND_sd,IND_r1,IND_kr,IND_sk
instances/A2/asymmetric/8.1.in,0.6170634921,0.0923205565,0.1184566522,1.8213951752,-0.2146193319,0.1142857143,0.0787275985,0.0451127820,1.9292088043,0.2478444089,0.2686507937,0.0189689181,0.0875576037,1.6052985650,-0.4912712641,0.2210317460,0.0419303824,0.2712735765,2.3416586163,-0.8523029347
