Instance,INF_avg,INF_sd,INF_r1,INF_kr,INF_sk,SUP_avg,SUP_sd,SUP_r1,SUP_kr,SUP_sk,INC_avg,INC_sd,INC_r1,INC_kr,INC_sk,IND_avg,IND_sd,IND_r1,IND_kr,IND_sk
instances/A1/asymmetric/8.1.in,0.1119528620,0.1060472441,0.5859022279,1.2350485779,0.0545963720,0.3195496633,0.1478618077,0.5440728088,1.4321079707,0.1260052508,0.5684974747,0.0916518440,0.3702606059,2.4026727046,0.8800518877,0.2150322671,0.0399138204,0.3217675375,1.9243162231,-0.0221180783
