Instance,INF_avg,INF_sd,INF_r1,INF_kr,INF_sk,SUP_avg,SUP_sd,SUP_r1,SUP_kr,SUP_sk,INC_avg,INC_sd,INC_r1,INC_kr,INC_sk,IND_avg,IND_sd,IND_r1,IND_kr,IND_sk
instances/A2/symmetric/200.4.in,0.3230000000,0.0476550102,0.1333424321,1.9234591341,-0.4108680419,0.1790000000,0.0160934769,-0.2432012432,2.4441645175,-0.7190135864,0.4980000000,0.0481767579,0.2251223491,1.6035012542,0.3783729229,0.0550000000,0.0097467943,0.1052631579,2.5900277008,0.4859897457
