Instance,INF_avg,INF_sd,INF_r1,INF_kr,INF_sk,SUP_avg,SUP_sd,SUP_r1,SUP_kr,SUP_sk,INC_avg,INC_sd,INC_r1,INC_kr,INC_sk,IND_avg,IND_sd,IND_r1,IND_kr,IND_sk
instances/A1/symmetric/100.3.in,0.3111111111,0.1369869778,0.3827618165,3.4648545706,-0.9786647577,0.1888888889,0.1099943882,-0.3962900506,2.6845064556,0.2205843312,0.5000000000,0.1054092553,0.2000000000,3.0600000000,-0.0000000000,0.4555555556,0.0831479419,-0.1014925373,2.4757653061,-0.1765833205
