Instance,INF_avg,INF_sd,INF_r1,INF_kr,INF_sk,SUP_avg,SUP_sd,SUP_r1,SUP_kr,SUP_sk,INC_avg,INC_sd,INC_r1,INC_kr,INC_sk,IND_avg,IND_sd,IND_r1,IND_kr,IND_sk
instances/A3/asymmetric/8.2.in,0.5075457875,0.0797013034,0.0001705159,3.2321168271,1.4869124106,0.1116483516,0.0268969248,0.7991911750,2.0185779802,-0.5339381395,0.3808058608,0.0944551077,0.1802021780,2.8489154697,-1.2002390362,0.1821978022,0.0186943860,0.0534872116,1.4899356813,-0.4495375834
