Instance,INF_avg,INF_sd,INF_r1,INF_kr,INF_sk,SUP_avg,SUP_sd,SUP_r1,SUP_kr,SUP_sk,INC_avg,INC_sd,INC_r1,INC_kr,INC_sk,IND_avg,IND_sd,IND_r1,IND_kr,IND_sk
instances/A2/asymmetric/10.2.in,0.5815841073,0.1091624291,0.3735744792,1.7507174061,0.0531476338,0.1235838780,0.1122670128,0.1569580258,1.6485606005,0.4802134326,0.2948320147,0.0417928045,-0.4695529659,2.8379965642,1.2283150364,0.1596216030,0.0365064279,-0.6849944696,1.5568529691,-0.0630119438
