Instance,INF_avg,INF_sd,INF_r1,INF_kr,INF_sk,SUP_avg,SUP_sd,SUP_r1,SUP_kr,SUP_sk,INC_avg,INC_sd,INC_r1,INC_kr,INC_sk,IND_avg,IND_sd,IND_r1,IND_kr,IND_sk
instances/A3/asymmetric/50.2.in,0.4283333333,0.1563560751,0.9171792036,4.5241098675,1.0405764573,0.0633333333,0.0462481231,0.3641175808,2.1505683926,0.4236512162,0.5083333333,0.1340294329,0.7807887317,4.6102126797,-0.9429547586,0.2116666667,0.0668123408,0.3661048029,3.7687191499,0.4856531677
