Instance,INF_avg,INF_sd,INF_r1,INF_kr,INF_sk,SUP_avg,SUP_sd,SUP_r1,SUP_kr,SUP_sk,INC_avg,INC_sd,INC_r1,INC_kr,INC_sk,IND_avg,IND_sd,IND_r1,IND_kr,IND_sk
instances/A3/asymmetric/8.5.in,0.2654545455,0.0352141553,0.0930292822,1.6075166775,-0.2647676015,0.0812121212,0.0344122899,0.2849505480,2.0387447740,0.0133726927,0.6533333333,0.0425798014,0.0203118588,1.2392543520,-0.2300432689,0.2957575758,0.0362422215,-0.3020199562,2.6095446151,1.1095211433
