Instance,INF_avg,INF_sd,INF_r1,INF_kr,INF_sk,SUP_avg,SUP_sd,SUP_r1,SUP_kr,SUP_sk,INC_avg,INC_sd,INC_r1,INC_kr,INC_sk,IND_avg,IND_sd,IND_r1,IND_kr,IND_sk
instances/A3/asymmetric/8.5.in,0.2713804714,0.0519806874,-0.5670104055,2.4729997184,0.0007870515,0.0919191919,0.0289601438,0.2931551677,3.0117125757,-0.7634343841,0.6367003367,0.0538762625,-0.5647705960,2.0976643628,-0.3896679454,0.2838383838,0.0330721324,-0.1921145422,4.0851734796,1.3222107215
