Instance,INF_avg,INF_sd,INF_r1,INF_kr,INF_sk,SUP_avg,SUP_sd,SUP_r1,SUP_kr,SUP_sk,INC_avg,INC_sd,INC_r1,INC_kr,INC_sk,IND_avg,IND_sd,IND_r1,IND_kr,IND_sk
instances/A3/symmetric/200.2.in,0.3375000000,0.1111024302,0.6276083467,1.7479570582,0.3161639418,0.1375000000,0.0695970545,-0.3228346457,2.2611862643,-0.6604840139,0.5250000000,0.1198957881,0.3481481481,2.3232514178,-0.4895555808,0.4250000000,0.0829156198,0.7948717949,3.2148760331,0.8223036670
