Instance,INF_avg,INF_sd,INF_r1,INF_kr,INF_sk,SUP_avg,SUP_sd,SUP_r1,SUP_kr,SUP_sk,INC_avg,INC_sd,INC_r1,INC_kr,INC_sk,IND_avg,IND_sd,IND_r1,IND_kr,IND_sk
instances/A2/symmetric/50.4.in,0.6812500000,0.0788095013,0.4300608167,3.7212531150,-1.2838457746,0.0375000000,0.0484122918,0.3873873874,3.8266666667,1.3426342267,0.2812500000,0.0347985273,0.3183856502,2.2611862643,0.6604840139,0.2375000000,0.0599478940,0.3481481481,2.3232514178,0.4895555808
