Instance,INF_avg,INF_sd,INF_r1,INF_kr,INF_sk,SUP_avg,SUP_sd,SUP_r1,SUP_kr,SUP_sk,INC_avg,INC_sd,INC_r1,INC_kr,INC_sk,IND_avg,IND_sd,IND_r1,IND_kr,IND_sk
instances/A3/symmetric/8.1.in,0.4980963481,0.1041808831,0.6520696418,2.0237290083,0.3329687341,0.0691219891,0.0376364162,0.1314499188,2.6080982280,-0.9207019364,0.4327816628,0.0692032958,0.6928495069,1.6740940998,-0.0584546578,0.1851426351,0.0101854987,-0.1298599037,2.3707542486,-0.9500124893
