Instance,INF_avg,INF_sd,INF_r1,INF_kr,INF_sk,SUP_avg,SUP_sd,SUP_r1,SUP_kr,SUP_sk,INC_avg,INC_sd,INC_r1,INC_kr,INC_sk,IND_avg,IND_sd,IND_r1,IND_kr,IND_sk
instances/A3/asymmetric/5.6.in,0.2932098765,0.0808382769,-0.3278688525,2.7857142857,1.3363062096,0.1759259259,0.0774685210,0.6304985337,2.5089795918,0.6078591213,0.5308641975,0.1083328937,0.2999279761,1.9781819236,-0.3870682080,0.3456790123,0.0525598345,-0.4363916731,2.9772413793,0.3320831586
