Instance,INF_avg,INF_sd,INF_r1,INF_kr,INF_sk,SUP_avg,SUP_sd,SUP_r1,SUP_kr,SUP_sk,INC_avg,INC_sd,INC_r1,INC_kr,INC_sk,IND_avg,IND_sd,IND_r1,IND_kr,IND_sk
instances/A1/asymmetric/8.6.in,0.3278283445,0.1576633434,0.8256886239,2.3326755933,-0.5604703780,0.1644842812,0.1031335670,0.6815329467,2.2190852966,0.3789945360,0.5076873744,0.0656723620,0.6589289289,1.7730903955,0.3596607378,0.2100381100,0.0490776120,0.1091816857,1.9549038631,0.4400461573
