Instance,INF_avg,INF_sd,INF_r1,INF_kr,INF_sk,SUP_avg,SUP_sd,SUP_r1,SUP_kr,SUP_sk,INC_avg,INC_sd,INC_r1,INC_kr,INC_sk,IND_avg,IND_sd,IND_r1,IND_kr,IND_sk
instances/A2/symmetric/50.4.in,0.4080000000,0.0489489530,0.3044987318,1.4519977648,0.2053517451,0.1910000000,0.0391663121,0.1449639159,1.3751243012,-0.3358459212,0.4010000000,0.0190787840,0.0628637951,1.9367528076,-0.4561766982,0.0680000000,0.0132664992,0.3884892086,2.2169421488,0.3700366502
