Instance,INF_avg,INF_sd,INF_r1,INF_kr,INF_sk,SUP_avg,SUP_sd,SUP_r1,SUP_kr,SUP_sk,INC_avg,INC_sd,INC_r1,INC_kr,INC_sk,IND_avg,IND_sd,IND_r1,IND_kr,IND_sk
instances/A1/asymmetric/200.3.in,0.3696470588,0.0710003655,0.2074261411,2.8364881446,0.0929134947,0.0880000000,0.0460383472,0.3930957684,3.2859065082,0.7446877206,0.5423529412,0.0644551291,0.2610935336,3.4574981296,0.1048378517,0.1760000000,0.0468087473,-0.0157131695,2.6560429730,0.0651917979
