Instance,INF_avg,INF_sd,INF_r1,INF_kr,INF_sk,SUP_avg,SUP_sd,SUP_r1,SUP_kr,SUP_sk,INC_avg,INC_sd,INC_r1,INC_kr,INC_sk,IND_avg,IND_sd,IND_r1,IND_kr,IND_sk
instances/A2/symmetric/8.2.in,0.6106227106,0.0345100827,-0.0963833470,1.9071532553,0.3831910540,0.0858608059,0.0119339737,-0.4160418243,1.6299830429,-0.6250343239,0.3035164835,0.0306552923,-0.3656137869,1.3905435877,0.2964327397,0.2632234432,0.0362171603,-0.4306647596,3.0292197990,-1.3576025818
