Instance,INF_avg,INF_sd,INF_r1,INF_kr,INF_sk,SUP_avg,SUP_sd,SUP_r1,SUP_kr,SUP_sk,INC_avg,INC_sd,INC_r1,INC_kr,INC_sk,IND_avg,IND_sd,IND_r1,IND_kr,IND_sk
instances/A1/asymmetric/50.6.in,0.3924000000,0.0352454252,0.3570777738,2.3370271642,0.0681092920,0.1696000000,0.0269042748,0.1872655574,2.1054201128,-0.2208709976,0.4380000000,0.0346410162,0.5162586008,2.5982416667,0.5676796522,0.0616000000,0.0114647285,0.3574751822,2.4246023911,-0.2554926601
