Instance,INF_avg,INF_sd,INF_r1,INF_kr,INF_sk,SUP_avg,SUP_sd,SUP_r1,SUP_kr,SUP_sk,INC_avg,INC_sd,INC_r1,INC_kr,INC_sk,IND_avg,IND_sd,IND_r1,IND_kr,IND_sk
instances/A1/symmetric/5.3.in,0.3311111111,0.1222020185,0.4101726952,1.2369706370,-0.3794638809,0.1566666667,0.0911111111,-0.3397613633,2.0450148650,-0.7308149911,0.5122222222,0.1068285808,-0.0436729283,1.8265826374,-0.7093030227,0.4177777778,0.1136596609,0.3850520341,2.0083466599,0.2773091003
