Instance,INF_avg,INF_sd,INF_r1,INF_kr,INF_sk,SUP_avg,SUP_sd,SUP_r1,SUP_kr,SUP_sk,INC_avg,INC_sd,INC_r1,INC_kr,INC_sk,IND_avg,IND_sd,IND_r1,IND_kr,IND_sk
instances/A2/symmetric/10.4.in,0.5856438482,0.0642022470,0.3343366719,1.8041990655,0.2781145070,0.1465428277,0.0314020900,-0.2779526887,1.3642450195,-0.0643069532,0.2678133242,0.0482536771,0.5990981476,1.2678743311,0.1112959660,0.1765279211,0.0391259297,0.2950772037,1.5767470280,-0.3151275327
