Instance,INF_avg,INF_sd,INF_r1,INF_kr,INF_sk,SUP_avg,SUP_sd,SUP_r1,SUP_kr,SUP_sk,INC_avg,INC_sd,INC_r1,INC_kr,INC_sk,IND_avg,IND_sd,IND_r1,IND_kr,IND_sk
instances/A3/symmetric/5.6.in,0.4144444444,0.1181963213,0.3196182700,2.0101897781,0.1771152434,0.0944444444,0.0888888889,-0.1251664447,1.4509887695,0.2211914062,0.4911111111,0.1042669887,0.7789742730,1.4392356264,-0.5024386583,0.4633333333,0.0572626610,-0.6937881396,1.7689959764,0.5019408699
