Instance,INF_avg,INF_sd,INF_r1,INF_kr,INF_sk,SUP_avg,SUP_sd,SUP_r1,SUP_kr,SUP_sk,INC_avg,INC_sd,INC_r1,INC_kr,INC_sk,IND_avg,IND_sd,IND_r1,IND_kr,IND_sk
instances/A3/symmetric/5.6.in,0.4549382716,0.1473228039,0.2122015271,1.5772442198,-0.3753280473,0.0648148148,0.0807203508,-0.1790591806,2.1315789474,0.7818246720,0.4802469136,0.1100601878,0.4557222456,1.5882995626,0.3215887484,0.4746913580,0.0748620639,-0.0724757185,1.5495820035,0.4153340228
