Instance,INF_avg,INF_sd,INF_r1,INF_kr,INF_sk,SUP_avg,SUP_sd,SUP_r1,SUP_kr,SUP_sk,INC_avg,INC_sd,INC_r1,INC_kr,INC_sk,IND_avg,IND_sd,IND_r1,IND_kr,IND_sk
instances/A1/symmetric/8.2.in,0.3114478114,0.0934305517,0.3764340969,2.5117296340,0.5274579327,0.2030303030,0.1058824863,0.2450863882,2.6701099217,0.6445949454,0.4855218855,0.0691277853,0.1858594138,1.8321741980,0.1864951927,0.2107744108,0.0288228075,-0.2707835235,2.8749559028,0.9067626291
