Instance,INF_avg,INF_sd,INF_r1,INF_kr,INF_sk,SUP_avg,SUP_sd,SUP_r1,SUP_kr,SUP_sk,INC_avg,INC_sd,INC_r1,INC_kr,INC_sk,IND_avg,IND_sd,IND_r1,IND_kr,IND_sk
instances/A1/symmetric/200.5.in,0.2885000000,0.0324075608,-0.3535150164,1.3877119519,0.2524382920,0.1830000000,0.0266645833,-0.2332516928,2.7217207594,0.5313706289,0.5285000000,0.0476995807,-0.3430760086,2.6049376226,-0.5825245616,0.0620000000,0.0107703296,0.1989198920,2.3990784780,-0.5834995756
