Instance,INF_avg,INF_sd,INF_r1,INF_kr,INF_sk,SUP_avg,SUP_sd,SUP_r1,SUP_kr,SUP_sk,INC_avg,INC_sd,INC_r1,INC_kr,INC_sk,IND_avg,IND_sd,IND_r1,IND_kr,IND_sk
instances/A1/asymmetric/50.6.in,0.4822000000,0.1055280058,0.6049460217,2.9983445323,-0.2673166417,0.1194000000,0.0409467947,0.5684431852,3.0596608333,-0.5488006842,0.3984000000,0.0777267007,0.5781418653,2.9448802490,0.7211809353,0.0584000000,0.0151472770,0.3424660580,2.9698290325,0.5741534887
