Instance,INF_avg,INF_sd,INF_r1,INF_kr,INF_sk,SUP_avg,SUP_sd,SUP_r1,SUP_kr,SUP_sk,INC_avg,INC_sd,INC_r1,INC_kr,INC_sk,IND_avg,IND_sd,IND_r1,IND_kr,IND_sk
instances/A1/symmetric/20.5.in,0.6125971251,0.0083711242,-0.2922929842,2.5390106605,-0.9594200504,0.0860625486,0.0188841363,0.3288360660,1.9558600172,-0.3336530351,0.3013403263,0.0168308125,0.1375315346,2.1815713289,0.2730207470,0.0666375291,0.0069544825,0.7550844576,1.9214718048,-0.3659487591
