Instance,INF_avg,INF_sd,INF_r1,INF_kr,INF_sk,SUP_avg,SUP_sd,SUP_r1,SUP_kr,SUP_sk,INC_avg,INC_sd,INC_r1,INC_kr,INC_sk,IND_avg,IND_sd,IND_r1,IND_kr,IND_sk
instances/A1/symmetric/20.5.in,0.5955564876,0.0287404346,0.7125448344,4.1502024697,-1.4730230399,0.0907148016,0.0189352473,0.1757717519,2.4832601291,-0.1579575695,0.3137287108,0.0221475507,0.6141104313,2.1167819419,0.0298223714,0.0645956698,0.0067424918,0.4719460864,2.0434014419,-0.0435135781
