Instance,INF_avg,INF_sd,INF_r1,INF_kr,INF_sk,SUP_avg,SUP_sd,SUP_r1,SUP_kr,SUP_sk,INC_avg,INC_sd,INC_r1,INC_kr,INC_sk,IND_avg,IND_sd,IND_r1,IND_kr,IND_sk
instances/A2/symmetric/100.3.in,0.3883500000,0.0398312377,0.2135037475,3.2183968842,0.3713848332,0.1930500000,0.0281593235,0.1219826312,2.9890328963,0.4312761834,0.4186000000,0.0337718818,0.0963808695,2.6119853318,-0.1517981298,0.0521500000,0.0113854073,0.0700816920,2.5243166291,-0.0947146553
