Instance,INF_avg,INF_sd,INF_r1,INF_kr,INF_sk,SUP_avg,SUP_sd,SUP_r1,SUP_kr,SUP_sk,INC_avg,INC_sd,INC_r1,INC_kr,INC_sk,IND_avg,IND_sd,IND_r1,IND_kr,IND_sk
instances/A3/asymmetric/100.5.in,0.3180000000,0.0531977443,0.4292305721,2.4989271935,0.2093529080,0.1510000000,0.0426848919,0.8566594823,1.8844173120,0.2374637418,0.5310000000,0.0494974747,0.4955756595,2.7527793419,-0.1084037988,0.0740000000,0.0134164079,0.2820631970,2.5866666667,0.2757817172
