Instance,INF_avg,INF_sd,INF_r1,INF_kr,INF_sk,SUP_avg,SUP_sd,SUP_r1,SUP_kr,SUP_sk,INC_avg,INC_sd,INC_r1,INC_kr,INC_sk,IND_avg,IND_sd,IND_r1,IND_kr,IND_sk
instances/A3/symmetric/50.6.in,0.2620000000,0.0416052881,0.0364876498,2.3886864767,-0.1936162357,0.1545000000,0.0237118114,0.1879434227,1.8919128328,0.5855100458,0.5835000000,0.0395000000,0.4603251345,2.0863283185,0.1803021668,0.0665000000,0.0097596106,0.2047713718,2.7019447372,-0.8277727923
