Instance,INF_avg,INF_sd,INF_r1,INF_kr,INF_sk,SUP_avg,SUP_sd,SUP_r1,SUP_kr,SUP_sk,INC_avg,INC_sd,INC_r1,INC_kr,INC_sk,IND_avg,IND_sd,IND_r1,IND_kr,IND_sk
instances/A3/asymmetric/20.3.in,0.3575000000,0.0603634823,0.1533929740,1.8864894127,0.2016088345,0.0650000000,0.0517204022,0.1441048035,3.4718316010,1.0679275982,0.5775000000,0.0560691537,0.2931726908,1.4436680118,-0.0420171280,0.2250000000,0.0342782730,-0.5215686275,2.6206428248,-0.2420738157
