Instance,INF_avg,INF_sd,INF_r1,INF_kr,INF_sk,SUP_avg,SUP_sd,SUP_r1,SUP_kr,SUP_sk,INC_avg,INC_sd,INC_r1,INC_kr,INC_sk,IND_avg,IND_sd,IND_r1,IND_kr,IND_sk
instances/A1/symmetric/10.4.in,0.5218913491,0.0873611484,0.8972523330,2.2137410829,-0.7460807116,0.0827716272,0.0451144722,0.9406807300,3.3350250606,0.8006479341,0.3953370237,0.0522615622,0.6130810835,1.8000728994,0.0574332340,0.1359343737,0.0413326206,0.5551097011,2.3442433196,-0.8812952807
