Instance,INF_avg,INF_sd,INF_r1,INF_kr,INF_sk,SUP_avg,SUP_sd,SUP_r1,SUP_kr,SUP_sk,INC_avg,INC_sd,INC_r1,INC_kr,INC_sk,IND_avg,IND_sd,IND_r1,IND_kr,IND_sk
instances/A3/asymmetric/200.4.in,0.3770000000,0.0408166633,-0.0120672317,1.2531838666,0.1911160704,0.1230000000,0.0143527001,-0.6396761134,1.8296257894,-0.4078932113,0.5000000000,0.0320936131,-0.0473684211,1.5951079272,-0.4946088922,0.1110000000,0.0058309519,-0.2313432836,1.6280276817,0.3631734744
