Instance,INF_avg,INF_sd,INF_r1,INF_kr,INF_sk,SUP_avg,SUP_sd,SUP_r1,SUP_kr,SUP_sk,INC_avg,INC_sd,INC_r1,INC_kr,INC_sk,IND_avg,IND_sd,IND_r1,IND_kr,IND_sk
instances/A3/asymmetric/100.5.in,0.2756000000,0.0509277920,0.7089749225,2.3663525064,0.2467381105,0.1391000000,0.0406286844,0.5093084338,2.6674878538,-0.1251004633,0.5853000000,0.0372882019,0.1346081479,2.6522399859,0.1108304657,0.0745000000,0.0193713706,0.4252301214,3.0847074635,-0.1244306930
