Instance,INF_avg,INF_sd,INF_r1,INF_kr,INF_sk,SUP_avg,SUP_sd,SUP_r1,SUP_kr,SUP_sk,INC_avg,INC_sd,INC_r1,INC_kr,INC_sk,IND_avg,IND_sd,IND_r1,IND_kr,IND_sk
instances/A2/asymmetric/5.6.in,0.3344444444,0.0994056411,0.0974821703,1.3731273419,-0.0753939712,0.1522222222,0.1221009499,-0.5179971015,1.5842907967,0.2914271066,0.5133333333,0.0572626610,-0.5057311567,1.6162813906,0.3145513652,0.3300000000,0.0476095229,-0.0449050086,2.5291234141,-0.3130037835
