Instance,INF_avg,INF_sd,INF_r1,INF_kr,INF_sk,SUP_avg,SUP_sd,SUP_r1,SUP_kr,SUP_sk,INC_avg,INC_sd,INC_r1,INC_kr,INC_sk,IND_avg,IND_sd,IND_r1,IND_kr,IND_sk
instances/A2/symmetric/10.2.in,0.6154466231,0.0539496373,0.4334302674,1.9150346000,0.5074776994,0.1282352941,0.0833884477,0.5020795364,1.4969694828,-0.5150265541,0.2563180828,0.0347929669,0.3485009354,1.5372402332,-0.0946740709,0.1940413943,0.0298361141,0.0508892236,1.8936064577,-0.2262060121
