Instance,INF_avg,INF_sd,INF_r1,INF_kr,INF_sk,SUP_avg,SUP_sd,SUP_r1,SUP_kr,SUP_sk,INC_avg,INC_sd,INC_r1,INC_kr,INC_sk,IND_avg,IND_sd,IND_r1,IND_kr,IND_sk
instances/A2/symmetric/10.2.in,0.5547643749,0.0842967928,0.5784198657,2.0554859122,0.1575351121,0.1612897011,0.0859491066,0.3560481467,2.2278108036,-0.4924930642,0.2839459240,0.0459123969,0.2592022231,2.1540334842,-0.0113311126,0.1654979276,0.0399457465,0.5765542085,1.8266994807,0.3547603385
