Instance,INF_avg,INF_sd,INF_r1,INF_kr,INF_sk,SUP_avg,SUP_sd,SUP_r1,SUP_kr,SUP_sk,INC_avg,INC_sd,INC_r1,INC_kr,INC_sk,IND_avg,IND_sd,IND_r1,IND_kr,IND_sk
instances/A2/symmetric/50.5.in,0.3600000000,0.0768114575,0.2928700361,3.0900962367,-1.2920146119,0.1670000000,0.0370944740,0.1623824912,2.6917643405,0.8808628844,0.4730000000,0.0435430821,0.3638928915,3.1176010121,1.1393124879,0.0560000000,0.0062449980,0.1262135922,2.0295857988,-0.0739053018
