Instance,INF_avg,INF_sd,INF_r1,INF_kr,INF_sk,SUP_avg,SUP_sd,SUP_r1,SUP_kr,SUP_sk,INC_avg,INC_sd,INC_r1,INC_kr,INC_sk,IND_avg,IND_sd,IND_r1,IND_kr,IND_sk
instances/A3/asymmetric/5.3.in,0.2055555556,0.1788164104,0.5173081058,1.3884445670,-0.0546997323,0.1822222222,0.0509659775,0.1882991089,2.2716896297,0.3635716500,0.6122222222,0.1352820556,0.5438758429,1.4391670870,0.1807334380,0.3633333333,0.0371184291,-0.5677179963,1.2989073881,0.4692912730
