Instance,INF_avg,INF_sd,INF_r1,INF_kr,INF_sk,SUP_avg,SUP_sd,SUP_r1,SUP_kr,SUP_sk,INC_avg,INC_sd,INC_r1,INC_kr,INC_sk,IND_avg,IND_sd,IND_r1,IND_kr,IND_sk
instances/A2/symmetric/200.4.in,0.3080000000,0.0208806130,-0.0989557434,2.3031100076,0.7935019592,0.2100000000,0.0178885438,0.1333333333,3.0517578125,-1.3364000022,0.4820000000,0.0297657521,-0.8273753528,2.1584339283,0.2777898233,0.0560000000,0.0101980390,-0.5831435080,1.3731508876,0.1527442976
