Instance,INF_avg,INF_sd,INF_r1,INF_kr,INF_sk,SUP_avg,SUP_sd,SUP_r1,SUP_kr,SUP_sk,INC_avg,INC_sd,INC_r1,INC_kr,INC_sk,IND_avg,IND_sd,IND_r1,IND_kr,IND_sk
instances/A3/asymmetric/20.3.in,0.3276505167,0.0359539546,0.1770980152,2.1573740323,0.0446567544,0.0934673844,0.0209843880,0.3985797265,1.7354822225,0.1496724077,0.5788820989,0.0311836764,0.2445941631,1.5243509658,-0.0663035336,0.0698489705,0.0086861957,-0.4398822611,2.2329659623,-0.4560994275
