Instance,INF_avg,INF_sd,INF_r1,INF_kr,INF_sk,SUP_avg,SUP_sd,SUP_r1,SUP_kr,SUP_sk,INC_avg,INC_sd,INC_r1,INC_kr,INC_sk,IND_avg,IND_sd,IND_r1,IND_kr,IND_sk
instances/A3/asymmetric/10.4.in,0.4178038555,0.0479317273,0.5706993052,2.3734986646,-0.9626784052,0.1223880967,0.0504275752,0.4401827390,1.8661044053,0.3826564112,0.4598080478,0.0684683113,0.1317397932,2.0011989461,-0.2046339097,0.1658612266,0.0215063970,0.2609988095,2.2543340279,0.9170057440
