Instance,INF_avg,INF_sd,INF_r1,INF_kr,INF_sk,SUP_avg,SUP_sd,SUP_r1,SUP_kr,SUP_sk,INC_avg,INC_sd,INC_r1,INC_kr,INC_sk,IND_avg,IND_sd,IND_r1,IND_kr,IND_sk
instances/A1/asymmetric/100.5.in,0.4260000000,0.0695988506,0.4484165177,1.4845121550,-0.3099868956,0.1590000000,0.0239582971,-0.1372299873,2.4248260875,-0.1819363454,0.4150000000,0.0725947657,0.6614379085,1.3508222044,-0.0270535603,0.0360000000,0.0128062485,0.0659340659,1.6140690065,0.2056922718
