Instance,INF_avg,INF_sd,INF_r1,INF_kr,INF_sk,SUP_avg,SUP_sd,SUP_r1,SUP_kr,SUP_sk,INC_avg,INC_sd,INC_r1,INC_kr,INC_sk,IND_avg,IND_sd,IND_r1,IND_kr,IND_sk
instances/A2/asymmetric/200.2.in,0.6690416153,0.1679715982,0.9692226347,2.1883663757,0.0605042576,0.0594011976,0.0688002454,0.9417980578,3.2053290149,1.1313605524,0.2715571871,0.1126442900,0.9585954252,2.5681371008,-0.7621159940,0.0464973069,0.0153642565,0.6829132343,3.2390295516,0.5927823720
