Instance,INF_avg,INF_sd,INF_r1,INF_kr,INF_sk,SUP_avg,SUP_sd,SUP_r1,SUP_kr,SUP_sk,INC_avg,INC_sd,INC_r1,INC_kr,INC_sk,IND_avg,IND_sd,IND_r1,IND_kr,IND_sk
instances/A2/asymmetric/200.2.in,0.6728393447,0.1705428345,0.9700304059,2.1742058988,0.0691550532,0.0586982249,0.0686929369,0.9420895430,3.2401447691,1.1462685861,0.2684624305,0.1154915422,0.9606324509,2.5223621437,-0.7557372479,0.0460957153,0.0157101243,0.6998278077,3.2416685892,0.5033983274
