Instance,INF_avg,INF_sd,INF_r1,INF_kr,INF_sk,SUP_avg,SUP_sd,SUP_r1,SUP_kr,SUP_sk,INC_avg,INC_sd,INC_r1,INC_kr,INC_sk,IND_avg,IND_sd,IND_r1,IND_kr,IND_sk
instances/A2/symmetric/100.4.in,0.3740000000,0.0382622529,-0.3337736374,1.7681934740,-0.5258681885,0.2145000000,0.0226329406,-0.3499917077,2.2982313981,0.0652076944,0.4115000000,0.0308261253,-0.5593436017,2.0344205934,0.5644101930,0.0510000000,0.0096953597,-0.1117578580,2.1380715256,0.4575560209
