Instance,INF_avg,INF_sd,INF_r1,INF_kr,INF_sk,SUP_avg,SUP_sd,SUP_r1,SUP_kr,SUP_sk,INC_avg,INC_sd,INC_r1,INC_kr,INC_sk,IND_avg,IND_sd,IND_r1,IND_kr,IND_sk
instances/A3/asymmetric/5.1.in,0.3255555556,0.0684574302,0.0402572506,2.2256840155,0.6519810460,0.2477777778,0.0143156653,-0.0998151571,2.6376106837,-0.6760925664,0.4266666667,0.0563717818,0.0513219285,2.1267788156,-0.3982054807,0.4688888889,0.0665369108,-0.7513843533,2.0693943946,0.7095796321
