Instance,INF_avg,INF_sd,INF_r1,INF_kr,INF_sk,SUP_avg,SUP_sd,SUP_r1,SUP_kr,SUP_sk,INC_avg,INC_sd,INC_r1,INC_kr,INC_sk,IND_avg,IND_sd,IND_r1,IND_kr,IND_sk
instances/A2/symmetric/100.2.in,0.3784000000,0.0483625888,0.4151024644,2.5731564216,0.0413819319,0.1774500000,0.0290903334,0.3610138352,2.5084357237,0.3558071030,0.4441500000,0.0382233894,0.2459682588,2.3995731598,-0.2894152260,0.0559500000,0.0130899771,0.2076454308,2.2803940164,0.0733647035
