Instance,INF_avg,INF_sd,INF_r1,INF_kr,INF_sk,SUP_avg,SUP_sd,SUP_r1,SUP_kr,SUP_sk,INC_avg,INC_sd,INC_r1,INC_kr,INC_sk,IND_avg,IND_sd,IND_r1,IND_kr,IND_sk
instances/A2/symmetric/5.3.in,0.3111111111,0.1632993162,0.3918918919,2.8127572016,-1.1642636432,0.2877777778,0.1043734984,-0.7833397439,2.1302444438,0.6520724356,0.4011111111,0.1132243485,0.5509679811,1.7603283898,-0.3794152064,0.3666666667,0.0812707713,-0.2040618956,2.2264389903,-0.8682180139
