Instance,INF_avg,INF_sd,INF_r1,INF_kr,INF_sk,SUP_avg,SUP_sd,SUP_r1,SUP_kr,SUP_sk,INC_avg,INC_sd,INC_r1,INC_kr,INC_sk,IND_avg,IND_sd,IND_r1,IND_kr,IND_sk
instances/A2/symmetric/5.1.in,0.1988888889,0.1468349203,0.0703523399,2.2488320847,0.4268907591,0.3611111111,0.0929622252,-0.2884615385,2.0216836735,0.0320150520,0.4400000000,0.0703957069,0.3787253553,1.7826720827,-0.1203956419,0.3547619048,0.0322968094,-0.1620977354,2.8158081285,1.2332237528
