Instance,INF_avg,INF_sd,INF_r1,INF_kr,INF_sk,SUP_avg,SUP_sd,SUP_r1,SUP_kr,SUP_sk,INC_avg,INC_sd,INC_r1,INC_kr,INC_sk,IND_avg,IND_sd,IND_r1,IND_kr,IND_sk
instances/A1/symmetric/100.4.in,0.3775000000,0.0271339271,-0.2745292369,1.6117358131,0.1351530349,0.1490000000,0.0131909060,0.0903755869,2.8115338882,-0.8940328652,0.4735000000,0.0255000000,-0.4719193138,2.7032008362,-0.1060225705,0.0650000000,0.0107238053,-0.1777777778,2.1455576560,0.4865242478
