Instance,INF_avg,INF_sd,INF_r1,INF_kr,INF_sk,SUP_avg,SUP_sd,SUP_r1,SUP_kr,SUP_sk,INC_avg,INC_sd,INC_r1,INC_kr,INC_sk,IND_avg,IND_sd,IND_r1,IND_kr,IND_sk
instances/A1/symmetric/8.3.in,0.3242424242,0.1223911513,0.2414724105,2.2439311806,0.0549903448,0.1454545455,0.0270378966,0.1995629494,2.4152895389,0.9007542788,0.5303030303,0.1333945375,0.3213014743,1.8628761915,-0.0646726693,0.1580808081,0.0242003001,0.8349861811,1.5299392065,-0.4205369184
