Instance,INF_avg,INF_sd,INF_r1,INF_kr,INF_sk,SUP_avg,SUP_sd,SUP_r1,SUP_kr,SUP_sk,INC_avg,INC_sd,INC_r1,INC_kr,INC_sk,IND_avg,IND_sd,IND_r1,IND_kr,IND_sk
instances/A1/symmetric/5.2.in,0.3165784832,0.1433312945,0.2403162292,2.0167701615,-0.7299999084,0.1102292769,0.0553908423,-0.1073686582,3.2585114065,-0.0469364951,0.5731922399,0.1238890769,0.0139648097,2.7358392598,0.8181895555,0.4298941799,0.1076560315,0.4381208505,1.4442962132,0.1682242085
