Instance,INF_avg,INF_sd,INF_r1,INF_kr,INF_sk,SUP_avg,SUP_sd,SUP_r1,SUP_kr,SUP_sk,INC_avg,INC_sd,INC_r1,INC_kr,INC_sk,IND_avg,IND_sd,IND_r1,IND_kr,IND_sk
instances/A1/symmetric/8.6.in,0.1035353535,0.0701093058,-0.5951252539,1.7091462943,0.2642811128,0.2883838384,0.0834235814,-0.0973176029,2.6167309884,1.0913824652,0.6080808081,0.0934602749,0.5415081455,1.7816367675,0.1292600844,0.2424242424,0.0339925630,-0.6975088968,2.5561378887,1.0577484947
