Instance,INF_avg,INF_sd,INF_r1,INF_kr,INF_sk,SUP_avg,SUP_sd,SUP_r1,SUP_kr,SUP_sk,INC_avg,INC_sd,INC_r1,INC_kr,INC_sk,IND_avg,IND_sd,IND_r1,IND_kr,IND_sk
instances/A2/asymmetric/100.2.in,0.3188000000,0.0306685507,0.3559187090,2.6520526782,-0.1103202802,0.2082000000,0.0244899980,0.2307516244,2.4674230637,0.1565575319,0.4730000000,0.0328329103,0.5984093200,3.2529404071,0.6841861314,0.0602000000,0.0151314243,0.1395816882,2.6998228797,0.6631900813
