Instance,INF_avg,INF_sd,INF_r1,INF_kr,INF_sk,SUP_avg,SUP_sd,SUP_r1,SUP_kr,SUP_sk,INC_avg,INC_sd,INC_r1,INC_kr,INC_sk,IND_avg,IND_sd,IND_r1,IND_kr,IND_sk
instances/A3/symmetric/5.1.in,0.0285714286,0.0571428571,-0.2500000000,3.2500000000,1.5000000000,0.2819047619,0.0951618743,0.0302055657,1.5298920581,-0.3060622555,0.6895238095,0.0661476394,0.0470909401,2.2367721921,0.4299285481,0.3380952381,0.0736480569,0.1296610169,2.2124612700,0.7025834823
