Instance,INF_avg,INF_sd,INF_r1,INF_kr,INF_sk,SUP_avg,SUP_sd,SUP_r1,SUP_kr,SUP_sk,INC_avg,INC_sd,INC_r1,INC_kr,INC_sk,IND_avg,IND_sd,IND_r1,IND_kr,IND_sk
instances/A3/symmetric/5.1.in,0.1269841270,0.1179846726,0.8507505361,1.1216447247,-0.0500699885,0.2121693122,0.1090017720,0.6400925042,1.7776079015,0.4619189186,0.6608465608,0.0650417149,-0.1433937555,2.9119196760,0.6829311962,0.3637566138,0.0664468957,0.3486328530,1.7960084231,-0.1336202389
