Instance,INF_avg,INF_sd,INF_r1,INF_kr,INF_sk,SUP_avg,SUP_sd,SUP_r1,SUP_kr,SUP_sk,INC_avg,INC_sd,INC_r1,INC_kr,INC_sk,IND_avg,IND_sd,IND_r1,IND_kr,IND_sk
instances/A3/symmetric/100.4.in,0.5563636364,0.1611477429,1.1363349412,2.4851796776,0.8036646243,0.0527272727,0.0349261322,0.7299564947,2.1219787604,0.2069619771,0.3909090909,0.1311109555,1.1352373418,2.7981676313,-0.8975802554,0.1100000000,0.0255840860,0.8571428571,2.0115740741,-0.4885849750
