Instance,INF_avg,INF_sd,INF_r1,INF_kr,INF_sk,SUP_avg,SUP_sd,SUP_r1,SUP_kr,SUP_sk,INC_avg,INC_sd,INC_r1,INC_kr,INC_sk,IND_avg,IND_sd,IND_r1,IND_kr,IND_sk
instances/A3/symmetric/5.3.in,0.4481481481,0.1230332240,0.1301042244,2.0752719906,-0.4365794126,0.1975308642,0.1259017164,0.2711656442,1.8228550296,-0.4733187492,0.3543209877,0.0588398222,-1.0647617989,3.1907368720,-0.9091400629,0.4074074074,0.0925555481,0.2595536826,3.1123085819,0.3620343543
