Instance,INF_avg,INF_sd,INF_r1,INF_kr,INF_sk,SUP_avg,SUP_sd,SUP_r1,SUP_kr,SUP_sk,INC_avg,INC_sd,INC_r1,INC_kr,INC_sk,IND_avg,IND_sd,IND_r1,IND_kr,IND_sk
instances/A3/symmetric/5.3.in,0.5288888889,0.0708327887,-0.6886688669,1.2183334367,-0.2623456949,0.1111111111,0.0993807990,-0.6666666667,1.2500000000,-0.0000000000,0.3600000000,0.0326598632,-0.5384615385,1.1666666667,0.4082482905,0.4444444444,0.0877707451,0.1282051282,2.5000000000,0.6816514971
