Instance,INF_avg,INF_sd,INF_r1,INF_kr,INF_sk,SUP_avg,SUP_sd,SUP_r1,SUP_kr,SUP_sk,INC_avg,INC_sd,INC_r1,INC_kr,INC_sk,IND_avg,IND_sd,IND_r1,IND_kr,IND_sk
instances/A2/symmetric/20.6.in,0.5336265314,0.1060610476,0.8117072753,1.9209529989,0.3326503221,0.1531636020,0.0829760698,0.8889409208,1.9193487325,0.0825956338,0.3132098666,0.0339249983,0.4303341825,3.5040008050,-1.4569569402,0.0775136122,0.0173421228,-0.1273529497,2.5015085865,0.9365604862
