Instance,INF_avg,INF_sd,INF_r1,INF_kr,INF_sk,SUP_avg,SUP_sd,SUP_r1,SUP_kr,SUP_sk,INC_avg,INC_sd,INC_r1,INC_kr,INC_sk,IND_avg,IND_sd,IND_r1,IND_kr,IND_sk
instances/A3/asymmetric/100.5.in,0.3625000000,0.1165922382,-0.2374100719,2.0225921522,0.0517571569,0.1062500000,0.0582961191,0.9017199017,2.4030915577,-0.2439980252,0.5312500000,0.1248436522,-0.3338043094,1.4827859121,-0.1483057990,0.3812500000,0.0555512151,-0.2652388797,3.2246434866,0.7775923973
