Instance,INF_avg,INF_sd,INF_r1,INF_kr,INF_sk,SUP_avg,SUP_sd,SUP_r1,SUP_kr,SUP_sk,INC_avg,INC_sd,INC_r1,INC_kr,INC_sk,IND_avg,IND_sd,IND_r1,IND_kr,IND_sk
instances/A1/symmetric/20.4.in,0.5101167673,0.0540663257,0.8986066750,1.3620405818,-0.2162994192,0.0773505077,0.0454921511,0.9745734019,1.6142970358,0.4640106577,0.4125327251,0.0144936806,0.3999214698,2.3713423435,0.2153340889,0.0616622608,0.0137444188,0.3531187485,1.6281581501,0.1512901302
