Instance,INF_avg,INF_sd,INF_r1,INF_kr,INF_sk,SUP_avg,SUP_sd,SUP_r1,SUP_kr,SUP_sk,INC_avg,INC_sd,INC_r1,INC_kr,INC_sk,IND_avg,IND_sd,IND_r1,IND_kr,IND_sk
instances/A1/symmetric/20.4.in,0.5463570785,0.0315922100,0.2139477617,3.1427198847,-1.4178841343,0.0445672639,0.0167565604,-0.8501849184,3.0549151817,1.3582717080,0.4090756576,0.0166742056,0.4531223346,2.4367354613,0.7435404982,0.0682922338,0.0129300532,-1.1358017745,2.4920475677,-0.7566825824
