Instance,INF_avg,INF_sd,INF_r1,INF_kr,INF_sk,SUP_avg,SUP_sd,SUP_r1,SUP_kr,SUP_sk,INC_avg,INC_sd,INC_r1,INC_kr,INC_sk,IND_avg,IND_sd,IND_r1,IND_kr,IND_sk
instances/A3/asymmetric/20.5.in,0.4832921365,0.0961115876,0.6835287547,1.9786346801,0.7460469826,0.1317565226,0.0536037599,0.6269033427,1.9649632144,-0.5907828048,0.3849513410,0.0449817901,0.6810444958,1.9984905090,-0.7020792672,0.0622744236,0.0080783942,-0.2637881748,1.5839840597,0.0060154201
