Instance,INF_avg,INF_sd,INF_r1,INF_kr,INF_sk,SUP_avg,SUP_sd,SUP_r1,SUP_kr,SUP_sk,INC_avg,INC_sd,INC_r1,INC_kr,INC_sk,IND_avg,IND_sd,IND_r1,IND_kr,IND_sk
instances/A3/asymmetric/20.5.in,0.5334629132,0.0892015426,0.6343624211,1.3698121720,0.1610589480,0.1071261905,0.0532381036,0.6539557299,1.7843126925,0.1379572357,0.3594108963,0.0384884211,0.5051782828,1.2036093288,-0.3579705885,0.0609070149,0.0087192765,-0.2900428895,1.4340207610,0.1918963176
