Instance,INF_avg,INF_sd,INF_r1,INF_kr,INF_sk,SUP_avg,SUP_sd,SUP_r1,SUP_kr,SUP_sk,INC_avg,INC_sd,INC_r1,INC_kr,INC_sk,IND_avg,IND_sd,IND_r1,IND_kr,IND_sk
instances/A3/symmetric/50.1.in,0.4450000000,0.0627295784,0.4710743802,2.2367522430,0.1835190266,0.1135000000,0.0430145324,0.5005575364,3.2030147768,0.6658320427,0.4415000000,0.0455000000,-0.3880191518,2.2539658025,0.2565703829,0.0570000000,0.0071414284,0.6854663774,1.5559400231,-0.3130037835
