Instance,INF_avg,INF_sd,INF_r1,INF_kr,INF_sk,SUP_avg,SUP_sd,SUP_r1,SUP_kr,SUP_sk,INC_avg,INC_sd,INC_r1,INC_kr,INC_sk,IND_avg,IND_sd,IND_r1,IND_kr,IND_sk
instances/A1/symmetric/8.4.in,0.6259523810,0.0220337815,-0.1505752876,2.7204269155,0.9227022536,0.1523809524,0.0832448510,-0.2857142857,2.5010964612,-0.9541919081,0.2216666667,0.0795409163,-0.0103487721,2.9616139210,1.2180643421,0.2864285714,0.0468243207,0.0158813886,2.8002096753,1.1035824235
