Instance,INF_avg,INF_sd,INF_r1,INF_kr,INF_sk,SUP_avg,SUP_sd,SUP_r1,SUP_kr,SUP_sk,INC_avg,INC_sd,INC_r1,INC_kr,INC_sk,IND_avg,IND_sd,IND_r1,IND_kr,IND_sk
instances/A3/asymmetric/5.2.in,0.3111111111,0.1854257696,-0.1364887177,2.2123858578,-0.4563550589,0.1455555556,0.0675314284,0.1190245017,1.5306316246,0.5052758460,0.5433333333,0.1848723283,0.0425904829,1.4490696038,0.0103399654,0.3366666667,0.0476095229,0.0186457311,2.5291234141,0.3130037835
