Instance,INF_avg,INF_sd,INF_r1,INF_kr,INF_sk,SUP_avg,SUP_sd,SUP_r1,SUP_kr,SUP_sk,INC_avg,INC_sd,INC_r1,INC_kr,INC_sk,IND_avg,IND_sd,IND_r1,IND_kr,IND_sk
instances/A2/asymmetric/20.5.in,0.7624940730,0.0146814929,-0.3891750793,3.1796524490,-1.4500438468,0.0629334598,0.0145094851,0.0248777651,2.9371945655,-1.1830709717,0.1745724672,0.0181942924,-0.0714113898,1.2979064778,0.3978141869,0.0863632053,0.0209748198,0.1909370632,2.1393672800,0.7267350841
