Instance,INF_avg,INF_sd,INF_r1,INF_kr,INF_sk,SUP_avg,SUP_sd,SUP_r1,SUP_kr,SUP_sk,INC_avg,INC_sd,INC_r1,INC_kr,INC_sk,IND_avg,IND_sd,IND_r1,IND_kr,IND_sk
instances/A3/symmetric/200.6.in,0.4465909091,0.1886789382,0.9601942184,3.6301267508,1.2534866016,0.0493181818,0.0434138503,0.8012572598,3.4992345393,0.8753855383,0.5040909091,0.1613377060,0.9355508831,4.1874490712,-1.4356146156,0.1532386364,0.0441365377,0.5061733701,3.8617613175,-0.5744048433
