Instance,INF_avg,INF_sd,INF_r1,INF_kr,INF_sk,SUP_avg,SUP_sd,SUP_r1,SUP_kr,SUP_sk,INC_avg,INC_sd,INC_r1,INC_kr,INC_sk,IND_avg,IND_sd,IND_r1,IND_kr,IND_sk
instances/A2/symmetric/10.3.in,0.5540792541,0.0558838059,0.3557359321,1.3716825484,0.4700744231,0.1619347319,0.0288803193,-0.1755643967,1.8454492134,0.1501412481,0.2839860140,0.0404451139,0.4693579275,1.8752863397,0.4564440444,0.1353613054,0.0200601136,-0.0330306811,1.7034572020,-0.6576434041
