Instance,INF_avg,INF_sd,INF_r1,INF_kr,INF_sk,SUP_avg,SUP_sd,SUP_r1,SUP_kr,SUP_sk,INC_avg,INC_sd,INC_r1,INC_kr,INC_sk,IND_avg,IND_sd,IND_r1,IND_kr,IND_sk
instances/A3/symmetric/8.6.in,0.5533333333,0.1341226636,0.3251723668,8.8461318286,-2.6149319547,0.0266666667,0.0573488351,0.2870201097,5.9572680789,2.0390464201,0.4200000000,0.0802080628,0.3212490077,9.9954831002,2.8459015319,0.4100000000,0.0729154762,-0.5838904807,1.8168011321,-0.0754512990
