Instance,INF_avg,INF_sd,INF_r1,INF_kr,INF_sk,SUP_avg,SUP_sd,SUP_r1,SUP_kr,SUP_sk,INC_avg,INC_sd,INC_r1,INC_kr,INC_sk,IND_avg,IND_sd,IND_r1,IND_kr,IND_sk
instances/A3/symmetric/5.6.in,0.4092592593,0.1241983899,0.2820218838,1.7361090874,-0.1086426306,0.2716049383,0.1132341749,0.1348813386,4.0245877389,-1.2469351966,0.3191358025,0.0981694984,-0.1169579119,1.8617844165,0.4389669536,0.3500000000,0.0638284739,-0.0763358779,4.1033057851,1.0563348668
