Instance,INF_avg,INF_sd,INF_r1,INF_kr,INF_sk,SUP_avg,SUP_sd,SUP_r1,SUP_kr,SUP_sk,INC_avg,INC_sd,INC_r1,INC_kr,INC_sk,IND_avg,IND_sd,IND_r1,IND_kr,IND_sk
instances/A2/symmetric/100.4.in,0.2422000000,0.0609521124,0.6199516126,2.3605503309,-0.0682752002,0.2098000000,0.0324801478,0.2896240689,2.3438197793,0.0550990765,0.5480000000,0.0496890330,0.4942448552,2.2052419627,0.2918271228,0.0726000000,0.0178112324,0.0281533768,5.1176879561,1.0650421792
