Instance,INF_avg,INF_sd,INF_r1,INF_kr,INF_sk,SUP_avg,SUP_sd,SUP_r1,SUP_kr,SUP_sk,INC_avg,INC_sd,INC_r1,INC_kr,INC_sk,IND_avg,IND_sd,IND_r1,IND_kr,IND_sk
instances/A2/symmetric/10.4.in,0.5794663743,0.0347395032,0.1601356216,1.8242436376,0.1164744152,0.0503411306,0.0473516724,0.2673700309,1.7595982184,0.3284743472,0.3701924951,0.0178549744,-0.0695365688,2.5155440462,0.2805166645,0.2367738791,0.0929328906,0.1041901879,2.3433971294,0.7015414405
