Instance,INF_avg,INF_sd,INF_r1,INF_kr,INF_sk,SUP_avg,SUP_sd,SUP_r1,SUP_kr,SUP_sk,INC_avg,INC_sd,INC_r1,INC_kr,INC_sk,IND_avg,IND_sd,IND_r1,IND_kr,IND_sk
instances/A2/symmetric/10.6.in,0.4523809524,0.0283234388,-0.5162144275,1.9691185197,0.6114630602,0.2525056689,0.0562085782,-0.6906676805,1.3485608916,-0.2316256310,0.2951133787,0.0342103231,-0.5697040249,1.4882588303,-0.3458933158,0.1254081633,0.0185595193,-0.2542506503,1.9720470015,0.3821681369
