Instance,INF_avg,INF_sd,INF_r1,INF_kr,INF_sk,SUP_avg,SUP_sd,SUP_r1,SUP_kr,SUP_sk,INC_avg,INC_sd,INC_r1,INC_kr,INC_sk,IND_avg,IND_sd,IND_r1,IND_kr,IND_sk
instances/A1/symmetric/20.1.in,0.6921580486,0.0628619802,0.4642188539,2.1878374898,0.2522486500,0.0695120330,0.0216741940,0.5544522443,2.7250653201,0.6981010890,0.2383299184,0.0461920991,0.3327916535,2.3125527150,-0.3371251441,0.0825363552,0.0080102609,0.2620944884,2.5299449344,0.4661113511
