Instance,INF_avg,INF_sd,INF_r1,INF_kr,INF_sk,SUP_avg,SUP_sd,SUP_r1,SUP_kr,SUP_sk,INC_avg,INC_sd,INC_r1,INC_kr,INC_sk,IND_avg,IND_sd,IND_r1,IND_kr,IND_sk
instances/A3/asymmetric/5.6.in,0.1975308642,0.1518317762,0.3556887582,1.8094891059,-0.1582887489,0.1827160494,0.0713116599,0.3696304366,2.8581662159,0.6907091297,0.6197530864,0.1550058876,0.0554143165,1.6715105849,0.3323310781,0.3407407407,0.0445215381,-0.0038295835,3.2063373283,-0.1306845018
