Instance,INF_avg,INF_sd,INF_r1,INF_kr,INF_sk,SUP_avg,SUP_sd,SUP_r1,SUP_kr,SUP_sk,INC_avg,INC_sd,INC_r1,INC_kr,INC_sk,IND_avg,IND_sd,IND_r1,IND_kr,IND_sk
instances/A3/symmetric/10.5.in,0.3935185185,0.0452284250,0.0790683575,3.8511585113,1.1405922436,0.1000544662,0.0518744458,1.1988105198,3.7226208171,1.3931379245,0.5064270153,0.0514223529,-0.1407032463,1.8956077198,-0.1904568216,0.1992919390,0.0416136975,0.5489201144,1.8928511524,0.2797478261
