Instance,INF_avg,INF_sd,INF_r1,INF_kr,INF_sk,SUP_avg,SUP_sd,SUP_r1,SUP_kr,SUP_sk,INC_avg,INC_sd,INC_r1,INC_kr,INC_sk,IND_avg,IND_sd,IND_r1,IND_kr,IND_sk
instances/A3/symmetric/8.3.in,0.6611111111,0.0510688231,-0.8000000000,1.5000000000,0.7071067812,0.0000000000,0.0000000000,0.0000000000,0.0000000000,0.0000000000,0.3388888889,0.0510688231,-0.8000000000,1.5000000000,-0.7071067812,0.3805555556,0.0953389017,-0.4762039660,1.5000000000,0.0872096156
