Instance,INF_avg,INF_sd,INF_r1,INF_kr,INF_sk,SUP_avg,SUP_sd,SUP_r1,SUP_kr,SUP_sk,INC_avg,INC_sd,INC_r1,INC_kr,INC_sk,IND_avg,IND_sd,IND_r1,IND_kr,IND_sk
instances/A1/asymmetric/200.3.in,0.3340000000,0.0257681975,-0.4671903882,1.9537759472,0.2815883458,0.1870000000,0.0224944438,-0.3144329897,1.5358855786,-0.0126513455,0.4790000000,0.0203469899,-0.7010816126,2.1188475810,-0.4964591471,0.0600000000,0.0130384048,0.1666666667,2.2231833910,0.0000000000
