Instance,INF_avg,INF_sd,INF_r1,INF_kr,INF_sk,SUP_avg,SUP_sd,SUP_r1,SUP_kr,SUP_sk,INC_avg,INC_sd,INC_r1,INC_kr,INC_sk,IND_avg,IND_sd,IND_r1,IND_kr,IND_sk
instances/A3/asymmetric/20.5.in,0.6863289408,0.0768243818,0.2492571672,2.4938320526,-0.7732331751,0.0605580654,0.0189433018,0.0523098689,2.9774966941,-0.4611203819,0.2531129938,0.0730094425,0.2688668474,2.8796699296,1.0186747597,0.0557409742,0.0146361958,-0.4783954902,2.7087550722,0.9609384806
