Instance,INF_avg,INF_sd,INF_r1,INF_kr,INF_sk,SUP_avg,SUP_sd,SUP_r1,SUP_kr,SUP_sk,INC_avg,INC_sd,INC_r1,INC_kr,INC_sk,IND_avg,IND_sd,IND_r1,IND_kr,IND_sk
instances/A2/asymmetric/20.3.in,0.5998985630,0.1002822609,0.7043811224,2.3383253667,-0.8324025329,0.1272300500,0.0752891268,0.7893140214,1.9115021816,0.5851007469,0.2728713870,0.0286678247,0.3259327633,3.4318635318,1.2021488908,0.0597456804,0.0120870971,0.5700415510,1.6155686635,0.3933604776
