Instance,INF_avg,INF_sd,INF_r1,INF_kr,INF_sk,SUP_avg,SUP_sd,SUP_r1,SUP_kr,SUP_sk,INC_avg,INC_sd,INC_r1,INC_kr,INC_sk,IND_avg,IND_sd,IND_r1,IND_kr,IND_sk
instances/A1/symmetric/50.4.in,0.4825000000,0.0323457880,0.4379284082,1.8709720242,-0.5318869055,0.1350000000,0.0269258240,0.2559055118,2.3788347206,0.6953970250,0.3825000000,0.0188745861,0.3013435701,3.2337950139,0.0669237401,0.0480000000,0.0122882057,0.5361875637,2.5107232139,-0.1002414923
