Instance,INF_avg,INF_sd,INF_r1,INF_kr,INF_sk,SUP_avg,SUP_sd,SUP_r1,SUP_kr,SUP_sk,INC_avg,INC_sd,INC_r1,INC_kr,INC_sk,IND_avg,IND_sd,IND_r1,IND_kr,IND_sk
instances/A2/asymmetric/8.3.in,0.5619047619,0.1323518296,0.0955247477,2.6633820341,-0.7381312313,0.1357142857,0.1216384740,-0.0862792091,1.8254221165,0.5722359794,0.3023809524,0.0349927106,0.3418803419,1.8521090535,0.0888318039,0.2738095238,0.0444160907,-0.0065925010,2.3845620293,0.0794842052
