Instance,INF_avg,INF_sd,INF_r1,INF_kr,INF_sk,SUP_avg,SUP_sd,SUP_r1,SUP_kr,SUP_sk,INC_avg,INC_sd,INC_r1,INC_kr,INC_sk,IND_avg,IND_sd,IND_r1,IND_kr,IND_sk
instances/A1/asymmetric/100.2.in,0.3495000000,0.0238170107,0.2188951303,4.3866809262,1.4776613953,0.1700000000,0.0214476106,-0.0388888889,1.7875708885,0.2052524170,0.4805000000,0.0206700266,-0.5422240556,1.7760436693,0.0901908901,0.0480000000,0.0090000000,0.0615615616,2.1897576589,0.5061728395
