Instance,INF_avg,INF_sd,INF_r1,INF_kr,INF_sk,SUP_avg,SUP_sd,SUP_r1,SUP_kr,SUP_sk,INC_avg,INC_sd,INC_r1,INC_kr,INC_sk,IND_avg,IND_sd,IND_r1,IND_kr,IND_sk
instances/A1/asymmetric/100.2.in,0.3589000000,0.0386301696,0.4263444136,2.9916650190,-0.1577973945,0.1634000000,0.0305686114,0.4942000336,3.0927500554,0.1452643378,0.4777000000,0.0344704221,0.2402559445,3.1571599850,0.2873257287,0.0568000000,0.0153218798,0.1349814639,3.0055968384,0.5842326222
