Instance,INF_avg,INF_sd,INF_r1,INF_kr,INF_sk,SUP_avg,SUP_sd,SUP_r1,SUP_kr,SUP_sk,INC_avg,INC_sd,INC_r1,INC_kr,INC_sk,IND_avg,IND_sd,IND_r1,IND_kr,IND_sk
instances/A3/asymmetric/50.1.in,0.4222000000,0.0681774156,0.5603701501,2.0736861945,0.1166189653,0.1258000000,0.0370588721,0.6376108502,3.2076921629,0.5138684611,0.4520000000,0.0529150262,0.6217370805,2.7565137755,0.6870989157,0.0698000000,0.0103421468,0.5375827364,2.0755033792,0.1077422065
