Instance,INF_avg,INF_sd,INF_r1,INF_kr,INF_sk,SUP_avg,SUP_sd,SUP_r1,SUP_kr,SUP_sk,INC_avg,INC_sd,INC_r1,INC_kr,INC_sk,IND_avg,IND_sd,IND_r1,IND_kr,IND_sk
instances/A2/symmetric/100.1.in,0.3704500000,0.0503691126,0.5236963318,3.2980149611,-0.6021759068,0.1929500000,0.0418096580,0.7015790868,2.9204815372,-0.1112692470,0.4366000000,0.0382287850,0.3521788728,2.8786251487,0.3433203759,0.0539000000,0.0126605687,0.1094180201,3.1910235294,0.5027627990
