Instance,INF_avg,INF_sd,INF_r1,INF_kr,INF_sk,SUP_avg,SUP_sd,SUP_r1,SUP_kr,SUP_sk,INC_avg,INC_sd,INC_r1,INC_kr,INC_sk,IND_avg,IND_sd,IND_r1,IND_kr,IND_sk
instances/A3/symmetric/50.6.in,0.3082000000,0.0363009642,0.1394224978,2.1875246308,0.0682903845,0.1432000000,0.0359410629,0.4409546260,4.3702423972,0.6818485142,0.5486000000,0.0423915086,0.3140253412,2.6811204456,-0.4644925519,0.0790000000,0.0092736185,-0.1021759697,2.1111411574,-0.0451393004
