Instance,INF_avg,INF_sd,INF_r1,INF_kr,INF_sk,SUP_avg,SUP_sd,SUP_r1,SUP_kr,SUP_sk,INC_avg,INC_sd,INC_r1,INC_kr,INC_sk,IND_avg,IND_sd,IND_r1,IND_kr,IND_sk
instances/A2/symmetric/100.1.in,0.3720000000,0.0342928564,-0.0059794667,2.4061241844,0.1935608695,0.2132000000,0.0209704554,-0.0693627245,2.6348747985,0.2988013142,0.4148000000,0.0303143530,0.0593118886,3.6919144725,0.7906755224,0.0548000000,0.0084237759,0.1127444246,4.1705449757,0.7153210996
