Instance,INF_avg,INF_sd,INF_r1,INF_kr,INF_sk,SUP_avg,SUP_sd,SUP_r1,SUP_kr,SUP_sk,INC_avg,INC_sd,INC_r1,INC_kr,INC_sk,IND_avg,IND_sd,IND_r1,IND_kr,IND_sk
instances/A2/asymmetric/10.4.in,0.5187606838,0.0329499096,-0.2531410411,2.0431549008,0.6570642501,0.1888461538,0.0329255131,-0.1353142504,2.1626355124,-0.5286077084,0.2923931624,0.0276643311,-0.3728051254,2.0848416915,-0.0485226978,0.1947863248,0.0503566069,0.3890214625,1.1695653105,0.4032232696
