Instance,INF_avg,INF_sd,INF_r1,INF_kr,INF_sk,SUP_avg,SUP_sd,SUP_r1,SUP_kr,SUP_sk,INC_avg,INC_sd,INC_r1,INC_kr,INC_sk,IND_avg,IND_sd,IND_r1,IND_kr,IND_sk
instances/A3/asymmetric/200.3.in,0.2620000000,0.0304302481,-0.8094453597,2.1511062700,0.7518522226,0.1470000000,0.0150332964,-0.1887141536,2.5789411857,1.0701908065,0.5910000000,0.0338230691,-0.7092119867,1.4812704778,0.0980007258,0.1000000000,0.0122474487,-0.3076923077,1.9666666667,0.4082482905
