Instance,INF_avg,INF_sd,INF_r1,INF_kr,INF_sk,SUP_avg,SUP_sd,SUP_r1,SUP_kr,SUP_sk,INC_avg,INC_sd,INC_r1,INC_kr,INC_sk,IND_avg,IND_sd,IND_r1,IND_kr,IND_sk
instances/A3/symmetric/8.6.in,0.3280176835,0.0573430076,-0.4845046247,1.8919274893,0.5775857368,0.1396887710,0.0184749744,0.5737571579,1.4942621206,0.2284262156,0.5322935455,0.0603699018,-0.3048327272,2.4823455235,-0.8601938911,0.2842511052,0.0433552681,-0.0664153801,2.2341836585,-0.8934453093
