Instance,INF_avg,INF_sd,INF_r1,INF_kr,INF_sk,SUP_avg,SUP_sd,SUP_r1,SUP_kr,SUP_sk,INC_avg,INC_sd,INC_r1,INC_kr,INC_sk,IND_avg,IND_sd,IND_r1,IND_kr,IND_sk
instances/A3/asymmetric/200.3.in,0.2752000000,0.0498894778,0.1515995561,2.5759527981,0.1349055551,0.1240000000,0.0551361950,0.2458133271,3.8185041551,0.4043575520,0.6008000000,0.0809898759,0.2695621480,2.6781453544,-0.0687878463,0.2172000000,0.0499615852,-0.0798841011,2.5091658798,-0.0793050807
