Instance,INF_avg,INF_sd,INF_r1,INF_kr,INF_sk,SUP_avg,SUP_sd,SUP_r1,SUP_kr,SUP_sk,INC_avg,INC_sd,INC_r1,INC_kr,INC_sk,IND_avg,IND_sd,IND_r1,IND_kr,IND_sk
instances/A2/symmetric/50.5.in,0.4420000000,0.0112249722,-0.3782991202,2.3760393046,0.1315095000,0.1140000000,0.0086023253,-0.1158192090,2.6519357195,1.0179522960,0.4440000000,0.0139283883,-0.1625708885,1.5209374004,0.3730421773,0.0550000000,0.0100000000,-0.7500000000,2.0500000000,-0.0000000000
