Instance,INF_avg,INF_sd,INF_r1,INF_kr,INF_sk,SUP_avg,SUP_sd,SUP_r1,SUP_kr,SUP_sk,INC_avg,INC_sd,INC_r1,INC_kr,INC_sk,IND_avg,IND_sd,IND_r1,IND_kr,IND_sk
instances/A1/asymmetric/5.6.in,0.4144444444,0.1181963213,0.4057849810,2.0101897781,0.1771152434,0.2222222222,0.1217161239,0.2000000000,2.5000000000,-0.9128709292,0.3633333333,0.0371184291,-0.2225274725,1.2989073881,0.4692912730,0.3866666667,0.1066666667,-0.0526315789,3.2500000000,1.5000000000
