Instance,INF_avg,INF_sd,INF_r1,INF_kr,INF_sk,SUP_avg,SUP_sd,SUP_r1,SUP_kr,SUP_sk,INC_avg,INC_sd,INC_r1,INC_kr,INC_sk,IND_avg,IND_sd,IND_r1,IND_kr,IND_sk
instances/A3/asymmetric/20.1.in,0.1580000000,0.0283901391,-0.4865871833,2.7591481999,-0.9966589183,0.1950000000,0.0378153408,-0.1560283688,1.5630348672,-0.0748946796,0.6470000000,0.0265706605,-0.2103289094,3.0608583650,-1.3350472715,0.0640000000,0.0120000000,-0.1111111111,1.3981481481,-0.1111111111
