Instance,INF_avg,INF_sd,INF_r1,INF_kr,INF_sk,SUP_avg,SUP_sd,SUP_r1,SUP_kr,SUP_sk,INC_avg,INC_sd,INC_r1,INC_kr,INC_sk,IND_avg,IND_sd,IND_r1,IND_kr,IND_sk
instances/A3/symmetric/200.4.in,0.2250000000,0.0327108545,-0.7981220657,1.8641366058,-0.1928537581,0.1510000000,0.0224499443,-0.1545862733,2.5496504157,0.5180837963,0.6240000000,0.0259615100,-0.3771343727,1.9603104720,-0.6830472382,0.0640000000,0.0086023253,-0.7469879518,1.9945215486,-0.3958703373
