Instance,INF_avg,INF_sd,INF_r1,INF_kr,INF_sk,SUP_avg,SUP_sd,SUP_r1,SUP_kr,SUP_sk,INC_avg,INC_sd,INC_r1,INC_kr,INC_sk,IND_avg,IND_sd,IND_r1,IND_kr,IND_sk
instances/A3/asymmetric/200.2.in,0.7310000000,0.0825772366,0.8545322476,1.6294265776,-0.0789086478,0.0335000000,0.0130479884,0.2601849538,2.4564743478,0.4645677054,0.2355000000,0.0722305337,0.8846761173,1.4771780058,0.0451419316,0.0535000000,0.0092330927,0.5906936665,2.0816556445,-0.0323965377
