Instance,INF_avg,INF_sd,INF_r1,INF_kr,INF_sk,SUP_avg,SUP_sd,SUP_r1,SUP_kr,SUP_sk,INC_avg,INC_sd,INC_r1,INC_kr,INC_sk,IND_avg,IND_sd,IND_r1,IND_kr,IND_sk
instances/A3/asymmetric/8.4.in,0.4863636364,0.1588417963,0.8521416685,1.1738353639,-0.0356846992,0.0727272727,0.0938171247,0.5555304740,3.4128479799,1.1443790914,0.4409090909,0.1027681603,0.6157821537,1.2922173371,0.2570575944,0.3272727273,0.1150368249,0.2182289351,2.4642096128,0.6138847047
