Instance,INF_avg,INF_sd,INF_r1,INF_kr,INF_sk,SUP_avg,SUP_sd,SUP_r1,SUP_kr,SUP_sk,INC_avg,INC_sd,INC_r1,INC_kr,INC_sk,IND_avg,IND_sd,IND_r1,IND_kr,IND_sk
instances/A3/asymmetric/8.4.in,0.5261111111,0.1514395940,0.8612053711,1.4963370560,-0.5697160675,0.0533333333,0.0865383666,0.5752993708,4.7156838574,1.5945769779,0.4205555556,0.0947152979,0.6805205414,1.8197761616,0.7303250539,0.3455555556,0.1080066299,0.2498093409,2.3803594767,0.3154488386
