Instance,INF_avg,INF_sd,INF_r1,INF_kr,INF_sk,SUP_avg,SUP_sd,SUP_r1,SUP_kr,SUP_sk,INC_avg,INC_sd,INC_r1,INC_kr,INC_sk,IND_avg,IND_sd,IND_r1,IND_kr,IND_sk
instances/A2/asymmetric/5.2.in,0.3977777778,0.1507430157,0.5785636459,1.2638874355,0.3196860890,0.2888888889,0.1961040288,0.4693913349,1.4177000430,-0.4282185757,0.3133333333,0.0571547607,0.2015341702,1.6664584201,0.1702026400,0.3922222222,0.1208815357,0.2193681148,2.1584943821,0.6598106740
