Instance,INF_avg,INF_sd,INF_r1,INF_kr,INF_sk,SUP_avg,SUP_sd,SUP_r1,SUP_kr,SUP_sk,INC_avg,INC_sd,INC_r1,INC_kr,INC_sk,IND_avg,IND_sd,IND_r1,IND_kr,IND_sk
instances/A2/asymmetric/50.5.in,0.3904500000,0.0915944731,0.8550979930,3.8242563729,-1.2227394433,0.1927500000,0.0508742322,0.7682611396,3.3617465655,0.8286717246,0.4168000000,0.0527518720,0.6632953555,3.5583421337,0.9983580229,0.0547000000,0.0137262522,0.4186850986,2.5086045024,0.5527864640
