Instance,INF_avg,INF_sd,INF_r1,INF_kr,INF_sk,SUP_avg,SUP_sd,SUP_r1,SUP_kr,SUP_sk,INC_avg,INC_sd,INC_r1,INC_kr,INC_sk,IND_avg,IND_sd,IND_r1,IND_kr,IND_sk
instances/A2/asymmetric/20.4.in,0.6362725102,0.0533770652,0.2776613488,1.3139839406,-0.4001116503,0.1359763037,0.0429309692,0.4771135944,1.2858959466,0.4283461802,0.2277511860,0.0143418761,-0.5508821819,1.3731878376,-0.4281320133,0.0430845988,0.0050774267,-0.5813830578,2.0178776549,-0.6491959186
