Instance,INF_avg,INF_sd,INF_r1,INF_kr,INF_sk,SUP_avg,SUP_sd,SUP_r1,SUP_kr,SUP_sk,INC_avg,INC_sd,INC_r1,INC_kr,INC_sk,IND_avg,IND_sd,IND_r1,IND_kr,IND_sk
instances/A3/asymmetric/200.3.in,0.2602000000,0.0347125338,0.2442110905,3.3703490584,0.5896165018,0.1394000000,0.0188318879,-0.0800636464,2.1402434441,0.0978608994,0.6004000000,0.0302297866,-0.0116524376,3.0285242788,-0.8158015729,0.0898000000,0.0207595761,-0.0060814435,2.5054388097,0.2731315247
