Instance,INF_avg,INF_sd,INF_r1,INF_kr,INF_sk,SUP_avg,SUP_sd,SUP_r1,SUP_kr,SUP_sk,INC_avg,INC_sd,INC_r1,INC_kr,INC_sk,IND_avg,IND_sd,IND_r1,IND_kr,IND_sk
instances/A3/asymmetric/8.1.in,0.5645095645,0.0840752120,0.3158622865,2.4557619700,0.7366120052,0.1090761091,0.0420796695,0.4231369984,2.2871868634,0.3869903122,0.3264143264,0.0893673548,0.5796090269,1.7179831945,-0.0720778433,0.2352462352,0.0412206026,-0.1253859287,1.7753355016,0.4327632978
