Instance,INF_avg,INF_sd,INF_r1,INF_kr,INF_sk,SUP_avg,SUP_sd,SUP_r1,SUP_kr,SUP_sk,INC_avg,INC_sd,INC_r1,INC_kr,INC_sk,IND_avg,IND_sd,IND_r1,IND_kr,IND_sk
instances/A3/asymmetric/10.2.in,0.4380382775,0.1855398503,0.8285627147,1.6753172620,0.0543754919,0.0250000000,0.0328564370,0.6756756757,2.7728531856,0.9611190445,0.5369617225,0.1601503112,0.8407921584,1.7437775714,-0.1845913159,0.3228468900,0.0758125063,0.2398432974,2.6853425136,0.7819520761
