Instance,INF_avg,INF_sd,INF_r1,INF_kr,INF_sk,SUP_avg,SUP_sd,SUP_r1,SUP_kr,SUP_sk,INC_avg,INC_sd,INC_r1,INC_kr,INC_sk,IND_avg,IND_sd,IND_r1,IND_kr,IND_sk
instances/A1/asymmetric/8.5.in,0.4545787546,0.0870408600,-0.1983857357,2.7200143175,1.1321987466,0.1249084249,0.0725644631,-0.0354408324,1.3886324559,0.4238841548,0.4205128205,0.0581322259,0.1392169049,1.7894366304,-0.1400475372,0.1937728938,0.0267022666,-0.0010892505,2.5179567001,0.2459318195
