Instance,INF_avg,INF_sd,INF_r1,INF_kr,INF_sk,SUP_avg,SUP_sd,SUP_r1,SUP_kr,SUP_sk,INC_avg,INC_sd,INC_r1,INC_kr,INC_sk,IND_avg,IND_sd,IND_r1,IND_kr,IND_sk
instances/A3/symmetric/20.4.in,0.6124258356,0.1194156607,0.5794682637,3.1272614186,-0.7765676369,0.0274129235,0.0387693703,0.5790103002,9.4784550019,2.6728424603,0.3601612409,0.0974822071,0.5424835575,2.2802413572,-0.0150071650,0.1277270163,0.0263454580,0.6892274918,2.1959274010,-0.5254144179
