Instance,INF_avg,INF_sd,INF_r1,INF_kr,INF_sk,SUP_avg,SUP_sd,SUP_r1,SUP_kr,SUP_sk,INC_avg,INC_sd,INC_r1,INC_kr,INC_sk,IND_avg,IND_sd,IND_r1,IND_kr,IND_sk
instances/A3/symmetric/20.4.in,0.6173391987,0.1200109220,0.5957392178,3.1399328861,-0.8068360113,0.0264338905,0.0384091507,0.5763314221,9.7697587244,2.7140832818,0.3562269108,0.0978842551,0.5611514877,2.2194125647,0.0554439597,0.1320939085,0.0344118827,0.8117637777,5.8198636649,0.9920703559
