Instance,INF_avg,INF_sd,INF_r1,INF_kr,INF_sk,SUP_avg,SUP_sd,SUP_r1,SUP_kr,SUP_sk,INC_avg,INC_sd,INC_r1,INC_kr,INC_sk,IND_avg,IND_sd,IND_r1,IND_kr,IND_sk
instances/A3/symmetric/20.4.in,0.6406098803,0.0528970940,-0.2773667371,2.7206949343,-1.0345293905,0.0836951447,0.0229460552,0.4850022628,1.9357473413,0.0122781799,0.2756949750,0.0420658004,-0.3599262567,1.4934639964,0.5135938508,0.0626007979,0.0068020445,-0.0218981720,2.9272433417,1.1683321861
