Instance,INF_avg,INF_sd,INF_r1,INF_kr,INF_sk,SUP_avg,SUP_sd,SUP_r1,SUP_kr,SUP_sk,INC_avg,INC_sd,INC_r1,INC_kr,INC_sk,IND_avg,IND_sd,IND_r1,IND_kr,IND_sk
instances/A1/symmetric/100.4.in,0.3304000000,0.0372403008,0.3338267088,2.2110751084,0.1860873054,0.1716000000,0.0273759018,0.2464050075,3.3308763569,0.1912399127,0.4980000000,0.0320468407,0.2274800456,2.0767903414,-0.2041801919,0.0761000000,0.0166520269,0.0791037145,2.5952878376,-0.2314892830
