Instance,INF_avg,INF_sd,INF_r1,INF_kr,INF_sk,SUP_avg,SUP_sd,SUP_r1,SUP_kr,SUP_sk,INC_avg,INC_sd,INC_r1,INC_kr,INC_sk,IND_avg,IND_sd,IND_r1,IND_kr,IND_sk
instances/A3/asymmetric/200.5.in,0.2916000000,0.0359505216,0.1550271321,2.5150237296,0.0938834825,0.1395500000,0.0279919185,0.3328966198,2.5226809944,-0.1177846175,0.5688500000,0.0335399389,0.1249749868,3.8107785955,-0.5854420750,0.0773000000,0.0203889676,0.1699896897,2.7302556060,0.2279326702
