Instance,INF_avg,INF_sd,INF_r1,INF_kr,INF_sk,SUP_avg,SUP_sd,SUP_r1,SUP_kr,SUP_sk,INC_avg,INC_sd,INC_r1,INC_kr,INC_sk,IND_avg,IND_sd,IND_r1,IND_kr,IND_sk
instances/A2/symmetric/50.5.in,0.6347180900,0.1623381825,0.9531863909,2.0669912573,0.4169432184,0.0510927456,0.0470833409,0.7757214326,1.8513036093,0.5272372954,0.3141891644,0.1250684744,0.9625334004,2.3595108705,-0.6490316537,0.0850982553,0.0254909141,0.3383039512,2.8243767036,0.7223076608
