Instance,INF_avg,INF_sd,INF_r1,INF_kr,INF_sk,SUP_avg,SUP_sd,SUP_r1,SUP_kr,SUP_sk,INC_avg,INC_sd,INC_r1,INC_kr,INC_sk,IND_avg,IND_sd,IND_r1,IND_kr,IND_sk
instances/A3/asymmetric/5.2.in,0.4728395062,0.1307214456,0.2186436794,2.1295002649,-0.8141124010,0.0956790123,0.0797706666,-0.0146985134,2.3164509305,0.3108035528,0.4314814815,0.0741666089,0.1974004309,2.7225483672,0.5110511111,0.4018518519,0.1381337496,0.0361344365,2.0533270522,-0.0574173785
