Instance,INF_avg,INF_sd,INF_r1,INF_kr,INF_sk,SUP_avg,SUP_sd,SUP_r1,SUP_kr,SUP_sk,INC_avg,INC_sd,INC_r1,INC_kr,INC_sk,IND_avg,IND_sd,IND_r1,IND_kr,IND_sk
instances/A3/asymmetric/5.2.in,0.4811111111,0.1264715847,-0.2699851273,2.4357995919,-0.9775865883,0.0777777778,0.0666666667,-1.0258620690,1.3981481481,-0.1111111111,0.4411111111,0.0819213715,0.3307706558,2.4286828713,0.5658195104,0.3977777778,0.1433979183,-0.3519592163,2.1530443461,-0.2807304627
