Instance,INF_avg,INF_sd,INF_r1,INF_kr,INF_sk,SUP_avg,SUP_sd,SUP_r1,SUP_kr,SUP_sk,INC_avg,INC_sd,INC_r1,INC_kr,INC_sk,IND_avg,IND_sd,IND_r1,IND_kr,IND_sk
instances/A3/asymmetric/10.4.in,0.6433321867,0.0933279615,0.9793214633,1.5614177439,0.2596753217,0.0566831021,0.0567350760,0.8029498894,1.4905983079,0.3011970963,0.2999847112,0.0476358654,0.4740408795,2.9087679777,-0.5615239576,0.2475824638,0.0488279422,-0.5353055687,1.7671782899,0.4033863313
