Instance,INF_avg,INF_sd,INF_r1,INF_kr,INF_sk,SUP_avg,SUP_sd,SUP_r1,SUP_kr,SUP_sk,INC_avg,INC_sd,INC_r1,INC_kr,INC_sk,IND_avg,IND_sd,IND_r1,IND_kr,IND_sk
instances/A3/symmetric/50.3.in,0.4919354839,0.1934811711,0.8755032238,1.6872210307,0.2960270580,0.0354838710,0.0340624388,-0.0293059511,2.1693679744,0.4376286030,0.4725806452,0.1900079411,0.7989453688,1.7289557192,-0.2124244266,0.3419354839,0.0880769222,0.3971876550,2.5680204635,-0.2143697535
