Instance,INF_avg,INF_sd,INF_r1,INF_kr,INF_sk,SUP_avg,SUP_sd,SUP_r1,SUP_kr,SUP_sk,INC_avg,INC_sd,INC_r1,INC_kr,INC_sk,IND_avg,IND_sd,IND_r1,IND_kr,IND_sk
instances/A1/asymmetric/50.3.in,0.4010000000,0.0316859590,0.7002225422,1.6142620752,0.0404555377,0.1445000000,0.0235000000,0.5689306942,2.9576230495,0.7910385945,0.4545000000,0.0281469359,0.5831307336,2.9418409308,0.5236012980,0.0510000000,0.0058309519,0.2330383481,3.7041522491,1.1197848795
