Instance,INF_avg,INF_sd,INF_r1,INF_kr,INF_sk,SUP_avg,SUP_sd,SUP_r1,SUP_kr,SUP_sk,INC_avg,INC_sd,INC_r1,INC_kr,INC_sk,IND_avg,IND_sd,IND_r1,IND_kr,IND_sk
instances/A2/symmetric/20.2.in,0.7474748627,0.0294256867,-0.0394259323,3.0032680530,-1.3125600498,0.0458991466,0.0328154345,0.2491719552,2.1248043163,0.2371383433,0.2066259908,0.0139926842,-0.6208349578,2.1365828219,0.6635951972,0.1121780616,0.0429662103,-0.4356082867,2.0474391714,0.1521369496
