Instance,INF_avg,INF_sd,INF_r1,INF_kr,INF_sk,SUP_avg,SUP_sd,SUP_r1,SUP_kr,SUP_sk,INC_avg,INC_sd,INC_r1,INC_kr,INC_sk,IND_avg,IND_sd,IND_r1,IND_kr,IND_sk
instances/A3/symmetric/100.4.in,0.2491000000,0.0809394218,0.6082765113,3.1061362344,-0.7840385214,0.1688500000,0.0402979838,0.5128128123,5.3926554067,1.2312665711,0.5820500000,0.0621011071,0.3975567299,3.2958611048,0.8171012234,0.0772000000,0.0195233194,0.1759362313,2.5881369740,0.1950136879
