Instance,INF_avg,INF_sd,INF_r1,INF_kr,INF_sk,SUP_avg,SUP_sd,SUP_r1,SUP_kr,SUP_sk,INC_avg,INC_sd,INC_r1,INC_kr,INC_sk,IND_avg,IND_sd,IND_r1,IND_kr,IND_sk
instances/A1/asymmetric/50.5.in,0.4169000000,0.0680653363,0.6907123669,2.9789278223,0.1741558464,0.1585000000,0.0414517792,0.7256187580,2.1426484737,0.1329317495,0.4246000000,0.0450315445,0.3758740353,3.4754030632,0.3639361425,0.0540000000,0.0115325626,0.5901111290,2.6525524337,-0.0782354860
