Instance,INF_avg,INF_sd,INF_r1,INF_kr,INF_sk,SUP_avg,SUP_sd,SUP_r1,SUP_kr,SUP_sk,INC_avg,INC_sd,INC_r1,INC_kr,INC_sk,IND_avg,IND_sd,IND_r1,IND_kr,IND_sk
instances/A2/symmetric/50.2.in,0.6076727703,0.1142992255,0.8252684145,2.9319263975,0.5849280874,0.1650054680,0.0670019371,0.8265732385,2.9861946558,-0.5761316550,0.2273217617,0.0543566849,0.7331829951,2.8013366399,-0.0308401304,0.0481289484,0.0116974124,0.6562650102,2.3782276357,-0.3364020719
