Instance,INF_avg,INF_sd,INF_r1,INF_kr,INF_sk,SUP_avg,SUP_sd,SUP_r1,SUP_kr,SUP_sk,INC_avg,INC_sd,INC_r1,INC_kr,INC_sk,IND_avg,IND_sd,IND_r1,IND_kr,IND_sk
instances/A3/symmetric/8.4.in,0.5153296703,0.0941753113,0.2341219381,1.3855741922,-0.2269980171,0.1052747253,0.0751148360,0.2088050177,1.4812042947,0.0144782969,0.3793956044,0.0285614475,0.1053358199,2.4475028207,-0.1229596673,0.2913369963,0.0473265035,-0.1851340395,2.3006863113,0.7796705960
