Instance,INF_avg,INF_sd,INF_r1,INF_kr,INF_sk,SUP_avg,SUP_sd,SUP_r1,SUP_kr,SUP_sk,INC_avg,INC_sd,INC_r1,INC_kr,INC_sk,IND_avg,IND_sd,IND_r1,IND_kr,IND_sk
instances/A2/asymmetric/8.4.in,0.5113553114,0.0498410844,-0.5915505284,2.4092339127,-0.7281755233,0.1245421245,0.0403429594,-0.6809974205,2.0451175062,0.5587022617,0.3641025641,0.0251229717,0.5238095238,1.1666666667,-0.4082482905,0.2029304029,0.0502031991,0.1083932406,1.8639069751,0.5539574244
