Instance,INF_avg,INF_sd,INF_r1,INF_kr,INF_sk,SUP_avg,SUP_sd,SUP_r1,SUP_kr,SUP_sk,INC_avg,INC_sd,INC_r1,INC_kr,INC_sk,IND_avg,IND_sd,IND_r1,IND_kr,IND_sk
instances/A2/symmetric/5.1.in,0.4222222222,0.1761032245,0.8275862069,1.8768509879,-0.4967169736,0.2044444444,0.1840021471,0.7386519945,1.4827312720,0.0990974857,0.3733333333,0.0326598632,0.0384615385,1.1666666667,-0.4082482905,0.3811111111,0.1325718999,-0.1148074161,2.0111969733,0.4316728185
