Instance,INF_avg,INF_sd,INF_r1,INF_kr,INF_sk,SUP_avg,SUP_sd,SUP_r1,SUP_kr,SUP_sk,INC_avg,INC_sd,INC_r1,INC_kr,INC_sk,IND_avg,IND_sd,IND_r1,IND_kr,IND_sk
instances/A2/symmetric/10.2.in,0.5494331066,0.0839236117,0.4660221218,1.4076205489,0.4921765172,0.1586167800,0.0757573261,0.6036824000,1.7221436938,-0.0876344751,0.2919501134,0.0259392740,-0.0496267310,1.6507912698,0.5643932827,0.1348526077,0.0329471006,0.4599723273,1.1864879905,0.3765211249
