Instance,INF_avg,INF_sd,INF_r1,INF_kr,INF_sk,SUP_avg,SUP_sd,SUP_r1,SUP_kr,SUP_sk,INC_avg,INC_sd,INC_r1,INC_kr,INC_sk,IND_avg,IND_sd,IND_r1,IND_kr,IND_sk
instances/A2/symmetric/8.5.in,0.4461427461,0.1094874452,0.6679150419,1.7850767090,0.2375553635,0.1899618900,0.1052014210,0.5594541349,2.1331195436,0.3764973001,0.3638953639,0.0581580223,0.0266974009,1.8973995173,0.0081848333,0.1835312835,0.0226424072,-0.1073038296,3.0659371456,0.8465740754
