Instance,INF_avg,INF_sd,INF_r1,INF_kr,INF_sk,SUP_avg,SUP_sd,SUP_r1,SUP_kr,SUP_sk,INC_avg,INC_sd,INC_r1,INC_kr,INC_sk,IND_avg,IND_sd,IND_r1,IND_kr,IND_sk
instances/A1/asymmetric/10.6.in,0.4583745179,0.0905189871,0.0637253341,1.8069683545,-0.0778236831,0.1024982073,0.0473683840,0.1363591885,1.8424815528,0.1765823309,0.4391272748,0.0684050711,0.2736306097,1.4275949993,-0.0021175768,0.1265034789,0.0369723560,0.5728144500,2.2036246380,-0.4022611460
