Instance,INF_avg,INF_sd,INF_r1,INF_kr,INF_sk,SUP_avg,SUP_sd,SUP_r1,SUP_kr,SUP_sk,INC_avg,INC_sd,INC_r1,INC_kr,INC_sk,IND_avg,IND_sd,IND_r1,IND_kr,IND_sk
instances/A2/symmetric/50.3.in,0.4530000000,0.0348711915,-0.1115082202,2.0002164127,-0.5399570973,0.1770000000,0.0355808937,-0.0354094214,2.5772369593,0.6414859815,0.3700000000,0.0242899156,-0.6666666667,1.5117782246,0.2198024537,0.0620000000,0.0074833148,0.1485507246,2.1339285714,0.7301958931
