Instance,INF_avg,INF_sd,INF_r1,INF_kr,INF_sk,SUP_avg,SUP_sd,SUP_r1,SUP_kr,SUP_sk,INC_avg,INC_sd,INC_r1,INC_kr,INC_sk,IND_avg,IND_sd,IND_r1,IND_kr,IND_sk
instances/A1/symmetric/10.3.in,0.6121608239,0.0738617725,-0.2898364145,2.3294161416,-0.7694731097,0.1051099228,0.0129366962,-1.0099584933,1.2314767293,-0.3243878070,0.2827292533,0.0681685662,-0.2079324622,2.5161999237,0.9312254464,0.1318676966,0.0325363775,-0.0960512011,2.1081540449,0.3943950446
