Instance,INF_avg,INF_sd,INF_r1,INF_kr,INF_sk,SUP_avg,SUP_sd,SUP_r1,SUP_kr,SUP_sk,INC_avg,INC_sd,INC_r1,INC_kr,INC_sk,IND_avg,IND_sd,IND_r1,IND_kr,IND_sk
instances/A2/asymmetric/100.1.in,0.3850000000,0.0386005181,-0.4844290657,1.3964461060,0.1564815383,0.1900000000,0.0254950976,-0.7333333333,2.2112426036,0.8146362537,0.4250000000,0.0370135110,-0.5142857143,1.8308114444,-0.4614610040,0.0610000000,0.0086023253,-0.0593220339,2.6519357195,-1.0179522960
