Instance,INF_avg,INF_sd,INF_r1,INF_kr,INF_sk,SUP_avg,SUP_sd,SUP_r1,SUP_kr,SUP_sk,INC_avg,INC_sd,INC_r1,INC_kr,INC_sk,IND_avg,IND_sd,IND_r1,IND_kr,IND_sk
instances/A3/asymmetric/8.3.in,0.4357549858,0.1507795562,0.3603739351,2.4937015685,0.9179194939,0.0878232878,0.0475617200,-0.0709963721,2.0794533748,-0.3051047271,0.4764217264,0.1116401159,0.4820360366,2.4749413302,-0.8711529866,0.2371970622,0.0571231237,0.2071559442,4.1473415241,1.2339837280
