Instance,INF_avg,INF_sd,INF_r1,INF_kr,INF_sk,SUP_avg,SUP_sd,SUP_r1,SUP_kr,SUP_sk,INC_avg,INC_sd,INC_r1,INC_kr,INC_sk,IND_avg,IND_sd,IND_r1,IND_kr,IND_sk
instances/A3/asymmetric/8.3.in,0.5310256410,0.1423998316,-0.0079322299,1.9165665847,0.1502806969,0.0629304029,0.0468511772,-0.1809687909,2.3599212473,0.4800271611,0.4060439560,0.1025896096,0.1458941446,1.6091573907,-0.3179378658,0.2554395604,0.0681334338,0.2456287963,2.4772462821,0.6264425339
