Instance,INF_avg,INF_sd,INF_r1,INF_kr,INF_sk,SUP_avg,SUP_sd,SUP_r1,SUP_kr,SUP_sk,INC_avg,INC_sd,INC_r1,INC_kr,INC_sk,IND_avg,IND_sd,IND_r1,IND_kr,IND_sk
instances/A1/asymmetric/10.1.in,0.5335782142,0.1325637718,0.7395117431,2.3603655064,0.2522831116,0.1327097080,0.0643072640,0.6510548165,1.8289580785,-0.0008247007,0.3337120778,0.0848112038,0.3826787730,2.7737324168,-0.5416359603,0.1569463121,0.0254225890,0.3098698642,3.0464506180,0.7139564096
