Instance,INF_avg,INF_sd,INF_r1,INF_kr,INF_sk,SUP_avg,SUP_sd,SUP_r1,SUP_kr,SUP_sk,INC_avg,INC_sd,INC_r1,INC_kr,INC_sk,IND_avg,IND_sd,IND_r1,IND_kr,IND_sk
instances/A3/asymmetric/10.1.in,0.5242495127,0.0913008157,0.0864315655,2.5714438893,0.5676788995,0.0957367274,0.0131972883,-0.0657544839,1.8976282530,-0.5230822158,0.3800137599,0.0948411524,0.1978484866,2.5561023422,-0.7243437897,0.2171706226,0.0075353608,-0.6893232025,1.4419935664,-0.4646168755
