Instance,INF_avg,INF_sd,INF_r1,INF_kr,INF_sk,SUP_avg,SUP_sd,SUP_r1,SUP_kr,SUP_sk,INC_avg,INC_sd,INC_r1,INC_kr,INC_sk,IND_avg,IND_sd,IND_r1,IND_kr,IND_sk
instances/A3/asymmetric/10.1.in,0.4677797352,0.0995539960,0.4225751744,3.1363505991,0.6926419010,0.1255875461,0.0400881000,0.4640609190,2.3521518174,0.6998809028,0.4066327187,0.0810404744,0.2349378166,4.1317557513,-1.2758485901,0.2213039407,0.0173459595,-0.1576318501,2.0729427637,0.6185882591
