Instance,INF_avg,INF_sd,INF_r1,INF_kr,INF_sk,SUP_avg,SUP_sd,SUP_r1,SUP_kr,SUP_sk,INC_avg,INC_sd,INC_r1,INC_kr,INC_sk,IND_avg,IND_sd,IND_r1,IND_kr,IND_sk
instances/A2/asymmetric/100.3.in,0.8088888889,0.1072322966,0.8010980610,1.6178833169,-0.4328983190,0.0700000000,0.0666666667,0.7179487179,2.1440250000,0.7582500000,0.1211111111,0.0430618275,0.8445009647,1.2672131787,0.1159918659,0.0544444444,0.0134256066,0.1117903930,5.6259148058,1.9091620773
