Instance,INF_avg,INF_sd,INF_r1,INF_kr,INF_sk,SUP_avg,SUP_sd,SUP_r1,SUP_kr,SUP_sk,INC_avg,INC_sd,INC_r1,INC_kr,INC_sk,IND_avg,IND_sd,IND_r1,IND_kr,IND_sk
instances/A3/symmetric/10.1.in,0.5674078244,0.0689160529,0.4605491688,1.9195508699,0.4463330869,0.1386976924,0.0504570696,0.2027597704,2.5739753944,0.2626253918,0.2938944832,0.0599226594,0.4650166095,2.2192538181,0.3312171808,0.1804512561,0.0403341426,-0.1753963324,2.4070354810,0.5088518042
