Instance,INF_avg,INF_sd,INF_r1,INF_kr,INF_sk,SUP_avg,SUP_sd,SUP_r1,SUP_kr,SUP_sk,INC_avg,INC_sd,INC_r1,INC_kr,INC_sk,IND_avg,IND_sd,IND_r1,IND_kr,IND_sk
instances/A1/asymmetric/10.2.in,0.6947368421,0.0074432293,-0.8000000000,1.5000000000,-0.7071067812,0.0508771930,0.0408436727,-0.0012738854,1.5000000000,-0.0643512666,0.2543859649,0.0412933414,-0.0253549696,1.5000000000,-0.3090582912,0.2359649123,0.0588569691,-0.9686926746,1.5000000000,-0.3441316473
