Instance,INF_avg,INF_sd,INF_r1,INF_kr,INF_sk,SUP_avg,SUP_sd,SUP_r1,SUP_kr,SUP_sk,INC_avg,INC_sd,INC_r1,INC_kr,INC_sk,IND_avg,IND_sd,IND_r1,IND_kr,IND_sk
instances/A3/symmetric/5.3.in,0.1509523810,0.0583134077,0.0908906362,2.3608182774,0.4657068970,0.2195238095,0.0356475567,-0.3218943321,1.7034601317,-0.0979417393,0.6295238095,0.0523506406,-0.2749652104,1.6878401162,0.6097175357,0.4123809524,0.0110040191,-0.1394360757,1.5874889534,0.0909245104
