Instance,INF_avg,INF_sd,INF_r1,INF_kr,INF_sk,SUP_avg,SUP_sd,SUP_r1,SUP_kr,SUP_sk,INC_avg,INC_sd,INC_r1,INC_kr,INC_sk,IND_avg,IND_sd,IND_r1,IND_kr,IND_sk
instances/A1/symmetric/5.1.in,0.4222783389,0.0822480410,0.0477223042,3.6639866181,0.4173154950,0.1359427609,0.0871242619,-0.6604553738,1.8673307146,-0.3682179967,0.4417789001,0.0875038047,-0.0526468685,1.9961318588,0.3899118436,0.4067620651,0.1550892417,0.2316631922,4.8473957115,1.6094735337
