Instance,INF_avg,INF_sd,INF_r1,INF_kr,INF_sk,SUP_avg,SUP_sd,SUP_r1,SUP_kr,SUP_sk,INC_avg,INC_sd,INC_r1,INC_kr,INC_sk,IND_avg,IND_sd,IND_r1,IND_kr,IND_sk
instances/A2/symmetric/50.2.in,0.3617500000,0.0779979968,0.7996020804,5.3181515556,-1.4856386375,0.2411000000,0.0551206858,0.7735573450,5.1031804777,1.2119581210,0.3971500000,0.0369476319,0.3728052376,3.9108379746,0.6069550870,0.0570000000,0.0110000000,0.2987703556,2.6334949799,0.2299023291
