Instance,INF_avg,INF_sd,INF_r1,INF_kr,INF_sk,SUP_avg,SUP_sd,SUP_r1,SUP_kr,SUP_sk,INC_avg,INC_sd,INC_r1,INC_kr,INC_sk,IND_avg,IND_sd,IND_r1,IND_kr,IND_sk
instances/A3/asymmetric/5.2.in,0.3309523810,0.1917122592,0.7482872220,1.6431926496,-0.2755047808,0.0563492063,0.0524890659,0.3609492904,1.4097366092,0.1031872807,0.6126984127,0.1614996488,0.5623394731,1.7364575296,0.2831888118,0.4500000000,0.0873376549,-0.8431568432,2.0363640616,0.5738144332
