Instance,INF_avg,INF_sd,INF_r1,INF_kr,INF_sk,SUP_avg,SUP_sd,SUP_r1,SUP_kr,SUP_sk,INC_avg,INC_sd,INC_r1,INC_kr,INC_sk,IND_avg,IND_sd,IND_r1,IND_kr,IND_sk
instances/A1/asymmetric/8.4.in,0.6439153439,0.0691716739,0.2648867352,2.2817428676,0.1606666327,0.1068783069,0.0615214470,-0.2043295855,2.4312909212,-0.8295435617,0.2492063492,0.0302629777,-0.2612283764,2.0504768896,-0.5279297214,0.2121693122,0.0461607995,0.8107333166,1.6680729634,-0.2799176006
