Instance,INF_avg,INF_sd,INF_r1,INF_kr,INF_sk,SUP_avg,SUP_sd,SUP_r1,SUP_kr,SUP_sk,INC_avg,INC_sd,INC_r1,INC_kr,INC_sk,IND_avg,IND_sd,IND_r1,IND_kr,IND_sk
instances/A1/asymmetric/8.4.in,0.6057142857,0.0465011643,0.0516359918,2.5180509887,-0.6333927332,0.1390476190,0.0304761905,-0.0031471282,2.4763793945,0.3647460938,0.2552380952,0.0326598632,-1.0429252782,1.9580036096,-0.6629571364,0.1752380952,0.0266666667,0.0443896424,1.1883590171,-0.3586005831
