Instance,INF_avg,INF_sd,INF_r1,INF_kr,INF_sk,SUP_avg,SUP_sd,SUP_r1,SUP_kr,SUP_sk,INC_avg,INC_sd,INC_r1,INC_kr,INC_sk,IND_avg,IND_sd,IND_r1,IND_kr,IND_sk
instances/A2/asymmetric/8.3.in,0.2696408530,0.1008681507,0.1595898310,2.5306161020,0.4758385873,0.2769360269,0.1227860311,-0.0267788870,2.5601627707,-0.5741149019,0.4534231201,0.0349526557,-0.1931383641,2.8711177027,1.0683985964,0.1332772166,0.0375080582,-0.3580302049,1.7258157826,0.3294404077
