Instance,INF_avg,INF_sd,INF_r1,INF_kr,INF_sk,SUP_avg,SUP_sd,SUP_r1,SUP_kr,SUP_sk,INC_avg,INC_sd,INC_r1,INC_kr,INC_sk,IND_avg,IND_sd,IND_r1,IND_kr,IND_sk
instances/A3/symmetric/50.4.in,0.4550000000,0.0898999444,0.7220846744,2.8992842849,0.7599391300,0.0966000000,0.0457759762,0.7713893799,2.0935400376,0.3005374069,0.4484000000,0.0582188973,0.5894961277,3.3199695163,-0.5827137645,0.0756000000,0.0139513440,0.2373127018,3.3592376808,-0.2009096260
