Instance,INF_avg,INF_sd,INF_r1,INF_kr,INF_sk,SUP_avg,SUP_sd,SUP_r1,SUP_kr,SUP_sk,INC_avg,INC_sd,INC_r1,INC_kr,INC_sk,IND_avg,IND_sd,IND_r1,IND_kr,IND_sk
instances/A2/symmetric/50.6.in,0.4345000000,0.0372458051,-0.5437712704,1.9971516398,0.2330883764,0.1770000000,0.0329545141,0.5938297636,1.9485923303,-0.4156071776,0.3885000000,0.0335447462,-0.0221088051,4.4405495118,0.8624570906,0.0550000000,0.0077459667,0.7000000000,2.2916666667,-0.4841229183
