Instance,INF_avg,INF_sd,INF_r1,INF_kr,INF_sk,SUP_avg,SUP_sd,SUP_r1,SUP_kr,SUP_sk,INC_avg,INC_sd,INC_r1,INC_kr,INC_sk,IND_avg,IND_sd,IND_r1,IND_kr,IND_sk
instances/A1/asymmetric/100.6.in,0.3690000000,0.0459782557,0.4175604889,2.2489082559,0.7733489864,0.1960000000,0.0274590604,-0.6082224909,1.9063702693,-0.6514641754,0.4350000000,0.0270185122,0.6185567010,1.2502345656,-0.3194157003,0.0510000000,0.0124096736,-0.2788906009,1.7794737730,0.1632576395
