Instance,INF_avg,INF_sd,INF_r1,INF_kr,INF_sk,SUP_avg,SUP_sd,SUP_r1,SUP_kr,SUP_sk,INC_avg,INC_sd,INC_r1,INC_kr,INC_sk,IND_avg,IND_sd,IND_r1,IND_kr,IND_sk
instances/A2/symmetric/20.5.in,0.3064430935,0.0851897701,0.6185423117,2.2994661643,-0.5334562832,0.3617293538,0.1001015549,0.5207615379,3.1615255479,0.9268817513,0.3318275527,0.0441377469,0.1063542532,1.7482361162,-0.2916059546,0.0393489007,0.0103882804,0.3759890979,2.2643703302,0.6509348339
