Instance,INF_avg,INF_sd,INF_r1,INF_kr,INF_sk,SUP_avg,SUP_sd,SUP_r1,SUP_kr,SUP_sk,INC_avg,INC_sd,INC_r1,INC_kr,INC_sk,IND_avg,IND_sd,IND_r1,IND_kr,IND_sk
instances/A3/symmetric/5.6.in,0.2222222222,0.1712337223,-0.0153846154,1.5000000000,-0.2390631469,0.1000000000,0.0720082300,-0.8000000000,1.5000000000,-0.5951700641,0.6777777778,0.1335646142,-0.2000000000,1.5000000000,0.7071067812,0.4333333333,0.0235702260,-0.2000000000,1.5000000000,0.7071067812
