Instance,INF_avg,INF_sd,INF_r1,INF_kr,INF_sk,SUP_avg,SUP_sd,SUP_r1,SUP_kr,SUP_sk,INC_avg,INC_sd,INC_r1,INC_kr,INC_sk,IND_avg,IND_sd,IND_r1,IND_kr,IND_sk
instances/A3/symmetric/10.5.in,0.5166666667,0.1343709625,0.4059405941,3.4842603550,1.3433915869,0.0500000000,0.0500000000,-0.6000000000,1.0000000000,-0.0000000000,0.4333333333,0.1247219129,0.5714285714,2.6020408163,-0.6490630161,0.3666666667,0.0745355992,0.1923076923,2.0400000000,0.6260990337
