Instance,INF_avg,INF_sd,INF_r1,INF_kr,INF_sk,SUP_avg,SUP_sd,SUP_r1,SUP_kr,SUP_sk,INC_avg,INC_sd,INC_r1,INC_kr,INC_sk,IND_avg,IND_sd,IND_r1,IND_kr,IND_sk
instances/A2/asymmetric/20.6.in,0.6412193833,0.0590400333,-0.0396817455,1.6041032063,0.4129235619,0.1158601078,0.0536206748,0.1280214862,1.3690444317,-0.3093106596,0.2429205089,0.0164720589,0.0309837571,2.0975597404,0.4067810645,0.0389805808,0.0106783177,0.4399988006,2.2049443899,0.2185766640
