Instance,INF_avg,INF_sd,INF_r1,INF_kr,INF_sk,SUP_avg,SUP_sd,SUP_r1,SUP_kr,SUP_sk,INC_avg,INC_sd,INC_r1,INC_kr,INC_sk,IND_avg,IND_sd,IND_r1,IND_kr,IND_sk
instances/A2/symmetric/200.1.in,0.4954770318,0.1185663864,0.8811404887,4.2174126953,1.0181449774,0.0562190813,0.0549221877,0.8837088015,2.5983842811,0.9172546886,0.4483038869,0.0897736822,0.8011107572,5.8489820071,-1.5150589516,0.0950883392,0.0246439516,0.1420925515,3.1723715980,0.4200266972
