Instance,INF_avg,INF_sd,INF_r1,INF_kr,INF_sk,SUP_avg,SUP_sd,SUP_r1,SUP_kr,SUP_sk,INC_avg,INC_sd,INC_r1,INC_kr,INC_sk,IND_avg,IND_sd,IND_r1,IND_kr,IND_sk
instances/A2/asymmetric/20.5.in,0.7097357364,0.0816589737,0.2236897059,1.9527531980,0.0324364177,0.0596411559,0.0324593432,0.3569189560,2.4083597752,0.6258748291,0.2306231077,0.0554004478,0.0286802832,2.9658578544,-0.5286515896,0.0728601450,0.0308669971,0.2453772593,5.4030517855,1.8626929965
