Instance,INF_avg,INF_sd,INF_r1,INF_kr,INF_sk,SUP_avg,SUP_sd,SUP_r1,SUP_kr,SUP_sk,INC_avg,INC_sd,INC_r1,INC_kr,INC_sk,IND_avg,IND_sd,IND_r1,IND_kr,IND_sk
instances/A2/asymmetric/20.5.in,0.7134054124,0.0691825729,0.8219082197,1.4985260935,-0.4070532248,0.0548403233,0.0383268104,0.8767103098,2.3496114751,0.8881841283,0.2317542644,0.0340313700,0.5526176490,1.3111320016,0.3000416760,0.0857905679,0.0357041630,0.1735456624,2.7978098275,1.1831541171
