Instance,INF_avg,INF_sd,INF_r1,INF_kr,INF_sk,SUP_avg,SUP_sd,SUP_r1,SUP_kr,SUP_sk,INC_avg,INC_sd,INC_r1,INC_kr,INC_sk,IND_avg,IND_sd,IND_r1,IND_kr,IND_sk
instances/A1/symmetric/5.4.in,0.2925044092,0.1883884375,0.8941048016,1.8237251116,0.7674942593,0.0956790123,0.0586933379,0.5265012323,1.9501694531,-0.5998123958,0.6118165785,0.1435669435,0.8710649516,1.5886115969,-0.5586851709,0.3628747795,0.1145864758,0.7942126857,2.7245155005,0.5196201326
