Instance,INF_avg,INF_sd,INF_r1,INF_kr,INF_sk,SUP_avg,SUP_sd,SUP_r1,SUP_kr,SUP_sk,INC_avg,INC_sd,INC_r1,INC_kr,INC_sk,IND_avg,IND_sd,IND_r1,IND_kr,IND_sk
instances/A1/symmetric/5.4.in,0.1642857143,0.0428571429,-0.2500000000,3.2500000000,1.5000000000,0.1166666667,0.0322968094,0.4129834254,1.2562618147,-0.4495377033,0.7190476190,0.0380952381,-0.8341708543,2.5908203125,0.5507812500,0.2809523810,0.0590936840,0.2064714946,1.3240850059,-0.0062791400
