Instance,INF_avg,INF_sd,INF_r1,INF_kr,INF_sk,SUP_avg,SUP_sd,SUP_r1,SUP_kr,SUP_sk,INC_avg,INC_sd,INC_r1,INC_kr,INC_sk,IND_avg,IND_sd,IND_r1,IND_kr,IND_sk
instances/A2/symmetric/10.6.in,0.3390894819,0.0156985871,-0.2500000000,3.2500000000,-1.5000000000,0.3909733124,0.0144230636,-0.0869549900,1.9715384553,-0.4027749739,0.2699372057,0.0158866289,0.0795244226,1.8013560264,-0.2800084504,0.0929356358,0.0112505324,-0.2202147159,1.2818513990,-0.4613829520
