Instance,INF_avg,INF_sd,INF_r1,INF_kr,INF_sk,SUP_avg,SUP_sd,SUP_r1,SUP_kr,SUP_sk,INC_avg,INC_sd,INC_r1,INC_kr,INC_sk,IND_avg,IND_sd,IND_r1,IND_kr,IND_sk
instances/A3/symmetric/100.1.in,0.4836344211,0.2043227057,0.9620596407,2.5191844660,0.8960929219,0.0527884615,0.0465017934,0.8122810340,2.7940831375,0.6505583744,0.4635771173,0.1706704337,0.9590697850,2.8107645897,-1.0412177251,0.1453010878,0.0474331990,0.7494634796,2.2266136452,-0.2519967214
