Instance,INF_avg,INF_sd,INF_r1,INF_kr,INF_sk,SUP_avg,SUP_sd,SUP_r1,SUP_kr,SUP_sk,INC_avg,INC_sd,INC_r1,INC_kr,INC_sk,IND_avg,IND_sd,IND_r1,IND_kr,IND_sk
instances/A1/asymmetric/10.4.in,0.5260314417,0.1582765832,0.6787913938,1.8804493705,-0.3901580487,0.0813617625,0.0442544507,0.4312586948,2.7670092069,-0.0163017863,0.3926067958,0.1294484315,0.6633551101,1.4441343463,0.2200993497,0.1711064811,0.0513194570,-0.0601248999,4.2092691027,1.4003850683
