Instance,INF_avg,INF_sd,INF_r1,INF_kr,INF_sk,SUP_avg,SUP_sd,SUP_r1,SUP_kr,SUP_sk,INC_avg,INC_sd,INC_r1,INC_kr,INC_sk,IND_avg,IND_sd,IND_r1,IND_kr,IND_sk
instances/A2/asymmetric/100.1.in,0.3314000000,0.0335117890,0.5268945657,3.2092665775,-0.3875244107,0.1892000000,0.0248869444,-0.6120793774,2.5269821780,-0.1734155857,0.4794000000,0.0350804789,0.1242837015,2.2531623171,0.3150316002,0.0688000000,0.0116000000,-0.1023484956,2.2949252136,-0.4381175940
