Instance,INF_avg,INF_sd,INF_r1,INF_kr,INF_sk,SUP_avg,SUP_sd,SUP_r1,SUP_kr,SUP_sk,INC_avg,INC_sd,INC_r1,INC_kr,INC_sk,IND_avg,IND_sd,IND_r1,IND_kr,IND_sk
instances/A3/asymmetric/10.5.in,0.5044997817,0.1052427669,0.5346552891,3.0830871701,1.1379712340,0.1369788358,0.0627831817,0.4295757379,3.3308790248,-0.5913690786,0.3585213825,0.0623895734,0.6281106939,1.7896986523,-0.4642973523,0.1832397762,0.0763075743,-0.0294293266,4.1709154054,1.3083317982
