Instance,INF_avg,INF_sd,INF_r1,INF_kr,INF_sk,SUP_avg,SUP_sd,SUP_r1,SUP_kr,SUP_sk,INC_avg,INC_sd,INC_r1,INC_kr,INC_sk,IND_avg,IND_sd,IND_r1,IND_kr,IND_sk
instances/A3/asymmetric/10.5.in,0.5553456290,0.1160744125,0.5624748471,1.7746546688,0.3463130427,0.1000502765,0.0522411520,0.0320206888,2.9210625474,-1.1693257226,0.3446040944,0.0732553796,0.6990609675,1.2978063639,-0.0496085329,0.1913983047,0.0959215678,-0.0563292920,2.6050299632,0.9707934777
