Instance,INF_avg,INF_sd,INF_r1,INF_kr,INF_sk,SUP_avg,SUP_sd,SUP_r1,SUP_kr,SUP_sk,INC_avg,INC_sd,INC_r1,INC_kr,INC_sk,IND_avg,IND_sd,IND_r1,IND_kr,IND_sk
instances/A3/symmetric/20.2.in,0.6241888138,0.1260204744,1.0263716728,1.6861101280,-0.4689061470,0.0664858159,0.0127492468,-0.1267854882,2.9693539587,0.3820338404,0.3093253702,0.1177008438,1.0134036956,1.5908904784,0.4168052830,0.1071261515,0.0118595292,0.2017436210,1.9410738455,-0.3055574069
