Instance,INF_avg,INF_sd,INF_r1,INF_kr,INF_sk,SUP_avg,SUP_sd,SUP_r1,SUP_kr,SUP_sk,INC_avg,INC_sd,INC_r1,INC_kr,INC_sk,IND_avg,IND_sd,IND_r1,IND_kr,IND_sk
instances/A1/symmetric/100.1.in,0.5059259259,0.1623118305,0.8800139773,3.8071955803,1.1893484926,0.0849382716,0.0686757178,0.7038171555,4.2275736220,1.0322764999,0.4091358025,0.1280451071,0.8178256907,4.0174308574,-1.2110622807,0.1760493827,0.0533721852,0.3637952109,3.3396039214,-0.1660073091
