Instance,INF_avg,INF_sd,INF_r1,INF_kr,INF_sk,SUP_avg,SUP_sd,SUP_r1,SUP_kr,SUP_sk,INC_avg,INC_sd,INC_r1,INC_kr,INC_sk,IND_avg,IND_sd,IND_r1,IND_kr,IND_sk
instances/A1/asymmetric/50.1.in,0.3630000000,0.0382230297,-0.1263404588,3.4850380952,0.6303111671,0.1570000000,0.0284780617,-0.3217963032,3.6177756222,-0.9232884283,0.4800000000,0.0248997992,0.1745283019,2.0714099896,-0.0825890842,0.0955000000,0.0149080515,-0.5315421943,1.3821434582,0.1068416552
