Instance,INF_avg,INF_sd,INF_r1,INF_kr,INF_sk,SUP_avg,SUP_sd,SUP_r1,SUP_kr,SUP_sk,INC_avg,INC_sd,INC_r1,INC_kr,INC_sk,IND_avg,IND_sd,IND_r1,IND_kr,IND_sk
instances/A2/symmetric/100.3.in,0.3510000000,0.0278208555,0.1939890710,2.4826933478,-0.9704949588,0.2030000000,0.0280356915,0.0295842897,1.9844123303,0.5592652955,0.4460000000,0.0131909060,0.1025641026,2.1575505351,-0.2169728883,0.0670000000,0.0169115345,-0.5170166546,2.0974375275,0.4602312565
