Instance,INF_avg,INF_sd,INF_r1,INF_kr,INF_sk,SUP_avg,SUP_sd,SUP_r1,SUP_kr,SUP_sk,INC_avg,INC_sd,INC_r1,INC_kr,INC_sk,IND_avg,IND_sd,IND_r1,IND_kr,IND_sk
instances/A3/symmetric/50.2.in,0.5181021164,0.1079822583,0.6414430387,3.4831933850,0.9654620816,0.1032174603,0.0430197041,0.5597237880,2.3516428644,0.1469881377,0.3786804233,0.0742643647,0.6152364172,3.8968224679,-1.0835648277,0.0663582011,0.0127310104,0.2710160632,3.4633449355,0.2698162188
