Instance,INF_avg,INF_sd,INF_r1,INF_kr,INF_sk,SUP_avg,SUP_sd,SUP_r1,SUP_kr,SUP_sk,INC_avg,INC_sd,INC_r1,INC_kr,INC_sk,IND_avg,IND_sd,IND_r1,IND_kr,IND_sk
instances/A2/asymmetric/20.2.in,0.7234437772,0.0638156896,-0.1330669030,2.7317470684,-0.6752038514,0.0784899866,0.0301471476,-0.0138437958,1.8753550072,0.4272254464,0.1980662362,0.0461202307,-0.0696285363,2.7303000788,0.9418609402,0.0752956501,0.0114410800,0.1293079278,3.8779414725,1.0892549976
