Instance,INF_avg,INF_sd,INF_r1,INF_kr,INF_sk,SUP_avg,SUP_sd,SUP_r1,SUP_kr,SUP_sk,INC_avg,INC_sd,INC_r1,INC_kr,INC_sk,IND_avg,IND_sd,IND_r1,IND_kr,IND_sk
instances/A1/asymmetric/5.6.in,0.3866666667,0.1066666667,-0.3157894737,3.2500000000,1.5000000000,0.0666666667,0.0544331054,0.4230769231,1.1666666667,-0.4082482905,0.5466666667,0.0850272288,-0.5197152245,2.5641404640,-0.4635823444,0.4755555556,0.0938609426,0.3466299862,1.7826720827,-0.1203956419
