Instance,INF_avg,INF_sd,INF_r1,INF_kr,INF_sk,SUP_avg,SUP_sd,SUP_r1,SUP_kr,SUP_sk,INC_avg,INC_sd,INC_r1,INC_kr,INC_sk,IND_avg,IND_sd,IND_r1,IND_kr,IND_sk
instances/A1/asymmetric/20.3.in,0.4623150097,0.0305907216,0.2874174171,2.8772891653,-0.8048711389,0.1676912233,0.0372103032,-0.0773968444,2.7352369613,1.0652253085,0.3699937670,0.0336521983,0.2678618029,2.6229011019,-0.5480788001,0.0783230113,0.0071501100,-0.5695761408,2.4612289223,-0.6293392424
