Instance,INF_avg,INF_sd,INF_r1,INF_kr,INF_sk,SUP_avg,SUP_sd,SUP_r1,SUP_kr,SUP_sk,INC_avg,INC_sd,INC_r1,INC_kr,INC_sk,IND_avg,IND_sd,IND_r1,IND_kr,IND_sk
instances/A2/asymmetric/50.5.in,0.4840000000,0.0182756669,-0.0667086218,3.1041091470,1.3889087439,0.1960000000,0.0233238076,-0.3868889731,2.0081774438,0.5234805159,0.3200000000,0.0170293864,-0.6724137931,1.9054696790,0.0000000000,0.0570000000,0.0060000000,-0.7251461988,1.3981481481,-0.1111111111
