Instance,INF_avg,INF_sd,INF_r1,INF_kr,INF_sk,SUP_avg,SUP_sd,SUP_r1,SUP_kr,SUP_sk,INC_avg,INC_sd,INC_r1,INC_kr,INC_sk,IND_avg,IND_sd,IND_r1,IND_kr,IND_sk
instances/A1/symmetric/8.5.in,0.4365714286,0.0643702442,0.5442784428,1.6062420670,0.2137028536,0.1552380952,0.0254839774,-0.0078662734,2.1412643176,0.8248927518,0.4081904762,0.0640566643,0.4883027771,1.4264596161,0.3212800633,0.1872380952,0.0438327061,-0.2137377013,2.4076300525,0.9187219196
