Instance,INF_avg,INF_sd,INF_r1,INF_kr,INF_sk,SUP_avg,SUP_sd,SUP_r1,SUP_kr,SUP_sk,INC_avg,INC_sd,INC_r1,INC_kr,INC_sk,IND_avg,IND_sd,IND_r1,IND_kr,IND_sk
instances/A2/asymmetric/50.1.in,0.4627777778,0.0762893291,0.6212084751,2.1779879272,-0.0801279594,0.0805555556,0.0445311654,0.9096433289,1.9851370225,-0.1953386953,0.4566666667,0.0464279609,0.1055260693,2.3876607503,0.5455001679,0.0927777778,0.0268339659,0.3430656934,2.5106124707,0.3927708978
