Instance,INF_avg,INF_sd,INF_r1,INF_kr,INF_sk,SUP_avg,SUP_sd,SUP_r1,SUP_kr,SUP_sk,INC_avg,INC_sd,INC_r1,INC_kr,INC_sk,IND_avg,IND_sd,IND_r1,IND_kr,IND_sk
instances/A2/symmetric/8.2.in,0.2418630752,0.0858484989,-0.1510212356,3.0303688191,0.7643207049,0.3058361392,0.1122622017,0.4788978530,1.9688165085,0.4823714419,0.4523007856,0.1116419599,0.4787518990,1.6875134379,-0.0776068855,0.1748035915,0.0235623421,-0.1250000000,3.7335928323,-0.8065078392
