Instance,INF_avg,INF_sd,INF_r1,INF_kr,INF_sk,SUP_avg,SUP_sd,SUP_r1,SUP_kr,SUP_sk,INC_avg,INC_sd,INC_r1,INC_kr,INC_sk,IND_avg,IND_sd,IND_r1,IND_kr,IND_sk
instances/A3/asymmetric/100.2.in,0.3242500000,0.0435739314,0.3620963429,3.8346357783,-0.7112468164,0.1501000000,0.0319294535,0.3909433475,2.6147648895,0.1512714588,0.5256500000,0.0388757958,0.5014377394,3.1973373234,0.4593110174,0.0911000000,0.0218011468,0.5172716356,2.6245638101,0.2000326767
