Instance,INF_avg,INF_sd,INF_r1,INF_kr,INF_sk,SUP_avg,SUP_sd,SUP_r1,SUP_kr,SUP_sk,INC_avg,INC_sd,INC_r1,INC_kr,INC_sk,IND_avg,IND_sd,IND_r1,IND_kr,IND_sk
instances/A1/symmetric/8.1.in,0.4660062696,0.0917708878,0.5768024246,1.5524950375,0.1092752666,0.1684346917,0.0424290182,0.6998020624,2.2448734976,0.6934724426,0.3655590387,0.0605129743,0.3696704654,1.8090065714,0.0083216257,0.2131243469,0.0528107044,-0.3130785854,2.4644120356,-0.6598538220
