Instance,INF_avg,INF_sd,INF_r1,INF_kr,INF_sk,SUP_avg,SUP_sd,SUP_r1,SUP_kr,SUP_sk,INC_avg,INC_sd,INC_r1,INC_kr,INC_sk,IND_avg,IND_sd,IND_r1,IND_kr,IND_sk
instances/A3/asymmetric/8.3.in,0.6172344322,0.1155971703,0.2689918049,2.0036128753,-0.5548086138,0.0400732601,0.0373221069,0.3579683336,1.5377753784,0.2230296204,0.3426923077,0.1145407891,0.1223052668,2.2285478374,0.5577963364,0.2774175824,0.0786613214,0.3457053234,2.2374179565,-0.5482253672
