Instance,INF_avg,INF_sd,INF_r1,INF_kr,INF_sk,SUP_avg,SUP_sd,SUP_r1,SUP_kr,SUP_sk,INC_avg,INC_sd,INC_r1,INC_kr,INC_sk,IND_avg,IND_sd,IND_r1,IND_kr,IND_sk
instances/A2/symmetric/200.1.in,0.7150000000,0.0494974747,0.4820574163,1.9568929613,-0.3686026020,0.1065000000,0.0255978515,0.1126292890,5.3687197046,1.6819002657,0.1785000000,0.0332453004,0.5178982841,2.0421122973,0.5140787794,0.0610000000,0.0070000000,0.4785276074,2.6018325698,0.5160349854
