Instance,INF_avg,INF_sd,INF_r1,INF_kr,INF_sk,SUP_avg,SUP_sd,SUP_r1,SUP_kr,SUP_sk,INC_avg,INC_sd,INC_r1,INC_kr,INC_sk,IND_avg,IND_sd,IND_r1,IND_kr,IND_sk
instances/A3/symmetric/20.2.in,0.7807004778,0.0467370261,-0.1517233719,3.0193287826,1.3091783451,0.0745144132,0.0178568820,0.3405347911,2.4555838725,0.6185472627,0.1447851090,0.0347705586,-0.2117761200,3.0380055986,-1.3153946461,0.0914245420,0.0120180947,0.6889544516,1.2566817258,-0.1759026779
