Instance,INF_avg,INF_sd,INF_r1,INF_kr,INF_sk,SUP_avg,SUP_sd,SUP_r1,SUP_kr,SUP_sk,INC_avg,INC_sd,INC_r1,INC_kr,INC_sk,IND_avg,IND_sd,IND_r1,IND_kr,IND_sk
instances/A1/asymmetric/10.1.in,0.5405555556,0.0522222222,0.1572599164,1.4948852702,-0.0176694952,0.1022222222,0.0215452438,-0.1343612335,2.3587596197,-0.2830922144,0.3572222222,0.0358150255,0.1033434650,1.7837246797,-0.4719827561,0.1111111111,0.0233068633,-0.8333333333,2.8305785124,1.1701586323
