Instance,INF_avg,INF_sd,INF_r1,INF_kr,INF_sk,SUP_avg,SUP_sd,SUP_r1,SUP_kr,SUP_sk,INC_avg,INC_sd,INC_r1,INC_kr,INC_sk,IND_avg,IND_sd,IND_r1,IND_kr,IND_sk
instances/A2/asymmetric/100.6.in,0.5770000000,0.0409389790,0.3100750939,2.4794700987,-0.6422038386,0.1380000000,0.0246170673,0.6958925750,2.0718066856,0.6632281785,0.2850000000,0.0234520788,0.0270270270,2.2619834711,-0.5233108492,0.0730000000,0.0074833148,-0.4502164502,2.1339285714,-0.7301958931
