Instance,INF_avg,INF_sd,INF_r1,INF_kr,INF_sk,SUP_avg,SUP_sd,SUP_r1,SUP_kr,SUP_sk,INC_avg,INC_sd,INC_r1,INC_kr,INC_sk,IND_avg,IND_sd,IND_r1,IND_kr,IND_sk
instances/A1/asymmetric/10.5.in,0.3516280016,0.0678933637,-0.1034842357,1.9537154142,-0.0129265277,0.2137155147,0.0716068745,-0.2053575036,1.8290283521,0.5366256454,0.4346564837,0.0187702142,-0.2323114547,1.8448705757,-0.3615857061,0.1440545449,0.0286361361,-0.1185549311,2.8943672795,0.6698203718
