Instance,INF_avg,INF_sd,INF_r1,INF_kr,INF_sk,SUP_avg,SUP_sd,SUP_r1,SUP_kr,SUP_sk,INC_avg,INC_sd,INC_r1,INC_kr,INC_sk,IND_avg,IND_sd,IND_r1,IND_kr,IND_sk
instances/A3/asymmetric/50.6.in,0.2062500000,0.0681794507,-0.1347517730,2.7442271026,0.9567559103,0.1500000000,0.0750000000,-0.8888888889,2.5185185185,-0.6666666667,0.6437500000,0.0463512405,-0.3302961276,2.7335537190,-0.6913613135,0.3500000000,0.0433012702,0.2000000000,4.0000000000,-1.1547005384
