Instance,INF_avg,INF_sd,INF_r1,INF_kr,INF_sk,SUP_avg,SUP_sd,SUP_r1,SUP_kr,SUP_sk,INC_avg,INC_sd,INC_r1,INC_kr,INC_sk,IND_avg,IND_sd,IND_r1,IND_kr,IND_sk
instances/A3/asymmetric/50.2.in,0.5569603514,0.1824648958,0.9122312736,2.5213344426,0.2882957176,0.0445238095,0.0452283824,0.8942545531,2.7301748262,0.8917018034,0.3985158391,0.1467532076,0.8982871667,3.0721876229,-0.5821278169,0.0771551266,0.0238895336,0.6545381494,4.3889445516,0.9008181377
