Instance,INF_avg,INF_sd,INF_r1,INF_kr,INF_sk,SUP_avg,SUP_sd,SUP_r1,SUP_kr,SUP_sk,INC_avg,INC_sd,INC_r1,INC_kr,INC_sk,IND_avg,IND_sd,IND_r1,IND_kr,IND_sk
instances/A3/symmetric/100.5.in,0.5785000000,0.0505989130,0.5547421971,2.5065014014,-0.4746426990,0.0360000000,0.0109087121,0.5996592845,1.6324412118,-0.2565215122,0.3855000000,0.0453017660,0.3645414107,2.8651565707,0.7688886492,0.0705000000,0.0072284161,0.1862134993,2.4783544333,0.6195643428
