Instance,INF_avg,INF_sd,INF_r1,INF_kr,INF_sk,SUP_avg,SUP_sd,SUP_r1,SUP_kr,SUP_sk,INC_avg,INC_sd,INC_r1,INC_kr,INC_sk,IND_avg,IND_sd,IND_r1,IND_kr,IND_sk
instances/A3/asymmetric/8.6.in,0.5670695971,0.0645050837,0.8693183155,1.7470148456,-0.6197540637,0.0631501832,0.0587258889,0.7528323402,1.6904832810,0.2720059875,0.3697802198,0.0185890669,-0.2682578176,3.0652797491,-1.3535044181,0.3181318681,0.0556708775,0.5185587382,1.4101375630,-0.2994214315
