Instance,INF_avg,INF_sd,INF_r1,INF_kr,INF_sk,SUP_avg,SUP_sd,SUP_r1,SUP_kr,SUP_sk,INC_avg,INC_sd,INC_r1,INC_kr,INC_sk,IND_avg,IND_sd,IND_r1,IND_kr,IND_sk
instances/A2/symmetric/100.2.in,0.3664000000,0.0326655782,-0.1293334935,1.9964483585,0.2923697627,0.2038000000,0.0295391266,0.0245108654,2.8719612279,-0.1504212259,0.4298000000,0.0241031118,-0.2289332657,2.4347646771,0.3823184651,0.0606000000,0.0139513440,-0.0167415639,2.6151911930,0.6718611626
