Instance,INF_avg,INF_sd,INF_r1,INF_kr,INF_sk,SUP_avg,SUP_sd,SUP_r1,SUP_kr,SUP_sk,INC_avg,INC_sd,INC_r1,INC_kr,INC_sk,IND_avg,IND_sd,IND_r1,IND_kr,IND_sk
instances/A1/symmetric/5.1.in,0.0482295482,0.0341443992,0.4449977535,1.5007542631,-0.6992277540,0.1294261294,0.0439645223,-0.4204373241,2.3451647312,0.1971702651,0.8223443223,0.0461887187,-0.0447032307,2.7848285274,0.9534076139,0.3742368742,0.0724054754,0.1924049674,1.8578894153,0.3290061977
