Instance,INF_avg,INF_sd,INF_r1,INF_kr,INF_sk,SUP_avg,SUP_sd,SUP_r1,SUP_kr,SUP_sk,INC_avg,INC_sd,INC_r1,INC_kr,INC_sk,IND_avg,IND_sd,IND_r1,IND_kr,IND_sk
instances/A1/symmetric/8.5.in,0.4518095238,0.0290973813,-0.0579044450,2.2264564152,-0.8804398014,0.0708571429,0.0456253102,0.0359502228,1.7152724941,-0.2758890371,0.4773333333,0.0271146052,0.1037236210,2.4499925889,0.4731419237,0.2480000000,0.0775628777,0.2650146997,1.5707375551,-0.1611748094
