Instance,INF_avg,INF_sd,INF_r1,INF_kr,INF_sk,SUP_avg,SUP_sd,SUP_r1,SUP_kr,SUP_sk,INC_avg,INC_sd,INC_r1,INC_kr,INC_sk,IND_avg,IND_sd,IND_r1,IND_kr,IND_sk
instances/A1/symmetric/8.5.in,0.5029792430,0.0800662257,0.7229884281,1.5795821057,0.4613395254,0.0764428164,0.0386868700,-0.0715734889,2.2254938574,-0.6300054230,0.4205779406,0.0817667711,0.7027036389,1.7838444119,-0.5961661455,0.2337484737,0.0614373163,0.2638288864,2.3701844366,0.3904837684
