Instance,INF_avg,INF_sd,INF_r1,INF_kr,INF_sk,SUP_avg,SUP_sd,SUP_r1,SUP_kr,SUP_sk,INC_avg,INC_sd,INC_r1,INC_kr,INC_sk,IND_avg,IND_sd,IND_r1,IND_kr,IND_sk
instances/A2/asymmetric/50.1.in,0.3928000000,0.0568388951,0.5901924456,3.7528336251,-0.6018282103,0.2221000000,0.0358551252,0.4843280197,4.2758032169,0.0810071110,0.3851000000,0.0420415271,0.5463479127,2.5006735869,0.3372753833,0.0534500000,0.0094258952,0.0025749907,3.3101666738,0.2186530352
