Instance,INF_avg,INF_sd,INF_r1,INF_kr,INF_sk,SUP_avg,SUP_sd,SUP_r1,SUP_kr,SUP_sk,INC_avg,INC_sd,INC_r1,INC_kr,INC_sk,IND_avg,IND_sd,IND_r1,IND_kr,IND_sk
instances/A2/asymmetric/100.4.in,0.3037837838,0.0709530241,-0.2797370862,2.9548405058,-0.1304756652,0.1086486486,0.0545330132,0.1223939200,5.2822426750,1.0214600106,0.5875675676,0.0761721168,-0.2064280724,2.3048259269,0.1334411152,0.1902702703,0.0401676545,-0.1561983019,2.5034794148,-0.1799090331
