Instance,INF_avg,INF_sd,INF_r1,INF_kr,INF_sk,SUP_avg,SUP_sd,SUP_r1,SUP_kr,SUP_sk,INC_avg,INC_sd,INC_r1,INC_kr,INC_sk,IND_avg,IND_sd,IND_r1,IND_kr,IND_sk
instances/A3/symmetric/8.5.in,0.4687401487,0.1359824128,0.4547705951,2.3631787924,0.3620815665,0.1176319976,0.0752923874,0.7615485244,1.8210703415,0.0594132675,0.4136278536,0.0738340134,-0.0436070003,2.3441926444,-0.5194802155,0.2346586747,0.0402147101,0.0322034855,4.5206892174,1.2421294930
