Instance,INF_avg,INF_sd,INF_r1,INF_kr,INF_sk,SUP_avg,SUP_sd,SUP_r1,SUP_kr,SUP_sk,INC_avg,INC_sd,INC_r1,INC_kr,INC_sk,IND_avg,IND_sd,IND_r1,IND_kr,IND_sk
instances/A3/symmetric/10.1.in,0.0572727273,0.0571951027,0.2723523435,1.2876440826,0.2929207491,0.2585314685,0.0711438714,0.4755038904,1.5702175141,0.2087344553,0.6841958042,0.0469430304,-0.4702589772,2.6501262433,-0.7068557782,0.1635664336,0.0215656898,-0.5852395318,1.4826517028,-0.0076770951
