Instance,INF_avg,INF_sd,INF_r1,INF_kr,INF_sk,SUP_avg,SUP_sd,SUP_r1,SUP_kr,SUP_sk,INC_avg,INC_sd,INC_r1,INC_kr,INC_sk,IND_avg,IND_sd,IND_r1,IND_kr,IND_sk
instances/A1/asymmetric/20.4.in,0.2431000000,0.0754247307,0.6321729911,2.7117823118,0.3358465222,0.2115000000,0.0641969625,0.6463883574,2.7583878580,0.1782446661,0.5454000000,0.0471894056,0.3915815483,2.2333274681,0.1265446895,0.0621000000,0.0122102416,0.5956938474,2.2559003729,-0.4427691529
