Instance,INF_avg,INF_sd,INF_r1,INF_kr,INF_sk,SUP_avg,SUP_sd,SUP_r1,SUP_kr,SUP_sk,INC_avg,INC_sd,INC_r1,INC_kr,INC_sk,IND_avg,IND_sd,IND_r1,IND_kr,IND_sk
instances/A3/symmetric/100.6.in,0.2608000000,0.0402288454,0.4078650119,2.6353516414,-0.2443688821,0.1592000000,0.0266900731,0.3194292363,3.0432615815,-0.0002537219,0.5800000000,0.0348711915,0.0785209805,2.7681556765,-0.0413882209,0.0814000000,0.0222045040,0.2583379175,2.9575436432,0.0412404105
