Instance,INF_avg,INF_sd,INF_r1,INF_kr,INF_sk,SUP_avg,SUP_sd,SUP_r1,SUP_kr,SUP_sk,INC_avg,INC_sd,INC_r1,INC_kr,INC_sk,IND_avg,IND_sd,IND_r1,IND_kr,IND_sk
instances/A1/asymmetric/20.2.in,0.6530875978,0.1447222169,0.8037119667,2.2258723292,-0.5738091116,0.0460550861,0.0624950751,0.7716153720,3.6089336549,1.4384732419,0.3008573161,0.0944120514,0.6978436333,1.8072532603,-0.0523452490,0.1022449524,0.0289521506,0.2744466354,2.4628664994,-0.0501450947
