Instance,INF_avg,INF_sd,INF_r1,INF_kr,INF_sk,SUP_avg,SUP_sd,SUP_r1,SUP_kr,SUP_sk,INC_avg,INC_sd,INC_r1,INC_kr,INC_sk,IND_avg,IND_sd,IND_r1,IND_kr,IND_sk
instances/A2/asymmetric/20.4.in,0.5104996083,0.0283478918,0.0342816235,1.9126605068,0.6472504930,0.1947071093,0.0199602052,-0.4974318569,1.6480299778,0.5854201760,0.2947932824,0.0295733394,0.7121940853,1.2761879351,0.0492439141,0.0589377203,0.0131873166,0.4207197803,1.1818177936,0.3757823823
