Instance,INF_avg,INF_sd,INF_r1,INF_kr,INF_sk,SUP_avg,SUP_sd,SUP_r1,SUP_kr,SUP_sk,INC_avg,INC_sd,INC_r1,INC_kr,INC_sk,IND_avg,IND_sd,IND_r1,IND_kr,IND_sk
instances/A2/symmetric/8.2.in,0.4362167488,0.0859272729,0.4933183762,1.7515083379,0.3245045440,0.2242889984,0.0742378798,-0.0024569679,2.2366922090,-0.6771270803,0.3394942529,0.0335015652,-0.1320562547,2.4166175779,-0.7389358470,0.1816880131,0.0346068148,-0.3415666575,1.9703750888,0.4383331345
