Instance,INF_avg,INF_sd,INF_r1,INF_kr,INF_sk,SUP_avg,SUP_sd,SUP_r1,SUP_kr,SUP_sk,INC_avg,INC_sd,INC_r1,INC_kr,INC_sk,IND_avg,IND_sd,IND_r1,IND_kr,IND_sk
instances/A1/symmetric/50.2.in,0.5117647059,0.1716437931,0.9230824615,2.2711706651,0.5398258327,0.0670588235,0.0335655120,0.5841911418,2.7460141625,0.0317775020,0.4211764706,0.1439723157,0.8922753047,2.1718960807,-0.5182423872,0.1458823529,0.0289134252,0.1234709043,3.0015569493,-0.4046037652
