Instance,INF_avg,INF_sd,INF_r1,INF_kr,INF_sk,SUP_avg,SUP_sd,SUP_r1,SUP_kr,SUP_sk,INC_avg,INC_sd,INC_r1,INC_kr,INC_sk,IND_avg,IND_sd,IND_r1,IND_kr,IND_sk
instances/A2/symmetric/8.6.in,0.6113553114,0.0807723455,0.0944209101,1.9785170569,-0.5498413540,0.0842490842,0.0397397915,-0.5581693755,1.5185724835,0.2739397852,0.3043956044,0.0517041758,0.6020702815,1.8460845149,0.0439324052,0.2010989011,0.0305679796,0.0694999823,1.7529598351,-0.2144575897
