Instance,INF_avg,INF_sd,INF_r1,INF_kr,INF_sk,SUP_avg,SUP_sd,SUP_r1,SUP_kr,SUP_sk,INC_avg,INC_sd,INC_r1,INC_kr,INC_sk,IND_avg,IND_sd,IND_r1,IND_kr,IND_sk
instances/A2/symmetric/50.4.in,0.3881000000,0.0643885859,0.8192140174,2.1889996192,-0.1815674550,0.1937000000,0.0475742577,0.7970333180,2.6299117165,0.2040775124,0.4182000000,0.0349679854,0.5170633263,3.5166244312,0.5174825450,0.0569500000,0.0135627247,0.4209824279,3.0635727497,0.6524463435
