Instance,INF_avg,INF_sd,INF_r1,INF_kr,INF_sk,SUP_avg,SUP_sd,SUP_r1,SUP_kr,SUP_sk,INC_avg,INC_sd,INC_r1,INC_kr,INC_sk,IND_avg,IND_sd,IND_r1,IND_kr,IND_sk
instances/A1/asymmetric/5.5.in,0.2074074074,0.1666872415,0.4705005466,1.9272430364,0.0583021364,0.2666666667,0.1324300680,0.3964301454,1.5487291016,0.0310078725,0.5259259259,0.0836003951,0.2495520248,1.7808300774,0.0874962844,0.3654320988,0.0803275948,0.1527567495,2.3016208070,-0.2525801328
