Instance,INF_avg,INF_sd,INF_r1,INF_kr,INF_sk,SUP_avg,SUP_sd,SUP_r1,SUP_kr,SUP_sk,INC_avg,INC_sd,INC_r1,INC_kr,INC_sk,IND_avg,IND_sd,IND_r1,IND_kr,IND_sk
instances/A1/symmetric/8.3.in,0.4847374847,0.0796840851,0.3644473542,2.1631719115,-0.1934335668,0.1414407814,0.0574465802,-0.7575930416,2.0394669389,0.1467475784,0.3738217338,0.0667224695,0.4581577790,2.0801843660,0.3998224850,0.2051363451,0.0452924039,0.1302406810,2.2758615723,-0.0214251095
