Instance,INF_avg,INF_sd,INF_r1,INF_kr,INF_sk,SUP_avg,SUP_sd,SUP_r1,SUP_kr,SUP_sk,INC_avg,INC_sd,INC_r1,INC_kr,INC_sk,IND_avg,IND_sd,IND_r1,IND_kr,IND_sk
instances/A2/symmetric/8.6.in,0.4082806083,0.1721160634,0.6672821918,2.3613961999,0.4255165979,0.2320457320,0.1569743892,0.5578006779,2.4405958869,0.7803261743,0.3596736597,0.0820851952,0.1902202105,2.2458445474,-0.3901362657,0.2109853110,0.0266976079,0.0349687991,2.7537228168,-0.7781708858
