Instance,INF_avg,INF_sd,INF_r1,INF_kr,INF_sk,SUP_avg,SUP_sd,SUP_r1,SUP_kr,SUP_sk,INC_avg,INC_sd,INC_r1,INC_kr,INC_sk,IND_avg,IND_sd,IND_r1,IND_kr,IND_sk
instances/A2/asymmetric/5.1.in,0.5481481481,0.0901150004,-0.0448065173,3.8557341125,-1.5473499278,0.0771604938,0.1212770537,-0.1216542751,2.7802390668,1.1995469138,0.3746913580,0.0582736974,-0.2756271169,5.2889097749,-1.9337305427,0.4345679012,0.0943455465,-0.0414521337,2.4033946331,0.9017948869
