Instance,INF_avg,INF_sd,INF_r1,INF_kr,INF_sk,SUP_avg,SUP_sd,SUP_r1,SUP_kr,SUP_sk,INC_avg,INC_sd,INC_r1,INC_kr,INC_sk,IND_avg,IND_sd,IND_r1,IND_kr,IND_sk
instances/A3/asymmetric/50.3.in,0.3768000000,0.0774322930,0.5785095697,2.4506108637,0.3511397751,0.1290000000,0.0512249939,0.7875336330,1.7754980992,-0.0331214552,0.4942000000,0.0537806657,0.4237552117,2.1374588831,-0.2047714576,0.0757000000,0.0184664561,0.4008197354,2.0091509971,-0.0967032226
