Instance,INF_avg,INF_sd,INF_r1,INF_kr,INF_sk,SUP_avg,SUP_sd,SUP_r1,SUP_kr,SUP_sk,INC_avg,INC_sd,INC_r1,INC_kr,INC_sk,IND_avg,IND_sd,IND_r1,IND_kr,IND_sk
instances/A3/asymmetric/100.6.in,0.2979000000,0.0370552291,0.3110728475,3.1049967465,-0.1403842161,0.1219000000,0.0287383020,0.2268512498,3.7450663395,0.5105638641,0.5802000000,0.0374827961,0.4009879892,2.5140070493,-0.4591178163,0.0777000000,0.0158180277,0.0513404295,3.6062288741,0.6824742047
