Instance,INF_avg,INF_sd,INF_r1,INF_kr,INF_sk,SUP_avg,SUP_sd,SUP_r1,SUP_kr,SUP_sk,INC_avg,INC_sd,INC_r1,INC_kr,INC_sk,IND_avg,IND_sd,IND_r1,IND_kr,IND_sk
instances/A3/asymmetric/50.2.in,0.4925000000,0.0246221445,0.0815273478,3.4568817090,1.2862447090,0.0740000000,0.0362491379,0.5469209602,3.6947624111,1.4427047553,0.4335000000,0.0382785841,0.9141239584,1.5782140372,-0.5743773176,0.0720000000,0.0120830460,0.4774590164,2.5896978795,0.0374123210
