Instance,INF_avg,INF_sd,INF_r1,INF_kr,INF_sk,SUP_avg,SUP_sd,SUP_r1,SUP_kr,SUP_sk,INC_avg,INC_sd,INC_r1,INC_kr,INC_sk,IND_avg,IND_sd,IND_r1,IND_kr,IND_sk
instances/A3/symmetric/100.5.in,0.4787000000,0.0685405719,0.7022133392,2.1710207824,-0.1880919722,0.0963000000,0.0305091789,0.7634733275,3.2206083941,0.8472404099,0.4250000000,0.0476130234,0.5517317450,2.5089024960,0.0555870940,0.0681000000,0.0121610032,0.3723469721,2.0798296104,0.2793075218
