Instance,INF_avg,INF_sd,INF_r1,INF_kr,INF_sk,SUP_avg,SUP_sd,SUP_r1,SUP_kr,SUP_sk,INC_avg,INC_sd,INC_r1,INC_kr,INC_sk,IND_avg,IND_sd,IND_r1,IND_kr,IND_sk
instances/A3/symmetric/20.1.in,0.4288702730,0.0444940706,0.0363386751,2.4750571975,0.5810707442,0.0572374390,0.0099132151,0.2623440354,1.6211122729,-0.1205769129,0.5138922880,0.0419519648,0.1039264274,2.1659377131,-0.6480390047,0.0726161835,0.0140161707,0.0701756009,1.9660077273,-0.7082387727
