Instance,INF_avg,INF_sd,INF_r1,INF_kr,INF_sk,SUP_avg,SUP_sd,SUP_r1,SUP_kr,SUP_sk,INC_avg,INC_sd,INC_r1,INC_kr,INC_sk,IND_avg,IND_sd,IND_r1,IND_kr,IND_sk
instances/A3/asymmetric/8.3.in,0.0055555556,0.0111111111,-0.0526315789,3.2500000000,1.5000000000,0.2944444444,0.0515201028,0.0813648294,2.9694429421,-1.2864700617,0.7000000000,0.0408248290,0.1239316239,2.8127572016,1.1642636432,0.2555555556,0.0272165527,0.0336134454,2.7291666667,0.8675276172
