Instance,INF_avg,INF_sd,INF_r1,INF_kr,INF_sk,SUP_avg,SUP_sd,SUP_r1,SUP_kr,SUP_sk,INC_avg,INC_sd,INC_r1,INC_kr,INC_sk,IND_avg,IND_sd,IND_r1,IND_kr,IND_sk
instances/A1/asymmetric/10.2.in,0.7556855101,0.0239448028,-0.6138686131,1.5000000000,0.6930738653,0.0597790773,0.0441462969,-0.9101040119,1.5000000000,-0.4517621566,0.1845354126,0.0214916639,-0.9994054697,1.5000000000,-0.0453229182,0.2144249513,0.0055135032,-0.2000000000,1.5000000000,0.7071067812
