Instance,INF_avg,INF_sd,INF_r1,INF_kr,INF_sk,SUP_avg,SUP_sd,SUP_r1,SUP_kr,SUP_sk,INC_avg,INC_sd,INC_r1,INC_kr,INC_sk,IND_avg,IND_sd,IND_r1,IND_kr,IND_sk
instances/A1/symmetric/100.3.in,0.6731111111,0.2133418980,0.9744248969,1.4568017283,0.1356932896,0.0424444444,0.0525845586,0.7937963531,3.8964257972,1.2862063994,0.2844444444,0.1737885760,0.9787461838,1.4996445639,-0.3003219195,0.0980000000,0.0391350937,0.8402189827,2.4044213871,-0.7107840139
