Instance,INF_avg,INF_sd,INF_r1,INF_kr,INF_sk,SUP_avg,SUP_sd,SUP_r1,SUP_kr,SUP_sk,INC_avg,INC_sd,INC_r1,INC_kr,INC_sk,IND_avg,IND_sd,IND_r1,IND_kr,IND_sk
instances/A2/asymmetric/8.1.in,0.1666666667,0.0765780486,-0.2941176471,2.5000000000,0.8591166120,0.4000000000,0.0922958207,-0.3583815029,2.9034341525,-1.2352635360,0.4333333333,0.0222222222,-0.7605633803,2.0781250000,0.8437500000,0.1444444444,0.0408248290,-0.7114093960,1.5781893004,-0.3477670622
