Instance,INF_avg,INF_sd,INF_r1,INF_kr,INF_sk,SUP_avg,SUP_sd,SUP_r1,SUP_kr,SUP_sk,INC_avg,INC_sd,INC_r1,INC_kr,INC_sk,IND_avg,IND_sd,IND_r1,IND_kr,IND_sk
instances/A3/symmetric/200.3.in,0.2872000000,0.0315857563,0.0834233510,5.0796377136,0.6987783664,0.1563500000,0.0289210563,0.3652893145,2.5622894647,0.1957910882,0.5564500000,0.0349449209,0.0388301771,2.8332957281,-0.3082469054,0.0941500000,0.0199004397,0.3630623659,3.1477960403,-0.1057293385
