Instance,INF_avg,INF_sd,INF_r1,INF_kr,INF_sk,SUP_avg,SUP_sd,SUP_r1,SUP_kr,SUP_sk,INC_avg,INC_sd,INC_r1,INC_kr,INC_sk,IND_avg,IND_sd,IND_r1,IND_kr,IND_sk
instances/A3/asymmetric/8.4.in,0.5141428571,0.1234301514,0.4609356118,1.1753656627,-0.3956698328,0.1059047619,0.0534502121,-0.0727001694,3.1568302477,-1.4319014264,0.3799523810,0.1157638930,0.2581435356,1.2940598624,0.0216855266,0.2881428571,0.0470779736,-0.1667727335,2.6935728127,0.9203559699
