Instance,INF_avg,INF_sd,INF_r1,INF_kr,INF_sk,SUP_avg,SUP_sd,SUP_r1,SUP_kr,SUP_sk,INC_avg,INC_sd,INC_r1,INC_kr,INC_sk,IND_avg,IND_sd,IND_r1,IND_kr,IND_sk
instances/A2/symmetric/10.5.in,0.6435790789,0.0324622775,-0.0927544650,2.5816795649,1.0067026749,0.0815195698,0.0312705456,-0.8853074114,1.4904566804,-0.0737154516,0.2749013514,0.0272471953,0.6740357754,1.5617757948,-0.0853018672,0.1528710940,0.0363158995,0.6127593958,2.3658618927,-0.7706423419
