Instance,INF_avg,INF_sd,INF_r1,INF_kr,INF_sk,SUP_avg,SUP_sd,SUP_r1,SUP_kr,SUP_sk,INC_avg,INC_sd,INC_r1,INC_kr,INC_sk,IND_avg,IND_sd,IND_r1,IND_kr,IND_sk
instances/A3/asymmetric/8.5.in,0.1290684624,0.0779648919,0.5811645182,1.8507232510,-0.2270158005,0.1080246914,0.0632353551,0.0910249681,1.8453603784,0.7735450103,0.7629068462,0.0741548042,0.2398312681,2.5851675440,0.7676760534,0.2842312009,0.0368281358,-0.0331117844,1.5075065300,0.3683462136
