Instance,INF_avg,INF_sd,INF_r1,INF_kr,INF_sk,SUP_avg,SUP_sd,SUP_r1,SUP_kr,SUP_sk,INC_avg,INC_sd,INC_r1,INC_kr,INC_sk,IND_avg,IND_sd,IND_r1,IND_kr,IND_sk
instances/A1/asymmetric/200.3.in,0.3235294118,0.0964329195,-0.1816374168,3.1604984316,0.4997981051,0.1397058824,0.0539327083,-0.0337556191,2.7364668813,-0.7093904526,0.5367647059,0.0980012181,-0.2026266789,2.5819218688,-0.3774937515,0.3132352941,0.0860136989,-0.0544822758,2.4252749303,0.3840034592
