Instance,INF_avg,INF_sd,INF_r1,INF_kr,INF_sk,SUP_avg,SUP_sd,SUP_r1,SUP_kr,SUP_sk,INC_avg,INC_sd,INC_r1,INC_kr,INC_sk,IND_avg,IND_sd,IND_r1,IND_kr,IND_sk
instances/A1/asymmetric/10.5.in,0.4303613054,0.0604918459,-0.3745750741,2.1694236664,0.1008483394,0.2573620824,0.0688757327,0.1900124481,2.2654188232,0.6926047237,0.3122766123,0.0922928681,0.8417020875,1.5512993508,0.4607779948,0.1958974359,0.0285888812,-0.6178096561,2.7011408765,1.1620183248
