Instance,INF_avg,INF_sd,INF_r1,INF_kr,INF_sk,SUP_avg,SUP_sd,SUP_r1,SUP_kr,SUP_sk,INC_avg,INC_sd,INC_r1,INC_kr,INC_sk,IND_avg,IND_sd,IND_r1,IND_kr,IND_sk
instances/A1/asymmetric/20.5.in,0.4954586905,0.0469457820,0.3599465656,2.1033929847,0.8558224786,0.1756325256,0.0244441710,-0.0821547584,2.7890969836,-1.0090891456,0.3289087840,0.0287919726,0.3400848315,1.2845141165,-0.1631882280,0.0542943600,0.0063632960,-0.6635897071,2.1832687634,-0.2910248033
