Instance,INF_avg,INF_sd,INF_r1,INF_kr,INF_sk,SUP_avg,SUP_sd,SUP_r1,SUP_kr,SUP_sk,INC_avg,INC_sd,INC_r1,INC_kr,INC_sk,IND_avg,IND_sd,IND_r1,IND_kr,IND_sk
instances/A3/symmetric/20.6.in,0.7355070455,0.0436710335,0.6497255522,1.2923362407,-0.1757644112,0.0192735043,0.0118526394,0.3740933008,1.7220504138,-0.6064140512,0.2452194502,0.0359865592,0.5046274201,1.3384317930,0.1908477701,0.0855636406,0.0238186097,0.0934679924,2.2823452124,-0.0902567532
