Instance,INF_avg,INF_sd,INF_r1,INF_kr,INF_sk,SUP_avg,SUP_sd,SUP_r1,SUP_kr,SUP_sk,INC_avg,INC_sd,INC_r1,INC_kr,INC_sk,IND_avg,IND_sd,IND_r1,IND_kr,IND_sk
instances/A1/asymmetric/50.6.in,0.3470000000,0.0343656806,0.7890257956,1.3732582141,-0.3306323215,0.1955000000,0.0415000000,0.7774257948,1.9044992553,-0.3308364828,0.4575000000,0.0293470612,0.4202004626,2.0296237158,-0.7017760717,0.0780000000,0.0188679623,0.2864712116,1.3985134453,0.0102724514
