Instance,INF_avg,INF_sd,INF_r1,INF_kr,INF_sk,SUP_avg,SUP_sd,SUP_r1,SUP_kr,SUP_sk,INC_avg,INC_sd,INC_r1,INC_kr,INC_sk,IND_avg,IND_sd,IND_r1,IND_kr,IND_sk
instances/A3/asymmetric/20.6.in,0.6926517878,0.0528368585,0.5057225045,2.3615430959,-0.1950116350,0.0729528132,0.0338038035,0.6501524605,2.2662755863,-0.0284334224,0.2343953990,0.0368210458,0.0081393091,2.0689102551,0.4282483927,0.1009998331,0.0321288932,0.1840589026,4.0217726098,1.3117243563
