Instance,INF_avg,INF_sd,INF_r1,INF_kr,INF_sk,SUP_avg,SUP_sd,SUP_r1,SUP_kr,SUP_sk,INC_avg,INC_sd,INC_r1,INC_kr,INC_sk,IND_avg,IND_sd,IND_r1,IND_kr,IND_sk
instances/A1/symmetric/10.2.in,0.4017019488,0.1013922408,0.3342874024,2.3326423756,-0.9558702734,0.1034773163,0.0323810249,0.0317774386,2.7254865312,0.9680728369,0.4948207348,0.0729204889,0.3479351731,1.8911384177,0.7293231675,0.1594153466,0.0187108283,0.0686744207,1.4301648952,0.0743396225
