Instance,INF_avg,INF_sd,INF_r1,INF_kr,INF_sk,SUP_avg,SUP_sd,SUP_r1,SUP_kr,SUP_sk,INC_avg,INC_sd,INC_r1,INC_kr,INC_sk,IND_avg,IND_sd,IND_r1,IND_kr,IND_sk
instances/A1/symmetric/10.2.in,0.4833831936,0.1281319062,0.6175905878,3.1426163146,-0.4389634003,0.1005217722,0.0273581681,0.0155589736,3.5842649772,1.1138304879,0.4160950342,0.1104476172,0.6925778238,2.5397911822,0.1397426471,0.1620813896,0.0212623004,0.1078904588,1.7243080748,-0.5222516707
