Instance,INF_avg,INF_sd,INF_r1,INF_kr,INF_sk,SUP_avg,SUP_sd,SUP_r1,SUP_kr,SUP_sk,INC_avg,INC_sd,INC_r1,INC_kr,INC_sk,IND_avg,IND_sd,IND_r1,IND_kr,IND_sk
instances/A3/asymmetric/20.5.in,0.7936977058,0.0399623284,0.5175513829,1.5103411049,0.0358598519,0.0345479082,0.0290396279,-0.3861973502,1.2984997676,-0.2276514554,0.1717543860,0.0293086714,0.1828674718,1.5444543121,-0.2631958727,0.1336977058,0.0394341036,-0.1919138049,2.0515385953,0.5487580021
