Instance,INF_avg,INF_sd,INF_r1,INF_kr,INF_sk,SUP_avg,SUP_sd,SUP_r1,SUP_kr,SUP_sk,INC_avg,INC_sd,INC_r1,INC_kr,INC_sk,IND_avg,IND_sd,IND_r1,IND_kr,IND_sk
instances/A3/symmetric/50.5.in,0.3320000000,0.0150332964,0.1030195382,2.0385699742,0.0988955201,0.1180000000,0.0213541565,-0.7590260285,1.7596375808,-0.2778948691,0.5500000000,0.0301662063,-0.6165413534,1.3841927303,0.0928919526,0.0600000000,0.0044721360,-0.6666666667,1.2500000000,0.0000000000
