Instance,INF_avg,INF_sd,INF_r1,INF_kr,INF_sk,SUP_avg,SUP_sd,SUP_r1,SUP_kr,SUP_sk,INC_avg,INC_sd,INC_r1,INC_kr,INC_sk,IND_avg,IND_sd,IND_r1,IND_kr,IND_sk
instances/A3/asymmetric/100.4.in,0.5215000000,0.0609938521,0.4565568565,2.7541589457,-0.5466074651,0.0590000000,0.0181383571,0.6489468405,2.6337247439,1.0285680673,0.4195000000,0.0454120028,0.2739769761,2.7587057908,0.1185893533,0.0640000000,0.0113578167,-0.0765550239,3.2736614386,0.8108338579
