Instance,INF_avg,INF_sd,INF_r1,INF_kr,INF_sk,SUP_avg,SUP_sd,SUP_r1,SUP_kr,SUP_sk,INC_avg,INC_sd,INC_r1,INC_kr,INC_sk,IND_avg,IND_sd,IND_r1,IND_kr,IND_sk
instances/A3/asymmetric/5.2.in,0.4755555556,0.0622222222,-0.3157894737,3.2500000000,1.5000000000,0.0666666667,0.0544331054,-0.9230769231,1.1666666667,-0.4082482905,0.4577777778,0.0518306835,-0.0804769001,2.8445069204,1.0554729100,0.4533333333,0.0850272288,-0.8619436876,2.5641404640,0.4635823444
