Instance,INF_avg,INF_sd,INF_r1,INF_kr,INF_sk,SUP_avg,SUP_sd,SUP_r1,SUP_kr,SUP_sk,INC_avg,INC_sd,INC_r1,INC_kr,INC_sk,IND_avg,IND_sd,IND_r1,IND_kr,IND_sk
instances/A1/asymmetric/50.5.in,0.2857500000,0.0735981488,0.6530678391,2.4581238811,-0.4189409131,0.1911000000,0.0354371274,0.5784302722,2.5026620766,0.2162183856,0.5231500000,0.0551436986,0.5798022451,2.4335309131,0.3421149059,0.0791500000,0.0115337548,0.1072294948,2.4820838889,-0.0465459456
