Instance,INF_avg,INF_sd,INF_r1,INF_kr,INF_sk,SUP_avg,SUP_sd,SUP_r1,SUP_kr,SUP_sk,INC_avg,INC_sd,INC_r1,INC_kr,INC_sk,IND_avg,IND_sd,IND_r1,IND_kr,IND_sk
instances/A3/asymmetric/100.1.in,0.2891000000,0.0546140092,0.4154444005,7.9886011988,-2.0662087848,0.1348000000,0.0233229501,0.2821206673,2.7851284046,-0.0858073057,0.5761000000,0.0503417322,0.3412058918,5.6741219167,1.3529336099,0.0869000000,0.0163061338,-0.2313118183,3.1577184292,0.8291900906
