Instance,INF_avg,INF_sd,INF_r1,INF_kr,INF_sk,SUP_avg,SUP_sd,SUP_r1,SUP_kr,SUP_sk,INC_avg,INC_sd,INC_r1,INC_kr,INC_sk,IND_avg,IND_sd,IND_r1,IND_kr,IND_sk
instances/A2/symmetric/5.2.in,0.2800000000,0.1066666667,-0.0526315789,3.2500000000,-1.5000000000,0.2533333333,0.1423610434,-0.0327198364,3.1057248384,1.3703729243,0.4666666667,0.0421637021,0.0000000000,2.5000000000,0.0000000000,0.3466666667,0.0266666667,-0.3157894737,3.2500000000,1.5000000000
