Instance,INF_avg,INF_sd,INF_r1,INF_kr,INF_sk,SUP_avg,SUP_sd,SUP_r1,SUP_kr,SUP_sk,INC_avg,INC_sd,INC_r1,INC_kr,INC_sk,IND_avg,IND_sd,IND_r1,IND_kr,IND_sk
instances/A3/asymmetric/5.5.in,0.2000000000,0.1247219129,0.5588235294,1.8469387755,-0.3436215967,0.2433333333,0.1167671525,0.0861753892,1.5282642437,0.2870089673,0.5566666667,0.1621765537,0.1751804456,2.8299865040,1.1933918673,0.4411111111,0.0819213715,-0.6754484522,2.4286828713,0.5658195104
