Instance,INF_avg,INF_sd,INF_r1,INF_kr,INF_sk,SUP_avg,SUP_sd,SUP_r1,SUP_kr,SUP_sk,INC_avg,INC_sd,INC_r1,INC_kr,INC_sk,IND_avg,IND_sd,IND_r1,IND_kr,IND_sk
instances/A1/symmetric/10.4.in,0.6485570068,0.0486500931,0.2202169926,2.2912790725,-0.0437859083,0.0226829701,0.0334613979,0.3943761225,2.3157564928,0.9755789530,0.3287600231,0.0381095479,-0.6360554522,2.1869767906,-0.7601948999,0.1909775429,0.0585962457,0.0738202463,3.2697536156,1.0942673565
