Instance,INF_avg,INF_sd,INF_r1,INF_kr,INF_sk,SUP_avg,SUP_sd,SUP_r1,SUP_kr,SUP_sk,INC_avg,INC_sd,INC_r1,INC_kr,INC_sk,IND_avg,IND_sd,IND_r1,IND_kr,IND_sk
instances/A3/symmetric/20.1.in,0.6760017028,0.0351720444,0.2978644600,2.4375315386,0.9007862006,0.0577885380,0.0130285657,0.3675706540,1.4748350319,-0.0333596212,0.2662097591,0.0240938354,0.1263372090,3.0190867129,-1.3266584065,0.0852090391,0.0096742460,-0.3668666699,1.8339339574,0.5690280134
