Instance,INF_avg,INF_sd,INF_r1,INF_kr,INF_sk,SUP_avg,SUP_sd,SUP_r1,SUP_kr,SUP_sk,INC_avg,INC_sd,INC_r1,INC_kr,INC_sk,IND_avg,IND_sd,IND_r1,IND_kr,IND_sk
instances/A2/asymmetric/200.4.in,0.3133500000,0.0412495758,0.1565815700,2.4866696771,0.2167173542,0.2109500000,0.0340124610,0.2487879769,3.2734935471,0.1872654612,0.4757000000,0.0355458858,-0.0635850009,2.4172496863,0.2176736566,0.0657000000,0.0122886126,0.1346884632,2.3425338807,-0.1252700195
