Instance,INF_avg,INF_sd,INF_r1,INF_kr,INF_sk,SUP_avg,SUP_sd,SUP_r1,SUP_kr,SUP_sk,INC_avg,INC_sd,INC_r1,INC_kr,INC_sk,IND_avg,IND_sd,IND_r1,IND_kr,IND_sk
instances/A1/asymmetric/20.4.in,0.7287661412,0.0457883389,0.8006375171,1.2572561859,-0.2765234238,0.0547426026,0.0407779505,0.8870187487,1.2981432335,0.0694052445,0.2164912561,0.0103433693,0.5153216057,1.5239998563,-0.2114824693,0.0987267142,0.0312157386,0.1114584194,4.7287106619,1.6621336504
