Instance,INF_avg,INF_sd,INF_r1,INF_kr,INF_sk,SUP_avg,SUP_sd,SUP_r1,SUP_kr,SUP_sk,INC_avg,INC_sd,INC_r1,INC_kr,INC_sk,IND_avg,IND_sd,IND_r1,IND_kr,IND_sk
instances/A3/symmetric/200.3.in,0.2875000000,0.1399776768,0.0373126395,4.2677212823,0.6879087311,0.1137500000,0.1045750329,0.1098526391,3.1790714453,0.7727989313,0.5987500000,0.1520639257,0.0884477391,3.6399914952,-0.5547928406,0.4862500000,0.1222126732,0.1529375006,2.2855369980,0.3047107269
