Instance,INF_avg,INF_sd,INF_r1,INF_kr,INF_sk,SUP_avg,SUP_sd,SUP_r1,SUP_kr,SUP_sk,INC_avg,INC_sd,INC_r1,INC_kr,INC_sk,IND_avg,IND_sd,IND_r1,IND_kr,IND_sk
instances/A2/asymmetric/8.2.in,0.2561728395,0.1205680555,0.0884083320,1.1912288356,0.2729328138,0.3827160494,0.1503184650,0.5603903103,1.3434113278,-0.1936568144,0.3611111111,0.0614189776,0.5142857143,1.8780991736,0.6167277503,0.1234567901,0.0349188534,-0.2817904374,2.5568847656,0.7968761968
