Instance,INF_avg,INF_sd,INF_r1,INF_kr,INF_sk,SUP_avg,SUP_sd,SUP_r1,SUP_kr,SUP_sk,INC_avg,INC_sd,INC_r1,INC_kr,INC_sk,IND_avg,IND_sd,IND_r1,IND_kr,IND_sk
instances/A2/asymmetric/8.2.in,0.2000000000,0.1088662108,-0.3729849917,3.1991373698,1.4647502140,0.4777777778,0.1045271540,-0.0825325042,2.8137029589,-1.2143286723,0.3222222222,0.0333333333,-0.2500000000,3.2500000000,1.5000000000,0.1277777778,0.0333333333,-0.3157894737,3.2500000000,1.5000000000
