Instance,INF_avg,INF_sd,INF_r1,INF_kr,INF_sk,SUP_avg,SUP_sd,SUP_r1,SUP_kr,SUP_sk,INC_avg,INC_sd,INC_r1,INC_kr,INC_sk,IND_avg,IND_sd,IND_r1,IND_kr,IND_sk
instances/A3/symmetric/50.4.in,0.3540000000,0.0532353266,0.4314597207,3.5304917254,0.0120501960,0.1306000000,0.0309295975,0.7593636936,3.4299963109,0.8345418064,0.5154000000,0.0396212064,0.0795099419,3.9245018834,-0.7314250248,0.0688000000,0.0228595713,0.6520775916,1.3638941164,0.2555727779
