Instance,INF_avg,INF_sd,INF_r1,INF_kr,INF_sk,SUP_avg,SUP_sd,SUP_r1,SUP_kr,SUP_sk,INC_avg,INC_sd,INC_r1,INC_kr,INC_sk,IND_avg,IND_sd,IND_r1,IND_kr,IND_sk
instances/A1/symmetric/200.3.in,0.3100000000,0.0523641098,0.2090310442,3.2070020286,-0.4876642629,0.1868000000,0.0308019480,0.1839298646,2.8411332172,0.2987601533,0.5032000000,0.0468482657,0.3724445411,2.6117862101,0.3806873143,0.0735000000,0.0160078106,-0.1840128022,3.7471343248,0.6421255630
