Instance,INF_avg,INF_sd,INF_r1,INF_kr,INF_sk,SUP_avg,SUP_sd,SUP_r1,SUP_kr,SUP_sk,INC_avg,INC_sd,INC_r1,INC_kr,INC_sk,IND_avg,IND_sd,IND_r1,IND_kr,IND_sk
instances/A1/asymmetric/8.5.in,0.5507692308,0.0386286966,-0.1416877592,2.1786395196,0.4711002372,0.1158974359,0.0265183251,0.2937674183,1.8351350353,-0.0350606939,0.3333333333,0.0253314647,-0.0000000000,1.4355180059,-0.1555666618,0.1876923077,0.0365292386,0.3829856940,1.1909246502,0.3617617503
