Instance,INF_avg,INF_sd,INF_r1,INF_kr,INF_sk,SUP_avg,SUP_sd,SUP_r1,SUP_kr,SUP_sk,INC_avg,INC_sd,INC_r1,INC_kr,INC_sk,IND_avg,IND_sd,IND_r1,IND_kr,IND_sk
instances/A1/asymmetric/8.5.in,0.5443667444,0.0337547596,0.0855833580,2.8853711004,0.5859118542,0.1166019166,0.0213356484,0.1607800145,2.5266342425,-0.1200991882,0.3390313390,0.0248239555,0.0736073490,2.3977736117,0.1870426788,0.1663558664,0.0450629638,-0.1644208573,2.7647149625,-0.2231943598
