Instance,INF_avg,INF_sd,INF_r1,INF_kr,INF_sk,SUP_avg,SUP_sd,SUP_r1,SUP_kr,SUP_sk,INC_avg,INC_sd,INC_r1,INC_kr,INC_sk,IND_avg,IND_sd,IND_r1,IND_kr,IND_sk
instances/A1/symmetric/20.3.in,0.3133333333,0.0956846673,-0.0245935125,1.9534887831,-0.3256212182,0.1233333333,0.0727247474,0.2540287645,2.1558858838,0.3260442343,0.5633333333,0.0865383666,0.3004027984,2.7483776383,0.2027653615,0.2933333333,0.0679869268,-0.0611579755,2.5022651627,-0.2352450756
