Instance,INF_avg,INF_sd,INF_r1,INF_kr,INF_sk,SUP_avg,SUP_sd,SUP_r1,SUP_kr,SUP_sk,INC_avg,INC_sd,INC_r1,INC_kr,INC_sk,IND_avg,IND_sd,IND_r1,IND_kr,IND_sk
instances/A1/asymmetric/8.1.in,0.3464128464,0.0886525161,0.1524932057,2.1404284604,-0.4958710911,0.2142450142,0.0831928345,0.0438578139,1.9412487357,-0.1929871430,0.4393421393,0.0702895687,0.1864171680,2.7272356931,-0.1652792518,0.1888629889,0.0204859545,-0.3333785647,2.9477867533,0.7448359209
