Instance,INF_avg,INF_sd,INF_r1,INF_kr,INF_sk,SUP_avg,SUP_sd,SUP_r1,SUP_kr,SUP_sk,INC_avg,INC_sd,INC_r1,INC_kr,INC_sk,IND_avg,IND_sd,IND_r1,IND_kr,IND_sk
instances/A1/asymmetric/8.1.in,0.3538461538,0.0836542146,0.0499885347,1.5930078164,-0.0362147282,0.2456410256,0.0501778559,-0.3030967956,1.7812469221,-0.2816034357,0.4005128205,0.0597694453,-0.2154919831,1.7013566548,-0.3013338224,0.1902564103,0.0122863062,-0.2714228776,2.8764523061,-1.2142178641
