Instance,INF_avg,INF_sd,INF_r1,INF_kr,INF_sk,SUP_avg,SUP_sd,SUP_r1,SUP_kr,SUP_sk,INC_avg,INC_sd,INC_r1,INC_kr,INC_sk,IND_avg,IND_sd,IND_r1,IND_kr,IND_sk
instances/A3/symmetric/10.4.in,0.5015514978,0.1274000558,0.5246916660,3.3028514765,0.9981292342,0.1080984831,0.0489249807,0.4300777342,3.1072836886,-1.0755451235,0.3903500191,0.0933756785,0.3196981245,4.5031717102,-1.5037345485,0.1534614366,0.0653347364,0.3029047718,3.3697796022,0.8744284834
