Instance,INF_avg,INF_sd,INF_r1,INF_kr,INF_sk,SUP_avg,SUP_sd,SUP_r1,SUP_kr,SUP_sk,INC_avg,INC_sd,INC_r1,INC_kr,INC_sk,IND_avg,IND_sd,IND_r1,IND_kr,IND_sk
instances/A1/asymmetric/20.4.in,0.6766608413,0.0373186046,0.4486939903,2.1867691514,-0.0345638648,0.0768876348,0.0215856905,0.6280312429,2.3988264467,0.9501154608,0.2464515239,0.0196541129,0.2350895716,2.6720326387,-1.1051179302,0.0498683569,0.0053937339,-0.2739426193,1.9946789678,0.1081030372
