Instance,INF_avg,INF_sd,INF_r1,INF_kr,INF_sk,SUP_avg,SUP_sd,SUP_r1,SUP_kr,SUP_sk,INC_avg,INC_sd,INC_r1,INC_kr,INC_sk,IND_avg,IND_sd,IND_r1,IND_kr,IND_sk
instances/A3/symmetric/20.5.in,0.7496559052,0.1260698609,0.8994528170,2.8044568386,-0.9399335402,0.0497235626,0.0380486384,0.8813311368,1.6335886492,0.0617057725,0.2006205323,0.0979529569,0.5981558410,2.8425493466,0.9790285550,0.0799129933,0.0496996339,0.3923169900,4.0285345132,1.4874301138
