Instance,INF_avg,INF_sd,INF_r1,INF_kr,INF_sk,SUP_avg,SUP_sd,SUP_r1,SUP_kr,SUP_sk,INC_avg,INC_sd,INC_r1,INC_kr,INC_sk,IND_avg,IND_sd,IND_r1,IND_kr,IND_sk
instances/A3/asymmetric/20.5.in,0.7991093117,0.0881512297,-0.4766959518,2.4562149948,-0.7888610014,0.0224021592,0.0200458242,-0.2303417287,1.5177461203,0.0913022882,0.1784885290,0.0855211174,-0.1629106645,2.4009949336,0.9053819517,0.1215519568,0.0524393111,0.2797337860,1.7207301508,0.1245919118
