Instance,INF_avg,INF_sd,INF_r1,INF_kr,INF_sk,SUP_avg,SUP_sd,SUP_r1,SUP_kr,SUP_sk,INC_avg,INC_sd,INC_r1,INC_kr,INC_sk,IND_avg,IND_sd,IND_r1,IND_kr,IND_sk
instances/A2/asymmetric/8.6.in,0.2888888889,0.1173261782,-0.0767645544,2.4161052907,0.8351253254,0.2888888889,0.0922958207,-0.1740121581,2.1472904852,-0.3192842191,0.4222222222,0.0368513866,0.3165467626,2.2169421488,-0.3700366502,0.1944444444,0.0608580619,0.1739130435,1.5625000000,-0.1141088661
