Instance,INF_avg,INF_sd,INF_r1,INF_kr,INF_sk,SUP_avg,SUP_sd,SUP_r1,SUP_kr,SUP_sk,INC_avg,INC_sd,INC_r1,INC_kr,INC_sk,IND_avg,IND_sd,IND_r1,IND_kr,IND_sk
instances/A1/asymmetric/100.5.in,0.4032000000,0.0346086694,-0.0053272169,2.4539953563,0.2933146268,0.1554000000,0.0248965861,0.3252899098,1.5259464930,-0.0553316185,0.4414000000,0.0319537165,0.3063749270,2.2314737092,0.3081554894,0.0504000000,0.0149612834,0.3822683156,2.2427388653,0.0212987198
