Instance,INF_avg,INF_sd,INF_r1,INF_kr,INF_sk,SUP_avg,SUP_sd,SUP_r1,SUP_kr,SUP_sk,INC_avg,INC_sd,INC_r1,INC_kr,INC_sk,IND_avg,IND_sd,IND_r1,IND_kr,IND_sk
instances/A3/asymmetric/100.4.in,0.4672321429,0.1664772068,0.9430073021,3.7704457522,1.0243090830,0.0567857143,0.0499859674,0.7952309393,2.7335128514,0.7833882554,0.4759821429,0.1325738327,0.9392771716,5.0732316611,-1.4855868421,0.1396428571,0.0377238218,0.6325914129,3.8962312404,-0.7166944495
