Instance,INF_avg,INF_sd,INF_r1,INF_kr,INF_sk,SUP_avg,SUP_sd,SUP_r1,SUP_kr,SUP_sk,INC_avg,INC_sd,INC_r1,INC_kr,INC_sk,IND_avg,IND_sd,IND_r1,IND_kr,IND_sk
instances/A3/asymmetric/20.3.in,0.8381016644,0.0579646788,0.1343797279,1.6646443866,-0.4342080246,0.0170565302,0.0261891400,0.4011386119,4.6823391855,1.6836440293,0.1448418054,0.0454567305,-0.1002944856,3.5065767438,1.1134032817,0.1454603389,0.0719913195,-0.1911753072,5.3470087048,1.7643306171
