Instance,INF_avg,INF_sd,INF_r1,INF_kr,INF_sk,SUP_avg,SUP_sd,SUP_r1,SUP_kr,SUP_sk,INC_avg,INC_sd,INC_r1,INC_kr,INC_sk,IND_avg,IND_sd,IND_r1,IND_kr,IND_sk
instances/A3/symmetric/200.4.in,0.3045454545,0.1096576189,-0.1589971438,2.9263294009,0.6080953375,0.1454545455,0.0838140405,-0.3972754050,1.7018339100,-0.0880482446,0.5500000000,0.0825722824,-0.2307692308,3.7400000000,-1.0899541275,0.3272727273,0.0616575453,-0.3376696833,2.4181238185,-0.5408876109
