Instance,INF_avg,INF_sd,INF_r1,INF_kr,INF_sk,SUP_avg,SUP_sd,SUP_r1,SUP_kr,SUP_sk,INC_avg,INC_sd,INC_r1,INC_kr,INC_sk,IND_avg,IND_sd,IND_r1,IND_kr,IND_sk
instances/A2/asymmetric/200.1.in,0.3658000000,0.0395646307,0.1247169072,2.1286077923,-0.1887103274,0.2044000000,0.0269562609,0.0221649223,4.6418684107,-0.7120272548,0.4298000000,0.0361519017,0.0337183222,2.6269890098,-0.1530360918,0.0522000000,0.0086116201,-0.4162481459,2.5955722430,-0.2272086194
