Instance,INF_avg,INF_sd,INF_r1,INF_kr,INF_sk,SUP_avg,SUP_sd,SUP_r1,SUP_kr,SUP_sk,INC_avg,INC_sd,INC_r1,INC_kr,INC_sk,IND_avg,IND_sd,IND_r1,IND_kr,IND_sk
instances/A3/symmetric/8.5.in,0.5772486772,0.1320331119,0.7525037574,1.5279655263,0.1661474553,0.0751322751,0.0486542389,0.6051771117,1.9294226265,-0.3255827217,0.3476190476,0.1005840841,0.7983417009,1.4151218148,-0.0006278146,0.2981481481,0.0584886473,0.0276412390,2.1008542135,-0.2804145971
