Instance,INF_avg,INF_sd,INF_r1,INF_kr,INF_sk,SUP_avg,SUP_sd,SUP_r1,SUP_kr,SUP_sk,INC_avg,INC_sd,INC_r1,INC_kr,INC_sk,IND_avg,IND_sd,IND_r1,IND_kr,IND_sk
instances/A2/symmetric/8.1.in,0.5430036630,0.0143963034,0.0307191329,3.1250417330,1.4056821569,0.1749450549,0.0471948420,0.3608412587,2.1232721177,-0.5627257516,0.2820512821,0.0348189645,0.4051918736,1.7777184372,0.1437676340,0.1645421245,0.0604017642,0.6407188140,1.2505042691,0.1356391474
