Instance,INF_avg,INF_sd,INF_r1,INF_kr,INF_sk,SUP_avg,SUP_sd,SUP_r1,SUP_kr,SUP_sk,INC_avg,INC_sd,INC_r1,INC_kr,INC_sk,IND_avg,IND_sd,IND_r1,IND_kr,IND_sk
instances/A3/symmetric/200.5.in,0.3662500000,0.0488895439,0.4446251391,2.6821679146,-0.3507025313,0.1278500000,0.0337657741,0.5869501160,2.5146194967,0.1437117027,0.5059000000,0.0321354944,0.1330599925,3.3759069306,0.4585821220,0.0805500000,0.0205291865,0.3875587051,2.6079125657,-0.1212792258
