Instance,INF_avg,INF_sd,INF_r1,INF_kr,INF_sk,SUP_avg,SUP_sd,SUP_r1,SUP_kr,SUP_sk,INC_avg,INC_sd,INC_r1,INC_kr,INC_sk,IND_avg,IND_sd,IND_r1,IND_kr,IND_sk
instances/A2/symmetric/8.1.in,0.2961538462,0.2437381464,0.9786072511,1.8651695509,0.1861284791,0.2307692308,0.2014738593,0.6384385133,1.7497088798,0.2531245581,0.4730769231,0.1049090900,0.2601458465,3.4957726327,0.0789410881,0.4038461538,0.1184215717,-0.0049421858,2.2104497143,0.1167581164
