Instance,INF_avg,INF_sd,INF_r1,INF_kr,INF_sk,SUP_avg,SUP_sd,SUP_r1,SUP_kr,SUP_sk,INC_avg,INC_sd,INC_r1,INC_kr,INC_sk,IND_avg,IND_sd,IND_r1,IND_kr,IND_sk
instances/A3/asymmetric/50.3.in,0.3021428571,0.1397537923,0.5752465387,7.8820371592,1.6399117931,0.1028571429,0.0913727508,0.5612334896,3.6447229226,0.9829241164,0.5950000000,0.1207565437,0.3496406587,6.7553825714,-1.1362360257,0.3721428571,0.0880891246,-0.1866522961,3.2419935291,-0.2030915746
