Instance,INF_avg,INF_sd,INF_r1,INF_kr,INF_sk,SUP_avg,SUP_sd,SUP_r1,SUP_kr,SUP_sk,INC_avg,INC_sd,INC_r1,INC_kr,INC_sk,IND_avg,IND_sd,IND_r1,IND_kr,IND_sk
instances/A1/symmetric/8.6.in,0.5161904762,0.0471981398,-0.1198428291,2.7543050855,-0.9476598139,0.0761904762,0.0485620906,-0.4285714286,1.9556213018,-0.2715454179,0.4076190476,0.0348107941,0.3928086839,1.8885761411,0.7499910627,0.2628571429,0.0213808994,-0.9631236443,1.2422524565,-0.1315095000
