Instance,INF_avg,INF_sd,INF_r1,INF_kr,INF_sk,SUP_avg,SUP_sd,SUP_r1,SUP_kr,SUP_sk,INC_avg,INC_sd,INC_r1,INC_kr,INC_sk,IND_avg,IND_sd,IND_r1,IND_kr,IND_sk
instances/A1/symmetric/8.6.in,0.5470899471,0.0550061012,0.4167201393,2.9257733806,-0.6822970148,0.0910052910,0.0446956869,-0.3603348091,2.5100205614,-0.6158598057,0.3619047619,0.0605675683,0.7803030303,2.1293623958,0.0570220873,0.2634920635,0.0195695683,-0.6627565982,1.5000000000,-0.2390631469
