Instance,INF_avg,INF_sd,INF_r1,INF_kr,INF_sk,SUP_avg,SUP_sd,SUP_r1,SUP_kr,SUP_sk,INC_avg,INC_sd,INC_r1,INC_kr,INC_sk,IND_avg,IND_sd,IND_r1,IND_kr,IND_sk
instances/A1/asymmetric/5.4.in,0.1633333333,0.1301281420,0.2706073753,2.9957994916,1.3068079730,0.1366666667,0.0371184291,-0.0576923077,2.5476066597,0.3997666400,0.7000000000,0.1032795559,-0.0833333333,2.9947916667,-1.2506508722,0.4166666667,0.0258198890,-0.0833333333,2.9166666667,1.2909944487
