Instance,INF_avg,INF_sd,INF_r1,INF_kr,INF_sk,SUP_avg,SUP_sd,SUP_r1,SUP_kr,SUP_sk,INC_avg,INC_sd,INC_r1,INC_kr,INC_sk,IND_avg,IND_sd,IND_r1,IND_kr,IND_sk
instances/A1/asymmetric/5.4.in,0.2820987654,0.1815339640,0.6625106292,1.4109536489,0.1681591615,0.1839506173,0.0908519517,-0.0128614335,4.9864468426,1.6661973014,0.5339506173,0.2061876242,0.8971237033,1.3908549971,-0.0695014876,0.4290123457,0.0327916666,-0.1763613612,2.8498275421,1.0584097537
