Instance,INF_avg,INF_sd,INF_r1,INF_kr,INF_sk,SUP_avg,SUP_sd,SUP_r1,SUP_kr,SUP_sk,INC_avg,INC_sd,INC_r1,INC_kr,INC_sk,IND_avg,IND_sd,IND_r1,IND_kr,IND_sk
instances/A2/asymmetric/5.4.in,0.5511111111,0.0569166599,-0.1599511600,2.6848602023,-1.0627434041,0.1333333333,0.1295767088,-0.2721893491,1.6280276817,0.3631734744,0.3155555556,0.0800000000,-0.3248129676,1.2381115684,-0.1625514403,0.4222222222,0.0983819716,-0.3048780488,2.4000416493,0.8850689661
