Instance,INF_avg,INF_sd,INF_r1,INF_kr,INF_sk,SUP_avg,SUP_sd,SUP_r1,SUP_kr,SUP_sk,INC_avg,INC_sd,INC_r1,INC_kr,INC_sk,IND_avg,IND_sd,IND_r1,IND_kr,IND_sk
instances/A3/symmetric/100.3.in,0.5425000000,0.2038228397,0.9661621897,2.3011508751,0.6206782542,0.0430681818,0.0453861702,0.7800891620,4.1368723628,1.2047729065,0.4144318182,0.1715163520,0.9688074147,2.6072198627,-0.8864161890,0.1262500000,0.0401506396,0.7073613000,2.9282372338,-0.2609621041
