Instance,INF_avg,INF_sd,INF_r1,INF_kr,INF_sk,SUP_avg,SUP_sd,SUP_r1,SUP_kr,SUP_sk,INC_avg,INC_sd,INC_r1,INC_kr,INC_sk,IND_avg,IND_sd,IND_r1,IND_kr,IND_sk
instances/A3/symmetric/8.2.in,0.5490476190,0.0728641453,-0.1402508552,1.9679005669,-0.4550152936,0.0819047619,0.0669653175,-0.5079519007,1.1715760204,-0.3998730192,0.3690476190,0.0351140029,-1.0540540541,2.0798652398,0.5553106280,0.3883333333,0.0613731755,-0.1245826744,2.4505377607,0.9161036294
