Instance,INF_avg,INF_sd,INF_r1,INF_kr,INF_sk,SUP_avg,SUP_sd,SUP_r1,SUP_kr,SUP_sk,INC_avg,INC_sd,INC_r1,INC_kr,INC_sk,IND_avg,IND_sd,IND_r1,IND_kr,IND_sk
instances/A3/symmetric/8.2.in,0.3932930288,0.1924644731,0.9434852777,1.7190253953,-0.3078253866,0.1190426432,0.0667763167,0.0795070755,2.5390140775,-0.9817693354,0.4876643280,0.1536434344,1.0895883181,2.1320010899,0.7258416445,0.3229832811,0.0862044596,0.6412315015,2.4197542393,0.6878082166
