Instance,INF_avg,INF_sd,INF_r1,INF_kr,INF_sk,SUP_avg,SUP_sd,SUP_r1,SUP_kr,SUP_sk,INC_avg,INC_sd,INC_r1,INC_kr,INC_sk,IND_avg,IND_sd,IND_r1,IND_kr,IND_sk
instances/A2/asymmetric/5.6.in,0.3833333333,0.1879716291,0.5867237687,1.3834994660,0.0669176323,0.0988888889,0.0935183352,0.4601621877,1.8672623684,0.3812721666,0.5177777778,0.1232482189,0.0792299737,2.2067286311,0.7260484525,0.4522222222,0.0756535312,-0.7637953014,3.0123170431,1.3380862010
