Instance,INF_avg,INF_sd,INF_r1,INF_kr,INF_sk,SUP_avg,SUP_sd,SUP_r1,SUP_kr,SUP_sk,INC_avg,INC_sd,INC_r1,INC_kr,INC_sk,IND_avg,IND_sd,IND_r1,IND_kr,IND_sk
instances/A2/asymmetric/20.2.in,0.7202953927,0.0585322321,0.0514787049,3.3007646516,0.8039048357,0.0851420581,0.0431043611,0.4637924865,2.8478119723,-0.2084030457,0.1945625492,0.0346677710,0.1315522862,4.5809293492,1.4050360107,0.0866452600,0.0477085592,0.0457392926,3.8374193469,1.4906796617
