Instance,INF_avg,INF_sd,INF_r1,INF_kr,INF_sk,SUP_avg,SUP_sd,SUP_r1,SUP_kr,SUP_sk,INC_avg,INC_sd,INC_r1,INC_kr,INC_sk,IND_avg,IND_sd,IND_r1,IND_kr,IND_sk
instances/A3/asymmetric/50.4.in,0.4163636364,0.0790020399,0.0103256006,1.9172000682,0.1794827949,0.0454545455,0.0270902990,0.7396807925,1.6697102508,-0.0634877350,0.5381818182,0.0640764007,-0.1904894845,1.5581966129,-0.1332401526,0.2309090909,0.0231416765,-0.3460443939,2.6710105167,0.5936205077
