Instance,INF_avg,INF_sd,INF_r1,INF_kr,INF_sk,SUP_avg,SUP_sd,SUP_r1,SUP_kr,SUP_sk,INC_avg,INC_sd,INC_r1,INC_kr,INC_sk,IND_avg,IND_sd,IND_r1,IND_kr,IND_sk
instances/A3/asymmetric/20.2.in,0.3736917201,0.0538258861,-0.8408371909,2.4011380618,0.2813797712,0.1452171292,0.0353190720,-0.2243768738,1.5491254762,-0.0028481720,0.4810911507,0.0246853720,-1.1317352362,1.9338779848,-0.3697484785,0.0677851762,0.0070609445,0.1094861707,2.4101086776,-0.4000198474
