Instance,INF_avg,INF_sd,INF_r1,INF_kr,INF_sk,SUP_avg,SUP_sd,SUP_r1,SUP_kr,SUP_sk,INC_avg,INC_sd,INC_r1,INC_kr,INC_sk,IND_avg,IND_sd,IND_r1,IND_kr,IND_sk
instances/A3/asymmetric/20.2.in,0.3022942011,0.0803993827,0.6339796911,2.0502069386,0.2023773675,0.1421678696,0.0374843791,-0.0181585754,2.0360031207,-0.2986970025,0.5555379293,0.0802105863,0.8800872712,1.2941957238,-0.0640870319,0.0825901290,0.0166642064,0.6621644455,2.0871393519,0.4190810862
