Instance,INF_avg,INF_sd,INF_r1,INF_kr,INF_sk,SUP_avg,SUP_sd,SUP_r1,SUP_kr,SUP_sk,INC_avg,INC_sd,INC_r1,INC_kr,INC_sk,IND_avg,IND_sd,IND_r1,IND_kr,IND_sk
instances/A2/asymmetric/100.3.in,0.4323500000,0.0649632781,0.7823308833,2.5464547715,0.2856022824,0.2016500000,0.0560270247,0.7580798643,2.1101800537,0.0078954274,0.3660000000,0.0335484724,0.4424457228,3.6136314163,0.7812085014,0.0550000000,0.0133977610,0.3865546218,3.1816171507,0.2650839966
