Instance,INF_avg,INF_sd,INF_r1,INF_kr,INF_sk,SUP_avg,SUP_sd,SUP_r1,SUP_kr,SUP_sk,INC_avg,INC_sd,INC_r1,INC_kr,INC_sk,IND_avg,IND_sd,IND_r1,IND_kr,IND_sk
instances/A3/symmetric/100.2.in,0.3470000000,0.0318747549,-0.6368515206,2.5723580197,0.8598491314,0.1460000000,0.0139283883,0.1898864809,2.1905090870,0.6261779404,0.5070000000,0.0317175031,-0.6300845751,1.7754724140,0.1224151778,0.0710000000,0.0096953597,0.1359447005,3.0377999095,1.3627927530
