Instance,INF_avg,INF_sd,INF_r1,INF_kr,INF_sk,SUP_avg,SUP_sd,SUP_r1,SUP_kr,SUP_sk,INC_avg,INC_sd,INC_r1,INC_kr,INC_sk,IND_avg,IND_sd,IND_r1,IND_kr,IND_sk
instances/A1/asymmetric/5.5.in,0.3697530864,0.0863888834,0.3540366138,1.4825103006,-0.5911179214,0.1358024691,0.0901953037,0.1663605353,1.8101371696,-0.2121275768,0.4944444444,0.0841319755,-0.1341401916,2.2249019740,-0.2802598088,0.4759259259,0.0962962963,0.5490302602,1.7508873551,-0.2096609012
