Instance,INF_avg,INF_sd,INF_r1,INF_kr,INF_sk,SUP_avg,SUP_sd,SUP_r1,SUP_kr,SUP_sk,INC_avg,INC_sd,INC_r1,INC_kr,INC_sk,IND_avg,IND_sd,IND_r1,IND_kr,IND_sk
instances/A2/asymmetric/20.1.in,0.4076923077,0.1959652185,0.4170812023,2.6493693035,0.4750330778,0.1038461538,0.1159601033,0.1747653351,2.9076706351,0.9611030286,0.4884615385,0.1648470692,0.1460236846,2.6036038973,-0.1760351910,0.4538461538,0.1393136175,0.0248689340,2.3786436645,-0.1646372447
