Instance,INF_avg,INF_sd,INF_r1,INF_kr,INF_sk,SUP_avg,SUP_sd,SUP_r1,SUP_kr,SUP_sk,INC_avg,INC_sd,INC_r1,INC_kr,INC_sk,IND_avg,IND_sd,IND_r1,IND_kr,IND_sk
instances/A2/asymmetric/50.6.in,0.4451000000,0.0713827010,0.5423083958,2.6353384647,-0.8017245678,0.1919000000,0.0494256007,0.5029428423,2.6524448200,0.6337613100,0.3630000000,0.0441361530,0.4191455063,3.7553232083,0.8458751623,0.0517000000,0.0100304536,0.4314013581,2.8274137146,0.2571197700
