Instance,INF_avg,INF_sd,INF_r1,INF_kr,INF_sk,SUP_avg,SUP_sd,SUP_r1,SUP_kr,SUP_sk,INC_avg,INC_sd,INC_r1,INC_kr,INC_sk,IND_avg,IND_sd,IND_r1,IND_kr,IND_sk
instances/A1/asymmetric/20.3.in,0.4983012113,0.0615497802,-0.5188054036,2.4213189451,0.2073492797,0.0969891793,0.0292229308,-0.5697985328,2.6172050204,0.7708920103,0.4047096094,0.0358370510,-0.4676467154,2.3563802083,-0.8327510471,0.0635083895,0.0145239350,0.5731829781,1.6940489634,0.2259233997
