Instance,INF_avg,INF_sd,INF_r1,INF_kr,INF_sk,SUP_avg,SUP_sd,SUP_r1,SUP_kr,SUP_sk,INC_avg,INC_sd,INC_r1,INC_kr,INC_sk,IND_avg,IND_sd,IND_r1,IND_kr,IND_sk
instances/A2/asymmetric/10.1.in,0.5008768128,0.0759283939,0.4846151003,1.8839164805,-0.6099470392,0.2157273503,0.0842395067,0.8148502206,1.5095582585,-0.2204086227,0.2833958370,0.0606418672,0.0903946479,1.8700965875,-0.4838425625,0.1470148018,0.0170024044,0.3100261147,1.9708965124,0.2311065680
