Instance,INF_avg,INF_sd,INF_r1,INF_kr,INF_sk,SUP_avg,SUP_sd,SUP_r1,SUP_kr,SUP_sk,INC_avg,INC_sd,INC_r1,INC_kr,INC_sk,IND_avg,IND_sd,IND_r1,IND_kr,IND_sk
instances/A2/asymmetric/5.2.in,0.5066666667,0.0762063476,0.4230769231,1.1666666667,0.4082482905,0.0888888889,0.0831479419,0.3478260870,1.8469387755,0.3436215967,0.4044444444,0.0407340062,-0.8731563422,2.2295918367,-0.6858276550,0.4266666667,0.0735686460,-0.5177610334,2.4098513506,0.6508643867
