Instance,INF_avg,INF_sd,INF_r1,INF_kr,INF_sk,SUP_avg,SUP_sd,SUP_r1,SUP_kr,SUP_sk,INC_avg,INC_sd,INC_r1,INC_kr,INC_sk,IND_avg,IND_sd,IND_r1,IND_kr,IND_sk
instances/A2/asymmetric/5.2.in,0.5382716049,0.0685157379,0.3191118160,1.4659976387,-0.5274579327,0.0864197531,0.0872971335,-0.0099750623,1.7304000000,0.4129503602,0.3753086420,0.0657921610,-0.0044515103,3.5735171593,-1.1760952399,0.4469135802,0.0780028099,-0.1666017906,2.6096340979,0.7245633114
