Instance,INF_avg,INF_sd,INF_r1,INF_kr,INF_sk,SUP_avg,SUP_sd,SUP_r1,SUP_kr,SUP_sk,INC_avg,INC_sd,INC_r1,INC_kr,INC_sk,IND_avg,IND_sd,IND_r1,IND_kr,IND_sk
instances/A3/asymmetric/20.2.in,0.6093162393,0.2152577805,0.9119571514,1.4595848175,-0.0886281428,0.0583333333,0.0493006649,0.3983827493,3.5698795102,0.9971854315,0.3323504274,0.1840640460,0.9305977208,1.5373283734,0.2402549071,0.1631837607,0.0329004532,0.5759651404,2.0362507501,0.6046676352
