Instance,INF_avg,INF_sd,INF_r1,INF_kr,INF_sk,SUP_avg,SUP_sd,SUP_r1,SUP_kr,SUP_sk,INC_avg,INC_sd,INC_r1,INC_kr,INC_sk,IND_avg,IND_sd,IND_r1,IND_kr,IND_sk
instances/A1/symmetric/10.3.in,0.4969135802,0.0480669623,0.5138039362,1.6257751100,-0.7406547928,0.1771604938,0.0845059248,0.6791530582,1.4606364657,0.3900474568,0.3259259259,0.0454364598,0.4897326618,1.6640048123,-0.4205684696,0.1274691358,0.0291760551,0.1269599948,4.6168797874,1.3940366945
