Instance,INF_avg,INF_sd,INF_r1,INF_kr,INF_sk,SUP_avg,SUP_sd,SUP_r1,SUP_kr,SUP_sk,INC_avg,INC_sd,INC_r1,INC_kr,INC_sk,IND_avg,IND_sd,IND_r1,IND_kr,IND_sk
instances/A1/asymmetric/20.2.in,0.4228955161,0.0887263713,0.4580346626,1.1842636837,-0.3798872006,0.1866328257,0.0565295784,0.3116771661,1.2246943280,0.2457149637,0.3904716582,0.0401072842,0.6306125379,2.0473576086,-0.5316039053,0.0611516497,0.0074041046,-0.6825098460,2.8740757881,-1.2664043447
