Instance,INF_avg,INF_sd,INF_r1,INF_kr,INF_sk,SUP_avg,SUP_sd,SUP_r1,SUP_kr,SUP_sk,INC_avg,INC_sd,INC_r1,INC_kr,INC_sk,IND_avg,IND_sd,IND_r1,IND_kr,IND_sk
instances/A1/asymmetric/20.2.in,0.4698037241,0.0959393039,0.6249054486,2.1868112909,-0.6704368217,0.1666410296,0.0578197086,0.3203821219,1.7261286568,0.4616698870,0.3635552463,0.0510781304,0.5409767440,1.6622537636,-0.0592368517,0.0571912214,0.0081723320,0.4009357648,1.4064857027,-0.2037763111
