Instance,INF_avg,INF_sd,INF_r1,INF_kr,INF_sk,SUP_avg,SUP_sd,SUP_r1,SUP_kr,SUP_sk,INC_avg,INC_sd,INC_r1,INC_kr,INC_sk,IND_avg,IND_sd,IND_r1,IND_kr,IND_sk
instances/A2/asymmetric/200.2.in,0.3625000000,0.1932453104,-0.4029658285,2.2155949651,-0.3978510269,0.2375000000,0.1316956719,0.3168880455,2.0645239834,-0.3847937821,0.4000000000,0.1581138830,-0.6000000000,2.3200000000,-0.3794733192,0.3625000000,0.1111024302,-0.6236162362,3.2246434866,0.7775923973
