Instance,INF_avg,INF_sd,INF_r1,INF_kr,INF_sk,SUP_avg,SUP_sd,SUP_r1,SUP_kr,SUP_sk,INC_avg,INC_sd,INC_r1,INC_kr,INC_sk,IND_avg,IND_sd,IND_r1,IND_kr,IND_sk
instances/A1/asymmetric/5.4.in,0.3200000000,0.0266666667,-0.2500000000,3.2500000000,-1.5000000000,0.0655555556,0.0558215853,-0.5400606810,1.2862843171,-0.1746943732,0.6144444444,0.0449416631,-0.7407314942,1.3669409556,0.1046362364,0.4222222222,0.0831479419,-0.0185185185,1.8469387755,0.3436215967
