Instance,INF_avg,INF_sd,INF_r1,INF_kr,INF_sk,SUP_avg,SUP_sd,SUP_r1,SUP_kr,SUP_sk,INC_avg,INC_sd,INC_r1,INC_kr,INC_sk,IND_avg,IND_sd,IND_r1,IND_kr,IND_sk
instances/A1/symmetric/10.3.in,0.6029302832,0.0662512188,0.4606951152,1.8583513858,0.2046199916,0.1385294118,0.0238110415,-0.1835039251,1.6234235667,0.3494327440,0.2585403050,0.0500186551,0.5660512924,1.9616571622,0.0614310142,0.1388126362,0.0298957119,-0.0751807001,2.0895479029,-0.5101436218
