Instance,INF_avg,INF_sd,INF_r1,INF_kr,INF_sk,SUP_avg,SUP_sd,SUP_r1,SUP_kr,SUP_sk,INC_avg,INC_sd,INC_r1,INC_kr,INC_sk,IND_avg,IND_sd,IND_r1,IND_kr,IND_sk
instances/A3/symmetric/8.4.in,0.3777156177,0.0684284147,0.1077043055,3.1378201524,-1.4153833976,0.0713286713,0.0518491635,0.6905909521,1.9114567500,0.2018070457,0.5509557110,0.0368075823,-0.7202777846,1.8020221058,0.1809215636,0.2484848485,0.0381005878,-0.3369449084,2.1270385998,0.1177920975
