Instance,INF_avg,INF_sd,INF_r1,INF_kr,INF_sk,SUP_avg,SUP_sd,SUP_r1,SUP_kr,SUP_sk,INC_avg,INC_sd,INC_r1,INC_kr,INC_sk,IND_avg,IND_sd,IND_r1,IND_kr,IND_sk
instances/A1/asymmetric/10.5.in,0.1132659933,0.0793989369,0.3482380656,2.1918208985,0.9009928473,0.2554208754,0.0866511514,0.1062734260,2.5069616313,0.2811340891,0.6313131313,0.0548736851,-0.3258531404,1.7595313513,-0.2664158622,0.1789898990,0.0254769823,-0.2962820414,2.2851882421,0.4779010710
