Instance,INF_avg,INF_sd,INF_r1,INF_kr,INF_sk,SUP_avg,SUP_sd,SUP_r1,SUP_kr,SUP_sk,INC_avg,INC_sd,INC_r1,INC_kr,INC_sk,IND_avg,IND_sd,IND_r1,IND_kr,IND_sk
instances/A2/asymmetric/200.3.in,0.4238500000,0.0680472446,0.7956940180,2.5265731010,0.5529497735,0.2533000000,0.0497102605,0.7432825374,1.9237296390,-0.0718410970,0.3228500000,0.0423335269,0.6132943306,3.3027049476,-0.5029466060,0.0581500000,0.0111052915,0.1308263332,3.8853020457,0.4706154878
