Instance,INF_avg,INF_sd,INF_r1,INF_kr,INF_sk,SUP_avg,SUP_sd,SUP_r1,SUP_kr,SUP_sk,INC_avg,INC_sd,INC_r1,INC_kr,INC_sk,IND_avg,IND_sd,IND_r1,IND_kr,IND_sk
instances/A3/symmetric/8.6.in,0.6180952381,0.1077559180,-0.5196517023,1.1685023773,0.4050300345,0.1085714286,0.0910707283,-0.6612641815,1.2183334367,-0.2623456949,0.2733333333,0.0309120617,0.0566037736,2.9694429421,1.2864700617,0.2676190476,0.0340933758,-0.4596529882,2.9015101913,1.2470955380
