Instance,INF_avg,INF_sd,INF_r1,INF_kr,INF_sk,SUP_avg,SUP_sd,SUP_r1,SUP_kr,SUP_sk,INC_avg,INC_sd,INC_r1,INC_kr,INC_sk,IND_avg,IND_sd,IND_r1,IND_kr,IND_sk
instances/A1/symmetric/5.5.in,0.4000000000,0.1274149438,-0.2528868360,2.6967355318,-0.8549653437,0.1055555556,0.0618640485,-0.3326653307,2.0793444329,-0.6170311183,0.4944444444,0.1143958905,0.6419327006,1.8732867569,0.0914016649,0.3944444444,0.0509175077,-0.6889632107,1.2091836735,-0.2961528510
