Instance,INF_avg,INF_sd,INF_r1,INF_kr,INF_sk,SUP_avg,SUP_sd,SUP_r1,SUP_kr,SUP_sk,INC_avg,INC_sd,INC_r1,INC_kr,INC_sk,IND_avg,IND_sd,IND_r1,IND_kr,IND_sk
instances/A2/symmetric/10.4.in,0.5781676413,0.0181527434,-0.0011876485,1.5000000000,-0.0643512666,0.0422352177,0.0311213256,-0.0963492661,1.5000000000,-0.4638091360,0.3795971410,0.0144489319,-0.5946771730,1.5000000000,0.6974664850,0.2652371670,0.0958516531,-0.3183796572,1.5000000000,0.6702192081
