Instance,INF_avg,INF_sd,INF_r1,INF_kr,INF_sk,SUP_avg,SUP_sd,SUP_r1,SUP_kr,SUP_sk,INC_avg,INC_sd,INC_r1,INC_kr,INC_sk,IND_avg,IND_sd,IND_r1,IND_kr,IND_sk
instances/A3/asymmetric/200.2.in,0.3380000000,0.0269443872,0.0759955132,2.3072991371,-0.8223243176,0.1120000000,0.0120830460,0.4206773619,1.3230437230,-0.3877276903,0.5500000000,0.0342052628,0.2489270386,2.2326320403,0.7346297939,0.0740000000,0.0066332496,0.3434343434,2.2169421488,0.3700366502
