Instance,INF_avg,INF_sd,INF_r1,INF_kr,INF_sk,SUP_avg,SUP_sd,SUP_r1,SUP_kr,SUP_sk,INC_avg,INC_sd,INC_r1,INC_kr,INC_sk,IND_avg,IND_sd,IND_r1,IND_kr,IND_sk
instances/A2/symmetric/10.5.in,0.1320538721,0.0592861892,-0.5913045087,2.4934057838,0.9690236181,0.3579797980,0.1146472112,0.4402832116,1.4585624348,-0.4634440871,0.5099663300,0.0975310166,0.8038209101,1.7623919637,0.5025296585,0.1503703704,0.0324433794,-0.3809167548,2.0416969375,0.4179610141
