Instance,INF_avg,INF_sd,INF_r1,INF_kr,INF_sk,SUP_avg,SUP_sd,SUP_r1,SUP_kr,SUP_sk,INC_avg,INC_sd,INC_r1,INC_kr,INC_sk,IND_avg,IND_sd,IND_r1,IND_kr,IND_sk
instances/A2/asymmetric/8.2.in,0.6014285714,0.1149543930,0.4933153396,1.1887661944,0.3975998806,0.2053479853,0.1210338892,0.4186326965,1.8981530991,-0.7437470628,0.1932234432,0.0370532330,-0.4750859656,2.4678306676,-0.1238484070,0.2095054945,0.0877892992,0.1207330313,2.8018488587,1.0678500819
