Instance,INF_avg,INF_sd,INF_r1,INF_kr,INF_sk,SUP_avg,SUP_sd,SUP_r1,SUP_kr,SUP_sk,INC_avg,INC_sd,INC_r1,INC_kr,INC_sk,IND_avg,IND_sd,IND_r1,IND_kr,IND_sk
instances/A1/symmetric/100.2.in,0.3644000000,0.0470014893,0.4852606810,2.5557707124,0.1335720372,0.1629000000,0.0370754636,0.5195857989,2.4016764203,-0.1957442084,0.4727000000,0.0336706103,0.0739442756,3.5605957617,0.2343890846,0.0708500000,0.0146638160,0.4570127887,3.6757759092,0.0657493235
