Instance,INF_avg,INF_sd,INF_r1,INF_kr,INF_sk,SUP_avg,SUP_sd,SUP_r1,SUP_kr,SUP_sk,INC_avg,INC_sd,INC_r1,INC_kr,INC_sk,IND_avg,IND_sd,IND_r1,IND_kr,IND_sk
instances/A2/asymmetric/200.1.in,0.4980327869,0.1497081278,0.9222290946,4.6633432705,1.1455309121,0.0647540984,0.0718150301,0.8727930764,4.1326864115,1.3898537674,0.4372131148,0.1155844897,0.8764645079,6.4679495394,-1.7129183931,0.0905245902,0.0277173122,0.3496271655,3.0933929540,0.0676247157
