Instance,INF_avg,INF_sd,INF_r1,INF_kr,INF_sk,SUP_avg,SUP_sd,SUP_r1,SUP_kr,SUP_sk,INC_avg,INC_sd,INC_r1,INC_kr,INC_sk,IND_avg,IND_sd,IND_r1,IND_kr,IND_sk
instances/A3/asymmetric/20.2.in,0.0730000000,0.0604648658,0.3833617671,5.4189354510,1.6668992625,0.2826000000,0.0763036041,0.5047835572,3.8130281186,-1.0098999974,0.6444000000,0.0625351101,0.6239691885,3.2061584419,0.4373476211,0.0706000000,0.0141647450,0.1746107007,1.9980612280,0.1842467774
