Instance,INF_avg,INF_sd,INF_r1,INF_kr,INF_sk,SUP_avg,SUP_sd,SUP_r1,SUP_kr,SUP_sk,INC_avg,INC_sd,INC_r1,INC_kr,INC_sk,IND_avg,IND_sd,IND_r1,IND_kr,IND_sk
instances/A1/asymmetric/20.1.in,0.5859095153,0.0349023889,0.0363740559,1.5632266571,0.0849095558,0.1088800089,0.0291965938,0.1233798411,2.5419377421,-0.8475652498,0.3052104758,0.0261389757,-0.0220245994,1.7098685934,-0.1754590191,0.0475968476,0.0127409024,0.2286205686,2.7676733507,1.2060580001
