Instance,INF_avg,INF_sd,INF_r1,INF_kr,INF_sk,SUP_avg,SUP_sd,SUP_r1,SUP_kr,SUP_sk,INC_avg,INC_sd,INC_r1,INC_kr,INC_sk,IND_avg,IND_sd,IND_r1,IND_kr,IND_sk
instances/A1/asymmetric/10.6.in,0.3782608696,0.1932705284,0.6864054838,1.9694819617,0.4532911263,0.1130434783,0.1361084856,0.7401664837,2.3120324865,0.7979437914,0.5086956522,0.1717253709,0.5958422683,1.7865631164,0.4832909114,0.4739130435,0.1325908755,-0.0239009601,3.4404786681,0.4859457886
