Instance,INF_avg,INF_sd,INF_r1,INF_kr,INF_sk,SUP_avg,SUP_sd,SUP_r1,SUP_kr,SUP_sk,INC_avg,INC_sd,INC_r1,INC_kr,INC_sk,IND_avg,IND_sd,IND_r1,IND_kr,IND_sk
instances/A1/asymmetric/5.4.in,0.2611111111,0.1762083503,-0.0226820533,2.5236671423,0.2822506635,0.1722222222,0.0867805520,0.1427399508,2.6453238377,0.9949095260,0.5666666667,0.1224744871,-0.3197026022,2.8127572016,-1.1642636432,0.4122222222,0.0917188404,-0.4776531391,2.5682970341,-0.6373937067
