Instance,INF_avg,INF_sd,INF_r1,INF_kr,INF_sk,SUP_avg,SUP_sd,SUP_r1,SUP_kr,SUP_sk,INC_avg,INC_sd,INC_r1,INC_kr,INC_sk,IND_avg,IND_sd,IND_r1,IND_kr,IND_sk
instances/A1/symmetric/100.1.in,0.3840000000,0.0732393337,0.7046037668,2.6800911537,-0.8632480725,0.1539000000,0.0359345238,0.2895343468,2.6693240619,-0.0978389432,0.4621000000,0.0605234665,0.7126615017,2.5297263786,0.7678102910,0.0710000000,0.0145258390,0.1302073426,1.8501156757,0.2417656102
