Instance,INF_avg,INF_sd,INF_r1,INF_kr,INF_sk,SUP_avg,SUP_sd,SUP_r1,SUP_kr,SUP_sk,INC_avg,INC_sd,INC_r1,INC_kr,INC_sk,IND_avg,IND_sd,IND_r1,IND_kr,IND_sk
instances/A3/asymmetric/50.1.in,0.3826000000,0.0466501876,0.5099463121,2.5726730470,-0.1058612671,0.1488000000,0.0298757427,0.3264997819,2.1725210924,0.3455704275,0.4686000000,0.0460113030,0.4719796360,3.2873405910,0.1158974498,0.0798000000,0.0159047163,0.5820942825,2.3388750065,0.5584490334
