Instance,INF_avg,INF_sd,INF_r1,INF_kr,INF_sk,SUP_avg,SUP_sd,SUP_r1,SUP_kr,SUP_sk,INC_avg,INC_sd,INC_r1,INC_kr,INC_sk,IND_avg,IND_sd,IND_r1,IND_kr,IND_sk
instances/A1/symmetric/8.5.in,0.7204761905,0.0511234334,0.2945110513,3.1663192639,-1.4431500576,0.0228571429,0.0286348502,0.3236212279,1.4512099616,0.5403933775,0.2566666667,0.0429469958,-1.1594684385,2.6376106837,0.6760925664,0.2759523810,0.0503524989,-0.4045397022,3.0868492661,1.3812748566
