Instance,INF_avg,INF_sd,INF_r1,INF_kr,INF_sk,SUP_avg,SUP_sd,SUP_r1,SUP_kr,SUP_sk,INC_avg,INC_sd,INC_r1,INC_kr,INC_sk,IND_avg,IND_sd,IND_r1,IND_kr,IND_sk
instances/A3/symmetric/5.3.in,0.0796296296,0.1221660926,-0.2880570219,2.6113868370,1.1213232255,0.2388888889,0.0860662966,0.5334894614,1.9320833333,-0.4335589690,0.6814814815,0.1220818498,-0.0101226194,3.2006157865,-0.6858760729,0.3907407407,0.0698813417,-0.0224517288,2.3938857152,-0.6025760420
