Instance,INF_avg,INF_sd,INF_r1,INF_kr,INF_sk,SUP_avg,SUP_sd,SUP_r1,SUP_kr,SUP_sk,INC_avg,INC_sd,INC_r1,INC_kr,INC_sk,IND_avg,IND_sd,IND_r1,IND_kr,IND_sk
instances/A3/symmetric/5.3.in,0.1433333333,0.1331665624,-0.5130822312,1.4480326757,0.1848176328,0.2166666667,0.1021980648,0.6258992806,1.3473291082,0.0416379621,0.6400000000,0.1455258664,-0.2150366991,2.2915545871,0.0235063125,0.3700000000,0.0733333333,0.0880782918,2.0615565877,-0.4158527423
