Instance,INF_avg,INF_sd,INF_r1,INF_kr,INF_sk,SUP_avg,SUP_sd,SUP_r1,SUP_kr,SUP_sk,INC_avg,INC_sd,INC_r1,INC_kr,INC_sk,IND_avg,IND_sd,IND_r1,IND_kr,IND_sk
instances/A1/symmetric/100.2.in,0.4232000000,0.0870273520,0.3971073931,2.1382827545,0.1745484727,0.1262000000,0.0440971654,0.6317584676,1.9239116352,-0.3262073433,0.4506000000,0.0632189845,0.3038580684,4.0501402611,1.0966000538,0.0554000000,0.0122409150,0.5744727641,2.2534235486,0.4471363660
