Instance,INF_avg,INF_sd,INF_r1,INF_kr,INF_sk,SUP_avg,SUP_sd,SUP_r1,SUP_kr,SUP_sk,INC_avg,INC_sd,INC_r1,INC_kr,INC_sk,IND_avg,IND_sd,IND_r1,IND_kr,IND_sk
instances/A1/symmetric/200.3.in,0.3488000000,0.0338313464,0.2764574000,2.9154671188,-0.4769343838,0.1594000000,0.0223749860,-0.4835520216,3.3866477180,0.4942385662,0.4918000000,0.0311730653,0.1201247783,2.8635300247,0.2608435070,0.0892000000,0.0193225257,0.0213562361,1.9885044867,-0.3691888931
