Instance,INF_avg,INF_sd,INF_r1,INF_kr,INF_sk,SUP_avg,SUP_sd,SUP_r1,SUP_kr,SUP_sk,INC_avg,INC_sd,INC_r1,INC_kr,INC_sk,IND_avg,IND_sd,IND_r1,IND_kr,IND_sk
instances/A3/asymmetric/200.1.in,0.4002923977,0.1330937624,0.9767530229,7.9892506475,2.1802721972,0.0407017544,0.0334485543,0.7146681952,2.2839254626,0.5539990246,0.5590058480,0.1185519600,0.9465749664,8.8436866984,-2.2949246139,0.1681871345,0.0388683497,0.3747341450,4.2106723410,-0.1164191756
