Instance,INF_avg,INF_sd,INF_r1,INF_kr,INF_sk,SUP_avg,SUP_sd,SUP_r1,SUP_kr,SUP_sk,INC_avg,INC_sd,INC_r1,INC_kr,INC_sk,IND_avg,IND_sd,IND_r1,IND_kr,IND_sk
instances/A1/asymmetric/8.3.in,0.3941176471,0.1885567109,0.4114686125,2.5814719307,0.1440742449,0.1117647059,0.1277974175,0.5984601331,5.5201450733,1.6394809826,0.4941176471,0.1503743886,0.0700684439,2.3026645998,0.0611911664,0.4235294118,0.1201930397,-0.1329238428,1.9605328266,-0.3830576179
