Instance,INF_avg,INF_sd,INF_r1,INF_kr,INF_sk,SUP_avg,SUP_sd,SUP_r1,SUP_kr,SUP_sk,INC_avg,INC_sd,INC_r1,INC_kr,INC_sk,IND_avg,IND_sd,IND_r1,IND_kr,IND_sk
instances/A3/asymmetric/50.6.in,0.3497000000,0.0632329819,0.5629506037,2.3670111915,-0.2439922697,0.1377000000,0.0372586903,0.5612072195,2.0747352039,0.1257338183,0.5126000000,0.0530776789,0.4771054813,2.1877663760,-0.0133218344,0.0667000000,0.0173381083,0.4271033013,2.0830772479,-0.3646432872
