Instance,INF_avg,INF_sd,INF_r1,INF_kr,INF_sk,SUP_avg,SUP_sd,SUP_r1,SUP_kr,SUP_sk,INC_avg,INC_sd,INC_r1,INC_kr,INC_sk,IND_avg,IND_sd,IND_r1,IND_kr,IND_sk
instances/A2/symmetric/50.4.in,0.3562500000,0.0540387592,0.5865290148,2.9547638525,-0.1616500083,0.2229000000,0.0366140683,0.4828577159,2.2461450041,0.1073145891,0.4208500000,0.0364215252,0.3710785877,2.8710417917,-0.0354349415,0.0530500000,0.0135995404,0.2963868219,4.0017729040,0.6791138152
