Instance,INF_avg,INF_sd,INF_r1,INF_kr,INF_sk,SUP_avg,SUP_sd,SUP_r1,SUP_kr,SUP_sk,INC_avg,INC_sd,INC_r1,INC_kr,INC_sk,IND_avg,IND_sd,IND_r1,IND_kr,IND_sk
instances/A2/asymmetric/20.2.in,0.4625000000,0.1111024302,0.3424657534,1.7479570582,-0.3161639418,0.1562500000,0.0845484329,0.6662693683,2.1656364776,-0.6616636294,0.3812500000,0.0998044964,0.1294928607,2.4949942330,-0.1370326096,0.2937500000,0.0681794507,-0.2583237658,1.7680248570,-0.0693301384
