Instance,INF_avg,INF_sd,INF_r1,INF_kr,INF_sk,SUP_avg,SUP_sd,SUP_r1,SUP_kr,SUP_sk,INC_avg,INC_sd,INC_r1,INC_kr,INC_sk,IND_avg,IND_sd,IND_r1,IND_kr,IND_sk
instances/A1/asymmetric/100.1.in,0.3270000000,0.0174928557,0.2542248347,2.5251185441,-0.9236263670,0.1390000000,0.0411582313,0.5153177869,1.9222096461,-0.1727143863,0.5340000000,0.0333766385,-0.2041091277,2.4608959255,-0.1326463431,0.0620000000,0.0201494417,-0.5784982935,2.6817078793,1.1375591756
