Instance,INF_avg,INF_sd,INF_r1,INF_kr,INF_sk,SUP_avg,SUP_sd,SUP_r1,SUP_kr,SUP_sk,INC_avg,INC_sd,INC_r1,INC_kr,INC_sk,IND_avg,IND_sd,IND_r1,IND_kr,IND_sk
instances/A3/symmetric/20.3.in,0.7275068996,0.0234144006,-0.6934937711,1.5872532572,-0.2681085637,0.0495745948,0.0286075471,-0.4715830721,2.1616088906,-0.6804739672,0.2229185056,0.0193753226,-0.1765274482,1.9391376553,-0.2148108613,0.1164951186,0.0430774369,0.0483608541,2.9575017894,1.2789592785
