Instance,INF_avg,INF_sd,INF_r1,INF_kr,INF_sk,SUP_avg,SUP_sd,SUP_r1,SUP_kr,SUP_sk,INC_avg,INC_sd,INC_r1,INC_kr,INC_sk,IND_avg,IND_sd,IND_r1,IND_kr,IND_sk
instances/A3/symmetric/20.3.in,0.6816425185,0.0712773978,0.9486771022,2.6517405488,-0.9922052824,0.0629623488,0.0285569061,-0.0207401809,3.1727026620,-0.8321868115,0.2553951327,0.0541737636,1.0860965505,2.9855646485,1.0257044697,0.1073148271,0.0376945515,0.0933328022,4.3034798388,1.4259516086
