Instance,INF_avg,INF_sd,INF_r1,INF_kr,INF_sk,SUP_avg,SUP_sd,SUP_r1,SUP_kr,SUP_sk,INC_avg,INC_sd,INC_r1,INC_kr,INC_sk,IND_avg,IND_sd,IND_r1,IND_kr,IND_sk
instances/A2/symmetric/5.5.in,0.4222222222,0.0919608075,0.6821515892,2.6655921999,-1.0688992367,0.1722222222,0.0867805520,0.0237467018,2.6453238377,0.9949095260,0.4055555556,0.0376796110,-0.4380530973,2.9310018904,-1.1731251294,0.2611111111,0.0376796110,-0.4380530973,2.9310018904,1.1731251294
