Instance,INF_avg,INF_sd,INF_r1,INF_kr,INF_sk,SUP_avg,SUP_sd,SUP_r1,SUP_kr,SUP_sk,INC_avg,INC_sd,INC_r1,INC_kr,INC_sk,IND_avg,IND_sd,IND_r1,IND_kr,IND_sk
instances/A2/symmetric/5.5.in,0.3208112875,0.1376585860,0.8516749855,1.4522905071,0.0420585451,0.2483245150,0.1127216637,0.6034768760,1.5363315460,-0.0674731531,0.4308641975,0.0770295185,0.5464869683,3.2265228335,0.8033219782,0.2865961199,0.0483402824,0.2758706057,1.2906850479,0.1913733647
