Instance,INF_avg,INF_sd,INF_r1,INF_kr,INF_sk,SUP_avg,SUP_sd,SUP_r1,SUP_kr,SUP_sk,INC_avg,INC_sd,INC_r1,INC_kr,INC_sk,IND_avg,IND_sd,IND_r1,IND_kr,IND_sk
instances/A3/asymmetric/20.3.in,0.1474030007,0.0457646940,-0.1162596309,3.2557377443,0.3178335006,0.1561476396,0.0184863716,0.1915769598,2.0976739354,-0.4179583155,0.6964493597,0.0382469073,-0.3004649836,2.6026335007,0.4964128333,0.0747054069,0.0252190170,0.2340192585,2.4096858371,0.7203465859
