Instance,INF_avg,INF_sd,INF_r1,INF_kr,INF_sk,SUP_avg,SUP_sd,SUP_r1,SUP_kr,SUP_sk,INC_avg,INC_sd,INC_r1,INC_kr,INC_sk,IND_avg,IND_sd,IND_r1,IND_kr,IND_sk
instances/A3/asymmetric/50.4.in,0.6610000000,0.0338230691,-0.0895451298,1.2802368086,0.1018773368,0.0740000000,0.0101980390,0.2148760331,1.9556213018,0.2715454179,0.2650000000,0.0303315018,-0.0582524272,1.5105151229,-0.3386492105,0.0570000000,0.0050990195,0.5454545455,1.9556213018,0.2715454179
