Instance,INF_avg,INF_sd,INF_r1,INF_kr,INF_sk,SUP_avg,SUP_sd,SUP_r1,SUP_kr,SUP_sk,INC_avg,INC_sd,INC_r1,INC_kr,INC_sk,IND_avg,IND_sd,IND_r1,IND_kr,IND_sk
instances/A1/symmetric/200.4.in,0.2444444444,0.1065740339,-0.2552926526,1.7849716446,0.1450535054,0.1666666667,0.1414213562,0.2335766423,3.7592592593,1.3094570022,0.5888888889,0.1662958839,0.3001043841,1.8364955357,-0.2583127628,0.4666666667,0.1247219129,-0.2857142857,2.2346938776,0.3054414193
