Instance,INF_avg,INF_sd,INF_r1,INF_kr,INF_sk,SUP_avg,SUP_sd,SUP_r1,SUP_kr,SUP_sk,INC_avg,INC_sd,INC_r1,INC_kr,INC_sk,IND_avg,IND_sd,IND_r1,IND_kr,IND_sk
instances/A1/asymmetric/20.1.in,0.4708196911,0.0601383326,0.4234663399,2.1560147664,-0.5045887518,0.0981334731,0.0380982501,0.0472240296,4.4567008869,1.3412697502,0.4310468358,0.0414735439,0.4606780099,2.0093270889,0.0942667295,0.0608143863,0.0072120075,0.4439049301,2.5172842300,-0.7335158581
