Instance,INF_avg,INF_sd,INF_r1,INF_kr,INF_sk,SUP_avg,SUP_sd,SUP_r1,SUP_kr,SUP_sk,INC_avg,INC_sd,INC_r1,INC_kr,INC_sk,IND_avg,IND_sd,IND_r1,IND_kr,IND_sk
instances/A1/symmetric/10.4.in,0.2360139860,0.0756771314,0.7078521228,2.0508145819,0.6635461765,0.2189510490,0.0377676764,-0.2165199887,2.0369121440,-0.7516161431,0.5450349650,0.0528910850,0.5893901352,1.1986939526,-0.3585432459,0.1706293706,0.0178889812,-0.1439169139,1.7984260018,0.5918150352
