Instance,INF_avg,INF_sd,INF_r1,INF_kr,INF_sk,SUP_avg,SUP_sd,SUP_r1,SUP_kr,SUP_sk,INC_avg,INC_sd,INC_r1,INC_kr,INC_sk,IND_avg,IND_sd,IND_r1,IND_kr,IND_sk
instances/A1/symmetric/10.4.in,0.3041958042,0.0983916332,0.7049322950,1.5323220833,-0.2463645513,0.1686480186,0.0632180983,0.8496514383,1.3329790071,0.1961725535,0.5271561772,0.0545043477,0.1729192278,1.2399793588,0.0488974564,0.1845376845,0.0250008980,-0.0312155181,2.0316004445,0.3852833215
