Instance,INF_avg,INF_sd,INF_r1,INF_kr,INF_sk,SUP_avg,SUP_sd,SUP_r1,SUP_kr,SUP_sk,INC_avg,INC_sd,INC_r1,INC_kr,INC_sk,IND_avg,IND_sd,IND_r1,IND_kr,IND_sk
instances/A3/symmetric/100.6.in,0.2860000000,0.0440908154,-0.3997813909,1.6254223188,-0.1465129753,0.1280000000,0.0143527001,-0.1111111111,2.4234612122,-0.1034952924,0.5860000000,0.0421188794,-0.7427021854,1.2040770544,-0.3399140340,0.0870000000,0.0102956301,-0.1216730038,2.2821288715,0.6927284075
