Instance,INF_avg,INF_sd,INF_r1,INF_kr,INF_sk,SUP_avg,SUP_sd,SUP_r1,SUP_kr,SUP_sk,INC_avg,INC_sd,INC_r1,INC_kr,INC_sk,IND_avg,IND_sd,IND_r1,IND_kr,IND_sk
instances/A1/asymmetric/8.1.in,0.4232878233,0.1191166639,0.4062766101,1.9890317985,0.0526021122,0.1936766937,0.1246169376,0.6148926263,1.4672124912,0.3947185204,0.3830354830,0.0695425486,0.0587867314,1.7299483598,-0.0332129762,0.1866873867,0.0207799725,-0.1830163374,2.8138046913,-0.7053444142
