Instance,INF_avg,INF_sd,INF_r1,INF_kr,INF_sk,SUP_avg,SUP_sd,SUP_r1,SUP_kr,SUP_sk,INC_avg,INC_sd,INC_r1,INC_kr,INC_sk,IND_avg,IND_sd,IND_r1,IND_kr,IND_sk
instances/A1/symmetric/20.2.in,0.6492796440,0.0416346229,0.7605769789,1.9026650948,-0.4528538927,0.0588649378,0.0228241936,0.4764797922,2.1146151857,0.1632950977,0.2918554182,0.0223086515,0.2575218724,2.1821701000,-0.1931582475,0.1260896524,0.0280614026,-0.0906942344,2.4443489435,-0.6248874290
