Instance,INF_avg,INF_sd,INF_r1,INF_kr,INF_sk,SUP_avg,SUP_sd,SUP_r1,SUP_kr,SUP_sk,INC_avg,INC_sd,INC_r1,INC_kr,INC_sk,IND_avg,IND_sd,IND_r1,IND_kr,IND_sk
instances/A1/asymmetric/5.2.in,0.2722222222,0.1585038069,-0.8903535051,2.1569131115,-0.6063560744,0.1811111111,0.0616241094,0.0852819807,2.0514935040,-0.2094722235,0.5466666667,0.1503329638,-0.5538811487,1.4802153943,-0.2133579276,0.3533333333,0.0571547607,-1.0528967254,1.6664584201,-0.1702026400
