Instance,INF_avg,INF_sd,INF_r1,INF_kr,INF_sk,SUP_avg,SUP_sd,SUP_r1,SUP_kr,SUP_sk,INC_avg,INC_sd,INC_r1,INC_kr,INC_sk,IND_avg,IND_sd,IND_r1,IND_kr,IND_sk
instances/A2/symmetric/50.2.in,0.5150000000,0.0194935887,-0.3333333333,1.3746537396,-0.1214974364,0.1220000000,0.0153622915,-0.8013468013,2.5246337259,0.9035993059,0.3630000000,0.0186010752,-0.3430012610,1.9563132748,-0.0335613640,0.0600000000,0.0122474487,-0.4827586207,1.9666666667,0.4082482905
