Instance,INF_avg,INF_sd,INF_r1,INF_kr,INF_sk,SUP_avg,SUP_sd,SUP_r1,SUP_kr,SUP_sk,INC_avg,INC_sd,INC_r1,INC_kr,INC_sk,IND_avg,IND_sd,IND_r1,IND_kr,IND_sk
instances/A2/asymmetric/10.1.in,0.6870955166,0.0705287187,-0.1401351638,1.6107267660,0.6158525073,0.0674463938,0.0391730423,-0.4483672372,2.1092524836,-0.6707835713,0.2454580897,0.0474812188,0.0809326482,1.6578764100,0.0861086713,0.1538401559,0.0301852088,-0.0508117597,2.4355687828,-0.1187152977
