Instance,INF_avg,INF_sd,INF_r1,INF_kr,INF_sk,SUP_avg,SUP_sd,SUP_r1,SUP_kr,SUP_sk,INC_avg,INC_sd,INC_r1,INC_kr,INC_sk,IND_avg,IND_sd,IND_r1,IND_kr,IND_sk
instances/A2/asymmetric/200.2.in,0.3235000000,0.0347167107,0.0084740108,3.3421839760,1.0626682445,0.1955000000,0.0316583322,-0.2602164513,3.1631906907,-0.6402861486,0.4810000000,0.0506853036,-0.4651190571,2.1857938492,0.1408641674,0.0640000000,0.0151327460,0.4520851819,1.4669247345,0.1480349092
