Instance,INF_avg,INF_sd,INF_r1,INF_kr,INF_sk,SUP_avg,SUP_sd,SUP_r1,SUP_kr,SUP_sk,INC_avg,INC_sd,INC_r1,INC_kr,INC_sk,IND_avg,IND_sd,IND_r1,IND_kr,IND_sk
instances/A3/symmetric/10.6.in,0.0981818182,0.0636103843,0.1702741703,1.6408432654,0.5895964430,0.1200000000,0.0145454545,-0.3157894737,3.2500000000,-1.5000000000,0.7818181818,0.0718124278,0.0270270270,1.6715976331,-0.3310878700,0.1600000000,0.0136060269,0.2028985507,1.8469387755,0.3436215967
