Instance,INF_avg,INF_sd,INF_r1,INF_kr,INF_sk,SUP_avg,SUP_sd,SUP_r1,SUP_kr,SUP_sk,INC_avg,INC_sd,INC_r1,INC_kr,INC_sk,IND_avg,IND_sd,IND_r1,IND_kr,IND_sk
instances/A2/asymmetric/20.3.in,0.3419512195,0.1004373245,0.7652049256,2.7230984960,0.5548449906,0.3150000000,0.1148063056,0.7684750733,1.7143936219,-0.0631393646,0.3430487805,0.0521592081,0.8056665723,2.2920942634,0.1270177400,0.0676829268,0.0127880261,0.3576158499,3.7427399110,1.0291567485
