Instance,INF_avg,INF_sd,INF_r1,INF_kr,INF_sk,SUP_avg,SUP_sd,SUP_r1,SUP_kr,SUP_sk,INC_avg,INC_sd,INC_r1,INC_kr,INC_sk,IND_avg,IND_sd,IND_r1,IND_kr,IND_sk
instances/A1/symmetric/20.2.in,0.5347088540,0.0157667332,0.3257835848,1.6394605452,0.3570021819,0.1275932745,0.0242074631,0.2795726723,2.5122379035,-0.1648202156,0.3376978715,0.0136452631,-0.6616377321,2.8038138888,-0.0928728671,0.0641091129,0.0082117322,-0.0164352575,3.3967898665,0.9087321794
