Instance,INF_avg,INF_sd,INF_r1,INF_kr,INF_sk,SUP_avg,SUP_sd,SUP_r1,SUP_kr,SUP_sk,INC_avg,INC_sd,INC_r1,INC_kr,INC_sk,IND_avg,IND_sd,IND_r1,IND_kr,IND_sk
instances/A2/asymmetric/20.1.in,0.5473872107,0.0392762818,-0.9336699012,2.3469499832,0.3450623998,0.1908879464,0.0290236849,-0.7672208098,2.3402723288,-0.1236440299,0.2617248430,0.0165662438,-0.4874580700,1.1925466031,-0.3974242069,0.0440322808,0.0093908622,-0.0569959791,2.4552522463,0.8541973054
