Instance,INF_avg,INF_sd,INF_r1,INF_kr,INF_sk,SUP_avg,SUP_sd,SUP_r1,SUP_kr,SUP_sk,INC_avg,INC_sd,INC_r1,INC_kr,INC_sk,IND_avg,IND_sd,IND_r1,IND_kr,IND_sk
instances/A3/symmetric/10.3.in,0.6294736842,0.0453487563,0.5133819951,1.2285969084,0.3169627324,0.0210526316,0.0257841026,0.5238095238,1.1666666667,0.4082482905,0.3494736842,0.0708945610,0.5236901479,1.1899956142,-0.3712747294,0.2863157895,0.0928227692,0.0384615385,1.1666666667,0.4082482905
