Instance,INF_avg,INF_sd,INF_r1,INF_kr,INF_sk,SUP_avg,SUP_sd,SUP_r1,SUP_kr,SUP_sk,INC_avg,INC_sd,INC_r1,INC_kr,INC_sk,IND_avg,IND_sd,IND_r1,IND_kr,IND_sk
instances/A2/asymmetric/20.5.in,0.4776339597,0.0248481432,-0.4039959567,1.5044528163,-0.4934597333,0.1822648129,0.0490341057,0.0617538754,1.2755700900,-0.0489534376,0.3401012274,0.0276221820,0.5175144447,1.3173780612,0.2463074419,0.0450683163,0.0036681751,-0.8703529303,1.9385437987,-0.3749982346
