Instance,INF_avg,INF_sd,INF_r1,INF_kr,INF_sk,SUP_avg,SUP_sd,SUP_r1,SUP_kr,SUP_sk,INC_avg,INC_sd,INC_r1,INC_kr,INC_sk,IND_avg,IND_sd,IND_r1,IND_kr,IND_sk
instances/A2/asymmetric/20.5.in,0.5098800516,0.0555614281,0.7011938055,2.0603719643,0.5767457611,0.1690152693,0.0555612898,0.4536758927,1.4534878143,0.0526877428,0.3211046791,0.0300009155,0.6373469619,2.3204067796,0.8499752171,0.0480968202,0.0052967855,0.0309742307,2.1409278310,0.1129602182
