Instance,INF_avg,INF_sd,INF_r1,INF_kr,INF_sk,SUP_avg,SUP_sd,SUP_r1,SUP_kr,SUP_sk,INC_avg,INC_sd,INC_r1,INC_kr,INC_sk,IND_avg,IND_sd,IND_r1,IND_kr,IND_sk
instances/A3/asymmetric/10.3.in,0.4317460317,0.0785032573,0.6269251195,2.6235036561,-1.0236587956,0.0930385488,0.0299045905,-1.0859381067,1.8762586543,0.6402222587,0.4752154195,0.0573954819,0.8811050690,1.8577827276,0.6887175231,0.2101587302,0.0192054055,-0.1421846223,2.4127737361,-1.0084194416
