Instance,INF_avg,INF_sd,INF_r1,INF_kr,INF_sk,SUP_avg,SUP_sd,SUP_r1,SUP_kr,SUP_sk,INC_avg,INC_sd,INC_r1,INC_kr,INC_sk,IND_avg,IND_sd,IND_r1,IND_kr,IND_sk
instances/A3/symmetric/10.2.in,0.1130579297,0.0431448585,-0.0491937079,1.6326659422,0.1209863158,0.1868830758,0.0697393499,0.2136730057,1.4773965401,0.3107401649,0.7000589945,0.0641384946,0.2335531128,2.0563331985,-0.6404436299,0.1803605859,0.0226356621,0.5910016230,2.1807497361,0.3920762473
