Instance,INF_avg,INF_sd,INF_r1,INF_kr,INF_sk,SUP_avg,SUP_sd,SUP_r1,SUP_kr,SUP_sk,INC_avg,INC_sd,INC_r1,INC_kr,INC_sk,IND_avg,IND_sd,IND_r1,IND_kr,IND_sk
instances/A3/symmetric/10.3.in,0.1092515421,0.0856076391,0.3188585437,1.6429466928,0.5362041868,0.3061882033,0.0861483134,0.6291185138,1.4362281665,-0.2467875584,0.5845602546,0.0397518455,0.0335208455,2.3491458475,0.7182429344,0.1837423952,0.0682154556,0.4125074513,1.1691315120,0.4087761008
