Instance,INF_avg,INF_sd,INF_r1,INF_kr,INF_sk,SUP_avg,SUP_sd,SUP_r1,SUP_kr,SUP_sk,INC_avg,INC_sd,INC_r1,INC_kr,INC_sk,IND_avg,IND_sd,IND_r1,IND_kr,IND_sk
instances/A3/symmetric/100.3.in,0.3700500000,0.0457520218,0.3478141488,3.3741009621,0.2624483933,0.1275500000,0.0309394166,0.5997361959,3.2082497946,0.6786454725,0.5024000000,0.0371986559,0.2304225098,4.1249428059,-0.4891714268,0.0770000000,0.0155563492,0.3807652887,4.4494228536,0.5976672643
