Instance,INF_avg,INF_sd,INF_r1,INF_kr,INF_sk,SUP_avg,SUP_sd,SUP_r1,SUP_kr,SUP_sk,INC_avg,INC_sd,INC_r1,INC_kr,INC_sk,IND_avg,IND_sd,IND_r1,IND_kr,IND_sk
instances/A3/symmetric/10.5.in,0.3105180534,0.0435550220,0.1210122843,1.7289013485,-0.1597599320,0.1378335950,0.0796362572,0.4778442018,1.2231223894,0.4058506539,0.5516483516,0.0491002017,0.3711684819,2.1608029987,-0.4926079050,0.1529827316,0.0341028094,0.4023060878,1.4108080906,-0.4777167952
