Instance,INF_avg,INF_sd,INF_r1,INF_kr,INF_sk,SUP_avg,SUP_sd,SUP_r1,SUP_kr,SUP_sk,INC_avg,INC_sd,INC_r1,INC_kr,INC_sk,IND_avg,IND_sd,IND_r1,IND_kr,IND_sk
instances/A3/symmetric/8.4.in,0.6611111111,0.1141257699,-0.1673267327,1.5000000000,-0.6958131889,0.0000000000,0.0000000000,0.0000000000,0.0000000000,0.0000000000,0.3388888889,0.1141257699,-0.1673267327,1.5000000000,0.6958131889,0.3416666667,0.0656167323,-0.7538461538,1.5000000000,-0.6309038567
