Instance,INF_avg,INF_sd,INF_r1,INF_kr,INF_sk,SUP_avg,SUP_sd,SUP_r1,SUP_kr,SUP_sk,INC_avg,INC_sd,INC_r1,INC_kr,INC_sk,IND_avg,IND_sd,IND_r1,IND_kr,IND_sk
instances/A2/asymmetric/10.4.in,0.3695195457,0.0895615133,0.5481073016,2.5047040266,0.7280773793,0.2903996356,0.1265564230,0.8686218589,1.3313268698,0.0830555278,0.3400808187,0.0802713329,0.4166560558,2.0214910236,0.6179633117,0.1575440433,0.0445097988,0.0372961671,3.0862536050,-0.7142993662
