Instance,INF_avg,INF_sd,INF_r1,INF_kr,INF_sk,SUP_avg,SUP_sd,SUP_r1,SUP_kr,SUP_sk,INC_avg,INC_sd,INC_r1,INC_kr,INC_sk,IND_avg,IND_sd,IND_r1,IND_kr,IND_sk
instances/A2/asymmetric/10.4.in,0.4191383220,0.0927840173,0.0804252237,2.4469365035,-0.2721063528,0.1827664399,0.0458548033,-0.6975299100,1.3514875485,0.1467885962,0.3980952381,0.0624207644,0.6999589122,1.7605408227,0.1439733311,0.1567346939,0.0581395283,0.0456701366,1.8675061787,-0.5499693642
