Instance,INF_avg,INF_sd,INF_r1,INF_kr,INF_sk,SUP_avg,SUP_sd,SUP_r1,SUP_kr,SUP_sk,INC_avg,INC_sd,INC_r1,INC_kr,INC_sk,IND_avg,IND_sd,IND_r1,IND_kr,IND_sk
instances/A1/asymmetric/5.6.in,0.2012345679,0.1564519538,0.1086726549,1.6762689982,-0.1514227997,0.2790123457,0.1170856023,0.2737530876,1.7307421264,0.2346686882,0.5197530864,0.1094978910,0.0675605774,2.6988155657,0.2126627074,0.3648148148,0.0821938556,-0.1932161890,2.6583746038,0.5113347765
