Instance,INF_avg,INF_sd,INF_r1,INF_kr,INF_sk,SUP_avg,SUP_sd,SUP_r1,SUP_kr,SUP_sk,INC_avg,INC_sd,INC_r1,INC_kr,INC_sk,IND_avg,IND_sd,IND_r1,IND_kr,IND_sk
instances/A2/symmetric/8.1.in,0.6032282851,0.0594105669,0.2623863571,1.9449666396,-0.5245351440,0.1531935497,0.0751796689,0.3505260338,2.8131533298,-0.3789392594,0.2435781651,0.0624485689,-0.2951199734,2.8228134627,1.1514225494,0.2456777259,0.0805420885,0.5235543024,2.0404367966,-0.1480607500
