Instance,INF_avg,INF_sd,INF_r1,INF_kr,INF_sk,SUP_avg,SUP_sd,SUP_r1,SUP_kr,SUP_sk,INC_avg,INC_sd,INC_r1,INC_kr,INC_sk,IND_avg,IND_sd,IND_r1,IND_kr,IND_sk
instances/A3/asymmetric/10.3.in,0.3121001221,0.0548042477,0.5710842858,1.2403810622,0.2794196535,0.0844671202,0.0344372778,0.7246461943,1.4499553729,0.3592738301,0.6034327577,0.0337611700,0.1243774746,1.8156972298,-0.0051048239,0.1578458050,0.0275834747,0.6488240490,1.4864699337,-0.5339134304
