Instance,INF_avg,INF_sd,INF_r1,INF_kr,INF_sk,SUP_avg,SUP_sd,SUP_r1,SUP_kr,SUP_sk,INC_avg,INC_sd,INC_r1,INC_kr,INC_sk,IND_avg,IND_sd,IND_r1,IND_kr,IND_sk
instances/A1/symmetric/50.1.in,0.4210000000,0.0297321375,-0.2854988691,3.1752677054,1.4409199126,0.1710000000,0.0280000000,0.4218902241,1.2581541545,0.4337645773,0.4080000000,0.0297657521,0.2349977096,1.3482387171,0.1203528391,0.0520000000,0.0067823300,-0.5662650602,2.3638941399,-0.7500308204
