Instance,INF_avg,INF_sd,INF_r1,INF_kr,INF_sk,SUP_avg,SUP_sd,SUP_r1,SUP_kr,SUP_sk,INC_avg,INC_sd,INC_r1,INC_kr,INC_sk,IND_avg,IND_sd,IND_r1,IND_kr,IND_sk
instances/A3/symmetric/100.5.in,0.7340010108,0.1733326367,0.9548683392,1.5239160937,-0.1536663736,0.0218604651,0.0229261518,0.9217124893,2.1518726411,0.7542627983,0.2441385240,0.1525999473,0.9485446422,1.5549097869,0.1070933564,0.0577279652,0.0231718981,0.8310276032,2.2808970362,0.5930840254
