Instance,INF_avg,INF_sd,INF_r1,INF_kr,INF_sk,SUP_avg,SUP_sd,SUP_r1,SUP_kr,SUP_sk,INC_avg,INC_sd,INC_r1,INC_kr,INC_sk,IND_avg,IND_sd,IND_r1,IND_kr,IND_sk
instances/A3/symmetric/8.5.in,0.1843434343,0.1384059556,0.4622975311,3.8058323478,1.3392165969,0.1083052750,0.0268423361,-0.0480381193,3.6361603868,0.4708978172,0.7073512907,0.1213666036,0.5159517100,3.5373686807,-1.2388960412,0.2115600449,0.0335177063,-0.0105686037,2.5440164237,0.0267585267
