Instance,INF_avg,INF_sd,INF_r1,INF_kr,INF_sk,SUP_avg,SUP_sd,SUP_r1,SUP_kr,SUP_sk,INC_avg,INC_sd,INC_r1,INC_kr,INC_sk,IND_avg,IND_sd,IND_r1,IND_kr,IND_sk
instances/A1/symmetric/50.4.in,0.3906000000,0.0530343285,0.3021893849,2.8971790672,-0.5664005181,0.1634000000,0.0337259544,0.2126486817,3.5023347289,0.4854849154,0.4460000000,0.0314642654,0.1122693803,3.0541965106,0.6277443593,0.0574000000,0.0098101988,0.2176677441,2.2283827008,-0.0495184193
