Instance,INF_avg,INF_sd,INF_r1,INF_kr,INF_sk,SUP_avg,SUP_sd,SUP_r1,SUP_kr,SUP_sk,INC_avg,INC_sd,INC_r1,INC_kr,INC_sk,IND_avg,IND_sd,IND_r1,IND_kr,IND_sk
instances/A2/symmetric/20.2.in,0.4590256701,0.0953778172,0.5555151309,2.6099244059,-0.1189640641,0.2338385953,0.0868819994,0.5042906016,3.1147790400,0.2003835852,0.3071357346,0.0175229330,0.7190361704,1.7690760249,0.3545537054,0.0565670969,0.0100940366,0.0590746614,2.1005598692,0.5439053868
