Instance,INF_avg,INF_sd,INF_r1,INF_kr,INF_sk,SUP_avg,SUP_sd,SUP_r1,SUP_kr,SUP_sk,INC_avg,INC_sd,INC_r1,INC_kr,INC_sk,IND_avg,IND_sd,IND_r1,IND_kr,IND_sk
instances/A2/symmetric/10.6.in,0.6162825364,0.1113618704,0.4144269138,1.5719518070,0.4989544095,0.1896984291,0.1189863435,0.3802037463,1.1920350295,-0.3835343774,0.1940190345,0.0352503041,-0.6285441075,2.5919252475,1.0042866218,0.1426246990,0.0162480661,-0.4272299649,2.9969146748,-1.2663631361
