Instance,INF_avg,INF_sd,INF_r1,INF_kr,INF_sk,SUP_avg,SUP_sd,SUP_r1,SUP_kr,SUP_sk,INC_avg,INC_sd,INC_r1,INC_kr,INC_sk,IND_avg,IND_sd,IND_r1,IND_kr,IND_sk
instances/A2/asymmetric/5.4.in,0.5086419753,0.1111145404,-0.1097629326,3.4893591593,-1.2754223699,0.1635802469,0.1425110664,0.2330744775,1.9159295150,0.3159421117,0.3277777778,0.0796080936,-0.1237437186,1.4288455051,-0.3734021052,0.4209876543,0.0741100736,-0.0629101537,4.2210576978,1.2002087609
