Instance,INF_avg,INF_sd,INF_r1,INF_kr,INF_sk,SUP_avg,SUP_sd,SUP_r1,SUP_kr,SUP_sk,INC_avg,INC_sd,INC_r1,INC_kr,INC_sk,IND_avg,IND_sd,IND_r1,IND_kr,IND_sk
instances/A2/asymmetric/5.4.in,0.5600000000,0.0602873776,-0.0881392818,2.8158081285,-1.2332237528,0.1111111111,0.1405456738,-0.1428571429,1.5625000000,0.5929270613,0.3288888889,0.0870929686,-0.1904761905,1.1666666667,-0.4082482905,0.4133333333,0.0979795897,-0.0683760684,2.8127572016,1.1642636432
