Instance,INF_avg,INF_sd,INF_r1,INF_kr,INF_sk,SUP_avg,SUP_sd,SUP_r1,SUP_kr,SUP_sk,INC_avg,INC_sd,INC_r1,INC_kr,INC_sk,IND_avg,IND_sd,IND_r1,IND_kr,IND_sk
instances/A2/symmetric/100.4.in,0.3690000000,0.0488262225,-0.2520399837,1.3609557283,0.4362306885,0.2020000000,0.0320312348,0.0142398716,2.2484810141,-0.8569851461,0.4290000000,0.0222261108,-0.7846270928,1.6605828648,-0.2770567825,0.0450000000,0.0114017543,-0.1200000000,2.1449704142,-0.8095920178
