Instance,INF_avg,INF_sd,INF_r1,INF_kr,INF_sk,SUP_avg,SUP_sd,SUP_r1,SUP_kr,SUP_sk,INC_avg,INC_sd,INC_r1,INC_kr,INC_sk,IND_avg,IND_sd,IND_r1,IND_kr,IND_sk
instances/A3/asymmetric/200.4.in,0.3204500000,0.0338163792,0.2450205297,2.8043802493,-0.1589094700,0.1421000000,0.0206419476,-0.1160141990,2.5018202179,0.0271589661,0.5374500000,0.0324075223,0.1634599471,3.4234450870,0.0006529793,0.0810000000,0.0190918831,0.1903755933,3.0180019983,0.0198304600
