Instance,INF_avg,INF_sd,INF_r1,INF_kr,INF_sk,SUP_avg,SUP_sd,SUP_r1,SUP_kr,SUP_sk,INC_avg,INC_sd,INC_r1,INC_kr,INC_sk,IND_avg,IND_sd,IND_r1,IND_kr,IND_sk
instances/A3/symmetric/8.2.in,0.4868045977,0.1593882876,0.6618888212,1.2495449721,0.0319897878,0.2013530378,0.0835478679,0.3639825908,1.6929238373,-0.5758717182,0.3118423645,0.1009355930,0.6430499168,1.3532198416,0.2622824865,0.2310673235,0.0286099810,-0.1414706880,1.7621695803,0.2677955707
