Instance,INF_avg,INF_sd,INF_r1,INF_kr,INF_sk,SUP_avg,SUP_sd,SUP_r1,SUP_kr,SUP_sk,INC_avg,INC_sd,INC_r1,INC_kr,INC_sk,IND_avg,IND_sd,IND_r1,IND_kr,IND_sk
instances/A3/symmetric/20.2.in,0.6958617258,0.0674115383,0.5876590098,1.5586300780,0.0656130485,0.0521177253,0.0108720911,-0.0171795184,4.1163446780,-1.4282660272,0.2520205488,0.0623765007,0.5881659997,1.6129481344,0.0942522497,0.0831359232,0.0112523562,-0.0187121906,2.8503158434,-0.8900536816
