Instance,INF_avg,INF_sd,INF_r1,INF_kr,INF_sk,SUP_avg,SUP_sd,SUP_r1,SUP_kr,SUP_sk,INC_avg,INC_sd,INC_r1,INC_kr,INC_sk,IND_avg,IND_sd,IND_r1,IND_kr,IND_sk
instances/A3/asymmetric/8.6.in,0.4557146557,0.1595382500,0.8211254139,1.9639640987,-0.6345148587,0.0826543827,0.0648486293,0.4413986800,1.6801488414,0.3005471172,0.4616309616,0.1158586487,0.8285223886,2.0350158587,0.6814323628,0.2854626855,0.0437566186,-0.3950951530,2.2133902644,-0.5001614510
