Instance,INF_avg,INF_sd,INF_r1,INF_kr,INF_sk,SUP_avg,SUP_sd,SUP_r1,SUP_kr,SUP_sk,INC_avg,INC_sd,INC_r1,INC_kr,INC_sk,IND_avg,IND_sd,IND_r1,IND_kr,IND_sk
instances/A1/symmetric/20.1.in,0.4281925217,0.0506014953,0.4775976567,2.6851281022,-0.4274446908,0.1463376252,0.0393151284,0.4863961179,3.9946206422,1.1567711670,0.4254698531,0.0334574940,0.2690468098,3.6259605240,-0.9859879649,0.0777175579,0.0088745441,-0.0598754342,2.0935124000,-0.7832221033
