Instance,INF_avg,INF_sd,INF_r1,INF_kr,INF_sk,SUP_avg,SUP_sd,SUP_r1,SUP_kr,SUP_sk,INC_avg,INC_sd,INC_r1,INC_kr,INC_sk,IND_avg,IND_sd,IND_r1,IND_kr,IND_sk
instances/A1/symmetric/5.3.in,0.4596825397,0.1627943194,0.0546876814,3.0050982895,-1.2992567403,0.1071428571,0.1085881357,0.4895522388,1.8603226701,0.5360384649,0.4331746032,0.0782080744,-0.4312872231,2.4913086317,0.6722072862,0.4533333333,0.0903081146,-0.7041522491,2.0400366771,0.3883163773
