Instance,INF_avg,INF_sd,INF_r1,INF_kr,INF_sk,SUP_avg,SUP_sd,SUP_r1,SUP_kr,SUP_sk,INC_avg,INC_sd,INC_r1,INC_kr,INC_sk,IND_avg,IND_sd,IND_r1,IND_kr,IND_sk
instances/A2/asymmetric/8.3.in,0.6047212047,0.1598580613,0.7507374741,1.6087447395,-0.3897273425,0.1404965405,0.1209590283,0.6520652875,1.6337492055,0.4343159814,0.2547822548,0.0554700495,0.4838963402,3.1674951598,-0.8770946817,0.1699633700,0.0500607523,0.5716042357,2.2267933836,0.3298571077
