Instance,INF_avg,INF_sd,INF_r1,INF_kr,INF_sk,SUP_avg,SUP_sd,SUP_r1,SUP_kr,SUP_sk,INC_avg,INC_sd,INC_r1,INC_kr,INC_sk,IND_avg,IND_sd,IND_r1,IND_kr,IND_sk
instances/A2/symmetric/10.2.in,0.3568839074,0.1256003816,0.2730866281,2.0685992736,0.3846104090,0.3098739496,0.1271576449,0.3440633020,1.9379773122,0.0060582772,0.3332421430,0.0300887887,0.0848718323,1.1937502300,0.4027110971,0.1445297350,0.0263778634,-0.4166679462,2.3205566532,-0.1776498506
