Instance,INF_avg,INF_sd,INF_r1,INF_kr,INF_sk,SUP_avg,SUP_sd,SUP_r1,SUP_kr,SUP_sk,INC_avg,INC_sd,INC_r1,INC_kr,INC_sk,IND_avg,IND_sd,IND_r1,IND_kr,IND_sk
instances/A2/symmetric/20.1.in,0.3017252931,0.0775613341,0.8787621742,1.7491156541,-0.0812622747,0.3916136237,0.0876078106,0.8614791238,1.8171239818,-0.1535071250,0.3066610832,0.0276821460,0.1217592237,2.1894887130,-0.3543944462,0.0522710776,0.0097816212,0.3395579229,2.7235174525,0.1640373655
