Instance,INF_avg,INF_sd,INF_r1,INF_kr,INF_sk,SUP_avg,SUP_sd,SUP_r1,SUP_kr,SUP_sk,INC_avg,INC_sd,INC_r1,INC_kr,INC_sk,IND_avg,IND_sd,IND_r1,IND_kr,IND_sk
instances/A1/asymmetric/50.6.in,0.5520000000,0.0990252493,0.5805946390,1.8648887333,0.1686137864,0.1100000000,0.0272029410,0.0590405904,1.6951241782,0.2272707362,0.3380000000,0.0842970937,0.6642903209,2.0238798765,-0.1153242957,0.0450000000,0.0089442719,0.3928571429,3.0078125000,-0.7337098051
