Instance,INF_avg,INF_sd,INF_r1,INF_kr,INF_sk,SUP_avg,SUP_sd,SUP_r1,SUP_kr,SUP_sk,INC_avg,INC_sd,INC_r1,INC_kr,INC_sk,IND_avg,IND_sd,IND_r1,IND_kr,IND_sk
instances/A2/asymmetric/10.2.in,0.7348520175,0.0998870295,0.2913671353,5.5091560567,-1.9519336902,0.0486119074,0.0450235555,0.1793416521,3.0160643213,0.7804776002,0.2165360751,0.0630397275,0.1451520840,5.4925692250,1.8275113397,0.1658984061,0.0641899561,0.2261548272,1.5068997214,0.4788954597
