Instance,INF_avg,INF_sd,INF_r1,INF_kr,INF_sk,SUP_avg,SUP_sd,SUP_r1,SUP_kr,SUP_sk,INC_avg,INC_sd,INC_r1,INC_kr,INC_sk,IND_avg,IND_sd,IND_r1,IND_kr,IND_sk
instances/A1/asymmetric/8.3.in,0.7033333333,0.0609188896,-0.5332472563,1.8885761411,-0.7499910627,0.0266666667,0.0326598632,-0.6666666667,1.1666666667,0.4082482905,0.2700000000,0.0323178657,-0.3965884861,3.0377999095,1.3627927530,0.2416666667,0.0792324288,-0.2897526502,2.3182120761,0.4132570882
