Instance,INF_avg,INF_sd,INF_r1,INF_kr,INF_sk,SUP_avg,SUP_sd,SUP_r1,SUP_kr,SUP_sk,INC_avg,INC_sd,INC_r1,INC_kr,INC_sk,IND_avg,IND_sd,IND_r1,IND_kr,IND_sk
instances/A1/asymmetric/8.3.in,0.5622914123,0.1662368712,0.7447974720,1.2956513335,-0.1028145350,0.0734228734,0.0587600063,0.5876055675,1.4769690366,-0.1015225022,0.3642857143,0.1115634034,0.7675943550,1.4127190137,0.2825541322,0.2280728531,0.0649603505,-0.0445072970,3.4680795915,0.9101767821
