Instance,INF_avg,INF_sd,INF_r1,INF_kr,INF_sk,SUP_avg,SUP_sd,SUP_r1,SUP_kr,SUP_sk,INC_avg,INC_sd,INC_r1,INC_kr,INC_sk,IND_avg,IND_sd,IND_r1,IND_kr,IND_sk
instances/A3/asymmetric/8.5.in,0.4304843305,0.0738480228,0.1442484232,1.3846072153,0.2409585929,0.0722832723,0.0283493240,0.6228231959,1.7494815628,0.3868373965,0.4972323972,0.0636138381,0.2531401784,1.5899837077,0.2823884660,0.2592185592,0.0391787310,0.2571158671,2.5611280718,0.2364884968
