Instance,INF_avg,INF_sd,INF_r1,INF_kr,INF_sk,SUP_avg,SUP_sd,SUP_r1,SUP_kr,SUP_sk,INC_avg,INC_sd,INC_r1,INC_kr,INC_sk,IND_avg,IND_sd,IND_r1,IND_kr,IND_sk
instances/A2/symmetric/100.4.in,0.4410256410,0.0689591061,0.6097045539,2.0994080840,-0.0731627844,0.0885897436,0.0610112297,0.7793303245,2.3827415395,0.5605416091,0.4703846154,0.0469981535,0.2105373933,2.6474667929,-0.3620738643,0.0984615385,0.0265579638,0.0185765046,2.4173193212,-0.1175821072
