Instance,INF_avg,INF_sd,INF_r1,INF_kr,INF_sk,SUP_avg,SUP_sd,SUP_r1,SUP_kr,SUP_sk,INC_avg,INC_sd,INC_r1,INC_kr,INC_sk,IND_avg,IND_sd,IND_r1,IND_kr,IND_sk
instances/A1/asymmetric/10.2.in,0.5958147001,0.0432288719,-0.7169676309,1.4641742792,-0.5454933176,0.1611397775,0.0612887905,-0.7995027973,1.4428236764,-0.2807890664,0.2430455223,0.0366282394,-0.2317589548,2.1577767328,-0.1444869111,0.1778351107,0.0269067133,-0.7173225791,1.2647157243,0.0479593335
