Instance,INF_avg,INF_sd,INF_r1,INF_kr,INF_sk,SUP_avg,SUP_sd,SUP_r1,SUP_kr,SUP_sk,INC_avg,INC_sd,INC_r1,INC_kr,INC_sk,IND_avg,IND_sd,IND_r1,IND_kr,IND_sk
instances/A1/symmetric/20.1.in,0.6419157542,0.1856609265,0.9378534981,1.6847837362,-0.1891378513,0.0591300366,0.0558247730,0.7009555749,3.6538743632,1.0695840947,0.2989542092,0.1369667602,0.9599581464,1.6389382235,0.0099648189,0.0914968999,0.0287379807,0.2652782842,4.6892162790,0.7077123108
