Instance,INF_avg,INF_sd,INF_r1,INF_kr,INF_sk,SUP_avg,SUP_sd,SUP_r1,SUP_kr,SUP_sk,INC_avg,INC_sd,INC_r1,INC_kr,INC_sk,IND_avg,IND_sd,IND_r1,IND_kr,IND_sk
instances/A3/asymmetric/20.1.in,0.3733293584,0.0424570856,0.4393104434,1.6281691690,0.3778384776,0.1273289332,0.0169117884,-0.0752796763,1.8239599277,0.1675482017,0.4993417084,0.0340998720,0.2641269290,1.8748234929,-0.4052620259,0.0914753076,0.0230442547,0.8950755527,2.0289145523,-0.6115035990
