Instance,INF_avg,INF_sd,INF_r1,INF_kr,INF_sk,SUP_avg,SUP_sd,SUP_r1,SUP_kr,SUP_sk,INC_avg,INC_sd,INC_r1,INC_kr,INC_sk,IND_avg,IND_sd,IND_r1,IND_kr,IND_sk
instances/A1/asymmetric/200.2.in,0.2968500000,0.0373072044,0.1716421056,4.4020866081,-0.4269069205,0.1904000000,0.0324397904,0.2136502489,3.0509882638,-0.1885122334,0.5127500000,0.0356817530,0.3518074581,3.4728101146,0.3082058389,0.0660500000,0.0174398251,-0.2207541622,2.7539230274,0.3642394516
