Instance,INF_avg,INF_sd,INF_r1,INF_kr,INF_sk,SUP_avg,SUP_sd,SUP_r1,SUP_kr,SUP_sk,INC_avg,INC_sd,INC_r1,INC_kr,INC_sk,IND_avg,IND_sd,IND_r1,IND_kr,IND_sk
instances/A1/asymmetric/8.1.in,0.3948717949,0.0521717691,-0.1370157819,1.3416999230,-0.1759331554,0.1953846154,0.0324092827,-0.8886843316,1.3231691553,0.0209656217,0.4097435897,0.0631290175,-0.7466615057,2.2107733268,-0.2606898137,0.2328205128,0.0533776936,0.6642477179,1.8044803298,-0.0788100688
