Instance,INF_avg,INF_sd,INF_r1,INF_kr,INF_sk,SUP_avg,SUP_sd,SUP_r1,SUP_kr,SUP_sk,INC_avg,INC_sd,INC_r1,INC_kr,INC_sk,IND_avg,IND_sd,IND_r1,IND_kr,IND_sk
instances/A3/symmetric/8.6.in,0.1446015713,0.1135525778,0.9542811126,2.1406940803,0.7205209710,0.1094388328,0.0468567148,0.5044394992,1.8870243730,-0.3698455528,0.7459595960,0.0831346473,0.8450700712,1.6122127148,-0.4361041440,0.2635016835,0.0454676125,-0.0735688993,1.3785275255,-0.1873788798
