Instance,INF_avg,INF_sd,INF_r1,INF_kr,INF_sk,SUP_avg,SUP_sd,SUP_r1,SUP_kr,SUP_sk,INC_avg,INC_sd,INC_r1,INC_kr,INC_sk,IND_avg,IND_sd,IND_r1,IND_kr,IND_sk
instances/A2/symmetric/8.1.in,0.6644078144,0.0492114996,0.8485211511,1.7593520638,0.7558523577,0.0381766382,0.0377124478,0.2271471712,1.4654220205,0.2445288356,0.2974155474,0.0341254490,0.5972035209,2.5837256732,0.5961333851,0.2253357753,0.0328033744,0.3565414965,1.8635614564,0.6457672091
