Instance,INF_avg,INF_sd,INF_r1,INF_kr,INF_sk,SUP_avg,SUP_sd,SUP_r1,SUP_kr,SUP_sk,INC_avg,INC_sd,INC_r1,INC_kr,INC_sk,IND_avg,IND_sd,IND_r1,IND_kr,IND_sk
instances/A1/asymmetric/10.6.in,0.5084749455,0.0579929418,-0.4190217475,1.4282874582,0.0130321711,0.0917755991,0.0430518123,-0.1988300136,1.6084079402,-0.0302913869,0.3997494553,0.0180178243,-0.8001979368,1.4158915879,-0.2356426733,0.1637363834,0.0285723929,0.3758898088,1.7105389782,0.1836600472
