Instance,INF_avg,INF_sd,INF_r1,INF_kr,INF_sk,SUP_avg,SUP_sd,SUP_r1,SUP_kr,SUP_sk,INC_avg,INC_sd,INC_r1,INC_kr,INC_sk,IND_avg,IND_sd,IND_r1,IND_kr,IND_sk
instances/A2/asymmetric/8.5.in,0.4249244583,0.0748995838,0.3506673652,1.9848226018,0.1192538504,0.2264741431,0.0350715861,0.2792412954,1.9466268527,-0.0712720170,0.3486013986,0.0458473404,0.1677869481,2.1388024809,-0.0370830350,0.2052059052,0.0366693331,0.5398599474,1.8195382516,0.4235045793
