Instance,INF_avg,INF_sd,INF_r1,INF_kr,INF_sk,SUP_avg,SUP_sd,SUP_r1,SUP_kr,SUP_sk,INC_avg,INC_sd,INC_r1,INC_kr,INC_sk,IND_avg,IND_sd,IND_r1,IND_kr,IND_sk
instances/A2/asymmetric/8.5.in,0.4482983683,0.0859197973,0.2928100753,2.0691124583,-0.5437400203,0.2196736597,0.0367328101,0.3316995949,1.8068217786,-0.0605425689,0.3320279720,0.0519156870,0.1640288816,2.4479391861,0.7198940532,0.2196736597,0.0367328101,0.3316995949,1.8068217786,-0.0605425689
