Instance,INF_avg,INF_sd,INF_r1,INF_kr,INF_sk,SUP_avg,SUP_sd,SUP_r1,SUP_kr,SUP_sk,INC_avg,INC_sd,INC_r1,INC_kr,INC_sk,IND_avg,IND_sd,IND_r1,IND_kr,IND_sk
instances/A1/asymmetric/5.4.in,0.3666666667,0.0408248290,0.0384615385,1.1666666667,0.4082482905,0.1222222222,0.0515201028,0.0962441315,2.9694429421,1.2864700617,0.5111111111,0.0415739710,-0.5740740741,1.8469387755,-0.3436215967,0.4166666667,0.0430331483,-0.1818181818,2.9166666667,-1.2909944487
