Instance,INF_avg,INF_sd,INF_r1,INF_kr,INF_sk,SUP_avg,SUP_sd,SUP_r1,SUP_kr,SUP_sk,INC_avg,INC_sd,INC_r1,INC_kr,INC_sk,IND_avg,IND_sd,IND_r1,IND_kr,IND_sk
instances/A3/symmetric/10.4.in,0.0758741259,0.1083726579,-0.1384134331,3.0613694123,1.3611864966,0.2046853147,0.0615446596,-0.2222244914,2.3191202192,-0.7203623913,0.7194405594,0.0532835930,0.0992611813,3.0263468249,-1.3282219477,0.2313986014,0.0510979744,0.5409523604,1.3875165590,0.1073011606
