Instance,INF_avg,INF_sd,INF_r1,INF_kr,INF_sk,SUP_avg,SUP_sd,SUP_r1,SUP_kr,SUP_sk,INC_avg,INC_sd,INC_r1,INC_kr,INC_sk,IND_avg,IND_sd,IND_r1,IND_kr,IND_sk
instances/A2/asymmetric/100.3.in,0.3335000000,0.0381870397,0.3116537112,3.0472185293,0.1455116821,0.2170000000,0.0334215499,-0.0743734987,3.7252079645,0.0080360290,0.4495000000,0.0338563140,0.0752722936,3.0106172396,0.0698828587,0.0569000000,0.0149295010,-0.0610200490,2.6015402237,0.8294680080
