Instance,INF_avg,INF_sd,INF_r1,INF_kr,INF_sk,SUP_avg,SUP_sd,SUP_r1,SUP_kr,SUP_sk,INC_avg,INC_sd,INC_r1,INC_kr,INC_sk,IND_avg,IND_sd,IND_r1,IND_kr,IND_sk
instances/A3/asymmetric/100.5.in,0.2690000000,0.0457602448,-0.0122296341,1.5747092936,0.4879675145,0.1620000000,0.0215870331,-0.5879689521,1.3514800420,0.2182998618,0.5690000000,0.0326190129,0.2269984917,1.5925433885,0.0912793904,0.0860000000,0.0115758369,-0.5573770492,1.3968589886,-0.2436882574
