Instance,INF_avg,INF_sd,INF_r1,INF_kr,INF_sk,SUP_avg,SUP_sd,SUP_r1,SUP_kr,SUP_sk,INC_avg,INC_sd,INC_r1,INC_kr,INC_sk,IND_avg,IND_sd,IND_r1,IND_kr,IND_sk
instances/A1/asymmetric/10.5.in,0.6725100333,0.0924578775,0.3617793327,1.9267706550,-0.1697570126,0.1304208233,0.0755047482,0.2133814624,2.2482065756,-0.6307110801,0.1970691434,0.0616167133,-0.1443285491,2.0265413213,0.2006864223,0.1825409930,0.0282791437,-0.7385245931,1.1888186314,-0.3661998864
