Instance,INF_avg,INF_sd,INF_r1,INF_kr,INF_sk,SUP_avg,SUP_sd,SUP_r1,SUP_kr,SUP_sk,INC_avg,INC_sd,INC_r1,INC_kr,INC_sk,IND_avg,IND_sd,IND_r1,IND_kr,IND_sk
instances/A3/symmetric/10.1.in,0.2424995639,0.1071366185,0.0468995746,2.0343772885,0.8221318024,0.2102738531,0.0490627166,0.0138718313,3.4217955924,-0.7033742117,0.5472265829,0.0688419790,-0.0200677413,1.5555293975,-0.3908723723,0.1548491191,0.0219219706,0.3490959119,2.3358205325,-0.1859179144
