Instance,INF_avg,INF_sd,INF_r1,INF_kr,INF_sk,SUP_avg,SUP_sd,SUP_r1,SUP_kr,SUP_sk,INC_avg,INC_sd,INC_r1,INC_kr,INC_sk,IND_avg,IND_sd,IND_r1,IND_kr,IND_sk
instances/A2/symmetric/8.1.in,0.5435897436,0.0527981033,-0.0019788918,2.0766509434,0.3091773944,0.1518518519,0.0534277295,0.1823563640,2.9930733784,-0.5806748847,0.3045584046,0.0347344744,0.3707362618,2.6312577596,-0.6578043730,0.1455840456,0.0245279125,0.8887772531,2.1171986240,0.4571107157
