Instance,INF_avg,INF_sd,INF_r1,INF_kr,INF_sk,SUP_avg,SUP_sd,SUP_r1,SUP_kr,SUP_sk,INC_avg,INC_sd,INC_r1,INC_kr,INC_sk,IND_avg,IND_sd,IND_r1,IND_kr,IND_sk
instances/A2/symmetric/8.1.in,0.5420512821,0.0596857869,-0.2923330471,1.8289905383,0.1944180319,0.1656410256,0.0424310556,-0.3258897418,1.7887665360,0.4368215281,0.2923076923,0.0387510472,0.2253922967,1.8667667563,-0.2012869691,0.1302564103,0.0142671054,0.3232089799,1.9679005669,0.4550152936
