Instance,INF_avg,INF_sd,INF_r1,INF_kr,INF_sk,SUP_avg,SUP_sd,SUP_r1,SUP_kr,SUP_sk,INC_avg,INC_sd,INC_r1,INC_kr,INC_sk,IND_avg,IND_sd,IND_r1,IND_kr,IND_sk
instances/A3/asymmetric/8.5.in,0.1837822671,0.1090369729,0.6233096727,1.6873371348,-0.0922785811,0.1790684624,0.0675090939,0.5220393949,2.2695543648,0.1382548581,0.6371492705,0.1554597106,0.8663302409,1.5280169132,0.5747309082,0.2442760943,0.0559986412,-0.1350528835,3.4205824947,0.6437895250
