Instance,INF_avg,INF_sd,INF_r1,INF_kr,INF_sk,SUP_avg,SUP_sd,SUP_r1,SUP_kr,SUP_sk,INC_avg,INC_sd,INC_r1,INC_kr,INC_sk,IND_avg,IND_sd,IND_r1,IND_kr,IND_sk
instances/A2/symmetric/5.1.in,0.1976190476,0.1375193246,0.2085473904,1.3783049100,-0.3525307280,0.3876190476,0.1253964235,0.1830732378,1.4056251250,0.3986855112,0.4147619048,0.0128129753,0.3832267770,1.2445667104,-0.1102621427,0.3185714286,0.0592928854,-0.2551988909,1.7879172597,0.6583528582
