Instance,INF_avg,INF_sd,INF_r1,INF_kr,INF_sk,SUP_avg,SUP_sd,SUP_r1,SUP_kr,SUP_sk,INC_avg,INC_sd,INC_r1,INC_kr,INC_sk,IND_avg,IND_sd,IND_r1,IND_kr,IND_sk
instances/A1/asymmetric/200.4.in,0.3903017241,0.1197281202,0.2200391257,4.6532434207,0.3217076592,0.0627155172,0.0648269987,0.3860443145,4.6648571311,1.2412748710,0.5469827586,0.1154617404,0.1395682102,3.6413829035,-0.2436157056,0.3215517241,0.0945096551,0.0319410482,2.5351140404,0.2103505825
