Instance,INF_avg,INF_sd,INF_r1,INF_kr,INF_sk,SUP_avg,SUP_sd,SUP_r1,SUP_kr,SUP_sk,INC_avg,INC_sd,INC_r1,INC_kr,INC_sk,IND_avg,IND_sd,IND_r1,IND_kr,IND_sk
instances/A2/symmetric/20.5.in,0.8004379379,0.0660323242,0.2993773096,7.1553159809,-2.2516715149,0.0314964965,0.0297475549,0.2865622727,6.6884761256,2.0192368138,0.1680655656,0.0405310938,0.3248489609,5.1013751382,1.5672621622,0.0598748749,0.0091763965,-0.3174848120,3.3844920422,1.2428550170
