Instance,INF_avg,INF_sd,INF_r1,INF_kr,INF_sk,SUP_avg,SUP_sd,SUP_r1,SUP_kr,SUP_sk,INC_avg,INC_sd,INC_r1,INC_kr,INC_sk,IND_avg,IND_sd,IND_r1,IND_kr,IND_sk
instances/A3/symmetric/200.1.in,0.3050000000,0.0148323970,-0.6857142857,1.2913223140,-0.2758090346,0.1320000000,0.0163095064,-0.6947723440,2.0504550851,0.7136388703,0.5630000000,0.0143527001,-0.6611295681,2.6779621076,1.1140963830,0.0860000000,0.0135646600,-0.5697674419,2.3638941399,0.7500308204
