Instance,INF_avg,INF_sd,INF_r1,INF_kr,INF_sk,SUP_avg,SUP_sd,SUP_r1,SUP_kr,SUP_sk,INC_avg,INC_sd,INC_r1,INC_kr,INC_sk,IND_avg,IND_sd,IND_r1,IND_kr,IND_sk
instances/A3/asymmetric/50.1.in,0.3425000000,0.0364177155,0.6028368794,2.0603550969,-0.5372782586,0.1420000000,0.0179164729,-0.2067785005,3.7356683262,1.0156162888,0.5155000000,0.0263106442,0.4945992268,1.9783100078,0.6107543004,0.0935000000,0.0159765453,0.1526424565,3.1736827312,0.9721645849
