Instance,INF_avg,INF_sd,INF_r1,INF_kr,INF_sk,SUP_avg,SUP_sd,SUP_r1,SUP_kr,SUP_sk,INC_avg,INC_sd,INC_r1,INC_kr,INC_sk,IND_avg,IND_sd,IND_r1,IND_kr,IND_sk
instances/A1/symmetric/10.6.in,0.4684848485,0.0767740561,-0.2662659435,1.9658127910,0.7612513422,0.1003030303,0.0407330042,-0.2586522201,2.7890632149,1.1610689261,0.4312121212,0.0812779270,0.4449187332,1.8710209205,-0.3775753399,0.1682323232,0.0462722190,0.5581988646,1.1825930725,0.3984171621
