Instance,INF_avg,INF_sd,INF_r1,INF_kr,INF_sk,SUP_avg,SUP_sd,SUP_r1,SUP_kr,SUP_sk,INC_avg,INC_sd,INC_r1,INC_kr,INC_sk,IND_avg,IND_sd,IND_r1,IND_kr,IND_sk
instances/A1/symmetric/10.6.in,0.3745855996,0.1330175430,0.6734838208,2.3903922919,-0.1542923663,0.1399475524,0.0681916044,0.6333059154,1.8591500929,0.6015766333,0.4854668480,0.0895881428,0.5652087079,2.7078656781,-0.7009415782,0.1568527152,0.0389765227,0.4309198952,2.2966658522,0.9172734673
