Instance,INF_avg,INF_sd,INF_r1,INF_kr,INF_sk,SUP_avg,SUP_sd,SUP_r1,SUP_kr,SUP_sk,INC_avg,INC_sd,INC_r1,INC_kr,INC_sk,IND_avg,IND_sd,IND_r1,IND_kr,IND_sk
instances/A1/symmetric/100.6.in,0.3255000000,0.0511932613,0.7136251455,2.0161728074,-0.0565442905,0.1739500000,0.0327894419,0.6302297709,2.2903133644,0.1234380677,0.5005500000,0.0420588576,0.5338849554,2.7700413688,0.3639765143,0.0599500000,0.0150747305,0.2232696975,2.2759520263,0.1540818075
