Instance,INF_avg,INF_sd,INF_r1,INF_kr,INF_sk,SUP_avg,SUP_sd,SUP_r1,SUP_kr,SUP_sk,INC_avg,INC_sd,INC_r1,INC_kr,INC_sk,IND_avg,IND_sd,IND_r1,IND_kr,IND_sk
instances/A2/symmetric/10.2.in,0.3395804196,0.0853738188,0.0801357425,1.5071791903,0.1029200439,0.2418881119,0.0663843763,0.0185865003,1.6124935557,0.4599281003,0.4185314685,0.0297987446,-0.3016299063,2.4760586150,-0.7387479364,0.1285314685,0.0221244419,-0.4727454891,1.5995392058,0.5751104420
