Instance,INF_avg,INF_sd,INF_r1,INF_kr,INF_sk,SUP_avg,SUP_sd,SUP_r1,SUP_kr,SUP_sk,INC_avg,INC_sd,INC_r1,INC_kr,INC_sk,IND_avg,IND_sd,IND_r1,IND_kr,IND_sk
instances/A3/symmetric/20.1.in,0.8263589744,0.0795996557,0.5343306735,1.2288384376,-0.3785857774,0.0262564103,0.0218304988,0.3337226060,1.2452718183,-0.2948393733,0.1473846154,0.0682730335,0.3415267876,1.2529393053,0.3863211839,0.1205128205,0.0272128484,0.3840763001,1.5717236485,-0.2083926064
