Instance,INF_avg,INF_sd,INF_r1,INF_kr,INF_sk,SUP_avg,SUP_sd,SUP_r1,SUP_kr,SUP_sk,INC_avg,INC_sd,INC_r1,INC_kr,INC_sk,IND_avg,IND_sd,IND_r1,IND_kr,IND_sk
instances/A3/symmetric/5.3.in,0.3888888889,0.1204415744,-0.0333333333,1.4588048891,-0.0441637280,0.3111111111,0.0444444444,-0.3157894737,3.2500000000,-1.5000000000,0.3000000000,0.0952579344,0.0384615385,1.1666666667,0.4082482905,0.3944444444,0.0902670934,-0.5471226022,1.7649793388,-0.4937647309
