Instance,INF_avg,INF_sd,INF_r1,INF_kr,INF_sk,SUP_avg,SUP_sd,SUP_r1,SUP_kr,SUP_sk,INC_avg,INC_sd,INC_r1,INC_kr,INC_sk,IND_avg,IND_sd,IND_r1,IND_kr,IND_sk
instances/A2/asymmetric/5.1.in,0.4586419753,0.0944303225,0.0564142645,3.3461840708,-0.7072454689,0.2345679012,0.1072725136,0.1711072186,3.5607566554,-0.5590011331,0.3067901235,0.0574836875,0.0153020381,1.9401699791,-0.2863066706,0.3438271605,0.0749231176,-0.3991016652,3.9694302896,-1.0524571879
