Instance,INF_avg,INF_sd,INF_r1,INF_kr,INF_sk,SUP_avg,SUP_sd,SUP_r1,SUP_kr,SUP_sk,INC_avg,INC_sd,INC_r1,INC_kr,INC_sk,IND_avg,IND_sd,IND_r1,IND_kr,IND_sk
instances/A3/symmetric/5.6.in,0.4253086420,0.1205585740,-0.1037872260,2.4937813970,-0.5865307730,0.1141975309,0.1083328937,-0.2281951835,2.5462082560,0.7480512840,0.4604938272,0.1502728302,-0.1519053876,3.6754104124,0.7935641223,0.4728395062,0.0950216366,-0.6121291341,1.8123548746,-0.1036723702
