Instance,INF_avg,INF_sd,INF_r1,INF_kr,INF_sk,SUP_avg,SUP_sd,SUP_r1,SUP_kr,SUP_sk,INC_avg,INC_sd,INC_r1,INC_kr,INC_sk,IND_avg,IND_sd,IND_r1,IND_kr,IND_sk
instances/A2/symmetric/100.1.in,0.3270000000,0.0448998886,0.0651521919,1.6276735521,-0.1373094401,0.2110000000,0.0242693222,0.1998531841,3.6108710629,-0.8040081749,0.4620000000,0.0402616443,-0.4505079140,3.0258612192,0.5962847089,0.0540000000,0.0058309519,-0.1728395062,2.5363321799,0.0151322281
