Instance,INF_avg,INF_sd,INF_r1,INF_kr,INF_sk,SUP_avg,SUP_sd,SUP_r1,SUP_kr,SUP_sk,INC_avg,INC_sd,INC_r1,INC_kr,INC_sk,IND_avg,IND_sd,IND_r1,IND_kr,IND_sk
instances/A3/asymmetric/8.6.in,0.6733333333,0.0671648056,0.0739506995,1.2475551457,0.0740770321,0.0000000000,0.0000000000,0.0000000000,0.0000000000,0.0000000000,0.3266666667,0.0671648056,0.0739506995,1.2475551457,-0.0740770321,0.2600000000,0.0429469958,-0.5956151035,2.4634199448,0.4460527720
