Instance,INF_avg,INF_sd,INF_r1,INF_kr,INF_sk,SUP_avg,SUP_sd,SUP_r1,SUP_kr,SUP_sk,INC_avg,INC_sd,INC_r1,INC_kr,INC_sk,IND_avg,IND_sd,IND_r1,IND_kr,IND_sk
instances/A1/asymmetric/8.1.in,0.6420634921,0.1258581028,0.7949296561,1.3075817121,-0.4167943564,0.0158730159,0.0317460317,0.4000000000,4.5000000000,1.7500000000,0.3420634921,0.1076209205,0.7839919493,1.5249961445,0.4774882363,0.2543650794,0.0451893360,-0.3057697421,5.8813369578,1.9043979418
