Instance,INF_avg,INF_sd,INF_r1,INF_kr,INF_sk,SUP_avg,SUP_sd,SUP_r1,SUP_kr,SUP_sk,INC_avg,INC_sd,INC_r1,INC_kr,INC_sk,IND_avg,IND_sd,IND_r1,IND_kr,IND_sk
instances/A2/symmetric/20.2.in,0.6097167346,0.0901741110,0.5068275623,2.4438960771,-0.2882473675,0.1604050781,0.0656322664,0.4063548768,2.6694286341,0.3134711223,0.2298781873,0.0292859406,0.5968355714,1.4583888194,0.2142312985,0.0782562894,0.0215639803,0.6722377419,1.4478446949,0.3903079160
