Instance,INF_avg,INF_sd,INF_r1,INF_kr,INF_sk,SUP_avg,SUP_sd,SUP_r1,SUP_kr,SUP_sk,INC_avg,INC_sd,INC_r1,INC_kr,INC_sk,IND_avg,IND_sd,IND_r1,IND_kr,IND_sk
instances/A3/symmetric/8.2.in,0.2244185146,0.0747166555,0.3032016268,3.2865363575,-0.9496893549,0.1535566392,0.0393201548,0.4604107116,2.8934049932,-1.0834922560,0.6220248462,0.0769305932,0.4832104279,3.1676890579,0.6359396213,0.2199698131,0.0363084601,0.0397916284,3.3020463603,0.7504692706
