Instance,INF_avg,INF_sd,INF_r1,INF_kr,INF_sk,SUP_avg,SUP_sd,SUP_r1,SUP_kr,SUP_sk,INC_avg,INC_sd,INC_r1,INC_kr,INC_sk,IND_avg,IND_sd,IND_r1,IND_kr,IND_sk
instances/A2/asymmetric/10.1.in,0.5484920635,0.0779013434,0.8425704250,1.5664778948,-0.4323677132,0.1104308390,0.0310867938,-0.6049611768,2.0645509760,0.6322456895,0.3410770975,0.0613611015,0.5262705276,1.2466831101,0.3541456509,0.1352380952,0.0186506248,-0.2051524144,2.7112023172,-1.1371625053
