Instance,INF_avg,INF_sd,INF_r1,INF_kr,INF_sk,SUP_avg,SUP_sd,SUP_r1,SUP_kr,SUP_sk,INC_avg,INC_sd,INC_r1,INC_kr,INC_sk,IND_avg,IND_sd,IND_r1,IND_kr,IND_sk
instances/A3/symmetric/10.2.in,0.5365044783,0.0807050559,0.4848099370,1.8740841354,-0.3974153354,0.0896937787,0.0416392646,0.4645737052,1.9953834944,0.3831829115,0.3738017429,0.0467325340,0.3544127729,1.8392339981,-0.1232810509,0.1796477850,0.0244671082,-0.0415434906,2.0676559480,0.2954611930
