Instance,INF_avg,INF_sd,INF_r1,INF_kr,INF_sk,SUP_avg,SUP_sd,SUP_r1,SUP_kr,SUP_sk,INC_avg,INC_sd,INC_r1,INC_kr,INC_sk,IND_avg,IND_sd,IND_r1,IND_kr,IND_sk
instances/A3/symmetric/10.2.in,0.5962636166,0.0390003711,-0.5874970861,1.9767052429,-0.7562847939,0.0592265795,0.0203726304,-0.0921127108,1.4569717118,0.1533711796,0.3445098039,0.0383211705,-0.1664020274,2.4984651894,0.6170325063,0.1672549020,0.0151931069,-0.0053920710,1.2750989941,-0.2727515333
