Instance,INF_avg,INF_sd,INF_r1,INF_kr,INF_sk,SUP_avg,SUP_sd,SUP_r1,SUP_kr,SUP_sk,INC_avg,INC_sd,INC_r1,INC_kr,INC_sk,IND_avg,IND_sd,IND_r1,IND_kr,IND_sk
instances/A3/asymmetric/20.1.in,0.7483137800,0.0886979971,0.5328657820,1.4519206622,-0.0429638149,0.0507358707,0.0385699143,0.4728040750,2.4647205316,0.4383737692,0.2009503493,0.0538702004,0.4504134909,1.2099987251,-0.0866806237,0.0763255493,0.0324483699,0.4821026405,3.4015015484,1.0143784584
