Instance,INF_avg,INF_sd,INF_r1,INF_kr,INF_sk,SUP_avg,SUP_sd,SUP_r1,SUP_kr,SUP_sk,INC_avg,INC_sd,INC_r1,INC_kr,INC_sk,IND_avg,IND_sd,IND_r1,IND_kr,IND_sk
instances/A1/asymmetric/10.6.in,0.5263522740,0.0878409984,-0.3278502338,1.6193201553,0.5951098526,0.0978349022,0.0241100035,0.3900717470,1.3265378720,0.3351315431,0.3758128238,0.0693595174,-0.4662727912,1.8644269216,-0.7040268221,0.1614514599,0.0373499522,-0.1593399675,1.7899827157,0.5489272440
