Instance,INF_avg,INF_sd,INF_r1,INF_kr,INF_sk,SUP_avg,SUP_sd,SUP_r1,SUP_kr,SUP_sk,INC_avg,INC_sd,INC_r1,INC_kr,INC_sk,IND_avg,IND_sd,IND_r1,IND_kr,IND_sk
instances/A1/asymmetric/10.6.in,0.4375277728,0.1209671260,0.3758638312,2.2197049172,0.5562484794,0.1636276001,0.0760584190,0.8278603816,1.2177925501,0.0918632664,0.3988446271,0.0645370591,-0.2964044999,2.9275996195,-0.8885799562,0.1659226457,0.0294588487,-0.0990892843,2.3483668539,0.2515714089
