Instance,INF_avg,INF_sd,INF_r1,INF_kr,INF_sk,SUP_avg,SUP_sd,SUP_r1,SUP_kr,SUP_sk,INC_avg,INC_sd,INC_r1,INC_kr,INC_sk,IND_avg,IND_sd,IND_r1,IND_kr,IND_sk
instances/A2/asymmetric/20.6.in,0.7137259068,0.0482309420,0.4424441586,2.0649394899,0.5718289970,0.0464685115,0.0290107127,0.3571935216,2.2376566674,-0.2010486972,0.2398055817,0.0205483969,0.4392399884,1.9215218814,-0.6863463604,0.1102476071,0.0262060103,0.0003416783,2.4954119360,0.2695211282
