Instance,INF_avg,INF_sd,INF_r1,INF_kr,INF_sk,SUP_avg,SUP_sd,SUP_r1,SUP_kr,SUP_sk,INC_avg,INC_sd,INC_r1,INC_kr,INC_sk,IND_avg,IND_sd,IND_r1,IND_kr,IND_sk
instances/A3/symmetric/20.2.in,0.4425357659,0.0434616079,0.4787837594,1.9394628773,-0.3073016776,0.0953631434,0.0096369055,0.5167121237,2.1653050113,0.8922358634,0.4621010907,0.0365098273,0.4338749830,1.8362534294,0.0080288648,0.0466872168,0.0039740789,-0.4065329491,1.6020491982,0.4452789420
