Instance,INF_avg,INF_sd,INF_r1,INF_kr,INF_sk,SUP_avg,SUP_sd,SUP_r1,SUP_kr,SUP_sk,INC_avg,INC_sd,INC_r1,INC_kr,INC_sk,IND_avg,IND_sd,IND_r1,IND_kr,IND_sk
instances/A2/asymmetric/10.6.in,0.3638948353,0.1183452145,0.4637331425,2.0753311639,0.7011096805,0.2231871303,0.0841155290,0.2806979335,2.2860809814,0.1910365646,0.4129180343,0.0536638288,0.1408908711,2.9487919786,-0.2349096422,0.1470981400,0.0283961535,0.1488849232,1.9966371182,-0.5337710284
