Instance,INF_avg,INF_sd,INF_r1,INF_kr,INF_sk,SUP_avg,SUP_sd,SUP_r1,SUP_kr,SUP_sk,INC_avg,INC_sd,INC_r1,INC_kr,INC_sk,IND_avg,IND_sd,IND_r1,IND_kr,IND_sk
instances/A1/asymmetric/10.2.in,0.6142265795,0.0871262941,-0.2093733021,1.6384020987,0.0261270459,0.1317864924,0.0613372528,0.1848753873,1.6802838307,-0.3666819159,0.2539869281,0.0370596881,-0.7012108618,1.4423715907,-0.3183721149,0.1460021786,0.0175250496,0.2483098276,2.2944167264,0.6316260235
