Instance,INF_avg,INF_sd,INF_r1,INF_kr,INF_sk,SUP_avg,SUP_sd,SUP_r1,SUP_kr,SUP_sk,INC_avg,INC_sd,INC_r1,INC_kr,INC_sk,IND_avg,IND_sd,IND_r1,IND_kr,IND_sk
instances/A1/asymmetric/10.2.in,0.5299223773,0.1262417505,0.5366196338,2.1970879063,-0.0207485089,0.1697765336,0.0806624913,0.1833913715,3.4795386569,0.5680140795,0.3003010891,0.0631935623,0.5184378316,2.0901609250,0.0537455417,0.1377629019,0.0191864727,0.3974971898,2.4371069399,0.5631735902
