Instance,INF_avg,INF_sd,INF_r1,INF_kr,INF_sk,SUP_avg,SUP_sd,SUP_r1,SUP_kr,SUP_sk,INC_avg,INC_sd,INC_r1,INC_kr,INC_sk,IND_avg,IND_sd,IND_r1,IND_kr,IND_sk
instances/A2/asymmetric/100.2.in,0.4450000000,0.0364691651,-0.3861386139,2.3541466448,-0.8040575709,0.2360000000,0.0429418211,-0.3379976136,2.6935843987,0.8965366258,0.3190000000,0.0332264955,-0.2165541385,2.6590166194,0.8952062146,0.0410000000,0.0091651514,0.2772861357,1.2091836735,-0.2961528510
