Instance,INF_avg,INF_sd,INF_r1,INF_kr,INF_sk,SUP_avg,SUP_sd,SUP_r1,SUP_kr,SUP_sk,INC_avg,INC_sd,INC_r1,INC_kr,INC_sk,IND_avg,IND_sd,IND_r1,IND_kr,IND_sk
instances/A3/asymmetric/5.6.in,0.0740740741,0.1063162970,0.2180248246,4.0814874163,1.4617864504,0.3240740741,0.0871748318,0.5993538849,1.8931319970,-0.0753856824,0.6018518519,0.0847816529,-0.4080022864,2.8137182419,-1.0269774258,0.3814814815,0.0931096673,-0.0909585070,2.7057562891,-0.1550833187
