Instance,INF_avg,INF_sd,INF_r1,INF_kr,INF_sk,SUP_avg,SUP_sd,SUP_r1,SUP_kr,SUP_sk,INC_avg,INC_sd,INC_r1,INC_kr,INC_sk,IND_avg,IND_sd,IND_r1,IND_kr,IND_sk
instances/A1/asymmetric/8.6.in,0.3750000000,0.1216209960,0.6065573770,2.6917278318,0.5211294413,0.1416666667,0.1204736025,0.7015544041,1.4248986974,0.3389069909,0.4833333333,0.0623609564,-0.0677966102,1.5000000000,-0.3818017742,0.3416666667,0.0786165094,-0.0581613508,3.0765054917,1.0480877915
