Instance,INF_avg,INF_sd,INF_r1,INF_kr,INF_sk,SUP_avg,SUP_sd,SUP_r1,SUP_kr,SUP_sk,INC_avg,INC_sd,INC_r1,INC_kr,INC_sk,IND_avg,IND_sd,IND_r1,IND_kr,IND_sk
instances/A1/asymmetric/5.5.in,0.1481481481,0.1163870842,-0.0599435825,1.7177535651,-0.0896260738,0.2055555556,0.0724355823,0.0688949523,2.1925951557,0.0496271463,0.6462962963,0.0796511599,-0.1501226281,2.2802296567,0.4673783443,0.3574074074,0.0853862362,0.4399226946,2.3685477212,-0.2080247133
