Instance,INF_avg,INF_sd,INF_r1,INF_kr,INF_sk,SUP_avg,SUP_sd,SUP_r1,SUP_kr,SUP_sk,INC_avg,INC_sd,INC_r1,INC_kr,INC_sk,IND_avg,IND_sd,IND_r1,IND_kr,IND_sk
instances/A1/asymmetric/5.5.in,0.1333333333,0.1247219129,-0.0144927536,1.8469387755,0.3436215967,0.2300000000,0.0718021974,-0.0529772329,1.6508063317,0.0018009246,0.6366666667,0.0702376917,-0.2245417515,1.7342951059,-0.1718745560,0.3433333333,0.1062491830,0.5733194009,1.7074562899,0.1406217390
