Instance,INF_avg,INF_sd,INF_r1,INF_kr,INF_sk,SUP_avg,SUP_sd,SUP_r1,SUP_kr,SUP_sk,INC_avg,INC_sd,INC_r1,INC_kr,INC_sk,IND_avg,IND_sd,IND_r1,IND_kr,IND_sk
instances/A3/symmetric/100.4.in,0.3889000000,0.0575698706,0.2905726979,2.7298315757,-0.0354239885,0.1090000000,0.0364554523,0.4855247012,2.1157288275,0.1146146683,0.5021000000,0.0486424712,0.2109723164,3.3785645502,0.3650705731,0.0884000000,0.0162616112,0.2919289009,2.1907867237,-0.1910581108
