Instance,INF_avg,INF_sd,INF_r1,INF_kr,INF_sk,SUP_avg,SUP_sd,SUP_r1,SUP_kr,SUP_sk,INC_avg,INC_sd,INC_r1,INC_kr,INC_sk,IND_avg,IND_sd,IND_r1,IND_kr,IND_sk
instances/A3/symmetric/10.4.in,0.4874920339,0.1393213128,0.7505984531,1.2505518213,-0.2726850435,0.0450543180,0.0345717151,0.6406748535,1.4013598535,0.0662048983,0.4674536481,0.1084340402,0.7050953612,1.4958932652,0.3627856794,0.2278337261,0.0653133431,0.4671565979,1.7377018202,0.2108634627
