Instance,INF_avg,INF_sd,INF_r1,INF_kr,INF_sk,SUP_avg,SUP_sd,SUP_r1,SUP_kr,SUP_sk,INC_avg,INC_sd,INC_r1,INC_kr,INC_sk,IND_avg,IND_sd,IND_r1,IND_kr,IND_sk
instances/A3/symmetric/10.3.in,0.4149494949,0.1014262136,0.2572622573,2.1907714225,-0.4599153250,0.1146464646,0.0129109324,-0.2217929581,2.4651502796,-1.0144804008,0.4704040404,0.0975484361,0.1979144503,2.3890384629,0.7773261169,0.2131818182,0.0355838099,-0.6670984944,1.5016167949,0.3959495275
