Instance,INF_avg,INF_sd,INF_r1,INF_kr,INF_sk,SUP_avg,SUP_sd,SUP_r1,SUP_kr,SUP_sk,INC_avg,INC_sd,INC_r1,INC_kr,INC_sk,IND_avg,IND_sd,IND_r1,IND_kr,IND_sk
instances/A2/asymmetric/5.4.in,0.4711111111,0.1542164584,0.3116431744,2.1324626660,-0.8398831801,0.2022222222,0.1399117888,0.6624490857,1.7550876659,-0.0259160938,0.3266666667,0.0742368582,0.0480961924,2.0793444329,-0.6170311183,0.4088888889,0.0177777778,-0.3157894737,3.2500000000,1.5000000000
