Instance,INF_avg,INF_sd,INF_r1,INF_kr,INF_sk,SUP_avg,SUP_sd,SUP_r1,SUP_kr,SUP_sk,INC_avg,INC_sd,INC_r1,INC_kr,INC_sk,IND_avg,IND_sd,IND_r1,IND_kr,IND_sk
instances/A2/symmetric/50.4.in,0.3596000000,0.0566907400,0.6471381521,2.2488192575,0.4647036799,0.2178000000,0.0352584742,0.5523171910,2.6766742678,0.2837088281,0.4226000000,0.0505790470,0.5758989473,2.2048220169,-0.3627454668,0.0546000000,0.0115689239,0.4398688654,2.5647401202,0.2910594367
