Instance,INF_avg,INF_sd,INF_r1,INF_kr,INF_sk,SUP_avg,SUP_sd,SUP_r1,SUP_kr,SUP_sk,INC_avg,INC_sd,INC_r1,INC_kr,INC_sk,IND_avg,IND_sd,IND_r1,IND_kr,IND_sk
instances/A2/symmetric/10.5.in,0.2622503892,0.0630735785,0.5174345062,3.2643304174,0.9205802650,0.2911974856,0.1043476984,0.5132989867,1.6005538844,-0.2144200840,0.4465521251,0.0926261049,0.5508353900,1.3074201109,0.1356576078,0.1465831347,0.0218681805,-0.4578969777,2.3599950512,-0.1423387082
