Instance,INF_avg,INF_sd,INF_r1,INF_kr,INF_sk,SUP_avg,SUP_sd,SUP_r1,SUP_kr,SUP_sk,INC_avg,INC_sd,INC_r1,INC_kr,INC_sk,IND_avg,IND_sd,IND_r1,IND_kr,IND_sk
instances/A1/symmetric/10.5.in,0.4764102564,0.0715775098,0.4340612201,1.4948191533,-0.5609185822,0.1313675214,0.0204014068,-0.4070158410,2.1813417256,0.6454121826,0.3922222222,0.0606141409,0.3557392502,2.2362109240,0.8655062466,0.1408119658,0.0124827297,-0.0387650736,1.3312847455,0.1851103578
