Instance,INF_avg,INF_sd,INF_r1,INF_kr,INF_sk,SUP_avg,SUP_sd,SUP_r1,SUP_kr,SUP_sk,INC_avg,INC_sd,INC_r1,INC_kr,INC_sk,IND_avg,IND_sd,IND_r1,IND_kr,IND_sk
instances/A1/symmetric/10.5.in,0.4809640095,0.0626258276,0.4247024030,1.8633331210,-0.6997202475,0.1222949009,0.0230896791,-0.0656594252,3.2109616078,-0.0512448714,0.3967410896,0.0533374067,0.4355276201,2.2860390311,0.7513146986,0.1482329399,0.0150605168,0.0147978717,2.4781196889,0.2802396205
