Instance,INF_avg,INF_sd,INF_r1,INF_kr,INF_sk,SUP_avg,SUP_sd,SUP_r1,SUP_kr,SUP_sk,INC_avg,INC_sd,INC_r1,INC_kr,INC_sk,IND_avg,IND_sd,IND_r1,IND_kr,IND_sk
instances/A3/symmetric/20.2.in,0.8144400136,0.0369027669,0.2476747018,1.7946383625,0.1583334638,0.0221553537,0.0214312171,0.7254404861,1.4550776397,0.1949331689,0.1634046327,0.0321666802,0.1791776061,2.2107442955,-0.1880411946,0.1123308193,0.0378660301,0.1917537978,3.6079083804,1.2785114036
