Instance,INF_avg,INF_sd,INF_r1,INF_kr,INF_sk,SUP_avg,SUP_sd,SUP_r1,SUP_kr,SUP_sk,INC_avg,INC_sd,INC_r1,INC_kr,INC_sk,IND_avg,IND_sd,IND_r1,IND_kr,IND_sk
instances/A1/asymmetric/100.1.in,0.2974000000,0.0302694566,0.2409921987,2.7945904692,-0.0371655286,0.1880000000,0.0261151297,0.3900536628,2.5382607649,-0.6046988481,0.5146000000,0.0223571018,-0.0457849560,3.3447319788,0.5440614120,0.0648000000,0.0079347338,-0.1741086178,3.1852264159,0.6661397635
