Instance,INF_avg,INF_sd,INF_r1,INF_kr,INF_sk,SUP_avg,SUP_sd,SUP_r1,SUP_kr,SUP_sk,INC_avg,INC_sd,INC_r1,INC_kr,INC_sk,IND_avg,IND_sd,IND_r1,IND_kr,IND_sk
instances/A3/asymmetric/50.1.in,0.3131000000,0.0558828238,0.6819321300,2.2946973182,0.1774040641,0.1394000000,0.0281183214,0.5665265416,2.8976988163,0.0518799710,0.5475000000,0.0396263801,0.5052941645,2.4301112716,-0.2210585880,0.0851000000,0.0169260155,0.4835514137,1.9382728399,0.0817778980
