Instance,INF_avg,INF_sd,INF_r1,INF_kr,INF_sk,SUP_avg,SUP_sd,SUP_r1,SUP_kr,SUP_sk,INC_avg,INC_sd,INC_r1,INC_kr,INC_sk,IND_avg,IND_sd,IND_r1,IND_kr,IND_sk
instances/A2/asymmetric/200.6.in,0.4551034483,0.0633693850,0.7672874046,2.6088919632,-0.2801437417,0.0924482759,0.0564651777,0.9202599962,2.0999577134,0.2257565518,0.4524482759,0.0318786343,0.2208781183,3.0155313791,0.0405414715,0.0502068966,0.0142378304,0.1078969271,2.6157698714,-0.0471816637
