Instance,INF_avg,INF_sd,INF_r1,INF_kr,INF_sk,SUP_avg,SUP_sd,SUP_r1,SUP_kr,SUP_sk,INC_avg,INC_sd,INC_r1,INC_kr,INC_sk,IND_avg,IND_sd,IND_r1,IND_kr,IND_sk
instances/A1/asymmetric/20.2.in,0.5962043969,0.0760151913,0.4774255041,1.9624017397,0.6105853542,0.0951879336,0.0268096919,-0.6713412410,2.5153023019,0.9009554905,0.3086076694,0.0779015642,0.5482428278,1.2449622605,-0.3083578675,0.0634215832,0.0242106158,0.2849597621,2.0040197615,0.7131264085
