Instance,INF_avg,INF_sd,INF_r1,INF_kr,INF_sk,SUP_avg,SUP_sd,SUP_r1,SUP_kr,SUP_sk,INC_avg,INC_sd,INC_r1,INC_kr,INC_sk,IND_avg,IND_sd,IND_r1,IND_kr,IND_sk
instances/A3/asymmetric/20.1.in,0.3872883542,0.0328077823,-0.3200880124,1.5150029827,-0.0646615964,0.1395816786,0.0411560393,-0.1447429878,1.9152716610,0.6634348096,0.4731299672,0.0206453895,-0.7185471154,2.5147243146,0.8673967905,0.0732229330,0.0067579677,-0.7920649087,1.9205614375,0.4132924704
