Instance,INF_avg,INF_sd,INF_r1,INF_kr,INF_sk,SUP_avg,SUP_sd,SUP_r1,SUP_kr,SUP_sk,INC_avg,INC_sd,INC_r1,INC_kr,INC_sk,IND_avg,IND_sd,IND_r1,IND_kr,IND_sk
instances/A1/asymmetric/10.5.in,0.5500000000,0.1384437310,0.8095238095,2.2400756144,0.5652900928,0.0666666667,0.0745355992,0.1923076923,2.0400000000,0.6260990337,0.3833333333,0.1067187373,-0.0080000000,1.9898869720,-0.4875668664,0.4000000000,0.0577350269,0.0000000000,3.0000000000,0.0000000000
