Instance,INF_avg,INF_sd,INF_r1,INF_kr,INF_sk,SUP_avg,SUP_sd,SUP_r1,SUP_kr,SUP_sk,INC_avg,INC_sd,INC_r1,INC_kr,INC_sk,IND_avg,IND_sd,IND_r1,IND_kr,IND_sk
instances/A3/asymmetric/100.4.in,0.3836000000,0.0552362200,0.1722389579,2.7750820353,-0.2995817488,0.1408000000,0.0249671785,0.3517895118,2.6990199367,0.1210151390,0.4756000000,0.0473353990,0.0256436987,3.0180298628,0.9065641332,0.0644000000,0.0133656276,0.1484612364,3.2203699986,-0.4746251686
