Instance,INF_avg,INF_sd,INF_r1,INF_kr,INF_sk,SUP_avg,SUP_sd,SUP_r1,SUP_kr,SUP_sk,INC_avg,INC_sd,INC_r1,INC_kr,INC_sk,IND_avg,IND_sd,IND_r1,IND_kr,IND_sk
instances/A1/asymmetric/100.2.in,0.3906000000,0.0482767025,0.4023749869,4.1066120815,-0.6659997263,0.1623000000,0.0281994681,0.4556386372,2.6831713753,0.2991542418,0.4471000000,0.0437388843,0.5140032522,4.8842279873,1.3800275992,0.0617000000,0.0103735240,-0.0276545153,2.5644852434,0.3348362466
