Instance,INF_avg,INF_sd,INF_r1,INF_kr,INF_sk,SUP_avg,SUP_sd,SUP_r1,SUP_kr,SUP_sk,INC_avg,INC_sd,INC_r1,INC_kr,INC_sk,IND_avg,IND_sd,IND_r1,IND_kr,IND_sk
instances/A1/asymmetric/50.5.in,0.3940000000,0.0418807832,0.4081511328,3.0028129221,0.2122003098,0.1800000000,0.0253968502,0.4698795181,2.2723994952,0.4807408096,0.4260000000,0.0479478884,0.7435693871,1.7588158401,-0.1827778167,0.0635000000,0.0128549601,0.3189639558,2.3256767242,-0.0543713081
