Instance,INF_avg,INF_sd,INF_r1,INF_kr,INF_sk,SUP_avg,SUP_sd,SUP_r1,SUP_kr,SUP_sk,INC_avg,INC_sd,INC_r1,INC_kr,INC_sk,IND_avg,IND_sd,IND_r1,IND_kr,IND_sk
instances/A2/asymmetric/200.3.in,0.4303076923,0.0605733943,0.4848485793,2.6464354741,0.0926771811,0.0990000000,0.0521808984,0.6784428580,2.4427598177,0.2049238308,0.4706923077,0.0443966122,0.1424891866,2.7177826174,0.0600180871,0.0908461538,0.0259595726,0.2205726767,3.8033711907,0.6351728629
