Instance,INF_avg,INF_sd,INF_r1,INF_kr,INF_sk,SUP_avg,SUP_sd,SUP_r1,SUP_kr,SUP_sk,INC_avg,INC_sd,INC_r1,INC_kr,INC_sk,IND_avg,IND_sd,IND_r1,IND_kr,IND_sk
instances/A3/symmetric/50.6.in,0.4090000000,0.0949262872,0.6280291419,5.0804982174,1.5683296153,0.1002000000,0.0328931604,0.5566680311,2.5751095669,0.0253115816,0.4908000000,0.0747820834,0.6490985691,5.5416190909,-1.5927042218,0.0744000000,0.0121507201,0.2895211500,2.4186775025,-0.0022475764
