Instance,INF_avg,INF_sd,INF_r1,INF_kr,INF_sk,SUP_avg,SUP_sd,SUP_r1,SUP_kr,SUP_sk,INC_avg,INC_sd,INC_r1,INC_kr,INC_sk,IND_avg,IND_sd,IND_r1,IND_kr,IND_sk
instances/A2/symmetric/200.5.in,0.3209677419,0.1299963979,0.3042190381,2.3340285003,0.4058078253,0.1822580645,0.0857118081,0.2317886994,2.5213984343,0.0599315962,0.4967741935,0.1204397078,-0.1260160530,2.6323932091,-0.3950818100,0.2822580645,0.0875733675,0.1377773916,2.1613351462,0.1177785524
