Instance,INF_avg,INF_sd,INF_r1,INF_kr,INF_sk,SUP_avg,SUP_sd,SUP_r1,SUP_kr,SUP_sk,INC_avg,INC_sd,INC_r1,INC_kr,INC_sk,IND_avg,IND_sd,IND_r1,IND_kr,IND_sk
instances/A1/asymmetric/20.2.in,0.4627551975,0.0159016196,-0.5927977597,2.7959657104,-1.1315703622,0.1372868019,0.0352383222,-0.0820133274,2.4982534486,1.0204075073,0.3999580006,0.0228770414,0.3412547130,1.4515132586,-0.5142849112,0.0624181899,0.0074016840,-0.6290653007,1.2890936068,0.2738909519
