Instance,INF_avg,INF_sd,INF_r1,INF_kr,INF_sk,SUP_avg,SUP_sd,SUP_r1,SUP_kr,SUP_sk,INC_avg,INC_sd,INC_r1,INC_kr,INC_sk,IND_avg,IND_sd,IND_r1,IND_kr,IND_sk
instances/A2/symmetric/8.2.in,0.5562637363,0.0686183741,0.8080622818,2.3419086896,-0.8449078439,0.1651282051,0.0874810557,0.5377950741,1.8658183388,0.1570563931,0.2786080586,0.0313597614,0.1241733747,2.4181733163,0.6175855289,0.1879120879,0.0287866413,-0.2303750545,2.2987291815,0.6480060357
