Instance,INF_avg,INF_sd,INF_r1,INF_kr,INF_sk,SUP_avg,SUP_sd,SUP_r1,SUP_kr,SUP_sk,INC_avg,INC_sd,INC_r1,INC_kr,INC_sk,IND_avg,IND_sd,IND_r1,IND_kr,IND_sk
instances/A2/symmetric/5.6.in,0.1366666667,0.1739731780,-0.2560938452,1.6327876859,0.6263729909,0.3433333333,0.0696020434,-0.2070200573,1.2047176164,-0.4257493901,0.5200000000,0.1066666667,-0.2903225806,2.0781250000,-0.8437500000,0.2666666667,0.0421637021,0.0000000000,2.5000000000,0.0000000000
