Instance,INF_avg,INF_sd,INF_r1,INF_kr,INF_sk,SUP_avg,SUP_sd,SUP_r1,SUP_kr,SUP_sk,INC_avg,INC_sd,INC_r1,INC_kr,INC_sk,IND_avg,IND_sd,IND_r1,IND_kr,IND_sk
instances/A2/asymmetric/200.3.in,0.3452000000,0.0368505088,0.0658454454,2.7359633665,-0.2733686913,0.2077000000,0.0236264682,0.0855868393,2.8545333545,-0.0912674821,0.4471000000,0.0367435709,-0.1131321094,2.8351836780,0.4468646559,0.0645000000,0.0105475116,0.1126873033,2.8884888272,-0.0728645161
