Instance,INF_avg,INF_sd,INF_r1,INF_kr,INF_sk,SUP_avg,SUP_sd,SUP_r1,SUP_kr,SUP_sk,INC_avg,INC_sd,INC_r1,INC_kr,INC_sk,IND_avg,IND_sd,IND_r1,IND_kr,IND_sk
instances/A2/asymmetric/5.1.in,0.1882716049,0.1328294090,0.2977453318,2.3081947892,0.4582852880,0.3728395062,0.0958838906,0.1013357520,1.9298190376,0.1269805982,0.4388888889,0.0628539361,0.2679680568,2.3569335938,-0.6325291129,0.3604938272,0.0562575674,-0.0736768381,2.3930317012,-0.3350656090
