Instance,INF_avg,INF_sd,INF_r1,INF_kr,INF_sk,SUP_avg,SUP_sd,SUP_r1,SUP_kr,SUP_sk,INC_avg,INC_sd,INC_r1,INC_kr,INC_sk,IND_avg,IND_sd,IND_r1,IND_kr,IND_sk
instances/A2/asymmetric/20.2.in,0.6675442805,0.0312090825,0.4089734275,2.1577650067,-0.6115169790,0.0742816614,0.0042192588,0.1464791328,1.4130279986,-0.2424094987,0.2581740580,0.0341129384,0.4654633792,2.0232594541,0.6041326391,0.0829694313,0.0178812333,0.5616205831,1.7205317069,0.0841351427
