Instance,INF_avg,INF_sd,INF_r1,INF_kr,INF_sk,SUP_avg,SUP_sd,SUP_r1,SUP_kr,SUP_sk,INC_avg,INC_sd,INC_r1,INC_kr,INC_sk,IND_avg,IND_sd,IND_r1,IND_kr,IND_sk
instances/A3/symmetric/100.3.in,0.3280000000,0.0445645599,-0.3251694730,1.3930245860,0.1494149226,0.1170000000,0.0265706605,0.0150620201,2.3867497532,0.9038916122,0.5550000000,0.0408656335,-0.6555555556,1.3181720392,-0.2175964205,0.0910000000,0.0152970585,-0.8355995056,2.1747753671,-0.5665577237
