Instance,INF_avg,INF_sd,INF_r1,INF_kr,INF_sk,SUP_avg,SUP_sd,SUP_r1,SUP_kr,SUP_sk,INC_avg,INC_sd,INC_r1,INC_kr,INC_sk,IND_avg,IND_sd,IND_r1,IND_kr,IND_sk
instances/A1/asymmetric/100.3.in,0.8093926529,0.1399955666,0.8854833804,2.4703764145,-0.5702584936,0.0137068966,0.0308857788,0.6512334735,21.2351007091,4.1588726490,0.1769004505,0.1211384006,0.9151440045,1.5772843634,0.2094692720,0.0454379657,0.0160075147,0.4429562097,2.3998915603,0.1164912304
