Instance,INF_avg,INF_sd,INF_r1,INF_kr,INF_sk,SUP_avg,SUP_sd,SUP_r1,SUP_kr,SUP_sk,INC_avg,INC_sd,INC_r1,INC_kr,INC_sk,IND_avg,IND_sd,IND_r1,IND_kr,IND_sk
instances/A1/asymmetric/5.3.in,0.3055555556,0.1590869007,-0.7906976744,2.8859309935,-1.2137355750,0.2577777778,0.0773480190,-1.2297986235,2.6801636504,0.8966056025,0.4366666667,0.0878129325,-0.0336763330,2.7789492480,0.9540191151,0.3800000000,0.0385861230,-0.4274447950,1.1963689018,-0.3365218792
