Instance,INF_avg,INF_sd,INF_r1,INF_kr,INF_sk,SUP_avg,SUP_sd,SUP_r1,SUP_kr,SUP_sk,INC_avg,INC_sd,INC_r1,INC_kr,INC_sk,IND_avg,IND_sd,IND_r1,IND_kr,IND_sk
instances/A1/asymmetric/5.3.in,0.2216049383,0.1524478918,0.3950090732,1.5213543457,0.1446207831,0.2469135802,0.0770740256,-0.2410171406,2.5764048598,0.5194634594,0.5314814815,0.1299203090,0.6200826298,1.6079431575,-0.0334711224,0.3666666667,0.0490653381,0.2142857143,2.2988165680,-0.7054956905
