Instance,INF_avg,INF_sd,INF_r1,INF_kr,INF_sk,SUP_avg,SUP_sd,SUP_r1,SUP_kr,SUP_sk,INC_avg,INC_sd,INC_r1,INC_kr,INC_sk,IND_avg,IND_sd,IND_r1,IND_kr,IND_sk
instances/A2/symmetric/50.3.in,0.4268500000,0.0893242828,0.8739061394,2.2486778272,0.4581430211,0.2254500000,0.0560896381,0.7971322310,2.2376746172,-0.2474829452,0.3477000000,0.0468317200,0.6791339558,2.7133763786,0.0565691205,0.0510500000,0.0097029635,0.2981791760,2.5838869207,0.1379599392
