Instance,INF_avg,INF_sd,INF_r1,INF_kr,INF_sk,SUP_avg,SUP_sd,SUP_r1,SUP_kr,SUP_sk,INC_avg,INC_sd,INC_r1,INC_kr,INC_sk,IND_avg,IND_sd,IND_r1,IND_kr,IND_sk
instances/A3/asymmetric/50.3.in,0.4117500000,0.0637470588,0.7079986426,3.4585043680,0.3538687298,0.1569000000,0.0545150438,0.7216787555,2.2071059137,0.4116242890,0.4313500000,0.0436855525,0.4811686817,3.6368193905,-0.5800939186,0.0742500000,0.0152868407,0.4551744567,2.9231842128,-0.3996063680
