Instance,INF_avg,INF_sd,INF_r1,INF_kr,INF_sk,SUP_avg,SUP_sd,SUP_r1,SUP_kr,SUP_sk,INC_avg,INC_sd,INC_r1,INC_kr,INC_sk,IND_avg,IND_sd,IND_r1,IND_kr,IND_sk
instances/A2/symmetric/100.4.in,0.3682000000,0.0512226512,0.6385895690,2.5632039044,0.5188708396,0.1982000000,0.0350108555,0.4404628239,3.9480907234,0.7691951103,0.4336000000,0.0398251177,0.4263674500,2.7641479257,0.0253958927,0.0604000000,0.0135587610,0.3786703942,3.1684499179,-0.5418634775
