Instance,INF_avg,INF_sd,INF_r1,INF_kr,INF_sk,SUP_avg,SUP_sd,SUP_r1,SUP_kr,SUP_sk,INC_avg,INC_sd,INC_r1,INC_kr,INC_sk,IND_avg,IND_sd,IND_r1,IND_kr,IND_sk
instances/A3/symmetric/50.6.in,0.7409270330,0.1575268391,0.8795097666,1.8699671093,-0.3684106394,0.0188963711,0.0258651017,0.6377264204,5.4416314549,1.8041403117,0.2401765959,0.1404440552,0.8851314149,1.6103041832,0.2252997103,0.0864128053,0.0289991222,0.2434958405,2.0545582357,-0.0241729663
