Instance,INF_avg,INF_sd,INF_r1,INF_kr,INF_sk,SUP_avg,SUP_sd,SUP_r1,SUP_kr,SUP_sk,INC_avg,INC_sd,INC_r1,INC_kr,INC_sk,IND_avg,IND_sd,IND_r1,IND_kr,IND_sk
instances/A3/symmetric/50.6.in,0.7177264138,0.1509816698,0.8641685557,1.7941754724,-0.2804191288,0.0208375421,0.0267559608,0.6351359854,4.8157159487,1.6463973872,0.2614360441,0.1334732040,0.8741757284,1.5040532016,0.1335653333,0.0892851130,0.0258819972,0.2996850400,2.0099173016,0.2012009922
