Instance,INF_avg,INF_sd,INF_r1,INF_kr,INF_sk,SUP_avg,SUP_sd,SUP_r1,SUP_kr,SUP_sk,INC_avg,INC_sd,INC_r1,INC_kr,INC_sk,IND_avg,IND_sd,IND_r1,IND_kr,IND_sk
instances/A2/symmetric/8.5.in,0.3756437050,0.1233631206,0.3666077429,3.8041283759,-1.2799205652,0.1705808453,0.1110615170,0.4992716301,2.0868759439,0.7033714251,0.4537754498,0.0467663408,-0.2075122574,2.4709752195,-0.1909388013,0.1979457112,0.0340908056,-0.5745330854,2.8180991949,0.8951947245
