Instance,INF_avg,INF_sd,INF_r1,INF_kr,INF_sk,SUP_avg,SUP_sd,SUP_r1,SUP_kr,SUP_sk,INC_avg,INC_sd,INC_r1,INC_kr,INC_sk,IND_avg,IND_sd,IND_r1,IND_kr,IND_sk
instances/A3/asymmetric/20.6.in,0.2965000000,0.0396894192,0.0428541064,3.0533792232,0.8696391731,0.1335000000,0.0336934712,0.6657931156,1.5168100898,-0.1928209426,0.5700000000,0.0528204506,0.5611672278,2.6379735615,-0.4885693198,0.0600000000,0.0083666003,0.0833333333,2.5000000000,-0.0000000000
