Instance,INF_avg,INF_sd,INF_r1,INF_kr,INF_sk,SUP_avg,SUP_sd,SUP_r1,SUP_kr,SUP_sk,INC_avg,INC_sd,INC_r1,INC_kr,INC_sk,IND_avg,IND_sd,IND_r1,IND_kr,IND_sk
instances/A3/symmetric/10.3.in,0.3811892563,0.1148601519,0.3222352643,3.4703127226,0.2578398158,0.0716966844,0.0315200790,-0.4404705755,2.5036387605,0.3093065465,0.5471140593,0.1022450187,0.4867603510,2.7123261019,-0.0010758675,0.2009041508,0.0350488800,0.5809130327,2.0127657235,-0.4940939709
