Instance,INF_avg,INF_sd,INF_r1,INF_kr,INF_sk,SUP_avg,SUP_sd,SUP_r1,SUP_kr,SUP_sk,INC_avg,INC_sd,INC_r1,INC_kr,INC_sk,IND_avg,IND_sd,IND_r1,IND_kr,IND_sk
instances/A1/symmetric/100.4.in,0.7381232869,0.1622811721,0.9642345751,2.7202422247,-0.7802056910,0.0256255710,0.0430893703,0.8889255300,6.3504650575,2.0843482589,0.2362511421,0.1264964535,0.9589599687,2.2932865796,0.3864020854,0.0513644929,0.0168822416,0.7230293552,2.7986830153,0.2713247819
