Instance,INF_avg,INF_sd,INF_r1,INF_kr,INF_sk,SUP_avg,SUP_sd,SUP_r1,SUP_kr,SUP_sk,INC_avg,INC_sd,INC_r1,INC_kr,INC_sk,IND_avg,IND_sd,IND_r1,IND_kr,IND_sk
instances/A2/asymmetric/20.2.in,0.6066465561,0.1659381676,0.9032765491,3.2206353153,-0.2870793298,0.0376470588,0.0533794495,0.7545687135,6.3557775880,1.8897101115,0.3557063851,0.1242470753,0.9175808385,2.7261531899,-0.4475678824,0.1405228758,0.0448579009,0.0719642749,2.6541558068,0.5667625560
