Instance,INF_avg,INF_sd,INF_r1,INF_kr,INF_sk,SUP_avg,SUP_sd,SUP_r1,SUP_kr,SUP_sk,INC_avg,INC_sd,INC_r1,INC_kr,INC_sk,IND_avg,IND_sd,IND_r1,IND_kr,IND_sk
instances/A2/asymmetric/20.2.in,0.6143541364,0.1677832457,0.8877533275,3.1386772331,-0.3189108796,0.0362264151,0.0528517476,0.7571766017,6.5778926432,1.9404339692,0.3494194485,0.1265015421,0.8922994161,2.5574942485,-0.3795966476,0.1404692791,0.0440551082,0.0755070751,2.7482754078,0.5791612965
