Instance,INF_avg,INF_sd,INF_r1,INF_kr,INF_sk,SUP_avg,SUP_sd,SUP_r1,SUP_kr,SUP_sk,INC_avg,INC_sd,INC_r1,INC_kr,INC_sk,IND_avg,IND_sd,IND_r1,IND_kr,IND_sk
instances/A3/asymmetric/100.5.in,0.3295000000,0.0267815235,0.4202898551,2.1228374709,-0.0851942285,0.0900000000,0.0148323970,-0.0804597701,3.4142561983,-0.0229840862,0.5805000000,0.0235000000,0.5677961982,2.0792049726,0.7461930401,0.0830000000,0.0140000000,-0.0272536688,2.3324135777,0.2766034985
