Instance,INF_avg,INF_sd,INF_r1,INF_kr,INF_sk,SUP_avg,SUP_sd,SUP_r1,SUP_kr,SUP_sk,INC_avg,INC_sd,INC_r1,INC_kr,INC_sk,IND_avg,IND_sd,IND_r1,IND_kr,IND_sk
instances/A1/symmetric/10.5.in,0.6469298246,0.1145509587,0.0671497088,4.2278528809,-1.1619074876,0.0752192982,0.1030270066,0.5589749385,4.5384863447,1.5941909675,0.2778508772,0.0638888471,-0.8587647600,2.6290613214,0.8076717102,0.2618421053,0.0766440309,0.1181166010,2.3044633683,0.5811968744
