Instance,INF_avg,INF_sd,INF_r1,INF_kr,INF_sk,SUP_avg,SUP_sd,SUP_r1,SUP_kr,SUP_sk,INC_avg,INC_sd,INC_r1,INC_kr,INC_sk,IND_avg,IND_sd,IND_r1,IND_kr,IND_sk
instances/A2/asymmetric/8.6.in,0.4899618900,0.0569772233,-0.3260716348,1.5504278750,0.3529293528,0.1412143412,0.0578091732,-0.3303131357,1.8699615808,-0.0296368980,0.3688237688,0.0271449439,0.1851153488,2.5062593466,0.3792625472,0.2044289044,0.0630390456,-0.1744374734,2.5985212679,0.6758978932
