Instance,INF_avg,INF_sd,INF_r1,INF_kr,INF_sk,SUP_avg,SUP_sd,SUP_r1,SUP_kr,SUP_sk,INC_avg,INC_sd,INC_r1,INC_kr,INC_sk,IND_avg,IND_sd,IND_r1,IND_kr,IND_sk
instances/A2/asymmetric/5.6.in,0.4314814815,0.1431806058,-0.0050761421,1.5000000000,-0.1350615228,0.1574074074,0.1118800553,-0.3288590604,1.5000000000,-0.6745554845,0.4111111111,0.0684934889,-0.4336283186,1.5000000000,0.2390631469,0.4500000000,0.1113885425,-0.9245283019,1.5000000000,0.4220804430
