Instance,INF_avg,INF_sd,INF_r1,INF_kr,INF_sk,SUP_avg,SUP_sd,SUP_r1,SUP_kr,SUP_sk,INC_avg,INC_sd,INC_r1,INC_kr,INC_sk,IND_avg,IND_sd,IND_r1,IND_kr,IND_sk
instances/A3/asymmetric/200.3.in,0.3298412698,0.0456171808,0.2440231597,3.4501431281,-0.4291682302,0.0733333333,0.0510213152,0.7146259456,3.2705532421,0.7427152516,0.5968253968,0.0488218464,0.3222050194,3.1736129303,-0.1003692535,0.1690476190,0.0441035681,0.0888977581,4.1460553632,0.4888776222
