Instance,INF_avg,INF_sd,INF_r1,INF_kr,INF_sk,SUP_avg,SUP_sd,SUP_r1,SUP_kr,SUP_sk,INC_avg,INC_sd,INC_r1,INC_kr,INC_sk,IND_avg,IND_sd,IND_r1,IND_kr,IND_sk
instances/A3/asymmetric/10.5.in,0.4466519889,0.1083637100,0.1639076418,1.7997814196,0.1922700339,0.0900400772,0.0317471865,0.7761450727,2.8669902113,-0.7068667319,0.4633079339,0.0828232922,-0.0053632808,1.7415152461,0.1931706917,0.2088668723,0.0206228961,-0.3608416221,1.8644827951,0.5034167597
