Instance,INF_avg,INF_sd,INF_r1,INF_kr,INF_sk,SUP_avg,SUP_sd,SUP_r1,SUP_kr,SUP_sk,INC_avg,INC_sd,INC_r1,INC_kr,INC_sk,IND_avg,IND_sd,IND_r1,IND_kr,IND_sk
instances/A2/asymmetric/10.4.in,0.5042593011,0.1618792008,0.7190648803,2.0079015900,-0.6905988560,0.1862184285,0.1589548925,0.7084409292,1.8370708334,0.7793906035,0.3095222704,0.0334498876,-0.1956704429,3.7075985318,1.1547222991,0.1380939555,0.0244800804,-0.3520507454,1.5841804375,0.1454476129
