Instance,INF_avg,INF_sd,INF_r1,INF_kr,INF_sk,SUP_avg,SUP_sd,SUP_r1,SUP_kr,SUP_sk,INC_avg,INC_sd,INC_r1,INC_kr,INC_sk,IND_avg,IND_sd,IND_r1,IND_kr,IND_sk
instances/A3/symmetric/8.1.in,0.6222222222,0.1223484197,0.6371272575,1.0078648103,0.0060855628,0.0416666667,0.0533593686,0.2669683258,3.0178465199,1.1579713077,0.3361111111,0.0873565844,0.5222199879,1.3443827502,0.3363080378,0.2361111111,0.0262055031,-0.3791748527,1.5494255776,-0.5335719666
