Instance,INF_avg,INF_sd,INF_r1,INF_kr,INF_sk,SUP_avg,SUP_sd,SUP_r1,SUP_kr,SUP_sk,INC_avg,INC_sd,INC_r1,INC_kr,INC_sk,IND_avg,IND_sd,IND_r1,IND_kr,IND_sk
instances/A2/symmetric/5.2.in,0.5066666667,0.1162373052,0.3512658228,1.3801939058,-0.5071295170,0.0222222222,0.0444444444,-0.3157894737,3.2500000000,1.5000000000,0.4711111111,0.0882197033,0.6722763508,1.3324357752,0.4848685282,0.5288888889,0.0882197033,-0.4760793466,1.3324357752,-0.4848685282
