Instance,INF_avg,INF_sd,INF_r1,INF_kr,INF_sk,SUP_avg,SUP_sd,SUP_r1,SUP_kr,SUP_sk,INC_avg,INC_sd,INC_r1,INC_kr,INC_sk,IND_avg,IND_sd,IND_r1,IND_kr,IND_sk
instances/A3/symmetric/10.5.in,0.5673833276,0.1004323080,0.5320516015,1.6013860297,0.1551027072,0.0922173808,0.0470300648,0.3897379367,2.2602985800,-0.4362510661,0.3403992916,0.0584238273,0.5440857093,1.5410146219,-0.0186158042,0.1776882748,0.0733249855,0.1947850122,5.2664980867,1.7632836786
