Instance,INF_avg,INF_sd,INF_r1,INF_kr,INF_sk,SUP_avg,SUP_sd,SUP_r1,SUP_kr,SUP_sk,INC_avg,INC_sd,INC_r1,INC_kr,INC_sk,IND_avg,IND_sd,IND_r1,IND_kr,IND_sk
instances/A2/asymmetric/100.2.in,0.3685000000,0.0366094250,0.5125196084,1.7732556641,-0.0168753043,0.2275000000,0.0243156328,0.2531791908,1.7609920931,0.4356031466,0.4040000000,0.0293087018,-0.0369417816,2.3859633193,-0.5837662036,0.0665000000,0.0086746758,-0.0563145618,2.8156090992,0.5675817934
