Instance,INF_avg,INF_sd,INF_r1,INF_kr,INF_sk,SUP_avg,SUP_sd,SUP_r1,SUP_kr,SUP_sk,INC_avg,INC_sd,INC_r1,INC_kr,INC_sk,IND_avg,IND_sd,IND_r1,IND_kr,IND_sk
instances/A2/symmetric/8.2.in,0.5409523810,0.1113202567,0.2879033263,2.3173664201,0.5962116581,0.1699047619,0.0946373434,0.2824869596,2.3599364503,-0.8605318811,0.2891428571,0.0341669902,-0.1151549363,1.5861217431,-0.0722042796,0.2518095238,0.0515821341,0.3269135367,1.6928547779,0.4386427258
