Instance,INF_avg,INF_sd,INF_r1,INF_kr,INF_sk,SUP_avg,SUP_sd,SUP_r1,SUP_kr,SUP_sk,INC_avg,INC_sd,INC_r1,INC_kr,INC_sk,IND_avg,IND_sd,IND_r1,IND_kr,IND_sk
instances/A2/asymmetric/100.6.in,0.7132379769,0.1588782770,0.9509245645,2.4328982548,-0.3726540375,0.0448406928,0.0588742444,0.9089351885,5.0262010097,1.6136351527,0.2419213303,0.1106345904,0.9455343520,2.0645656367,-0.2552913133,0.0482492410,0.0118584651,0.3818470548,3.5274236159,0.5192888652
