Instance,INF_avg,INF_sd,INF_r1,INF_kr,INF_sk,SUP_avg,SUP_sd,SUP_r1,SUP_kr,SUP_sk,INC_avg,INC_sd,INC_r1,INC_kr,INC_sk,IND_avg,IND_sd,IND_r1,IND_kr,IND_sk
instances/A2/asymmetric/100.6.in,0.7214821007,0.1630680995,0.9547884958,2.4009338696,-0.3507084256,0.0434538673,0.0584742528,0.9095949252,5.1695580746,1.6532560410,0.2350640320,0.1154765275,0.9526807732,2.0235207470,-0.2581218535,0.0475380024,0.0123976653,0.4326734442,3.4768700764,0.3623455121
