Instance,INF_avg,INF_sd,INF_r1,INF_kr,INF_sk,SUP_avg,SUP_sd,SUP_r1,SUP_kr,SUP_sk,INC_avg,INC_sd,INC_r1,INC_kr,INC_sk,IND_avg,IND_sd,IND_r1,IND_kr,IND_sk
instances/A2/asymmetric/20.2.in,0.5696575733,0.0315198379,-1.1824506577,3.5120487078,-0.5595167526,0.1233840868,0.0283961407,-0.6872924567,3.1587488357,1.0748039218,0.3069583399,0.0149898591,-0.1785622322,2.1218382847,-0.6739649422,0.0575712998,0.0058695976,-0.3707461981,2.5922712827,0.9998620990
