Instance,INF_avg,INF_sd,INF_r1,INF_kr,INF_sk,SUP_avg,SUP_sd,SUP_r1,SUP_kr,SUP_sk,INC_avg,INC_sd,INC_r1,INC_kr,INC_sk,IND_avg,IND_sd,IND_r1,IND_kr,IND_sk
instances/A2/asymmetric/20.2.in,0.5742257742,0.0107808826,-0.7414937174,2.6758005769,1.0554877739,0.1176823177,0.0188454065,-0.3559886675,2.4140252092,0.3640864145,0.3080919081,0.0128028127,-0.0534418298,2.4437193951,-0.6060099621,0.0569430569,0.0042852369,0.1071428571,2.7906427221,0.9730484956
