Instance,INF_avg,INF_sd,INF_r1,INF_kr,INF_sk,SUP_avg,SUP_sd,SUP_r1,SUP_kr,SUP_sk,INC_avg,INC_sd,INC_r1,INC_kr,INC_sk,IND_avg,IND_sd,IND_r1,IND_kr,IND_sk
instances/A2/asymmetric/200.6.in,0.3910000000,0.0281780056,-0.4220183486,1.5659670450,-0.0852800835,0.2220000000,0.0201494417,-0.4406099518,2.0556310515,-0.2192973524,0.3870000000,0.0140000000,-0.2268803946,2.9376301541,-1.2332361516,0.0370000000,0.0067823300,0.0265486726,2.9310018904,1.1731251294
