Instance,INF_avg,INF_sd,INF_r1,INF_kr,INF_sk,SUP_avg,SUP_sd,SUP_r1,SUP_kr,SUP_sk,INC_avg,INC_sd,INC_r1,INC_kr,INC_sk,IND_avg,IND_sd,IND_r1,IND_kr,IND_sk
instances/A2/asymmetric/20.3.in,0.5832030046,0.0332800803,0.2006481827,1.9836458375,0.2512840221,0.1608767059,0.0325665517,0.1652154819,1.3595802751,-0.0715192544,0.2559202896,0.0264818002,0.5732545544,2.6383269210,0.7891663419,0.0601590718,0.0076043449,-0.4777353185,1.9840248287,0.2235278155
