Instance,INF_avg,INF_sd,INF_r1,INF_kr,INF_sk,SUP_avg,SUP_sd,SUP_r1,SUP_kr,SUP_sk,INC_avg,INC_sd,INC_r1,INC_kr,INC_sk,IND_avg,IND_sd,IND_r1,IND_kr,IND_sk
instances/A1/asymmetric/10.5.in,0.4983219955,0.0295966929,-0.2026339440,2.9856704575,1.2399862584,0.1448526077,0.0648945205,0.4127116388,1.4728340041,0.5316720462,0.3568253968,0.0626805279,0.6062400934,1.4929991537,-0.1456997603,0.1574603175,0.0268324401,-0.8384716105,1.6082414048,0.5607438561
