Instance,INF_avg,INF_sd,INF_r1,INF_kr,INF_sk,SUP_avg,SUP_sd,SUP_r1,SUP_kr,SUP_sk,INC_avg,INC_sd,INC_r1,INC_kr,INC_sk,IND_avg,IND_sd,IND_r1,IND_kr,IND_sk
instances/A1/asymmetric/10.5.in,0.4145534140,0.1049531854,0.8654036670,1.9414371162,-0.5138448558,0.1369073555,0.0670574385,0.2834200359,1.7449163984,0.7771017643,0.4485392305,0.1164201585,0.6546849816,1.7878928460,-0.0378839522,0.1552550650,0.0290003016,-0.1749370313,1.3971624250,0.1961208406
