Instance,INF_avg,INF_sd,INF_r1,INF_kr,INF_sk,SUP_avg,SUP_sd,SUP_r1,SUP_kr,SUP_sk,INC_avg,INC_sd,INC_r1,INC_kr,INC_sk,IND_avg,IND_sd,IND_r1,IND_kr,IND_sk
instances/A3/symmetric/5.6.in,0.2000000000,0.1000000000,-0.0526315789,3.2500000000,-1.5000000000,0.1566666667,0.0388730126,-0.4977645306,2.8445069204,-1.0554729100,0.6433333333,0.0847217668,0.2928423950,2.4906833191,1.0557230779,0.4266666667,0.0200000000,-0.0526315789,3.2500000000,1.5000000000
