Instance,INF_avg,INF_sd,INF_r1,INF_kr,INF_sk,SUP_avg,SUP_sd,SUP_r1,SUP_kr,SUP_sk,INC_avg,INC_sd,INC_r1,INC_kr,INC_sk,IND_avg,IND_sd,IND_r1,IND_kr,IND_sk
instances/A3/symmetric/5.6.in,0.1961199295,0.1701025058,0.3127204479,1.6464283756,0.2354152793,0.1671075838,0.1438176173,0.3345637775,1.6103750334,0.1715214208,0.6367724868,0.1345351896,-0.3107287500,1.7990217613,-0.3774719298,0.4704585538,0.1657570617,-0.0124456023,2.4413504246,0.4146472219
