Instance,INF_avg,INF_sd,INF_r1,INF_kr,INF_sk,SUP_avg,SUP_sd,SUP_r1,SUP_kr,SUP_sk,INC_avg,INC_sd,INC_r1,INC_kr,INC_sk,IND_avg,IND_sd,IND_r1,IND_kr,IND_sk
instances/A3/symmetric/10.1.in,0.6733058136,0.0483438251,-0.1627882215,2.9964071075,-1.3379129957,0.1007223942,0.0336643174,0.4386723152,1.7138172801,-0.0917686328,0.2259717922,0.0754049117,0.1579916987,2.7923053258,1.0930507438,0.2108015136,0.0401326584,-0.5825054157,1.8295699033,-0.3188494984
