Instance,INF_avg,INF_sd,INF_r1,INF_kr,INF_sk,SUP_avg,SUP_sd,SUP_r1,SUP_kr,SUP_sk,INC_avg,INC_sd,INC_r1,INC_kr,INC_sk,IND_avg,IND_sd,IND_r1,IND_kr,IND_sk
instances/A1/symmetric/20.6.in,0.6726088617,0.0544058076,-0.5398097078,2.4555100717,0.1797746730,0.0679080723,0.0204661006,-0.3598163261,2.1429994638,-0.4214733502,0.2594830660,0.0363101268,-0.6183506567,2.1046848335,0.0021172799,0.0573542144,0.0066935518,-0.2610013228,1.8412092672,0.4248022341
