Instance,INF_avg,INF_sd,INF_r1,INF_kr,INF_sk,SUP_avg,SUP_sd,SUP_r1,SUP_kr,SUP_sk,INC_avg,INC_sd,INC_r1,INC_kr,INC_sk,IND_avg,IND_sd,IND_r1,IND_kr,IND_sk
instances/A2/asymmetric/5.4.in,0.5511111111,0.0569166599,-0.0371959943,2.6848602023,-1.0627434041,0.0888888889,0.0831479419,0.0740740741,1.8469387755,0.3436215967,0.3600000000,0.0326598632,-0.1904761905,1.1666666667,0.4082482905,0.4044444444,0.0407340062,-0.1336515513,2.2295918367,-0.6858276550
