Instance,INF_avg,INF_sd,INF_r1,INF_kr,INF_sk,SUP_avg,SUP_sd,SUP_r1,SUP_kr,SUP_sk,INC_avg,INC_sd,INC_r1,INC_kr,INC_sk,IND_avg,IND_sd,IND_r1,IND_kr,IND_sk
instances/A3/asymmetric/20.5.in,0.5985755216,0.0697747972,0.5634015493,1.9786431230,0.2575369116,0.0893167493,0.0276759907,-0.4082609922,2.2888859448,0.7195246482,0.3121077291,0.0539114750,0.6221259334,1.7386859532,-0.0736901354,0.0730212020,0.0042358509,-0.3952386183,1.2666932169,0.3546398232
