Instance,INF_avg,INF_sd,INF_r1,INF_kr,INF_sk,SUP_avg,SUP_sd,SUP_r1,SUP_kr,SUP_sk,INC_avg,INC_sd,INC_r1,INC_kr,INC_sk,IND_avg,IND_sd,IND_r1,IND_kr,IND_sk
instances/A3/asymmetric/8.2.in,0.3202020202,0.1988437139,0.7757408132,1.8177973612,-0.6353751492,0.1177760511,0.0643733853,0.6247055908,1.7004132082,0.4987734546,0.5620219287,0.1446119673,0.7029824274,2.2132496919,0.7923465304,0.2282612449,0.0478171617,-0.1629878420,2.6628549718,-0.3234833532
