Instance,INF_avg,INF_sd,INF_r1,INF_kr,INF_sk,SUP_avg,SUP_sd,SUP_r1,SUP_kr,SUP_sk,INC_avg,INC_sd,INC_r1,INC_kr,INC_sk,IND_avg,IND_sd,IND_r1,IND_kr,IND_sk
instances/A2/symmetric/100.5.in,0.3724000000,0.0388746704,0.3457448075,2.9999040979,0.1578368108,0.1903000000,0.0322398821,0.2350526001,2.9080580272,0.0121455823,0.4373000000,0.0334695384,0.2143126702,2.9543909773,0.1011093521,0.0578500000,0.0120676220,0.1719816338,2.2157902648,0.3900617277
