Instance,INF_avg,INF_sd,INF_r1,INF_kr,INF_sk,SUP_avg,SUP_sd,SUP_r1,SUP_kr,SUP_sk,INC_avg,INC_sd,INC_r1,INC_kr,INC_sk,IND_avg,IND_sd,IND_r1,IND_kr,IND_sk
instances/A2/asymmetric/50.3.in,0.4750000000,0.1346291202,-0.4975845411,4.4435196195,-1.5367890056,0.1062500000,0.0582961191,0.4103194103,2.4030915577,-0.2439980252,0.4187500000,0.1248436522,-0.6211121583,3.7404601730,1.0155559536,0.2375000000,0.0927024811,-0.0751708428,3.6856198347,1.3091735511
