Instance,INF_avg,INF_sd,INF_r1,INF_kr,INF_sk,SUP_avg,SUP_sd,SUP_r1,SUP_kr,SUP_sk,INC_avg,INC_sd,INC_r1,INC_kr,INC_sk,IND_avg,IND_sd,IND_r1,IND_kr,IND_sk
instances/A2/asymmetric/50.3.in,0.4028000000,0.0757506436,0.2718890751,2.8405613025,-0.7037821326,0.2410000000,0.0502991054,0.3385670022,1.7696008374,0.1564868041,0.3562000000,0.0468461311,0.3415268400,2.0601267451,0.4019959586,0.0606000000,0.0117745488,0.3135282282,4.0103351692,0.7383084339
