Instance,INF_avg,INF_sd,INF_r1,INF_kr,INF_sk,SUP_avg,SUP_sd,SUP_r1,SUP_kr,SUP_sk,INC_avg,INC_sd,INC_r1,INC_kr,INC_sk,IND_avg,IND_sd,IND_r1,IND_kr,IND_sk
instances/A2/asymmetric/10.5.in,0.1738927739,0.1395552232,0.5849255820,2.6067604474,0.8597460721,0.3794871795,0.1413211376,0.3937538100,2.7542189081,0.5564575357,0.4466200466,0.1093611549,0.5778636742,2.0479086728,0.6560069434,0.1633644134,0.0263030544,-0.0468795311,2.7281523239,0.6100267761
