Instance,INF_avg,INF_sd,INF_r1,INF_kr,INF_sk,SUP_avg,SUP_sd,SUP_r1,SUP_kr,SUP_sk,INC_avg,INC_sd,INC_r1,INC_kr,INC_sk,IND_avg,IND_sd,IND_r1,IND_kr,IND_sk
instances/A2/asymmetric/10.5.in,0.0727272727,0.0414609245,-0.9411764706,2.5000000000,-0.6071940134,0.4363636364,0.1389452595,0.3144876325,2.0606586602,0.6130513066,0.4909090909,0.1233150906,0.5670103093,1.3567107750,-0.0576946785,0.1672727273,0.0136060269,0.4117647059,1.8469387755,-0.3436215967
