Instance,INF_avg,INF_sd,INF_r1,INF_kr,INF_sk,SUP_avg,SUP_sd,SUP_r1,SUP_kr,SUP_sk,INC_avg,INC_sd,INC_r1,INC_kr,INC_sk,IND_avg,IND_sd,IND_r1,IND_kr,IND_sk
instances/A3/asymmetric/50.3.in,0.3765000000,0.0513346861,0.3373308558,2.3240700762,0.6948601899,0.1380000000,0.0145258390,-0.1632453568,3.0465847578,1.2068704349,0.4855000000,0.0546099808,0.4667779048,2.6910286412,-0.8586237984,0.0780000000,0.0107703296,-0.1194029851,2.9341557669,-0.4970551940
