Instance,INF_avg,INF_sd,INF_r1,INF_kr,INF_sk,SUP_avg,SUP_sd,SUP_r1,SUP_kr,SUP_sk,INC_avg,INC_sd,INC_r1,INC_kr,INC_sk,IND_avg,IND_sd,IND_r1,IND_kr,IND_sk
instances/A3/asymmetric/10.5.in,0.4666666667,0.1027402334,-0.0200000000,1.5000000000,0.2390631469,0.0666666667,0.0471404521,-0.5000000000,1.5000000000,-0.7071067812,0.4666666667,0.0623609564,-0.0384615385,1.5000000000,0.3818017742,0.2500000000,0.0408248290,-1.0000000000,1.5000000000,0.0000000000
