Instance,INF_avg,INF_sd,INF_r1,INF_kr,INF_sk,SUP_avg,SUP_sd,SUP_r1,SUP_kr,SUP_sk,INC_avg,INC_sd,INC_r1,INC_kr,INC_sk,IND_avg,IND_sd,IND_r1,IND_kr,IND_sk
instances/A1/symmetric/20.4.in,0.4295000000,0.0821112051,0.5604802132,2.5689211554,0.4630046817,0.1700000000,0.0354964787,0.1611940299,2.6218820862,0.3890392601,0.4005000000,0.0526521604,0.5174130983,2.7528337465,-0.9913064623,0.0480000000,0.0102956301,-0.0869565217,1.6947312211,-0.4178361823
