Instance,INF_avg,INF_sd,INF_r1,INF_kr,INF_sk,SUP_avg,SUP_sd,SUP_r1,SUP_kr,SUP_sk,INC_avg,INC_sd,INC_r1,INC_kr,INC_sk,IND_avg,IND_sd,IND_r1,IND_kr,IND_sk
instances/A2/asymmetric/50.2.in,0.5000000000,0.1443375673,0.3529411765,1.6176000000,-0.0000000000,0.1666666667,0.1142609100,0.1263736264,1.9461294703,0.1737965856,0.3333333333,0.0552770798,0.2258064516,1.6115702479,-0.0548202445,0.2666666667,0.0372677996,-0.0384615385,2.0400000000,-0.6260990337
