Instance,INF_avg,INF_sd,INF_r1,INF_kr,INF_sk,SUP_avg,SUP_sd,SUP_r1,SUP_kr,SUP_sk,INC_avg,INC_sd,INC_r1,INC_kr,INC_sk,IND_avg,IND_sd,IND_r1,IND_kr,IND_sk
instances/A1/asymmetric/8.6.in,0.1388888889,0.0582671582,0.3333333333,1.3429752066,0.3900528774,0.3000000000,0.0566557724,-0.3005780347,2.7045118343,-1.0013237284,0.5611111111,0.0323941772,-0.7346938776,2.6660899654,-1.1500493357,0.1944444444,0.0175682092,0.0000000000,2.5000000000,0.0000000000
