Instance,INF_avg,INF_sd,INF_r1,INF_kr,INF_sk,SUP_avg,SUP_sd,SUP_r1,SUP_kr,SUP_sk,INC_avg,INC_sd,INC_r1,INC_kr,INC_sk,IND_avg,IND_sd,IND_r1,IND_kr,IND_sk
instances/A3/asymmetric/10.3.in,0.0436363636,0.0784983023,-0.4241164241,3.2082097663,1.4708400524,0.2161616162,0.0581316812,-0.8596143412,2.5259002399,-0.9947003404,0.7402020202,0.0354227957,0.2987014366,2.0315004642,0.2669718674,0.2490909091,0.0300327641,-0.4426798526,2.2708387498,0.0735029609
