Instance,INF_avg,INF_sd,INF_r1,INF_kr,INF_sk,SUP_avg,SUP_sd,SUP_r1,SUP_kr,SUP_sk,INC_avg,INC_sd,INC_r1,INC_kr,INC_sk,IND_avg,IND_sd,IND_r1,IND_kr,IND_sk
instances/A1/asymmetric/10.4.in,0.3229179110,0.1094019225,0.6288356379,1.9014660053,-0.3392333014,0.2312134074,0.0496733643,0.4098481737,1.7772409383,0.0631761576,0.4458686816,0.0663587978,0.7696193290,2.3562807559,0.0196600373,0.1314239552,0.0265794931,0.3111968393,2.0925800922,0.1864012769
