Instance,INF_avg,INF_sd,INF_r1,INF_kr,INF_sk,SUP_avg,SUP_sd,SUP_r1,SUP_kr,SUP_sk,INC_avg,INC_sd,INC_r1,INC_kr,INC_sk,IND_avg,IND_sd,IND_r1,IND_kr,IND_sk
instances/A1/symmetric/20.6.in,0.3475100243,0.0941271390,0.8306884846,2.8684271070,-0.0369885311,0.1934529489,0.0596676013,0.7610099038,2.4812037568,0.4061236048,0.4590370267,0.0502459691,0.7372274654,2.2954856304,0.1338431278,0.0564347699,0.0115034027,0.3595351923,2.6985714320,0.1821537134
