Instance,INF_avg,INF_sd,INF_r1,INF_kr,INF_sk,SUP_avg,SUP_sd,SUP_r1,SUP_kr,SUP_sk,INC_avg,INC_sd,INC_r1,INC_kr,INC_sk,IND_avg,IND_sd,IND_r1,IND_kr,IND_sk
instances/A2/symmetric/8.2.in,0.3216300940,0.1032853915,-0.0229478466,2.7214800680,1.1572822235,0.3638035528,0.0792454223,0.0007431929,3.1587322168,-1.4227254284,0.3145663532,0.0371609112,-0.3336089575,1.4215333211,-0.1422790519,0.2078160920,0.0225796645,0.0863689737,2.3157667715,-0.0562437780
