Instance,INF_avg,INF_sd,INF_r1,INF_kr,INF_sk,SUP_avg,SUP_sd,SUP_r1,SUP_kr,SUP_sk,INC_avg,INC_sd,INC_r1,INC_kr,INC_sk,IND_avg,IND_sd,IND_r1,IND_kr,IND_sk
instances/A1/asymmetric/100.3.in,0.5575000000,0.0632158999,0.4314439244,1.9564111804,0.4114769573,0.1535000000,0.0226991189,0.5265981005,1.7533489135,-0.3240928876,0.2890000000,0.0528583011,0.5104589720,2.0063242688,0.1449560992,0.0555000000,0.0087891979,-0.0239549084,2.0994438684,-0.1524377808
