Instance,INF_avg,INF_sd,INF_r1,INF_kr,INF_sk,SUP_avg,SUP_sd,SUP_r1,SUP_kr,SUP_sk,INC_avg,INC_sd,INC_r1,INC_kr,INC_sk,IND_avg,IND_sd,IND_r1,IND_kr,IND_sk
instances/A1/asymmetric/10.1.in,0.3284106976,0.1320588243,0.1830850273,2.7705448157,1.0992011636,0.2821223105,0.0818875403,0.2788439455,2.4993908842,-0.8891958173,0.3894669919,0.0517527563,-0.0070282250,2.9780590305,-1.2972830116,0.1413437426,0.0327706277,0.4994031599,1.7749576066,-0.4301290731
