Instance,INF_avg,INF_sd,INF_r1,INF_kr,INF_sk,SUP_avg,SUP_sd,SUP_r1,SUP_kr,SUP_sk,INC_avg,INC_sd,INC_r1,INC_kr,INC_sk,IND_avg,IND_sd,IND_r1,IND_kr,IND_sk
instances/A2/symmetric/10.4.in,0.6472124756,0.0514664774,0.0879080075,2.2933985171,-0.8367449732,0.0670919724,0.0415400336,0.2312913705,1.8683952322,-0.3758611866,0.2856955520,0.0277451808,-0.4356997004,2.0137475329,0.7391061372,0.2199503810,0.0428126132,-0.0768266656,2.6577423759,1.0568432135
