Instance,INF_avg,INF_sd,INF_r1,INF_kr,INF_sk,SUP_avg,SUP_sd,SUP_r1,SUP_kr,SUP_sk,INC_avg,INC_sd,INC_r1,INC_kr,INC_sk,IND_avg,IND_sd,IND_r1,IND_kr,IND_sk
instances/A2/symmetric/10.4.in,0.6394575914,0.0452791697,0.1251227478,2.2566601663,-0.6075331247,0.0833947891,0.0462805065,-0.0598563607,2.9435719069,0.2076947241,0.2771476195,0.0268354948,-0.3552326500,2.5155458605,0.9213575816,0.2017983857,0.0400044898,0.1113143723,4.3825677022,1.3634492119
