Instance,INF_avg,INF_sd,INF_r1,INF_kr,INF_sk,SUP_avg,SUP_sd,SUP_r1,SUP_kr,SUP_sk,INC_avg,INC_sd,INC_r1,INC_kr,INC_sk,IND_avg,IND_sd,IND_r1,IND_kr,IND_sk
instances/A3/symmetric/20.1.in,0.4238909239,0.0484487787,0.0463538701,2.8339689694,1.1893999025,0.0930402930,0.0272779555,0.4111488493,2.1743640612,-0.2121199172,0.4830687831,0.0271772674,-0.2844643841,2.4395901093,-0.8583842703,0.0644281644,0.0111814797,-0.1381244005,1.2963046592,-0.2800005797
