Instance,INF_avg,INF_sd,INF_r1,INF_kr,INF_sk,SUP_avg,SUP_sd,SUP_r1,SUP_kr,SUP_sk,INC_avg,INC_sd,INC_r1,INC_kr,INC_sk,IND_avg,IND_sd,IND_r1,IND_kr,IND_sk
instances/A2/symmetric/8.3.in,0.4579519331,0.0329460705,-0.3413675747,2.3816256568,0.8665648967,0.1793521421,0.0562602378,-0.8790020185,2.5239331634,0.4457514172,0.3626959248,0.0593938512,-0.1627063601,1.4810217446,-0.3468382333,0.1778265413,0.0578733309,0.2166339588,1.8345045667,0.2130250894
