Instance,INF_avg,INF_sd,INF_r1,INF_kr,INF_sk,SUP_avg,SUP_sd,SUP_r1,SUP_kr,SUP_sk,INC_avg,INC_sd,INC_r1,INC_kr,INC_sk,IND_avg,IND_sd,IND_r1,IND_kr,IND_sk
instances/A2/asymmetric/20.1.in,0.4938694838,0.0552391985,0.1016492385,5.1662151038,-1.2840514407,0.2372525620,0.0438899214,-0.2992064854,5.7007103647,1.1729662645,0.2688779542,0.0345415176,0.4834208759,2.1999639436,-0.2737750102,0.0493726627,0.0081109549,0.0101879242,1.8018314027,-0.1053656459
