Instance,INF_avg,INF_sd,INF_r1,INF_kr,INF_sk,SUP_avg,SUP_sd,SUP_r1,SUP_kr,SUP_sk,INC_avg,INC_sd,INC_r1,INC_kr,INC_sk,IND_avg,IND_sd,IND_r1,IND_kr,IND_sk
instances/A1/symmetric/8.3.in,0.4215384615,0.0671305361,0.1378335595,2.5472832515,-0.8252453040,0.2646153846,0.0965193055,0.5584988962,1.4839381321,-0.0171057167,0.3138461538,0.0452213491,0.3988203267,1.6324427726,0.4495928801,0.1928205128,0.0349847342,0.3383445753,1.2526573294,0.0127938234
