Instance,INF_avg,INF_sd,INF_r1,INF_kr,INF_sk,SUP_avg,SUP_sd,SUP_r1,SUP_kr,SUP_sk,INC_avg,INC_sd,INC_r1,INC_kr,INC_sk,IND_avg,IND_sd,IND_r1,IND_kr,IND_sk
instances/A3/asymmetric/20.2.in,0.7753323371,0.0518371830,0.6305355475,1.8768320044,0.0112251190,0.0412691228,0.0099266331,0.5202946145,2.3487937332,0.6491173703,0.1833985400,0.0435204725,0.6266403815,1.7482318735,-0.1110961215,0.0815193586,0.0146072645,-0.0268987665,2.4091555127,-0.2508421418
