Instance,INF_avg,INF_sd,INF_r1,INF_kr,INF_sk,SUP_avg,SUP_sd,SUP_r1,SUP_kr,SUP_sk,INC_avg,INC_sd,INC_r1,INC_kr,INC_sk,IND_avg,IND_sd,IND_r1,IND_kr,IND_sk
instances/A3/asymmetric/20.2.in,0.8082338066,0.0388724845,0.5131780664,1.4071105156,-0.3262286236,0.0351120249,0.0050021415,0.3857552553,2.1195929954,-0.2850402904,0.1566541685,0.0349672456,0.4626386844,1.5101149073,0.4053957219,0.0772415937,0.0172158968,-0.2789853748,2.0951992759,0.3396437633
