Instance,INF_avg,INF_sd,INF_r1,INF_kr,INF_sk,SUP_avg,SUP_sd,SUP_r1,SUP_kr,SUP_sk,INC_avg,INC_sd,INC_r1,INC_kr,INC_sk,IND_avg,IND_sd,IND_r1,IND_kr,IND_sk
instances/A3/symmetric/8.3.in,0.4873450623,0.1147359954,0.6238276649,2.7620322369,-0.8821205729,0.0949383949,0.0417320119,-0.0576071749,3.4711508624,-0.9619623337,0.4177165427,0.0898448575,0.4449345204,2.5306338421,0.9289435025,0.2757252007,0.0552795448,0.4568764349,1.9210202164,0.4649510104
