Instance,INF_avg,INF_sd,INF_r1,INF_kr,INF_sk,SUP_avg,SUP_sd,SUP_r1,SUP_kr,SUP_sk,INC_avg,INC_sd,INC_r1,INC_kr,INC_sk,IND_avg,IND_sd,IND_r1,IND_kr,IND_sk
instances/A3/symmetric/200.3.in,0.3066000000,0.0386450514,-0.0330456287,2.1308508201,0.0692620067,0.1178000000,0.0217752153,0.3555728823,2.6498108034,-0.4130675454,0.5756000000,0.0337140920,-0.0116481464,2.8320470178,-0.1195478625,0.1012000000,0.0188297637,-0.4724865050,2.6880766032,-0.0746139953
