Instance,INF_avg,INF_sd,INF_r1,INF_kr,INF_sk,SUP_avg,SUP_sd,SUP_r1,SUP_kr,SUP_sk,INC_avg,INC_sd,INC_r1,INC_kr,INC_sk,IND_avg,IND_sd,IND_r1,IND_kr,IND_sk
instances/A1/symmetric/5.2.in,0.3593253968,0.1760540146,0.5275206312,1.4953519898,0.1423714238,0.2033730159,0.1598023067,0.2738694688,1.4946653732,0.0652389001,0.4373015873,0.0869509553,-0.5183284938,1.9349991920,0.4706412446,0.4432539683,0.0364280527,-0.2377330829,1.9756365085,0.5101400385
