Instance,INF_avg,INF_sd,INF_r1,INF_kr,INF_sk,SUP_avg,SUP_sd,SUP_r1,SUP_kr,SUP_sk,INC_avg,INC_sd,INC_r1,INC_kr,INC_sk,IND_avg,IND_sd,IND_r1,IND_kr,IND_sk
instances/A3/asymmetric/50.6.in,0.2651000000,0.0719929858,0.6931914391,4.2930378104,-0.8377574056,0.1712500000,0.0438598621,0.6894980137,2.9095636421,0.3149475921,0.5636500000,0.0506352397,0.5991371032,2.7687464348,0.5699215801,0.0703500000,0.0153501629,0.5398221187,3.6107453221,0.4938726880
