Instance,INF_avg,INF_sd,INF_r1,INF_kr,INF_sk,SUP_avg,SUP_sd,SUP_r1,SUP_kr,SUP_sk,INC_avg,INC_sd,INC_r1,INC_kr,INC_sk,IND_avg,IND_sd,IND_r1,IND_kr,IND_sk
instances/A2/symmetric/50.2.in,0.4106000000,0.0376117003,0.3252573381,2.4207823749,-0.0236165848,0.1984000000,0.0326257567,0.4539597109,4.1206182551,0.7555369376,0.3910000000,0.0303809151,0.1505534071,2.4581050768,0.3840724464,0.0581000000,0.0117426573,0.4258707238,4.5377023439,1.2384746647
