Instance,INF_avg,INF_sd,INF_r1,INF_kr,INF_sk,SUP_avg,SUP_sd,SUP_r1,SUP_kr,SUP_sk,INC_avg,INC_sd,INC_r1,INC_kr,INC_sk,IND_avg,IND_sd,IND_r1,IND_kr,IND_sk
instances/A3/asymmetric/100.6.in,0.3366000000,0.0432832531,0.2985464673,3.2804563586,-0.1089747564,0.1657000000,0.0309032361,0.4189776493,3.3531875809,0.7590455831,0.4977000000,0.0348024424,0.0898306738,2.6426699831,-0.2376573017,0.0787000000,0.0152253079,0.2449059175,2.6712809415,0.0223144096
