Instance,INF_avg,INF_sd,INF_r1,INF_kr,INF_sk,SUP_avg,SUP_sd,SUP_r1,SUP_kr,SUP_sk,INC_avg,INC_sd,INC_r1,INC_kr,INC_sk,IND_avg,IND_sd,IND_r1,IND_kr,IND_sk
instances/A3/symmetric/50.1.in,0.5575000000,0.0765588009,0.1943220754,2.2918553885,-0.7787807550,0.0895000000,0.0524142156,0.2534774617,4.7542288025,1.5587942073,0.3530000000,0.0560446251,0.2007589044,3.9343072352,1.3657931981,0.0590000000,0.0146287388,0.7029467681,1.5713599441,-0.3296545218
