Instance,INF_avg,INF_sd,INF_r1,INF_kr,INF_sk,SUP_avg,SUP_sd,SUP_r1,SUP_kr,SUP_sk,INC_avg,INC_sd,INC_r1,INC_kr,INC_sk,IND_avg,IND_sd,IND_r1,IND_kr,IND_sk
instances/A1/symmetric/10.3.in,0.4133333333,0.0672061505,-0.1525918297,2.4561371259,0.7635627509,0.1716666667,0.0759385717,0.3258553345,1.6256859685,0.3758667180,0.4150000000,0.0631869654,-0.1392899271,2.1184821837,0.7759323178,0.1450000000,0.0215452438,0.1123061880,2.0053138439,-0.2441053142
