Instance,INF_avg,INF_sd,INF_r1,INF_kr,INF_sk,SUP_avg,SUP_sd,SUP_r1,SUP_kr,SUP_sk,INC_avg,INC_sd,INC_r1,INC_kr,INC_sk,IND_avg,IND_sd,IND_r1,IND_kr,IND_sk
instances/A3/symmetric/20.2.in,0.7123483366,0.0544493994,0.1136266499,1.4262386041,-0.0563074804,0.0356217755,0.0150110407,0.3872035475,1.5745220636,-0.1824188128,0.2520298879,0.0407164185,0.0227435492,1.3410832886,0.1710208163,0.0829410544,0.0107080886,-0.4675260676,1.9829232349,0.3228499557
