Instance,INF_avg,INF_sd,INF_r1,INF_kr,INF_sk,SUP_avg,SUP_sd,SUP_r1,SUP_kr,SUP_sk,INC_avg,INC_sd,INC_r1,INC_kr,INC_sk,IND_avg,IND_sd,IND_r1,IND_kr,IND_sk
instances/A3/symmetric/200.4.in,0.5280459770,0.2331633490,0.9879091423,2.1436485838,0.6081689358,0.0350574713,0.0365108569,0.8623642949,3.0581389126,0.9411461940,0.4368965517,0.2056294533,0.9884898721,2.3018404069,-0.7983657305,0.1256321839,0.0434622613,0.8435338037,2.7617129821,-0.6066877510
