Instance,INF_avg,INF_sd,INF_r1,INF_kr,INF_sk,SUP_avg,SUP_sd,SUP_r1,SUP_kr,SUP_sk,INC_avg,INC_sd,INC_r1,INC_kr,INC_sk,IND_avg,IND_sd,IND_r1,IND_kr,IND_sk
instances/A3/symmetric/200.6.in,0.3864000000,0.0408783561,0.5218917835,2.5507565307,-0.5774626969,0.1088000000,0.0207980768,0.6807720715,2.4400515446,0.2233049221,0.5048000000,0.0288263768,0.0946999636,2.2775769916,0.1971975273,0.0686000000,0.0108185027,0.1965284193,2.2463208447,0.4338280381
