Instance,INF_avg,INF_sd,INF_r1,INF_kr,INF_sk,SUP_avg,SUP_sd,SUP_r1,SUP_kr,SUP_sk,INC_avg,INC_sd,INC_r1,INC_kr,INC_sk,IND_avg,IND_sd,IND_r1,IND_kr,IND_sk
instances/A1/symmetric/10.2.in,0.1899263288,0.1040812956,0.5031328565,3.4371399675,0.8091817623,0.2312555757,0.0515364918,0.3073565216,3.2724517970,-1.1572823363,0.5788180955,0.0740555745,0.6117982228,1.8596435133,-0.0841228483,0.1857290857,0.0381084667,-0.1316073273,2.4728756389,-0.0538885887
