Instance,INF_avg,INF_sd,INF_r1,INF_kr,INF_sk,SUP_avg,SUP_sd,SUP_r1,SUP_kr,SUP_sk,INC_avg,INC_sd,INC_r1,INC_kr,INC_sk,IND_avg,IND_sd,IND_r1,IND_kr,IND_sk
instances/A3/asymmetric/8.6.in,0.2443560606,0.0612091677,-0.0605138693,3.2410278595,1.4935021522,0.1373106061,0.0276929950,0.3070889894,1.9094292245,-0.6509258524,0.6183333333,0.0798650147,0.4868407800,2.8164744096,-1.1320578127,0.2669696970,0.0088035388,-0.0677885755,2.8709653871,-1.2646201151
