Instance,INF_avg,INF_sd,INF_r1,INF_kr,INF_sk,SUP_avg,SUP_sd,SUP_r1,SUP_kr,SUP_sk,INC_avg,INC_sd,INC_r1,INC_kr,INC_sk,IND_avg,IND_sd,IND_r1,IND_kr,IND_sk
instances/A3/symmetric/200.5.in,0.3260000000,0.0188148877,-0.4548919949,2.8137029589,-1.2143286723,0.1660000000,0.0139283883,-0.1844863732,2.6687745775,-1.0391889224,0.5080000000,0.0186010752,-0.9665718350,1.5653880851,0.1062776526,0.0800000000,0.0083666003,-0.1000000000,2.5000000000,-0.7683612489
