Instance,INF_avg,INF_sd,INF_r1,INF_kr,INF_sk,SUP_avg,SUP_sd,SUP_r1,SUP_kr,SUP_sk,INC_avg,INC_sd,INC_r1,INC_kr,INC_sk,IND_avg,IND_sd,IND_r1,IND_kr,IND_sk
instances/A1/asymmetric/5.4.in,0.3277777778,0.0952579344,0.0384615385,1.1666666667,0.4082482905,0.2166666667,0.0753592220,-0.3587604291,1.9651465028,0.1514485311,0.4555555556,0.0835183132,0.0349417637,2.0385699742,0.0988955201,0.4166666667,0.0978156492,0.1923076923,2.5000000000,-0.4122303636
