Instance,INF_avg,INF_sd,INF_r1,INF_kr,INF_sk,SUP_avg,SUP_sd,SUP_r1,SUP_kr,SUP_sk,INC_avg,INC_sd,INC_r1,INC_kr,INC_sk,IND_avg,IND_sd,IND_r1,IND_kr,IND_sk
instances/A3/symmetric/5.2.in,0.2956790123,0.1047492852,0.4905660377,1.4453698955,-0.0838615932,0.1141975309,0.0957287804,0.3369460831,3.5246800455,0.9809799124,0.5901234568,0.0912787444,0.0224180566,2.0877140099,0.0627335098,0.4635802469,0.0904610622,0.7586798945,1.7857768938,0.4697891533
