Instance,INF_avg,INF_sd,INF_r1,INF_kr,INF_sk,SUP_avg,SUP_sd,SUP_r1,SUP_kr,SUP_sk,INC_avg,INC_sd,INC_r1,INC_kr,INC_sk,IND_avg,IND_sd,IND_r1,IND_kr,IND_sk
instances/A1/symmetric/5.2.in,0.3402777778,0.0690963498,-1.0584795322,2.0198959290,0.2984657754,0.1458333333,0.0908103947,-0.0370370370,2.0969529086,-0.6520236647,0.5138888889,0.0636468847,0.2266666667,1.7619047619,-0.4987837491,0.3958333333,0.0690963498,-0.3714285714,1.6280991736,0.4933822002
