Instance,INF_avg,INF_sd,INF_r1,INF_kr,INF_sk,SUP_avg,SUP_sd,SUP_r1,SUP_kr,SUP_sk,INC_avg,INC_sd,INC_r1,INC_kr,INC_sk,IND_avg,IND_sd,IND_r1,IND_kr,IND_sk
instances/A2/symmetric/5.5.in,0.4222222222,0.0984446953,-0.7052313883,2.5473852895,-0.5693649136,0.2888888889,0.0544331054,-0.1904761905,1.1666666667,-0.4082482905,0.2888888889,0.0757676761,-0.5712468193,1.8950745751,0.7001217104,0.4000000000,0.0888888889,0.1549295775,2.0781250000,0.8437500000
