Instance,INF_avg,INF_sd,INF_r1,INF_kr,INF_sk,SUP_avg,SUP_sd,SUP_r1,SUP_kr,SUP_sk,INC_avg,INC_sd,INC_r1,INC_kr,INC_sk,IND_avg,IND_sd,IND_r1,IND_kr,IND_sk
instances/A1/asymmetric/200.3.in,0.3770000000,0.0361109402,0.4141119838,2.4180694606,-0.3767785651,0.1798000000,0.0267387359,-0.1055967933,2.8233832230,-0.4564501852,0.4432000000,0.0268655914,0.3206754286,3.0872331414,0.2949038590,0.0692000000,0.0129367693,-0.2198796693,5.3507770200,1.2434431882
