Instance,INF_avg,INF_sd,INF_r1,INF_kr,INF_sk,SUP_avg,SUP_sd,SUP_r1,SUP_kr,SUP_sk,INC_avg,INC_sd,INC_r1,INC_kr,INC_sk,IND_avg,IND_sd,IND_r1,IND_kr,IND_sk
instances/A1/asymmetric/8.5.in,0.6309523810,0.0351140029,-1.0540540541,2.0798652398,-0.5553106280,0.0704761905,0.1106730594,0.6290440282,2.9598016245,1.3162216566,0.2985714286,0.0873566205,0.5638954327,2.2620546867,-0.8619952007,0.2930952381,0.1313552245,-0.0570828085,1.7738992338,0.3732839224
