Instance,INF_avg,INF_sd,INF_r1,INF_kr,INF_sk,SUP_avg,SUP_sd,SUP_r1,SUP_kr,SUP_sk,INC_avg,INC_sd,INC_r1,INC_kr,INC_sk,IND_avg,IND_sd,IND_r1,IND_kr,IND_sk
instances/A3/asymmetric/20.5.in,0.7023503947,0.1050066844,-0.0023324183,1.7653069287,-0.4760019464,0.0400384093,0.0167956027,0.7266614759,1.3949626674,0.1076129935,0.2576111960,0.0931595822,-0.1447426394,2.0260134811,0.4222784434,0.0700322553,0.0197853546,-0.0148002279,2.5590813025,-0.7122988820
