Instance,INF_avg,INF_sd,INF_r1,INF_kr,INF_sk,SUP_avg,SUP_sd,SUP_r1,SUP_kr,SUP_sk,INC_avg,INC_sd,INC_r1,INC_kr,INC_sk,IND_avg,IND_sd,IND_r1,IND_kr,IND_sk
instances/A3/asymmetric/20.5.in,0.6365496419,0.1303196497,0.1712844224,1.9310341933,-0.1402066060,0.0500240058,0.0212137089,0.4670927152,2.4616402212,0.2787071063,0.3134263523,0.1118958364,0.0812881679,1.9357974160,0.0343271561,0.0647379015,0.0174715216,-0.0250188003,2.3731963564,-0.0064794406
