Instance,INF_avg,INF_sd,INF_r1,INF_kr,INF_sk,SUP_avg,SUP_sd,SUP_r1,SUP_kr,SUP_sk,INC_avg,INC_sd,INC_r1,INC_kr,INC_sk,IND_avg,IND_sd,IND_r1,IND_kr,IND_sk
instances/A3/symmetric/20.2.in,0.2680639200,0.0585260401,0.5207743528,3.6013498731,0.9611188926,0.1520613665,0.0559289027,0.2936695502,2.1015376526,0.2292600950,0.5798747136,0.0425576613,0.5473672960,2.5179218174,-0.6577762955,0.0779188105,0.0114813132,0.3453197873,2.4063653250,0.5222713761
