Instance,INF_avg,INF_sd,INF_r1,INF_kr,INF_sk,SUP_avg,SUP_sd,SUP_r1,SUP_kr,SUP_sk,INC_avg,INC_sd,INC_r1,INC_kr,INC_sk,IND_avg,IND_sd,IND_r1,IND_kr,IND_sk
instances/A3/symmetric/10.5.in,0.1302097902,0.0844347607,-0.1625837245,1.8553096186,0.5804888661,0.2382517483,0.0996064435,-0.1931538120,2.3403925594,0.9330735573,0.6315384615,0.0696485241,-0.5527947160,1.4602543094,-0.0480416977,0.1244755245,0.0251281619,0.4737991266,2.7593478071,-1.1220715768
