Instance,INF_avg,INF_sd,INF_r1,INF_kr,INF_sk,SUP_avg,SUP_sd,SUP_r1,SUP_kr,SUP_sk,INC_avg,INC_sd,INC_r1,INC_kr,INC_sk,IND_avg,IND_sd,IND_r1,IND_kr,IND_sk
instances/A2/asymmetric/5.3.in,0.2654320988,0.1823632731,0.6596846288,2.0555658833,0.4268678050,0.2111111111,0.1662958839,0.2042296073,1.5846619898,-0.1443687959,0.5234567901,0.0653563503,-0.2885859747,2.5071383315,-0.9422349869,0.3432098765,0.0870873683,-0.0479047530,2.0710316271,-0.5779878095
