Instance,INF_avg,INF_sd,INF_r1,INF_kr,INF_sk,SUP_avg,SUP_sd,SUP_r1,SUP_kr,SUP_sk,INC_avg,INC_sd,INC_r1,INC_kr,INC_sk,IND_avg,IND_sd,IND_r1,IND_kr,IND_sk
instances/A2/asymmetric/20.2.in,0.7089834174,0.0958086546,-0.0883796943,3.2191390656,1.4764278756,0.0610670512,0.0312964612,-0.0726543411,3.0277608407,-1.3173951141,0.2299495314,0.0659248248,-0.0929889593,3.1122052133,-1.3928526666,0.0795289594,0.0173092823,-0.7740680629,1.7341308392,-0.2822709562
