Instance,INF_avg,INF_sd,INF_r1,INF_kr,INF_sk,SUP_avg,SUP_sd,SUP_r1,SUP_kr,SUP_sk,INC_avg,INC_sd,INC_r1,INC_kr,INC_sk,IND_avg,IND_sd,IND_r1,IND_kr,IND_sk
instances/A3/symmetric/5.6.in,0.4777777778,0.1345367503,0.5109813734,2.0785739916,-0.7889666147,0.1820987654,0.1609679606,0.5914777588,1.3151243512,0.1186257981,0.3401234568,0.0703595400,-0.5826876814,2.0826281027,-0.6974244448,0.3555555556,0.0726247094,-0.1971112999,2.1119358564,-0.6887693396
