Instance,INF_avg,INF_sd,INF_r1,INF_kr,INF_sk,SUP_avg,SUP_sd,SUP_r1,SUP_kr,SUP_sk,INC_avg,INC_sd,INC_r1,INC_kr,INC_sk,IND_avg,IND_sd,IND_r1,IND_kr,IND_sk
instances/A2/asymmetric/20.4.in,0.3608808911,0.0893715237,0.9291974271,2.1193266595,0.5337100280,0.2973942616,0.1101653706,0.8609224973,2.1680050753,-0.1508344259,0.3417248473,0.0299498622,0.1897266677,2.9176689822,-0.9734618658,0.0460717124,0.0091814736,0.3930204878,2.1484036160,0.1478562346
