Instance,INF_avg,INF_sd,INF_r1,INF_kr,INF_sk,SUP_avg,SUP_sd,SUP_r1,SUP_kr,SUP_sk,INC_avg,INC_sd,INC_r1,INC_kr,INC_sk,IND_avg,IND_sd,IND_r1,IND_kr,IND_sk
instances/A1/symmetric/50.1.in,0.5610000000,0.0520000000,0.7337609448,1.8605192067,-0.4111643719,0.1215000000,0.0521080608,0.6919929697,2.1229038034,0.6045845586,0.3175000000,0.0249248872,-0.1247739602,2.4315915614,0.7773859685,0.0545000000,0.0078898669,0.6725288053,2.7434557507,0.1649210098
