Instance,INF_avg,INF_sd,INF_r1,INF_kr,INF_sk,SUP_avg,SUP_sd,SUP_r1,SUP_kr,SUP_sk,INC_avg,INC_sd,INC_r1,INC_kr,INC_sk,IND_avg,IND_sd,IND_r1,IND_kr,IND_sk
instances/A1/symmetric/20.3.in,0.7226032691,0.0459000551,0.8044058089,3.2656482479,0.8915945750,0.0528887254,0.0229374036,1.0347372315,3.4577903616,-1.0729549662,0.2245080055,0.0240778344,0.5391647204,2.8116221754,-0.5706259305,0.0493626548,0.0136216390,0.9200971244,2.8264912082,1.2439563262
