Instance,INF_avg,INF_sd,INF_r1,INF_kr,INF_sk,SUP_avg,SUP_sd,SUP_r1,SUP_kr,SUP_sk,INC_avg,INC_sd,INC_r1,INC_kr,INC_sk,IND_avg,IND_sd,IND_r1,IND_kr,IND_sk
instances/A3/symmetric/100.6.in,0.2312500000,0.0758299908,0.7152126519,2.4771432561,-0.5977167223,0.1502000000,0.0302978547,0.5486882394,3.5873735246,0.6124723877,0.6185500000,0.0586442452,0.6075472367,2.4931224612,0.5203979516,0.0900500000,0.0192937166,0.1879018732,3.6714237402,0.2492903557
