Instance,INF_avg,INF_sd,INF_r1,INF_kr,INF_sk,SUP_avg,SUP_sd,SUP_r1,SUP_kr,SUP_sk,INC_avg,INC_sd,INC_r1,INC_kr,INC_sk,IND_avg,IND_sd,IND_r1,IND_kr,IND_sk
instances/A1/asymmetric/8.3.in,0.3951381951,0.1659330468,0.5376924870,1.7114646919,-0.0333502376,0.1416317016,0.1102603625,0.4056787451,1.6322720098,0.0715685961,0.4632301032,0.0574571068,0.6480238242,1.7610265099,-0.0169387019,0.2349850150,0.0231456418,-1.0116835114,2.4582938980,0.1757107829
