Instance,INF_avg,INF_sd,INF_r1,INF_kr,INF_sk,SUP_avg,SUP_sd,SUP_r1,SUP_kr,SUP_sk,INC_avg,INC_sd,INC_r1,INC_kr,INC_sk,IND_avg,IND_sd,IND_r1,IND_kr,IND_sk
instances/A3/asymmetric/5.4.in,0.0766666667,0.0916515139,-0.1561919915,2.7544931553,1.1182223635,0.1233333333,0.0466666667,-0.3603473227,2.0005206164,0.4067055394,0.8000000000,0.0730296743,0.0000000000,2.5000000000,-0.9128709292,0.4200000000,0.0581186526,-0.2386706949,1.7957063712,-0.0543353054
