Instance,INF_avg,INF_sd,INF_r1,INF_kr,INF_sk,SUP_avg,SUP_sd,SUP_r1,SUP_kr,SUP_sk,INC_avg,INC_sd,INC_r1,INC_kr,INC_sk,IND_avg,IND_sd,IND_r1,IND_kr,IND_sk
instances/A2/symmetric/50.1.in,0.3984000000,0.0350348398,0.2241835413,4.0315007585,0.7877515288,0.1694000000,0.0257806129,-0.0808664224,2.7218992680,-0.3915086030,0.4322000000,0.0321894393,0.2359592805,2.3414687649,0.0652315922,0.0656000000,0.0115169440,0.2155797780,2.9104084302,-0.1269750282
