Instance,INF_avg,INF_sd,INF_r1,INF_kr,INF_sk,SUP_avg,SUP_sd,SUP_r1,SUP_kr,SUP_sk,INC_avg,INC_sd,INC_r1,INC_kr,INC_sk,IND_avg,IND_sd,IND_r1,IND_kr,IND_sk
instances/A2/symmetric/200.6.in,0.3149000000,0.0546853728,0.5958829257,2.4230485488,-0.4782758722,0.2019000000,0.0279265107,0.1709563369,3.3378283114,-0.0548555367,0.4832000000,0.0486287981,0.3709757777,3.7786707591,0.4936764252,0.0573000000,0.0121330128,0.0004392922,2.5903953194,0.1537337632
