Instance,INF_avg,INF_sd,INF_r1,INF_kr,INF_sk,SUP_avg,SUP_sd,SUP_r1,SUP_kr,SUP_sk,INC_avg,INC_sd,INC_r1,INC_kr,INC_sk,IND_avg,IND_sd,IND_r1,IND_kr,IND_sk
instances/A2/symmetric/50.3.in,0.9083729732,0.0315241613,0.5829768102,1.4931058092,0.0640645697,0.0248119350,0.0179208405,0.6672641420,1.6394810873,-0.0283185709,0.0668150918,0.0152513441,0.1423356750,2.1258035763,-0.6217989543,0.0382209137,0.0119396618,0.3018310788,2.4786147716,0.9309817408
