Instance,INF_avg,INF_sd,INF_r1,INF_kr,INF_sk,SUP_avg,SUP_sd,SUP_r1,SUP_kr,SUP_sk,INC_avg,INC_sd,INC_r1,INC_kr,INC_sk,IND_avg,IND_sd,IND_r1,IND_kr,IND_sk
instances/A2/symmetric/10.5.in,0.5276190476,0.0246581932,-0.2658200363,1.6391402626,-0.3196594455,0.1516553288,0.0404840087,-0.7264242593,2.5553022370,0.7760889833,0.3207256236,0.0277992328,-0.6517904942,2.1118550226,0.5252303251,0.1223582766,0.0234347351,-0.4294025967,2.1030966830,0.8015256160
