Instance,INF_avg,INF_sd,INF_r1,INF_kr,INF_sk,SUP_avg,SUP_sd,SUP_r1,SUP_kr,SUP_sk,INC_avg,INC_sd,INC_r1,INC_kr,INC_sk,IND_avg,IND_sd,IND_r1,IND_kr,IND_sk
instances/A1/asymmetric/50.1.in,0.5050000000,0.0204939015,-0.7261904762,2.2023809524,-0.5576571845,0.1120000000,0.0136381817,-0.6512702079,1.8950745751,0.7001217104,0.3830000000,0.0102956301,-0.6952789700,1.3209327163,0.1319482681,0.0770000000,0.0128840987,0.2711370262,1.2876324575,0.3955562318
