Instance,INF_avg,INF_sd,INF_r1,INF_kr,INF_sk,SUP_avg,SUP_sd,SUP_r1,SUP_kr,SUP_sk,INC_avg,INC_sd,INC_r1,INC_kr,INC_sk,IND_avg,IND_sd,IND_r1,IND_kr,IND_sk
instances/A3/asymmetric/100.1.in,0.3207000000,0.0550137256,0.6041638766,4.8715880237,-1.0311347520,0.1529000000,0.0298511306,0.5699291893,2.4907103274,0.3329177952,0.5264000000,0.0465353629,0.5178740596,5.9480298806,1.4333728540,0.0830000000,0.0136747943,0.3578840394,2.3300923675,0.2815594360
