Instance,INF_avg,INF_sd,INF_r1,INF_kr,INF_sk,SUP_avg,SUP_sd,SUP_r1,SUP_kr,SUP_sk,INC_avg,INC_sd,INC_r1,INC_kr,INC_sk,IND_avg,IND_sd,IND_r1,IND_kr,IND_sk
instances/A1/symmetric/10.3.in,0.2330028795,0.1104913280,0.6643547957,1.2647924392,-0.0054047592,0.2926052379,0.0830899813,0.3800711493,1.9428096189,-0.5826465431,0.4743918826,0.0437398548,0.0625394168,1.8763281030,-0.4158691532,0.1470204305,0.0384231230,-0.7297950984,2.1412481259,0.5148481141
