Instance,INF_avg,INF_sd,INF_r1,INF_kr,INF_sk,SUP_avg,SUP_sd,SUP_r1,SUP_kr,SUP_sk,INC_avg,INC_sd,INC_r1,INC_kr,INC_sk,IND_avg,IND_sd,IND_r1,IND_kr,IND_sk
instances/A2/asymmetric/5.5.in,0.3481481481,0.1098383898,0.6936001283,1.4603678766,0.5858943702,0.1907407407,0.0720558387,0.1238760496,2.4465368581,0.4962487546,0.4611111111,0.1244742028,0.6194534971,1.6293312805,-0.3485222357,0.3092592593,0.0609143859,0.0384438834,2.4366511663,-0.2023542014
