Instance,INF_avg,INF_sd,INF_r1,INF_kr,INF_sk,SUP_avg,SUP_sd,SUP_r1,SUP_kr,SUP_sk,INC_avg,INC_sd,INC_r1,INC_kr,INC_sk,IND_avg,IND_sd,IND_r1,IND_kr,IND_sk
instances/A2/asymmetric/100.5.in,0.2705000000,0.0627873395,0.2228039333,5.0027588203,-1.7112564657,0.2585000000,0.0429563732,-0.1039281137,4.7837120142,1.5302355515,0.4710000000,0.0365923489,0.4522198536,1.7180271746,0.0914746985,0.0540000000,0.0070000000,0.1598915989,1.8521449396,0.3586005831
