Instance,INF_avg,INF_sd,INF_r1,INF_kr,INF_sk,SUP_avg,SUP_sd,SUP_r1,SUP_kr,SUP_sk,INC_avg,INC_sd,INC_r1,INC_kr,INC_sk,IND_avg,IND_sd,IND_r1,IND_kr,IND_sk
instances/A1/symmetric/10.2.in,0.2553146853,0.1242286386,0.4786007865,1.5816903147,-0.1241034877,0.1212587413,0.0388941971,0.0235661807,1.7645191643,0.3188422791,0.6234265734,0.1090007696,0.4156837334,1.3362258441,-0.0244286455,0.1689510490,0.0196880161,-0.6768097373,1.7496862129,0.4060620883
