Instance,INF_avg,INF_sd,INF_r1,INF_kr,INF_sk,SUP_avg,SUP_sd,SUP_r1,SUP_kr,SUP_sk,INC_avg,INC_sd,INC_r1,INC_kr,INC_sk,IND_avg,IND_sd,IND_r1,IND_kr,IND_sk
instances/A3/asymmetric/8.1.in,0.5308913309,0.1268173258,0.7035536600,2.0756610885,-0.0229163392,0.0785917786,0.0606381983,0.4271981917,1.4339984531,-0.2730564429,0.3905168905,0.0831199004,0.6387457112,2.4120599217,0.2803104225,0.3288258038,0.0701604633,0.2710864936,4.2207864975,1.3786345608
