Instance,INF_avg,INF_sd,INF_r1,INF_kr,INF_sk,SUP_avg,SUP_sd,SUP_r1,SUP_kr,SUP_sk,INC_avg,INC_sd,INC_r1,INC_kr,INC_sk,IND_avg,IND_sd,IND_r1,IND_kr,IND_sk
instances/A1/symmetric/10.1.in,0.6638235294,0.0306165028,-0.0224933136,3.2407817222,1.4930830997,0.0802941176,0.0252598948,-0.4505572536,1.5489272972,0.2720127129,0.2558823529,0.0254543489,-0.6228070175,1.6013563256,0.2971211424,0.1397058824,0.0257079687,0.3515889114,2.0025235739,-0.1718354072
