Instance,INF_avg,INF_sd,INF_r1,INF_kr,INF_sk,SUP_avg,SUP_sd,SUP_r1,SUP_kr,SUP_sk,INC_avg,INC_sd,INC_r1,INC_kr,INC_sk,IND_avg,IND_sd,IND_r1,IND_kr,IND_sk
instances/A3/symmetric/20.6.in,0.5133136802,0.0164803204,-0.2017410077,1.9685467308,-0.4691208886,0.0530162493,0.0195814489,-0.0505838380,2.7511470938,1.1915057209,0.4336700706,0.0137915831,-0.9042515853,1.5936033546,0.3592328029,0.0904471977,0.0137776314,0.3474885220,1.9917793390,-0.0944235572
