Instance,INF_avg,INF_sd,INF_r1,INF_kr,INF_sk,SUP_avg,SUP_sd,SUP_r1,SUP_kr,SUP_sk,INC_avg,INC_sd,INC_r1,INC_kr,INC_sk,IND_avg,IND_sd,IND_r1,IND_kr,IND_sk
instances/A1/asymmetric/20.1.in,0.7045800781,0.0702884808,0.8911431239,1.9255885304,-0.0932561773,0.0750373037,0.0411000903,0.6446258007,1.7860065234,0.1743756294,0.2203826183,0.0360111424,0.8355802135,2.1358361212,0.6277878938,0.0849446233,0.0220854676,0.3673342788,1.8132879254,0.4087694863
