Instance,INF_avg,INF_sd,INF_r1,INF_kr,INF_sk,SUP_avg,SUP_sd,SUP_r1,SUP_kr,SUP_sk,INC_avg,INC_sd,INC_r1,INC_kr,INC_sk,IND_avg,IND_sd,IND_r1,IND_kr,IND_sk
instances/A1/asymmetric/20.1.in,0.7559811460,0.0423115094,0.8002046006,1.4287778922,-0.2806587163,0.0472023859,0.0273910486,0.8229930931,2.2347698126,0.7400308829,0.1968164681,0.0178805867,0.4328922513,1.6315363315,0.4327861048,0.0969279792,0.0228297735,-0.4414814814,2.2450779301,-0.6933623246
