Instance,INF_avg,INF_sd,INF_r1,INF_kr,INF_sk,SUP_avg,SUP_sd,SUP_r1,SUP_kr,SUP_sk,INC_avg,INC_sd,INC_r1,INC_kr,INC_sk,IND_avg,IND_sd,IND_r1,IND_kr,IND_sk
instances/A3/symmetric/50.3.in,0.3804000000,0.0619341586,0.4101815162,2.1712857314,0.1361156415,0.1180000000,0.0270924344,0.2992167717,2.1508697815,-0.1246112384,0.5016000000,0.0499343569,0.2526438129,2.5723290553,0.1520973985,0.0808000000,0.0144692778,0.2312442353,2.4897824241,0.1871806180
