Instance,INF_avg,INF_sd,INF_r1,INF_kr,INF_sk,SUP_avg,SUP_sd,SUP_r1,SUP_kr,SUP_sk,INC_avg,INC_sd,INC_r1,INC_kr,INC_sk,IND_avg,IND_sd,IND_r1,IND_kr,IND_sk
instances/A1/asymmetric/50.6.in,0.3600000000,0.0494772675,0.6323784722,2.2395733212,-0.1126978241,0.1996000000,0.0361364082,0.4773701686,3.0911422216,0.1970204211,0.4404000000,0.0368760085,0.5110600784,2.5555696592,0.1860213445,0.0442000000,0.0148108069,0.1017453920,2.6894175537,0.7747167008
