Instance,INF_avg,INF_sd,INF_r1,INF_kr,INF_sk,SUP_avg,SUP_sd,SUP_r1,SUP_kr,SUP_sk,INC_avg,INC_sd,INC_r1,INC_kr,INC_sk,IND_avg,IND_sd,IND_r1,IND_kr,IND_sk
instances/A2/symmetric/5.1.in,0.4543209877,0.1037624760,0.7904616128,1.5802473807,0.1894520338,0.1666666667,0.1103368082,-0.1509433962,1.8362428090,-0.2872127747,0.3790123457,0.0675242058,-0.2227186544,3.4959762589,-1.2124133015,0.3265432099,0.0555418364,-0.0408497010,2.4635972822,-0.5119566838
