Instance,INF_avg,INF_sd,INF_r1,INF_kr,INF_sk,SUP_avg,SUP_sd,SUP_r1,SUP_kr,SUP_sk,INC_avg,INC_sd,INC_r1,INC_kr,INC_sk,IND_avg,IND_sd,IND_r1,IND_kr,IND_sk
instances/A2/symmetric/5.1.in,0.3777777778,0.0544331054,-0.1904761905,1.1666666667,0.4082482905,0.2111111111,0.0871354841,0.0618101545,1.4839381321,-0.0171057167,0.4111111111,0.0408248290,-0.0683760684,2.8127572016,-1.1642636432,0.2944444444,0.0484322105,-0.7298578199,1.3801939058,-0.5071295170
