Instance,INF_avg,INF_sd,INF_r1,INF_kr,INF_sk,SUP_avg,SUP_sd,SUP_r1,SUP_kr,SUP_sk,INC_avg,INC_sd,INC_r1,INC_kr,INC_sk,IND_avg,IND_sd,IND_r1,IND_kr,IND_sk
instances/A1/symmetric/50.1.in,0.6120833333,0.1907764653,0.9491936690,1.7179139280,0.1572314522,0.0445833333,0.0507016738,0.6775916040,4.0769574673,1.2766198296,0.3433333333,0.1543444920,0.9425558221,1.8899982509,-0.2575387598,0.1662500000,0.0451213641,0.4268574595,3.8236650884,0.0444354582
