Instance,INF_avg,INF_sd,INF_r1,INF_kr,INF_sk,SUP_avg,SUP_sd,SUP_r1,SUP_kr,SUP_sk,INC_avg,INC_sd,INC_r1,INC_kr,INC_sk,IND_avg,IND_sd,IND_r1,IND_kr,IND_sk
instances/A2/asymmetric/20.6.in,0.5521556987,0.0333329042,0.0068289623,2.2071808551,0.0771204272,0.1559890461,0.0252187286,-0.3093407068,1.4811920837,-0.0793312140,0.2918552552,0.0192557523,0.4646263949,2.0238938311,-0.1507154512,0.0412701921,0.0104328495,0.6196524445,1.6528160196,0.2332110614
