Instance,INF_avg,INF_sd,INF_r1,INF_kr,INF_sk,SUP_avg,SUP_sd,SUP_r1,SUP_kr,SUP_sk,INC_avg,INC_sd,INC_r1,INC_kr,INC_sk,IND_avg,IND_sd,IND_r1,IND_kr,IND_sk
instances/A1/symmetric/200.5.in,0.3375000000,0.1727534370,-0.3715967623,2.7244044845,1.0114891079,0.2125000000,0.1615355998,0.2741165234,1.9544981893,0.5087771912,0.4500000000,0.2121320344,-0.3146853147,3.0462962963,-0.8249579114,0.4000000000,0.1224744871,-0.2500000000,2.0000000000,0.0000000000
