Instance,INF_avg,INF_sd,INF_r1,INF_kr,INF_sk,SUP_avg,SUP_sd,SUP_r1,SUP_kr,SUP_sk,INC_avg,INC_sd,INC_r1,INC_kr,INC_sk,IND_avg,IND_sd,IND_r1,IND_kr,IND_sk
instances/A2/symmetric/8.2.in,0.6164021164,0.0726914805,0.4304095550,1.5666570849,-0.0868116484,0.0605616606,0.0307236517,0.1561839025,2.3618702692,-0.4375589680,0.3230362230,0.0486027337,0.5239861171,1.4794604603,0.3455666020,0.2237281237,0.0592183774,-0.0005023842,2.5793759276,0.7134359939
