Instance,INF_avg,INF_sd,INF_r1,INF_kr,INF_sk,SUP_avg,SUP_sd,SUP_r1,SUP_kr,SUP_sk,INC_avg,INC_sd,INC_r1,INC_kr,INC_sk,IND_avg,IND_sd,IND_r1,IND_kr,IND_sk
instances/A1/symmetric/200.5.in,0.3340000000,0.0243721152,0.4712601326,1.5781893004,0.1732398762,0.1680000000,0.0143527001,-0.0754332314,1.7447921576,0.2009026265,0.4980000000,0.0283901391,0.2930591260,1.7117924499,0.1046216544,0.0660000000,0.0091651514,0.4817073171,2.2295918367,-0.6858276550
