Instance,INF_avg,INF_sd,INF_r1,INF_kr,INF_sk,SUP_avg,SUP_sd,SUP_r1,SUP_kr,SUP_sk,INC_avg,INC_sd,INC_r1,INC_kr,INC_sk,IND_avg,IND_sd,IND_r1,IND_kr,IND_sk
instances/A3/asymmetric/10.2.in,0.6896546923,0.1387536208,0.5525050097,1.9459461711,-0.8725866312,0.0569663538,0.0570616094,0.7332934199,1.6032865125,0.3817420529,0.2533789539,0.0881565948,0.4113492375,2.4010907553,1.0821336427,0.2138831556,0.0380970963,-0.1595723226,3.9147557613,1.4432931786
