Instance,INF_avg,INF_sd,INF_r1,INF_kr,INF_sk,SUP_avg,SUP_sd,SUP_r1,SUP_kr,SUP_sk,INC_avg,INC_sd,INC_r1,INC_kr,INC_sk,IND_avg,IND_sd,IND_r1,IND_kr,IND_sk
instances/A3/symmetric/50.4.in,0.5930000000,0.0802246845,0.7681834231,2.1729407899,0.1268558841,0.0645000000,0.0236061433,0.6467230330,2.1139784089,0.0797064229,0.3425000000,0.0607556582,0.6070988415,2.3851429478,-0.0760820970,0.0775000000,0.0081394103,0.2380952381,2.9138483446,-1.1126854946
