Instance,INF_avg,INF_sd,INF_r1,INF_kr,INF_sk,SUP_avg,SUP_sd,SUP_r1,SUP_kr,SUP_sk,INC_avg,INC_sd,INC_r1,INC_kr,INC_sk,IND_avg,IND_sd,IND_r1,IND_kr,IND_sk
instances/A1/symmetric/50.3.in,0.4467000000,0.0699185955,0.7787069723,2.0884375131,-0.1923739354,0.1569000000,0.0393178077,0.6131612570,2.1208932563,0.2160061001,0.3964000000,0.0432786321,0.7526893405,2.3627156932,-0.0359538390,0.0609000000,0.0121527775,0.6045571950,2.3252549139,-0.1431834981
