Instance,INF_avg,INF_sd,INF_r1,INF_kr,INF_sk,SUP_avg,SUP_sd,SUP_r1,SUP_kr,SUP_sk,INC_avg,INC_sd,INC_r1,INC_kr,INC_sk,IND_avg,IND_sd,IND_r1,IND_kr,IND_sk
instances/A1/asymmetric/8.1.in,0.2253086420,0.1815024763,0.7447528429,1.5982426785,0.3258514823,0.2612794613,0.1480920846,0.5236210736,2.5903792273,0.4734911656,0.5134118967,0.0759933149,0.3428584618,1.4766891746,-0.0305397027,0.2090909091,0.0355541845,0.4458634977,2.2392220736,0.5442778191
