Instance,INF_avg,INF_sd,INF_r1,INF_kr,INF_sk,SUP_avg,SUP_sd,SUP_r1,SUP_kr,SUP_sk,INC_avg,INC_sd,INC_r1,INC_kr,INC_sk,IND_avg,IND_sd,IND_r1,IND_kr,IND_sk
instances/A2/symmetric/200.2.in,0.5968000000,0.0596301937,0.5713790112,2.3291059770,-0.0592458475,0.1192000000,0.0468119643,0.6636003855,2.4648995181,0.4722060328,0.2840000000,0.0257293607,0.4089182020,2.3010240870,0.4287013434,0.0496000000,0.0077356318,-0.1739223446,2.4680127399,0.2632792069
