Instance,INF_avg,INF_sd,INF_r1,INF_kr,INF_sk,SUP_avg,SUP_sd,SUP_r1,SUP_kr,SUP_sk,INC_avg,INC_sd,INC_r1,INC_kr,INC_sk,IND_avg,IND_sd,IND_r1,IND_kr,IND_sk
instances/A1/symmetric/200.6.in,0.2836000000,0.0321720375,0.2758900303,2.8816187006,0.3016549357,0.2156000000,0.0278323553,0.5809412998,1.7786220217,-0.2587919104,0.5008000000,0.0326398529,0.3553826150,2.6397599252,-0.4551602629,0.0638000000,0.0162037033,-0.1195456451,5.0338562120,1.2238834480
