Instance,INF_avg,INF_sd,INF_r1,INF_kr,INF_sk,SUP_avg,SUP_sd,SUP_r1,SUP_kr,SUP_sk,INC_avg,INC_sd,INC_r1,INC_kr,INC_sk,IND_avg,IND_sd,IND_r1,IND_kr,IND_sk
instances/A2/symmetric/8.3.in,0.3488505747,0.0640696762,-0.6000760030,1.6084108487,-0.3886559656,0.2408394288,0.0408264263,-0.7353169560,1.5772533501,0.5924224098,0.4103099965,0.0263641515,-0.3550047264,1.3578059537,-0.1571519547,0.1810867294,0.0162607011,-0.6546611000,2.8097594682,1.1902634915
