Instance,INF_avg,INF_sd,INF_r1,INF_kr,INF_sk,SUP_avg,SUP_sd,SUP_r1,SUP_kr,SUP_sk,INC_avg,INC_sd,INC_r1,INC_kr,INC_sk,IND_avg,IND_sd,IND_r1,IND_kr,IND_sk
instances/A1/symmetric/50.3.in,0.4166666667,0.0907377173,0.5663798145,2.0160686675,0.0477913966,0.1033333333,0.0534373985,0.4040927694,2.6734242759,0.1883484438,0.4800000000,0.0639444203,0.2076502732,3.4154064272,0.6119444760,0.1455555556,0.0219145366,-0.1854236792,2.2008379538,-0.3122931165
