Instance,INF_avg,INF_sd,INF_r1,INF_kr,INF_sk,SUP_avg,SUP_sd,SUP_r1,SUP_kr,SUP_sk,INC_avg,INC_sd,INC_r1,INC_kr,INC_sk,IND_avg,IND_sd,IND_r1,IND_kr,IND_sk
instances/A3/symmetric/20.2.in,0.5174906277,0.1065670753,0.7451208688,1.0825112708,-0.0102174551,0.0768551070,0.0426766213,0.7037948272,2.0173623783,0.6409444544,0.4056542654,0.0724463353,0.6287967023,1.2122284620,0.1555421744,0.0584367086,0.0173727525,0.2412724582,2.3731666084,-0.5239224555
