Instance,INF_avg,INF_sd,INF_r1,INF_kr,INF_sk,SUP_avg,SUP_sd,SUP_r1,SUP_kr,SUP_sk,INC_avg,INC_sd,INC_r1,INC_kr,INC_sk,IND_avg,IND_sd,IND_r1,IND_kr,IND_sk
instances/A3/symmetric/50.4.in,0.3200000000,0.0216794834,-1.0666666667,2.5181077411,1.0157657450,0.1570000000,0.0345832329,0.1503079292,2.9465917607,-1.2785788822,0.5230000000,0.0484355242,0.0993526597,2.4238536291,0.4073229432,0.0730000000,0.0172046505,-0.7048054920,1.4295562454,0.0459492356
