Instance,INF_avg,INF_sd,INF_r1,INF_kr,INF_sk,SUP_avg,SUP_sd,SUP_r1,SUP_kr,SUP_sk,INC_avg,INC_sd,INC_r1,INC_kr,INC_sk,IND_avg,IND_sd,IND_r1,IND_kr,IND_sk
instances/A1/asymmetric/200.5.in,0.3318000000,0.0271248963,0.0713814981,2.5995168411,-0.0979052711,0.1350000000,0.0186010752,-0.5000000000,1.8439473420,-0.0326291039,0.5332000000,0.0271985294,-0.1866368039,3.4976727522,0.6364459020,0.0688000000,0.0166901168,-0.1190430810,3.2759684581,0.5516098644
