Instance,INF_avg,INF_sd,INF_r1,INF_kr,INF_sk,SUP_avg,SUP_sd,SUP_r1,SUP_kr,SUP_sk,INC_avg,INC_sd,INC_r1,INC_kr,INC_sk,IND_avg,IND_sd,IND_r1,IND_kr,IND_sk
instances/A1/asymmetric/8.5.in,0.5512820513,0.0945550847,0.3880832408,2.5863906028,-0.6421300313,0.0448717949,0.0440399078,0.4541226497,3.1104108015,0.8095359930,0.4038461538,0.0924278065,0.2612017427,1.9525695351,0.0966535318,0.2756410256,0.0593286460,0.1765801263,2.0222670365,0.3873102310
