Instance,INF_avg,INF_sd,INF_r1,INF_kr,INF_sk,SUP_avg,SUP_sd,SUP_r1,SUP_kr,SUP_sk,INC_avg,INC_sd,INC_r1,INC_kr,INC_sk,IND_avg,IND_sd,IND_r1,IND_kr,IND_sk
instances/A3/symmetric/100.5.in,0.4797272727,0.1570145279,0.9198631105,3.2829712268,0.9103475438,0.0383636364,0.0361946072,0.6790379517,2.8841140370,0.8937982143,0.4819090909,0.1363851195,0.9160043474,3.7617471638,-1.0985849399,0.1447272727,0.0409147471,0.4062931083,2.5927860673,-0.0211154544
