Instance,INF_avg,INF_sd,INF_r1,INF_kr,INF_sk,SUP_avg,SUP_sd,SUP_r1,SUP_kr,SUP_sk,INC_avg,INC_sd,INC_r1,INC_kr,INC_sk,IND_avg,IND_sd,IND_r1,IND_kr,IND_sk
instances/A2/symmetric/10.4.in,0.4910657596,0.1026781407,0.2131598843,2.3930140388,-0.8597921391,0.1810430839,0.1123331017,0.1570583890,2.5095823103,0.9910817982,0.3278911565,0.0131909656,-0.4818763326,2.3587596197,-0.2830922144,0.1698866213,0.0283025174,-0.3477355162,2.0402563308,-0.5687235702
