Instance,INF_avg,INF_sd,INF_r1,INF_kr,INF_sk,SUP_avg,SUP_sd,SUP_r1,SUP_kr,SUP_sk,INC_avg,INC_sd,INC_r1,INC_kr,INC_sk,IND_avg,IND_sd,IND_r1,IND_kr,IND_sk
instances/A1/asymmetric/20.4.in,0.6050000000,0.0722841615,0.7455176403,1.4893660859,0.2224077128,0.0100000000,0.0200000000,-0.2820512821,3.2500000000,1.5000000000,0.3850000000,0.0672681202,0.5923734385,1.8014407375,0.0640629209,0.3050000000,0.0960468636,-0.0926438904,1.5894198779,0.3656751498
