Instance,INF_avg,INF_sd,INF_r1,INF_kr,INF_sk,SUP_avg,SUP_sd,SUP_r1,SUP_kr,SUP_sk,INC_avg,INC_sd,INC_r1,INC_kr,INC_sk,IND_avg,IND_sd,IND_r1,IND_kr,IND_sk
instances/A3/symmetric/8.4.in,0.5189047619,0.0949905831,0.4230923905,1.9919905549,-0.5506444646,0.0441904762,0.0244641438,-0.7734406908,2.4144801644,-0.8690188968,0.4369047619,0.0938771813,0.4095566042,2.1670672284,0.7253348307,0.3214761905,0.0350575814,0.3877895136,1.7002788620,0.1837313427
