Instance,INF_avg,INF_sd,INF_r1,INF_kr,INF_sk,SUP_avg,SUP_sd,SUP_r1,SUP_kr,SUP_sk,INC_avg,INC_sd,INC_r1,INC_kr,INC_sk,IND_avg,IND_sd,IND_r1,IND_kr,IND_sk
instances/A3/symmetric/8.4.in,0.5365873016,0.0953032185,0.4667394611,2.2709627174,-0.7874363345,0.0368253968,0.0277482837,-0.9009387352,1.4837175516,-0.3544825934,0.4265873016,0.0887488267,0.4098048078,2.6883621197,1.0091729591,0.3303968254,0.0377105244,0.3841598189,1.5125216377,-0.1233454656
