Instance,INF_avg,INF_sd,INF_r1,INF_kr,INF_sk,SUP_avg,SUP_sd,SUP_r1,SUP_kr,SUP_sk,INC_avg,INC_sd,INC_r1,INC_kr,INC_sk,IND_avg,IND_sd,IND_r1,IND_kr,IND_sk
instances/A1/symmetric/5.6.in,0.3777777778,0.1772213514,0.2798165138,2.4026937226,-0.6695484486,0.1100000000,0.0720425115,-0.9293163384,2.2705739448,0.0406779592,0.5122222222,0.1655667409,0.3843918309,2.1526379942,0.7378037829,0.3877777778,0.0716989591,-0.2186579062,2.8834714736,-1.2196992788
