Instance,INF_avg,INF_sd,INF_r1,INF_kr,INF_sk,SUP_avg,SUP_sd,SUP_r1,SUP_kr,SUP_sk,INC_avg,INC_sd,INC_r1,INC_kr,INC_sk,IND_avg,IND_sd,IND_r1,IND_kr,IND_sk
instances/A1/symmetric/5.6.in,0.4370370370,0.1546712075,0.2857507010,3.9877325141,-1.2491284995,0.1598765432,0.1192620709,-0.6317186205,1.7508438935,0.1418874885,0.4030864198,0.1809726637,0.4224952342,3.0155546944,0.9442209256,0.4203703704,0.0751769746,-0.1185296324,4.0991345791,-0.6392084534
