Instance,INF_avg,INF_sd,INF_r1,INF_kr,INF_sk,SUP_avg,SUP_sd,SUP_r1,SUP_kr,SUP_sk,INC_avg,INC_sd,INC_r1,INC_kr,INC_sk,IND_avg,IND_sd,IND_r1,IND_kr,IND_sk
instances/A1/asymmetric/100.4.in,0.2222222222,0.1314684396,0.2177348551,1.4467346939,0.4660422033,0.1333333333,0.0666666667,-0.0500000000,2.2500000000,-0.5000000000,0.6444444444,0.1832491389,0.1182907764,1.5939121972,-0.3446324231,0.4555555556,0.1422916497,0.0359602142,2.4088340274,-0.1123689262
