Instance,INF_avg,INF_sd,INF_r1,INF_kr,INF_sk,SUP_avg,SUP_sd,SUP_r1,SUP_kr,SUP_sk,INC_avg,INC_sd,INC_r1,INC_kr,INC_sk,IND_avg,IND_sd,IND_r1,IND_kr,IND_sk
instances/A3/asymmetric/50.1.in,0.4100000000,0.0767463354,0.4323017408,1.9069543210,0.7247211752,0.1240000000,0.0437492857,0.4839255499,1.5813638493,-0.5604748918,0.4660000000,0.0335261092,0.3388183981,2.3793170046,-0.9725250844,0.0680000000,0.0074833148,-0.3224637681,2.1339285714,-0.7301958931
