Instance,INF_avg,INF_sd,INF_r1,INF_kr,INF_sk,SUP_avg,SUP_sd,SUP_r1,SUP_kr,SUP_sk,INC_avg,INC_sd,INC_r1,INC_kr,INC_sk,IND_avg,IND_sd,IND_r1,IND_kr,IND_sk
instances/A1/asymmetric/200.5.in,0.2732000000,0.0469868067,0.2805860981,2.2560149014,0.4286160133,0.2008000000,0.0446470604,0.1675089348,2.0363714938,0.0853440825,0.5260000000,0.0354964787,-0.1637856971,2.1879743008,-0.4206990068,0.0642000000,0.0138332932,-0.2364591546,2.4934849372,0.0641356579
