Instance,INF_avg,INF_sd,INF_r1,INF_kr,INF_sk,SUP_avg,SUP_sd,SUP_r1,SUP_kr,SUP_sk,INC_avg,INC_sd,INC_r1,INC_kr,INC_sk,IND_avg,IND_sd,IND_r1,IND_kr,IND_sk
instances/A3/asymmetric/5.1.in,0.3049382716,0.2506978524,0.7591213885,1.3804612647,-0.0396125094,0.1734567901,0.1368311210,0.8258983907,1.3385031110,-0.2453827421,0.5216049383,0.1384423549,0.4660523832,1.5955357635,0.6287792296,0.4166666667,0.1122167215,-0.1932114883,2.0436851211,0.5766153339
