Instance,INF_avg,INF_sd,INF_r1,INF_kr,INF_sk,SUP_avg,SUP_sd,SUP_r1,SUP_kr,SUP_sk,INC_avg,INC_sd,INC_r1,INC_kr,INC_sk,IND_avg,IND_sd,IND_r1,IND_kr,IND_sk
instances/A3/symmetric/5.2.in,0.0740740741,0.1385799032,-0.0519480519,2.7857142857,1.3363062096,0.2738095238,0.0939060283,0.4309210526,2.3627295918,-0.8095370397,0.6521164021,0.0773102603,-0.0210057061,2.8188665818,-0.2364697572,0.4669312169,0.0501251199,-0.3801122042,2.8339281973,-1.1379241518
