Instance,INF_avg,INF_sd,INF_r1,INF_kr,INF_sk,SUP_avg,SUP_sd,SUP_r1,SUP_kr,SUP_sk,INC_avg,INC_sd,INC_r1,INC_kr,INC_sk,IND_avg,IND_sd,IND_r1,IND_kr,IND_sk
instances/A3/asymmetric/200.6.in,0.2870000000,0.0357211422,0.1307947020,2.2776849677,-0.2855188534,0.1356000000,0.0251523359,0.0388215726,2.3541862392,-0.1064560212,0.5774000000,0.0340622959,0.2688874368,1.7724052095,-0.0606661290,0.0916000000,0.0157302257,-0.2533476511,2.7489762089,-0.5888075506
