Instance,INF_avg,INF_sd,INF_r1,INF_kr,INF_sk,SUP_avg,SUP_sd,SUP_r1,SUP_kr,SUP_sk,INC_avg,INC_sd,INC_r1,INC_kr,INC_sk,IND_avg,IND_sd,IND_r1,IND_kr,IND_sk
instances/A3/asymmetric/200.3.in,0.3477000000,0.0376325657,0.3359670409,2.8183026970,0.2038913676,0.1406000000,0.0216480946,0.2773568637,2.0768258218,0.1208686340,0.5117000000,0.0277778689,0.1024265150,3.5231066803,-0.5548568055,0.0932000000,0.0173424335,0.7130297329,2.5939989487,0.0306631040
