Instance,INF_avg,INF_sd,INF_r1,INF_kr,INF_sk,SUP_avg,SUP_sd,SUP_r1,SUP_kr,SUP_sk,INC_avg,INC_sd,INC_r1,INC_kr,INC_sk,IND_avg,IND_sd,IND_r1,IND_kr,IND_sk
instances/A1/symmetric/8.5.in,0.4087356322,0.0815287985,0.5457667377,1.4580740069,0.1656617193,0.2322758621,0.0611621525,-0.1709255013,1.8238398740,-0.0624890525,0.3589885057,0.0586681079,-0.0454807330,1.7925089673,0.2517700868,0.1691100164,0.0198701689,0.3160785472,1.7561163069,-0.2950270724
