Instance,INF_avg,INF_sd,INF_r1,INF_kr,INF_sk,SUP_avg,SUP_sd,SUP_r1,SUP_kr,SUP_sk,INC_avg,INC_sd,INC_r1,INC_kr,INC_sk,IND_avg,IND_sd,IND_r1,IND_kr,IND_sk
instances/A1/symmetric/20.1.in,0.3006818182,0.1122223387,0.7217558071,2.9539701135,0.1079755924,0.2438636364,0.0863782882,0.7549912131,2.6771540653,-0.2260345954,0.4554545455,0.0533302125,0.5437096916,2.7326887479,0.0067576542,0.0682954545,0.0141398527,0.5786610760,1.8603415916,0.2036198619
