Instance,INF_avg,INF_sd,INF_r1,INF_kr,INF_sk,SUP_avg,SUP_sd,SUP_r1,SUP_kr,SUP_sk,INC_avg,INC_sd,INC_r1,INC_kr,INC_sk,IND_avg,IND_sd,IND_r1,IND_kr,IND_sk
instances/A1/symmetric/8.1.in,0.5752380952,0.0644811843,-0.3462313583,2.4202872728,-0.3733460748,0.0969523810,0.0257840324,-0.4499693534,2.4274701663,0.7479482449,0.3278095238,0.0578571233,0.2631343748,2.5186965108,0.9000256749,0.2293333333,0.0535587075,0.0042140183,1.6692598812,-0.6134201747
