Instance,INF_avg,INF_sd,INF_r1,INF_kr,INF_sk,SUP_avg,SUP_sd,SUP_r1,SUP_kr,SUP_sk,INC_avg,INC_sd,INC_r1,INC_kr,INC_sk,IND_avg,IND_sd,IND_r1,IND_kr,IND_sk
instances/A1/symmetric/5.2.in,0.3791666667,0.1319590635,-0.1005818786,2.1976155283,0.9162861571,0.1875000000,0.1538786098,0.3295546559,1.7967280706,0.3457773591,0.4333333333,0.0808901099,-0.1527093596,1.8942684229,0.3732060605,0.4763888889,0.0722622752,-0.1819745442,2.2762724778,1.0670249695
