Instance,INF_avg,INF_sd,INF_r1,INF_kr,INF_sk,SUP_avg,SUP_sd,SUP_r1,SUP_kr,SUP_sk,INC_avg,INC_sd,INC_r1,INC_kr,INC_sk,IND_avg,IND_sd,IND_r1,IND_kr,IND_sk
instances/A1/asymmetric/8.2.in,0.4090909091,0.1539203042,0.3629191321,1.7836217775,-0.2838660019,0.2303030303,0.0911108871,0.5283975659,1.2397603571,-0.2754946631,0.3606060606,0.0732305817,-0.0091581543,2.7823348658,1.1746618511,0.1787878788,0.0337440264,0.7876447876,2.0793444329,-0.6170311183
