Instance,INF_avg,INF_sd,INF_r1,INF_kr,INF_sk,SUP_avg,SUP_sd,SUP_r1,SUP_kr,SUP_sk,INC_avg,INC_sd,INC_r1,INC_kr,INC_sk,IND_avg,IND_sd,IND_r1,IND_kr,IND_sk
instances/A1/symmetric/200.4.in,0.3888554217,0.1468931775,0.4706532719,4.4258148155,0.8678265143,0.0692771084,0.0729463102,0.3680456273,2.8482473749,0.9424723701,0.5418674699,0.1289793363,0.3479835488,4.2712091146,-0.6897126037,0.3174698795,0.1090577759,0.0820106652,2.8984486901,0.1724928839
