Instance,INF_avg,INF_sd,INF_r1,INF_kr,INF_sk,SUP_avg,SUP_sd,SUP_r1,SUP_kr,SUP_sk,INC_avg,INC_sd,INC_r1,INC_kr,INC_sk,IND_avg,IND_sd,IND_r1,IND_kr,IND_sk
instances/A1/asymmetric/50.2.in,0.7688888889,0.1350262892,0.7171324957,2.0921347319,-0.3609817399,0.0311111111,0.0328107179,0.8267270668,1.5234828718,0.4299830636,0.2000000000,0.1062491830,0.6341463415,2.2015934032,0.3023645297,0.1000000000,0.0266666667,0.3333333333,2.2500000000,-0.0000000000
