Instance,INF_avg,INF_sd,INF_r1,INF_kr,INF_sk,SUP_avg,SUP_sd,SUP_r1,SUP_kr,SUP_sk,INC_avg,INC_sd,INC_r1,INC_kr,INC_sk,IND_avg,IND_sd,IND_r1,IND_kr,IND_sk
instances/A1/asymmetric/8.3.in,0.3880186480,0.0516577886,-0.0702081432,2.5068860573,-0.4100547341,0.1926806527,0.0148896868,-0.9563962742,2.4563143622,-0.5976877413,0.4193006993,0.0504325485,0.0666768792,2.2102367924,0.1881616653,0.2049883450,0.0297794466,0.2953784881,2.0752806947,-0.6807775775
