Instance,INF_avg,INF_sd,INF_r1,INF_kr,INF_sk,SUP_avg,SUP_sd,SUP_r1,SUP_kr,SUP_sk,INC_avg,INC_sd,INC_r1,INC_kr,INC_sk,IND_avg,IND_sd,IND_r1,IND_kr,IND_sk
instances/A1/asymmetric/50.2.in,0.7350000000,0.0580517011,0.3622641509,2.1513132985,0.6348582162,0.0620000000,0.0307571130,0.8557295960,1.6066334717,0.4714012956,0.2030000000,0.0348711915,-0.1455525606,3.0422437673,-1.3040473294,0.0310000000,0.0066332496,-0.6894977169,2.2169421488,-0.3700366502
