Instance,INF_avg,INF_sd,INF_r1,INF_kr,INF_sk,SUP_avg,SUP_sd,SUP_r1,SUP_kr,SUP_sk,INC_avg,INC_sd,INC_r1,INC_kr,INC_sk,IND_avg,IND_sd,IND_r1,IND_kr,IND_sk
instances/A2/asymmetric/20.3.in,0.6103744683,0.0241701197,-0.8805033102,2.5563974702,-0.6239186252,0.1330069751,0.0096647712,-0.2682773057,1.8152344010,0.4029304418,0.2566185565,0.0167836270,-0.9142104686,1.9117039207,0.4229652075,0.0663126807,0.0072540528,-0.3338398175,2.4823818039,-0.9992180465
