Instance,INF_avg,INF_sd,INF_r1,INF_kr,INF_sk,SUP_avg,SUP_sd,SUP_r1,SUP_kr,SUP_sk,INC_avg,INC_sd,INC_r1,INC_kr,INC_sk,IND_avg,IND_sd,IND_r1,IND_kr,IND_sk
instances/A3/symmetric/50.5.in,0.5328445596,0.0926559158,0.8050363192,2.5267503588,0.8041938883,0.0704290155,0.0286868513,0.8224734789,1.9681667024,-0.5144466081,0.3967264249,0.0670648852,0.7329967734,2.8421280913,-0.7756350606,0.0720797927,0.0100717353,0.4385239919,2.0854211043,0.0245646081
