Instance,INF_avg,INF_sd,INF_r1,INF_kr,INF_sk,SUP_avg,SUP_sd,SUP_r1,SUP_kr,SUP_sk,INC_avg,INC_sd,INC_r1,INC_kr,INC_sk,IND_avg,IND_sd,IND_r1,IND_kr,IND_sk
instances/A2/asymmetric/20.2.in,0.6994493190,0.0677337095,-0.2183010031,3.1354036753,1.1841247259,0.0656063426,0.0379946583,0.5314902308,3.0793371884,0.3844553670,0.2349443384,0.0538115853,-0.3084441581,2.1755935655,-0.5780928652,0.0814739163,0.0277749100,0.0026319771,4.3722994595,1.5364089303
