Instance,INF_avg,INF_sd,INF_r1,INF_kr,INF_sk,SUP_avg,SUP_sd,SUP_r1,SUP_kr,SUP_sk,INC_avg,INC_sd,INC_r1,INC_kr,INC_sk,IND_avg,IND_sd,IND_r1,IND_kr,IND_sk
instances/A2/asymmetric/20.2.in,0.7145906433,0.0704027993,-0.2345190808,2.8991684661,1.2221340177,0.0444669366,0.0271624083,-0.0579399052,2.2801742765,-0.2911896698,0.2409424202,0.0469091761,-0.2495564930,2.9647948056,-1.2778673477,0.0943612236,0.0307389416,-0.2641104356,2.3336410671,0.9544977125
