Instance,INF_avg,INF_sd,INF_r1,INF_kr,INF_sk,SUP_avg,SUP_sd,SUP_r1,SUP_kr,SUP_sk,INC_avg,INC_sd,INC_r1,INC_kr,INC_sk,IND_avg,IND_sd,IND_r1,IND_kr,IND_sk
instances/A1/asymmetric/10.1.in,0.6554385965,0.0657237098,-0.4611882619,3.0716147945,-1.3741568403,0.0643274854,0.0525665615,-0.5147058824,1.1696157239,-0.4031382732,0.2802339181,0.0579359532,0.4585228790,1.6992452338,0.1720854556,0.2717738791,0.0755800941,-0.1850623358,2.0916560012,0.5795947290
