Instance,INF_avg,INF_sd,INF_r1,INF_kr,INF_sk,SUP_avg,SUP_sd,SUP_r1,SUP_kr,SUP_sk,INC_avg,INC_sd,INC_r1,INC_kr,INC_sk,IND_avg,IND_sd,IND_r1,IND_kr,IND_sk
instances/A1/symmetric/50.2.in,0.2594500000,0.0844123658,0.7980591338,2.2954902840,-0.5633668881,0.2068000000,0.0439688526,0.6639844751,2.7472806490,0.4937702598,0.5337500000,0.0634207182,0.6939712957,2.0896468323,0.1289599893,0.0479000000,0.0118781312,0.3016455234,4.8360398288,0.7731005368
