Instance,INF_avg,INF_sd,INF_r1,INF_kr,INF_sk,SUP_avg,SUP_sd,SUP_r1,SUP_kr,SUP_sk,INC_avg,INC_sd,INC_r1,INC_kr,INC_sk,IND_avg,IND_sd,IND_r1,IND_kr,IND_sk
instances/A2/symmetric/5.4.in,0.3140211640,0.1146000478,0.4924956341,1.6814244231,-0.2698185761,0.1406525573,0.0839319040,-0.1817397794,2.1126561788,0.1236397743,0.5453262787,0.1127464962,0.4594308477,2.4560323075,-0.2994077157,0.3177248677,0.0850141238,0.1949117292,1.9817029415,0.1749734736
