Instance,INF_avg,INF_sd,INF_r1,INF_kr,INF_sk,SUP_avg,SUP_sd,SUP_r1,SUP_kr,SUP_sk,INC_avg,INC_sd,INC_r1,INC_kr,INC_sk,IND_avg,IND_sd,IND_r1,IND_kr,IND_sk
instances/A2/symmetric/5.4.in,0.3833333333,0.0793492048,-0.1288604899,1.8370818916,-0.7248508670,0.1388888889,0.0496903995,-0.4166666667,1.9531250000,0.6288941187,0.4777777778,0.0952579344,0.0757439134,1.6664584201,-0.1702026400,0.3500000000,0.0333333333,-0.0526315789,3.2500000000,1.5000000000
