Instance,INF_avg,INF_sd,INF_r1,INF_kr,INF_sk,SUP_avg,SUP_sd,SUP_r1,SUP_kr,SUP_sk,INC_avg,INC_sd,INC_r1,INC_kr,INC_sk,IND_avg,IND_sd,IND_r1,IND_kr,IND_sk
instances/A2/symmetric/200.1.in,0.4625255973,0.0979818723,0.5523032799,4.1822982633,0.5785518301,0.0577474403,0.0579664876,0.7180683804,3.7765595116,1.1726267069,0.4797269625,0.0824368236,0.3393187641,4.6628140127,-0.6742334475,0.1513310580,0.0427701567,0.1802475597,2.8591870587,0.3249890258
