Instance,INF_avg,INF_sd,INF_r1,INF_kr,INF_sk,SUP_avg,SUP_sd,SUP_r1,SUP_kr,SUP_sk,INC_avg,INC_sd,INC_r1,INC_kr,INC_sk,IND_avg,IND_sd,IND_r1,IND_kr,IND_sk
instances/A3/symmetric/20.6.in,0.3637500000,0.1374715880,0.8734265095,2.3621337076,0.4477350438,0.0675000000,0.0452078533,0.4340222576,1.3955895968,-0.1288645146,0.5687500000,0.0991762951,0.7808338474,2.6736375239,-0.3913290360,0.1312500000,0.0372281815,0.4949643822,1.9665403695,0.4394877658
