Instance,INF_avg,INF_sd,INF_r1,INF_kr,INF_sk,SUP_avg,SUP_sd,SUP_r1,SUP_kr,SUP_sk,INC_avg,INC_sd,INC_r1,INC_kr,INC_sk,IND_avg,IND_sd,IND_r1,IND_kr,IND_sk
instances/A3/asymmetric/10.5.in,0.2665236351,0.0772981426,-0.4415334330,3.0514013152,-1.3293275581,0.0451718123,0.0336075679,0.1699607424,1.7889025788,0.2007421626,0.6883045526,0.0625966270,-0.4573007754,2.1265271242,0.2317665745,0.2156026513,0.0669671202,0.1975494643,2.3791386582,-0.7850112579
