Instance,INF_avg,INF_sd,INF_r1,INF_kr,INF_sk,SUP_avg,SUP_sd,SUP_r1,SUP_kr,SUP_sk,INC_avg,INC_sd,INC_r1,INC_kr,INC_sk,IND_avg,IND_sd,IND_r1,IND_kr,IND_sk
instances/A3/asymmetric/10.4.in,0.4257641566,0.0804727398,0.5449275959,2.6093304641,0.9387816845,0.0792835130,0.0224512195,0.6206109216,2.1738913620,-0.4146858918,0.4949523304,0.0620480921,0.4450608293,2.4892759342,-0.8362367832,0.2178432769,0.0202601638,0.1736791164,2.4869459930,-0.7249798428
