Instance,INF_avg,INF_sd,INF_r1,INF_kr,INF_sk,SUP_avg,SUP_sd,SUP_r1,SUP_kr,SUP_sk,INC_avg,INC_sd,INC_r1,INC_kr,INC_sk,IND_avg,IND_sd,IND_r1,IND_kr,IND_sk
instances/A3/symmetric/8.5.in,0.1408270742,0.1321544671,0.3792935099,1.8808382380,0.3487116948,0.1903090736,0.1049502720,-0.0725113403,4.0531734328,1.3470548888,0.6688638522,0.1025716190,0.3305807555,1.5711532167,0.2310156452,0.2672969006,0.0541000079,-0.0021697891,1.9849976761,-0.3786384493
