Instance,INF_avg,INF_sd,INF_r1,INF_kr,INF_sk,SUP_avg,SUP_sd,SUP_r1,SUP_kr,SUP_sk,INC_avg,INC_sd,INC_r1,INC_kr,INC_sk,IND_avg,IND_sd,IND_r1,IND_kr,IND_sk
instances/A2/asymmetric/5.4.in,0.1018518519,0.0917741607,-0.1242238881,2.2585027427,0.7866273167,0.3740740741,0.0828173325,0.5026261704,1.5904320000,0.1801376363,0.5240740741,0.1108639226,0.1381193786,4.5111675652,-1.3861380524,0.3185185185,0.0419026241,-0.3473053892,2.3789062500,0.2099223257
