Instance,INF_avg,INF_sd,INF_r1,INF_kr,INF_sk,SUP_avg,SUP_sd,SUP_r1,SUP_kr,SUP_sk,INC_avg,INC_sd,INC_r1,INC_kr,INC_sk,IND_avg,IND_sd,IND_r1,IND_kr,IND_sk
instances/A2/symmetric/5.6.in,0.2977777778,0.1388488831,0.2857142857,2.5243886052,1.0736207227,0.2455555556,0.0730634765,0.0796838986,2.7124157404,-0.8896162801,0.4566666667,0.0757187779,0.4904924427,1.8438345051,-0.4781053177,0.3033333333,0.0371184291,-0.6132264529,1.2989073881,-0.4692912730
