Instance,INF_avg,INF_sd,INF_r1,INF_kr,INF_sk,SUP_avg,SUP_sd,SUP_r1,SUP_kr,SUP_sk,INC_avg,INC_sd,INC_r1,INC_kr,INC_sk,IND_avg,IND_sd,IND_r1,IND_kr,IND_sk
instances/A1/asymmetric/5.3.in,0.3277777778,0.1463127042,0.8880063542,2.2236673012,-0.9036698370,0.1488888889,0.0898833263,0.4479612735,2.1228546577,-0.4355914033,0.5233333333,0.0886385363,0.3329600105,1.9159422640,0.3660372168,0.3866666667,0.1180918245,0.2033513206,2.1050686548,-0.1995854091
