Instance,INF_avg,INF_sd,INF_r1,INF_kr,INF_sk,SUP_avg,SUP_sd,SUP_r1,SUP_kr,SUP_sk,INC_avg,INC_sd,INC_r1,INC_kr,INC_sk,IND_avg,IND_sd,IND_r1,IND_kr,IND_sk
instances/A1/asymmetric/5.3.in,0.2617283951,0.1528298328,0.5844943327,1.4613096592,-0.1861587395,0.1901234568,0.0918405675,0.5287491152,2.8666024101,-0.5099846996,0.5481481481,0.0862652941,0.1951066827,1.7295389581,-0.0726116757,0.3777777778,0.0913246519,0.2027027027,3.2425554017,0.0096052157
