Instance,INF_avg,INF_sd,INF_r1,INF_kr,INF_sk,SUP_avg,SUP_sd,SUP_r1,SUP_kr,SUP_sk,INC_avg,INC_sd,INC_r1,INC_kr,INC_sk,IND_avg,IND_sd,IND_r1,IND_kr,IND_sk
instances/A2/asymmetric/100.4.in,0.3598000000,0.0379072552,0.3666000726,3.6517166460,-0.5465789410,0.1448000000,0.0255921863,0.3639796023,3.0351686573,0.4688014800,0.4954000000,0.0337318840,0.3159792602,2.9257815031,-0.2995056451,0.0620000000,0.0184932420,-0.0123721152,4.7779316713,1.1478825706
