Instance,INF_avg,INF_sd,INF_r1,INF_kr,INF_sk,SUP_avg,SUP_sd,SUP_r1,SUP_kr,SUP_sk,INC_avg,INC_sd,INC_r1,INC_kr,INC_sk,IND_avg,IND_sd,IND_r1,IND_kr,IND_sk
instances/A1/symmetric/200.2.in,0.2934000000,0.0493096339,0.3511649104,2.0886205095,-0.3425958926,0.1708000000,0.0353745671,0.1449511401,2.3429632273,0.3744658383,0.5358000000,0.0439927267,0.5931706126,2.3782810279,0.4181804856,0.0842000000,0.0239449368,0.2818659884,2.0755168960,0.5249136710
