Instance,INF_avg,INF_sd,INF_r1,INF_kr,INF_sk,SUP_avg,SUP_sd,SUP_r1,SUP_kr,SUP_sk,INC_avg,INC_sd,INC_r1,INC_kr,INC_sk,IND_avg,IND_sd,IND_r1,IND_kr,IND_sk
instances/A3/symmetric/200.3.in,0.4224000000,0.0309231305,0.4561944100,1.9053574288,-0.0090886911,0.1008000000,0.0196814634,0.5458522195,2.6058947243,-0.2335020961,0.4768000000,0.0323691211,0.4228509196,2.9252905542,-0.4938434698,0.0882000000,0.0174287119,0.3219180260,3.6922410225,-0.9385582551
