Instance,INF_avg,INF_sd,INF_r1,INF_kr,INF_sk,SUP_avg,SUP_sd,SUP_r1,SUP_kr,SUP_sk,INC_avg,INC_sd,INC_r1,INC_kr,INC_sk,IND_avg,IND_sd,IND_r1,IND_kr,IND_sk
instances/A2/asymmetric/10.2.in,0.6026034858,0.0695428147,0.3972988430,1.4103557531,0.3931432076,0.1929193900,0.0829235800,0.4121017937,1.3028271744,-0.4560611963,0.2044771242,0.0327511275,-0.3638719366,1.8344067835,0.6941913814,0.1480827887,0.0010752909,-0.8428442483,2.3501156705,0.7882835242
