Instance,INF_avg,INF_sd,INF_r1,INF_kr,INF_sk,SUP_avg,SUP_sd,SUP_r1,SUP_kr,SUP_sk,INC_avg,INC_sd,INC_r1,INC_kr,INC_sk,IND_avg,IND_sd,IND_r1,IND_kr,IND_sk
instances/A2/symmetric/20.4.in,0.2504000000,0.0626964114,0.6536306540,1.9060205652,0.1650152174,0.3855000000,0.0762774541,0.6625198051,1.7416083977,0.2093842460,0.3641000000,0.0435969036,0.6682982608,3.0725822848,0.4863390061,0.0520000000,0.0102469508,0.2499046893,2.2424489796,-0.1143197228
