Instance,INF_avg,INF_sd,INF_r1,INF_kr,INF_sk,SUP_avg,SUP_sd,SUP_r1,SUP_kr,SUP_sk,INC_avg,INC_sd,INC_r1,INC_kr,INC_sk,IND_avg,IND_sd,IND_r1,IND_kr,IND_sk
instances/A3/asymmetric/200.4.in,0.2626000000,0.0306307036,0.2529671030,2.1073964835,-0.1997584373,0.1706000000,0.0202148460,-0.0590976913,3.5465113685,0.6064008940,0.5668000000,0.0283506614,0.3909686020,2.0927500259,-0.2440472578,0.0964000000,0.0179733136,-0.0674249140,2.2975788332,-0.5794789029
