Instance,INF_avg,INF_sd,INF_r1,INF_kr,INF_sk,SUP_avg,SUP_sd,SUP_r1,SUP_kr,SUP_sk,INC_avg,INC_sd,INC_r1,INC_kr,INC_sk,IND_avg,IND_sd,IND_r1,IND_kr,IND_sk
instances/A2/symmetric/10.2.in,0.6397035890,0.0540984685,-0.0932027509,1.2736132263,0.0929750904,0.0956352483,0.0697042560,0.5397407885,1.4373773910,0.0377156643,0.2646611627,0.0367188625,0.2013116060,1.3672158671,0.2943963722,0.2059614723,0.0560886849,0.2255892143,2.0232182039,0.5172890128
