Instance,INF_avg,INF_sd,INF_r1,INF_kr,INF_sk,SUP_avg,SUP_sd,SUP_r1,SUP_kr,SUP_sk,INC_avg,INC_sd,INC_r1,INC_kr,INC_sk,IND_avg,IND_sd,IND_r1,IND_kr,IND_sk
instances/A3/symmetric/10.4.in,0.5865497076,0.1248604585,-0.1201480691,2.0615897848,0.3344334943,0.0908382066,0.0620189462,-0.0612068548,2.0232743881,0.0384147330,0.3226120858,0.1382119889,0.0496682897,1.2961259071,0.2495692807,0.2941520468,0.1045394223,-0.1678107998,3.0994855887,1.3862407239
