Instance,INF_avg,INF_sd,INF_r1,INF_kr,INF_sk,SUP_avg,SUP_sd,SUP_r1,SUP_kr,SUP_sk,INC_avg,INC_sd,INC_r1,INC_kr,INC_sk,IND_avg,IND_sd,IND_r1,IND_kr,IND_sk
instances/A2/symmetric/20.4.in,0.6998435724,0.0508014955,0.3182981568,3.2373288401,-0.5683053889,0.0561830644,0.0239449316,0.5622496226,2.8853199496,0.4904554397,0.2439733632,0.0301905981,0.1588282338,2.4651996051,0.5315534569,0.0585979466,0.0092674001,-0.2698832799,2.1978071933,0.3653004872
