Instance,INF_avg,INF_sd,INF_r1,INF_kr,INF_sk,SUP_avg,SUP_sd,SUP_r1,SUP_kr,SUP_sk,INC_avg,INC_sd,INC_r1,INC_kr,INC_sk,IND_avg,IND_sd,IND_r1,IND_kr,IND_sk
instances/A2/symmetric/20.4.in,0.6789774978,0.0456548610,0.1666417146,2.6661517711,-1.0172050965,0.0677184273,0.0209696120,0.4367803293,1.8710830653,0.7120667091,0.2533040750,0.0285720970,0.0374528546,2.2496136537,0.6924077968,0.0598175329,0.0048384991,-0.4824962988,1.3295659997,0.3781585932
