Instance,INF_avg,INF_sd,INF_r1,INF_kr,INF_sk,SUP_avg,SUP_sd,SUP_r1,SUP_kr,SUP_sk,INC_avg,INC_sd,INC_r1,INC_kr,INC_sk,IND_avg,IND_sd,IND_r1,IND_kr,IND_sk
instances/A3/symmetric/200.6.in,0.2628500000,0.0437335969,0.3795775299,4.7374500690,-0.7594481909,0.1655000000,0.0326840940,0.3999892236,3.1785080277,0.3913814914,0.5716500000,0.0463522114,0.2614075939,5.9830883460,0.9897834692,0.0792000000,0.0191927069,0.1058123017,3.3902411208,0.5551163862
