Instance,INF_avg,INF_sd,INF_r1,INF_kr,INF_sk,SUP_avg,SUP_sd,SUP_r1,SUP_kr,SUP_sk,INC_avg,INC_sd,INC_r1,INC_kr,INC_sk,IND_avg,IND_sd,IND_r1,IND_kr,IND_sk
instances/A1/symmetric/20.3.in,0.3882052736,0.0664825267,0.6277007856,1.5637264107,-0.2398039667,0.2435522414,0.0512999200,0.5058458766,1.7219153245,-0.4461207475,0.3682424850,0.0353101461,0.6812715620,2.6524624921,0.2569817576,0.0536461422,0.0101569918,0.4885213432,2.1306417705,-0.3924463622
