Instance,INF_avg,INF_sd,INF_r1,INF_kr,INF_sk,SUP_avg,SUP_sd,SUP_r1,SUP_kr,SUP_sk,INC_avg,INC_sd,INC_r1,INC_kr,INC_sk,IND_avg,IND_sd,IND_r1,IND_kr,IND_sk
instances/A3/asymmetric/8.1.in,0.3367003367,0.1061273907,0.0237962083,2.2537678858,0.1188329943,0.1407407407,0.0830633657,0.6532079321,1.5732867275,0.0548283693,0.5225589226,0.0984639824,0.2503907819,2.6288137748,0.8340143026,0.2134680135,0.0438693535,0.3036721788,1.3180482359,0.2307955247
