Instance,INF_avg,INF_sd,INF_r1,INF_kr,INF_sk,SUP_avg,SUP_sd,SUP_r1,SUP_kr,SUP_sk,INC_avg,INC_sd,INC_r1,INC_kr,INC_sk,IND_avg,IND_sd,IND_r1,IND_kr,IND_sk
instances/A3/symmetric/20.1.in,0.7047870469,0.0764191408,0.7486096069,1.6170699542,0.1937992377,0.0359195474,0.0174267632,0.5168228317,2.5534916749,-0.7370551965,0.2592934057,0.0618539966,0.7631099413,1.5059466985,0.0096742403,0.0904582719,0.0123664108,-0.1850162525,1.8565270975,-0.1248783505
