Instance,INF_avg,INF_sd,INF_r1,INF_kr,INF_sk,SUP_avg,SUP_sd,SUP_r1,SUP_kr,SUP_sk,INC_avg,INC_sd,INC_r1,INC_kr,INC_sk,IND_avg,IND_sd,IND_r1,IND_kr,IND_sk
instances/A1/asymmetric/50.6.in,0.7480000000,0.0761314652,-0.3677712801,1.8708093824,-0.3920971648,0.0410000000,0.0168522995,0.0887629839,1.2910632811,0.0150437112,0.2110000000,0.0628012739,-0.5521114106,1.8925833885,0.5627720110,0.0510000000,0.0073484692,0.4973544974,1.5781893004,-0.3477670622
