Instance,INF_avg,INF_sd,INF_r1,INF_kr,INF_sk,SUP_avg,SUP_sd,SUP_r1,SUP_kr,SUP_sk,INC_avg,INC_sd,INC_r1,INC_kr,INC_sk,IND_avg,IND_sd,IND_r1,IND_kr,IND_sk
instances/A1/asymmetric/5.4.in,0.4314814815,0.1431806058,-0.0050761421,1.5000000000,-0.1350615228,0.0925925926,0.0692899516,-0.0588235294,1.5000000000,-0.3818017742,0.4759259259,0.0780858098,-0.0791130578,1.5000000000,0.5392164548,0.4500000000,0.1113885425,-0.9245283019,1.5000000000,0.4220804430
