Instance,INF_avg,INF_sd,INF_r1,INF_kr,INF_sk,SUP_avg,SUP_sd,SUP_r1,SUP_kr,SUP_sk,INC_avg,INC_sd,INC_r1,INC_kr,INC_sk,IND_avg,IND_sd,IND_r1,IND_kr,IND_sk
instances/A3/symmetric/10.3.in,0.1589902161,0.0555845603,-0.2959160099,1.3822999674,0.0139158764,0.1664026450,0.0351617510,0.5538927846,2.0054964168,0.5696561552,0.6746071389,0.0595511579,-0.1242233100,1.7600640580,0.1963978180,0.2156050299,0.0206867192,0.2547334083,2.4152973716,-0.8568269740
