Instance,INF_avg,INF_sd,INF_r1,INF_kr,INF_sk,SUP_avg,SUP_sd,SUP_r1,SUP_kr,SUP_sk,INC_avg,INC_sd,INC_r1,INC_kr,INC_sk,IND_avg,IND_sd,IND_r1,IND_kr,IND_sk
instances/A3/symmetric/10.3.in,0.1643642072,0.0589112360,-0.6712171732,1.4376212560,-0.0672652708,0.1398744113,0.0122423819,0.4349387410,1.5131167755,-0.0138674072,0.6957613815,0.0540253824,-0.6544644665,1.3382492996,0.2783729298,0.2254317111,0.0106750392,-0.0526315789,3.2500000000,-1.5000000000
