Instance,INF_avg,INF_sd,INF_r1,INF_kr,INF_sk,SUP_avg,SUP_sd,SUP_r1,SUP_kr,SUP_sk,INC_avg,INC_sd,INC_r1,INC_kr,INC_sk,IND_avg,IND_sd,IND_r1,IND_kr,IND_sk
instances/A3/symmetric/10.2.in,0.3085339264,0.1269818755,0.5983226300,1.1812202608,-0.3766953993,0.2221829758,0.1145130017,0.8547395837,1.6236785860,0.5497651656,0.4692830979,0.0355084358,-0.5679305178,2.9866844847,1.3217422948,0.2056671900,0.0205463502,-0.4006635419,1.8547911381,-0.2880710878
