Instance,INF_avg,INF_sd,INF_r1,INF_kr,INF_sk,SUP_avg,SUP_sd,SUP_r1,SUP_kr,SUP_sk,INC_avg,INC_sd,INC_r1,INC_kr,INC_sk,IND_avg,IND_sd,IND_r1,IND_kr,IND_sk
instances/A3/symmetric/10.2.in,0.2630144650,0.1117012831,0.5106845315,1.5219417900,0.4204722160,0.2323819841,0.0901864382,0.3715237640,2.2045192517,0.4006416650,0.5046035508,0.0514096483,0.2758547704,1.7744283794,0.2316086888,0.2039022447,0.0318294076,0.4057416216,2.3407306392,0.3352619024
