Instance,INF_avg,INF_sd,INF_r1,INF_kr,INF_sk,SUP_avg,SUP_sd,SUP_r1,SUP_kr,SUP_sk,INC_avg,INC_sd,INC_r1,INC_kr,INC_sk,IND_avg,IND_sd,IND_r1,IND_kr,IND_sk
instances/A1/symmetric/20.1.in,0.4452901610,0.0390221496,0.8360301867,1.7672715368,-0.4014912796,0.1680925753,0.0232356891,0.5255027379,1.5592646733,0.0542066705,0.3866172637,0.0433433369,0.7112564422,1.5064884397,-0.3261137982,0.0489632855,0.0100122512,0.0435763311,3.5724825562,-1.1407531334
