Instance,INF_avg,INF_sd,INF_r1,INF_kr,INF_sk,SUP_avg,SUP_sd,SUP_r1,SUP_kr,SUP_sk,INC_avg,INC_sd,INC_r1,INC_kr,INC_sk,IND_avg,IND_sd,IND_r1,IND_kr,IND_sk
instances/A2/symmetric/5.2.in,0.3611111111,0.1843908891,0.3880371001,1.9069331517,-0.3862974293,0.0955555556,0.0830290742,0.2418121483,1.3103607524,-0.0846644199,0.5433333333,0.1167671525,0.3512547834,1.9617874687,0.3785118802,0.3255555556,0.0907853254,0.6769413159,1.5062578956,-0.0847628915
