Instance,INF_avg,INF_sd,INF_r1,INF_kr,INF_sk,SUP_avg,SUP_sd,SUP_r1,SUP_kr,SUP_sk,INC_avg,INC_sd,INC_r1,INC_kr,INC_sk,IND_avg,IND_sd,IND_r1,IND_kr,IND_sk
instances/A2/symmetric/5.2.in,0.3938271605,0.1726784964,0.3424317462,2.0790581965,-0.4137219212,0.1148148148,0.1039679174,0.1162036384,2.7209796697,0.6575885718,0.4913580247,0.1177087822,0.3395511268,2.5077607733,0.6461519749,0.3586419753,0.1089641687,0.0822717832,3.3300112962,0.8092466958
