Instance,INF_avg,INF_sd,INF_r1,INF_kr,INF_sk,SUP_avg,SUP_sd,SUP_r1,SUP_kr,SUP_sk,INC_avg,INC_sd,INC_r1,INC_kr,INC_sk,IND_avg,IND_sd,IND_r1,IND_kr,IND_sk
instances/A1/asymmetric/5.5.in,0.3635802469,0.0716315404,-0.1057996993,1.8210326963,-0.5084932356,0.1604938272,0.1205680555,0.1677243880,2.9960861880,0.5423428315,0.4759259259,0.1149640607,0.0963340729,1.2677415602,-0.1896692496,0.4049382716,0.1230177378,0.7928785502,1.9906572058,0.4020037313
