Instance,INF_avg,INF_sd,INF_r1,INF_kr,INF_sk,SUP_avg,SUP_sd,SUP_r1,SUP_kr,SUP_sk,INC_avg,INC_sd,INC_r1,INC_kr,INC_sk,IND_avg,IND_sd,IND_r1,IND_kr,IND_sk
instances/A1/asymmetric/5.3.in,0.5308641975,0.0772961770,-0.4817073171,1.0500000000,-0.2236067977,0.0493827160,0.0761038766,-0.4907975460,3.1703601108,1.2380055823,0.4197530864,0.0568437750,0.1049723757,4.2291562834,1.1195329880,0.4172839506,0.0746479825,-0.1688883454,4.3489865884,1.3185225460
