Instance,INF_avg,INF_sd,INF_r1,INF_kr,INF_sk,SUP_avg,SUP_sd,SUP_r1,SUP_kr,SUP_sk,INC_avg,INC_sd,INC_r1,INC_kr,INC_sk,IND_avg,IND_sd,IND_r1,IND_kr,IND_sk
instances/A2/asymmetric/200.1.in,0.4032000000,0.0413250529,0.4126091777,2.0669846215,-0.1338646159,0.2332000000,0.0399469648,0.6157946945,2.5872819514,-0.3219360978,0.3636000000,0.0365381992,0.6023954387,3.0860407643,-0.1280256959,0.0486000000,0.0111821286,0.0581553722,3.3699385870,-0.2696927456
