Instance,INF_avg,INF_sd,INF_r1,INF_kr,INF_sk,SUP_avg,SUP_sd,SUP_r1,SUP_kr,SUP_sk,INC_avg,INC_sd,INC_r1,INC_kr,INC_sk,IND_avg,IND_sd,IND_r1,IND_kr,IND_sk
instances/A3/symmetric/8.5.in,0.6435185185,0.0207043331,-0.2774193548,1.0500000000,0.2236067977,0.0074074074,0.0209513120,-0.1408450704,7.1250000000,2.4748737342,0.3490740741,0.0347931375,-0.1058861422,3.6818548419,-1.2773157200,0.3694444444,0.0802196060,0.0096769797,2.1669082001,0.4704146451
