Instance,INF_avg,INF_sd,INF_r1,INF_kr,INF_sk,SUP_avg,SUP_sd,SUP_r1,SUP_kr,SUP_sk,INC_avg,INC_sd,INC_r1,INC_kr,INC_sk,IND_avg,IND_sd,IND_r1,IND_kr,IND_sk
instances/A2/symmetric/200.3.in,0.3493500000,0.0405194706,0.2559085708,2.6088297546,0.2071835396,0.2420500000,0.0411830973,0.6481596107,2.5724413100,-0.0686207720,0.4086000000,0.0302082770,0.0680485346,2.7804469349,0.0698466866,0.0592500000,0.0123768938,0.2776560543,2.7566192102,0.1206991087
