Instance,INF_avg,INF_sd,INF_r1,INF_kr,INF_sk,SUP_avg,SUP_sd,SUP_r1,SUP_kr,SUP_sk,INC_avg,INC_sd,INC_r1,INC_kr,INC_sk,IND_avg,IND_sd,IND_r1,IND_kr,IND_sk
instances/A1/symmetric/200.3.in,0.3560000000,0.0354118624,0.2599773792,1.3505757652,-0.1517346272,0.1700000000,0.0151657509,-0.0476190476,1.7816635161,-0.6450461153,0.4740000000,0.0326190129,0.4101633394,1.4089017186,0.3116983729,0.0610000000,0.0106770783,-0.3502673797,1.7206832872,-0.1380231722
