Instance,INF_avg,INF_sd,INF_r1,INF_kr,INF_sk,SUP_avg,SUP_sd,SUP_r1,SUP_kr,SUP_sk,INC_avg,INC_sd,INC_r1,INC_kr,INC_sk,IND_avg,IND_sd,IND_r1,IND_kr,IND_sk
instances/A3/symmetric/50.4.in,0.4860000000,0.0369323706,0.1106585200,1.7738345043,-0.1700818231,0.0810000000,0.0120000000,-0.4710485133,1.6151620370,0.5451388889,0.4330000000,0.0391918359,-0.1909175162,2.2225748698,0.1299696706,0.0760000000,0.0115758369,-0.1883408072,2.1988193362,0.3365218792
