Instance,INF_avg,INF_sd,INF_r1,INF_kr,INF_sk,SUP_avg,SUP_sd,SUP_r1,SUP_kr,SUP_sk,INC_avg,INC_sd,INC_r1,INC_kr,INC_sk,IND_avg,IND_sd,IND_r1,IND_kr,IND_sk
instances/A3/asymmetric/20.1.in,0.5588273484,0.0615495401,0.7624165750,1.8419616344,0.1932269448,0.0428409578,0.0165620243,0.9145166722,1.7152019744,0.4733875430,0.3983316937,0.0478715472,0.6508300230,1.8887401049,-0.4242817787,0.0920657012,0.0161428612,0.5993152940,2.1080350670,0.5050695581
