Instance,INF_avg,INF_sd,INF_r1,INF_kr,INF_sk,SUP_avg,SUP_sd,SUP_r1,SUP_kr,SUP_sk,INC_avg,INC_sd,INC_r1,INC_kr,INC_sk,IND_avg,IND_sd,IND_r1,IND_kr,IND_sk
instances/A2/asymmetric/100.5.in,0.6343750000,0.1765279280,0.7357121672,2.1378346790,0.0120162304,0.0375000000,0.0484122918,0.6709956710,2.5466666667,0.9295160031,0.3281250000,0.1468084956,0.6504685989,1.9496094007,-0.1743600088,0.2375000000,0.0892678554,0.2115107914,1.9273356401,0.0494216500
