Instance,INF_avg,INF_sd,INF_r1,INF_kr,INF_sk,SUP_avg,SUP_sd,SUP_r1,SUP_kr,SUP_sk,INC_avg,INC_sd,INC_r1,INC_kr,INC_sk,IND_avg,IND_sd,IND_r1,IND_kr,IND_sk
instances/A2/asymmetric/100.3.in,0.5514130435,0.0830574909,0.9159013918,1.7048994837,-0.0467419015,0.0939130435,0.0541326174,0.9108353228,1.7322416285,0.2058233170,0.3546739130,0.0359256807,0.5152613325,2.0519947465,0.1726307148,0.0522826087,0.0140923400,0.5003498905,3.4942296164,0.2409604378
