Instance,INF_avg,INF_sd,INF_r1,INF_kr,INF_sk,SUP_avg,SUP_sd,SUP_r1,SUP_kr,SUP_sk,INC_avg,INC_sd,INC_r1,INC_kr,INC_sk,IND_avg,IND_sd,IND_r1,IND_kr,IND_sk
instances/A2/asymmetric/10.5.in,0.5000000000,0.1651445648,0.5357142857,2.5666666667,-0.4844240567,0.0636363636,0.0931540979,0.2459088899,4.1118367347,1.4554852517,0.4363636364,0.1109686874,0.5280052407,1.6217737940,0.0461848868,0.4000000000,0.0953462589,-0.0500000000,2.4200000000,0.6292853089
