Instance,INF_avg,INF_sd,INF_r1,INF_kr,INF_sk,SUP_avg,SUP_sd,SUP_r1,SUP_kr,SUP_sk,INC_avg,INC_sd,INC_r1,INC_kr,INC_sk,IND_avg,IND_sd,IND_r1,IND_kr,IND_sk
instances/A3/symmetric/200.1.in,0.2937000000,0.0375740602,0.3122759047,2.4921604405,-0.4269621039,0.1560000000,0.0214941853,0.2949518373,2.6377410468,0.1407810526,0.5503000000,0.0341234523,0.2196469945,3.0082666637,0.5321555701,0.0912000000,0.0229468952,0.3771309279,2.1867626676,-0.3295846485
