Instance,INF_avg,INF_sd,INF_r1,INF_kr,INF_sk,SUP_avg,SUP_sd,SUP_r1,SUP_kr,SUP_sk,INC_avg,INC_sd,INC_r1,INC_kr,INC_sk,IND_avg,IND_sd,IND_r1,IND_kr,IND_sk
instances/A2/symmetric/20.4.in,0.6049103943,0.0537786836,0.0411893026,2.1412900401,0.1784139961,0.1513440860,0.0424322656,0.1507136466,1.6223228507,-0.1818455742,0.2437455197,0.0234727623,-0.1183843717,1.3021150648,-0.2322086379,0.0562724014,0.0075046608,0.4179194227,1.5731766810,-0.1669422741
