Instance,INF_avg,INF_sd,INF_r1,INF_kr,INF_sk,SUP_avg,SUP_sd,SUP_r1,SUP_kr,SUP_sk,INC_avg,INC_sd,INC_r1,INC_kr,INC_sk,IND_avg,IND_sd,IND_r1,IND_kr,IND_sk
instances/A2/symmetric/20.4.in,0.5762144685,0.0690789428,0.3378477570,1.9831742230,-0.0682457600,0.1468728227,0.0424474446,0.2022047547,1.6198016161,-0.1587918664,0.2769127089,0.0494707373,0.5264805379,1.8811719854,0.3684888078,0.0571244702,0.0076718213,0.0852467261,1.8301734423,0.1614647243
