Instance,INF_avg,INF_sd,INF_r1,INF_kr,INF_sk,SUP_avg,SUP_sd,SUP_r1,SUP_kr,SUP_sk,INC_avg,INC_sd,INC_r1,INC_kr,INC_sk,IND_avg,IND_sd,IND_r1,IND_kr,IND_sk
instances/A3/asymmetric/50.4.in,0.2921000000,0.0326510337,0.1963099042,2.2775816249,0.0272019770,0.1742000000,0.0210798482,0.1879378583,2.3575126614,0.1630158279,0.5337000000,0.0351825241,0.2215411285,2.7982119471,0.2499962335,0.0697000000,0.0169826382,0.0936159064,2.4121480437,0.3209693708
