Instance,INF_avg,INF_sd,INF_r1,INF_kr,INF_sk,SUP_avg,SUP_sd,SUP_r1,SUP_kr,SUP_sk,INC_avg,INC_sd,INC_r1,INC_kr,INC_sk,IND_avg,IND_sd,IND_r1,IND_kr,IND_sk
instances/A2/asymmetric/20.6.in,0.5660229918,0.0367762205,-0.5915201634,2.1720513322,0.7569115649,0.1578944561,0.0294699672,-0.3333209525,2.3367418673,-0.0150708078,0.2760825521,0.0318033194,0.1253366355,2.4373745015,-0.9414889561,0.0479578636,0.0045313563,-0.5975784213,1.6238161095,0.2016892741
