Instance,INF_avg,INF_sd,INF_r1,INF_kr,INF_sk,SUP_avg,SUP_sd,SUP_r1,SUP_kr,SUP_sk,INC_avg,INC_sd,INC_r1,INC_kr,INC_sk,IND_avg,IND_sd,IND_r1,IND_kr,IND_sk
instances/A1/asymmetric/20.5.in,0.7187179487,0.1497610570,0.8643049091,2.8896203174,-1.1667793896,0.0280586081,0.0441642505,0.6756937343,4.0325603021,1.5527604050,0.2532234432,0.1101398444,0.8359907410,2.7569598693,1.0795079050,0.1508516484,0.0330863670,0.1647398778,4.6780951421,1.0693599274
