Instance,INF_avg,INF_sd,INF_r1,INF_kr,INF_sk,SUP_avg,SUP_sd,SUP_r1,SUP_kr,SUP_sk,INC_avg,INC_sd,INC_r1,INC_kr,INC_sk,IND_avg,IND_sd,IND_r1,IND_kr,IND_sk
instances/A1/asymmetric/20.5.in,0.6809743590,0.1619819634,0.8722540239,1.9394522779,-0.6710272256,0.0370000000,0.0491019348,0.6751403385,2.6719848765,1.0856633473,0.2820256410,0.1178857664,0.8383182291,1.9018099078,0.6016104865,0.1531153846,0.0348809636,0.1899128605,4.5274990055,1.1353096827
