Instance,INF_avg,INF_sd,INF_r1,INF_kr,INF_sk,SUP_avg,SUP_sd,SUP_r1,SUP_kr,SUP_sk,INC_avg,INC_sd,INC_r1,INC_kr,INC_sk,IND_avg,IND_sd,IND_r1,IND_kr,IND_sk
instances/A3/symmetric/100.4.in,0.2700000000,0.1166190379,-0.8539325843,1.6280276817,0.3631734744,0.0800000000,0.0509901951,0.5454545455,1.9556213018,-0.2715454179,0.6500000000,0.0948683298,-0.5714285714,1.7592592593,0.3513641845,0.3500000000,0.0447213595,-0.0000000000,1.2500000000,0.0000000000
