Instance,INF_avg,INF_sd,INF_r1,INF_kr,INF_sk,SUP_avg,SUP_sd,SUP_r1,SUP_kr,SUP_sk,INC_avg,INC_sd,INC_r1,INC_kr,INC_sk,IND_avg,IND_sd,IND_r1,IND_kr,IND_sk
instances/A1/asymmetric/8.3.in,0.1882716049,0.1005539019,-0.3838132765,2.2825366663,0.0384733617,0.2780583614,0.0972391246,0.0205374108,3.3643366553,0.1377995014,0.5336700337,0.0804301629,0.2925261254,3.1660381084,-0.5174436780,0.2427048260,0.0404643987,0.6255703748,2.2920914082,-0.4260205248
