Instance,INF_avg,INF_sd,INF_r1,INF_kr,INF_sk,SUP_avg,SUP_sd,SUP_r1,SUP_kr,SUP_sk,INC_avg,INC_sd,INC_r1,INC_kr,INC_sk,IND_avg,IND_sd,IND_r1,IND_kr,IND_sk
instances/A1/symmetric/100.2.in,0.4028000000,0.0421919424,0.3470239955,2.5120578812,0.0368095140,0.1699000000,0.0299414429,0.3952142023,2.2488267548,0.0009853140,0.4273000000,0.0342740427,0.3019013273,3.6239120971,-0.1146902549,0.0544500000,0.0138364555,0.1772003557,3.0158876365,0.3547832326
