Instance,INF_avg,INF_sd,INF_r1,INF_kr,INF_sk,SUP_avg,SUP_sd,SUP_r1,SUP_kr,SUP_sk,INC_avg,INC_sd,INC_r1,INC_kr,INC_sk,IND_avg,IND_sd,IND_r1,IND_kr,IND_sk
instances/A2/symmetric/50.1.in,0.4744000000,0.0414805979,0.4730421275,3.8696595942,-0.3863865050,0.1748000000,0.0331203865,0.3132127573,4.5421090281,1.2920709305,0.3508000000,0.0282021276,0.0840417082,2.7386250027,-0.2995596573,0.0426000000,0.0088453378,0.2756151115,3.4905685824,-0.1197122976
