Instance,INF_avg,INF_sd,INF_r1,INF_kr,INF_sk,SUP_avg,SUP_sd,SUP_r1,SUP_kr,SUP_sk,INC_avg,INC_sd,INC_r1,INC_kr,INC_sk,IND_avg,IND_sd,IND_r1,IND_kr,IND_sk
instances/A3/symmetric/200.6.in,0.2842000000,0.0371666517,0.2056520444,2.2461753062,-0.0322206282,0.1478000000,0.0227631281,0.1289955294,6.1382023883,1.2374374921,0.5680000000,0.0320312348,-0.1744295460,2.9529712846,0.1906034283,0.0904000000,0.0184889156,0.4167657579,2.1457972052,0.2546936860
