Instance,INF_avg,INF_sd,INF_r1,INF_kr,INF_sk,SUP_avg,SUP_sd,SUP_r1,SUP_kr,SUP_sk,INC_avg,INC_sd,INC_r1,INC_kr,INC_sk,IND_avg,IND_sd,IND_r1,IND_kr,IND_sk
instances/A2/asymmetric/100.6.in,0.4150000000,0.0270185122,0.2975206612,1.9933383374,0.5019389576,0.1810000000,0.0080000000,-0.2147887324,1.4189453125,-0.0351562500,0.4040000000,0.0241660919,0.4410413476,1.5156807093,-0.1007581827,0.0430000000,0.0140000000,0.3426294821,2.9376301541,1.2332361516
