Instance,INF_avg,INF_sd,INF_r1,INF_kr,INF_sk,SUP_avg,SUP_sd,SUP_r1,SUP_kr,SUP_sk,INC_avg,INC_sd,INC_r1,INC_kr,INC_sk,IND_avg,IND_sd,IND_r1,IND_kr,IND_sk
instances/A1/symmetric/20.6.in,0.6789703990,0.0404367202,-0.1936745157,2.9526311276,1.2002022795,0.0354178238,0.0328171648,0.2848188971,1.7766642441,0.5799559102,0.2856117772,0.0409202155,0.0356630106,1.3391850991,-0.2950780645,0.0937225948,0.0154988632,-0.0311833811,2.7229094309,1.0646933701
