Instance,INF_avg,INF_sd,INF_r1,INF_kr,INF_sk,SUP_avg,SUP_sd,SUP_r1,SUP_kr,SUP_sk,INC_avg,INC_sd,INC_r1,INC_kr,INC_sk,IND_avg,IND_sd,IND_r1,IND_kr,IND_sk
instances/A2/symmetric/200.3.in,0.4646263345,0.1054525203,0.5876427210,3.6552655874,0.3412613683,0.0592882562,0.0568151667,0.6824882149,4.5123880225,1.2524563986,0.4760854093,0.0862028963,0.3703955414,4.3896632977,-0.1871838407,0.1512455516,0.0400206378,-0.0570178323,3.4326479182,0.3535851552
