Instance,INF_avg,INF_sd,INF_r1,INF_kr,INF_sk,SUP_avg,SUP_sd,SUP_r1,SUP_kr,SUP_sk,INC_avg,INC_sd,INC_r1,INC_kr,INC_sk,IND_avg,IND_sd,IND_r1,IND_kr,IND_sk
instances/A2/asymmetric/200.3.in,0.4532000000,0.0466878999,0.3287852840,2.8525590819,0.1845517165,0.2100000000,0.0270554985,0.2257181943,2.3005688435,-0.0575623121,0.3368000000,0.0303934203,0.2762444247,3.0329235945,0.4680423933,0.0552000000,0.0089977775,-0.0638187514,2.5869828852,-0.4304752098
