Instance,INF_avg,INF_sd,INF_r1,INF_kr,INF_sk,SUP_avg,SUP_sd,SUP_r1,SUP_kr,SUP_sk,INC_avg,INC_sd,INC_r1,INC_kr,INC_sk,IND_avg,IND_sd,IND_r1,IND_kr,IND_sk
instances/A3/asymmetric/200.6.in,0.3496000000,0.0395706962,0.2753619397,2.3850062538,0.1023068257,0.1190000000,0.0209284495,0.2960758787,2.5430349659,0.2650910759,0.5314000000,0.0329399454,0.1791723883,2.9988441383,0.1940364646,0.0938000000,0.0202128672,0.1486887670,2.6771793047,-0.3012115633
