Instance,INF_avg,INF_sd,INF_r1,INF_kr,INF_sk,SUP_avg,SUP_sd,SUP_r1,SUP_kr,SUP_sk,INC_avg,INC_sd,INC_r1,INC_kr,INC_sk,IND_avg,IND_sd,IND_r1,IND_kr,IND_sk
instances/A1/asymmetric/5.5.in,0.4598765432,0.1178737606,0.1256257975,1.8193780323,-0.3018841990,0.0493827160,0.1062015465,0.1276923077,5.7271731191,2.0673228728,0.4907407407,0.0961537406,0.3113022001,1.8488947248,0.7317955058,0.4197530864,0.1159179713,-0.3073032571,2.3053357861,0.1946444751
