Instance,INF_avg,INF_sd,INF_r1,INF_kr,INF_sk,SUP_avg,SUP_sd,SUP_r1,SUP_kr,SUP_sk,INC_avg,INC_sd,INC_r1,INC_kr,INC_sk,IND_avg,IND_sd,IND_r1,IND_kr,IND_sk
instances/A2/symmetric/8.2.in,0.4320999988,0.1239510253,0.2837116549,1.9379731068,-0.2304140195,0.2435687769,0.0697320495,0.3009530652,1.9067280424,0.4198074479,0.3243312243,0.0719079534,0.1639432057,1.5776764197,0.2871457135,0.1764605765,0.0288581437,0.0805549076,3.2301757319,0.0412023760
