Instance,INF_avg,INF_sd,INF_r1,INF_kr,INF_sk,SUP_avg,SUP_sd,SUP_r1,SUP_kr,SUP_sk,INC_avg,INC_sd,INC_r1,INC_kr,INC_sk,IND_avg,IND_sd,IND_r1,IND_kr,IND_sk
instances/A2/symmetric/20.3.in,0.6813425717,0.0305530247,-0.0630739602,2.5664899121,0.9188703041,0.0893091615,0.0303310796,0.1626585119,1.6673424078,-0.4086672857,0.2293482668,0.0154590805,0.4886975906,1.3300827265,0.1883214807,0.0719718312,0.0171462151,-0.1709823252,2.8464642999,1.1873765173
