Instance,INF_avg,INF_sd,INF_r1,INF_kr,INF_sk,SUP_avg,SUP_sd,SUP_r1,SUP_kr,SUP_sk,INC_avg,INC_sd,INC_r1,INC_kr,INC_sk,IND_avg,IND_sd,IND_r1,IND_kr,IND_sk
instances/A2/symmetric/10.3.in,0.3880272109,0.0488691120,0.5419233688,1.9439964616,0.3218510053,0.3021315193,0.0991235910,0.4892705148,2.9090983463,-1.2390731698,0.3098412698,0.0567393158,0.0501104523,3.1618185882,1.4250734299,0.1471201814,0.0519242491,0.8114113670,2.6387156062,1.0988167618
