Instance,INF_avg,INF_sd,INF_r1,INF_kr,INF_sk,SUP_avg,SUP_sd,SUP_r1,SUP_kr,SUP_sk,INC_avg,INC_sd,INC_r1,INC_kr,INC_sk,IND_avg,IND_sd,IND_r1,IND_kr,IND_sk
instances/A3/symmetric/200.1.in,0.3297500000,0.0314354497,0.1534796563,2.5526251707,-0.1467961743,0.1548500000,0.0213477751,0.1545325399,3.1598042891,0.1918362859,0.5154000000,0.0280149960,0.1059290478,2.6639793040,-0.0140704929,0.0724500000,0.0247335299,0.6024469499,3.1610636749,0.6962808800
