Instance,INF_avg,INF_sd,INF_r1,INF_kr,INF_sk,SUP_avg,SUP_sd,SUP_r1,SUP_kr,SUP_sk,INC_avg,INC_sd,INC_r1,INC_kr,INC_sk,IND_avg,IND_sd,IND_r1,IND_kr,IND_sk
instances/A1/asymmetric/10.6.in,0.5931372549,0.0474898561,0.6493625818,1.3039762387,0.0360024910,0.0315359477,0.0197635430,-1.0318393270,2.0622085657,-0.2378933208,0.3753267974,0.0486045610,0.3470799706,1.9592077129,-0.5586705479,0.1976470588,0.0284793375,-0.0834207765,2.6032976505,-0.6539044847
