Instance,INF_avg,INF_sd,INF_r1,INF_kr,INF_sk,SUP_avg,SUP_sd,SUP_r1,SUP_kr,SUP_sk,INC_avg,INC_sd,INC_r1,INC_kr,INC_sk,IND_avg,IND_sd,IND_r1,IND_kr,IND_sk
instances/A1/symmetric/5.6.in,0.4824074074,0.1224079677,0.3932584270,2.4739909714,-0.8195510089,0.0833333333,0.0892930626,0.6603773585,1.4828303850,0.3612605904,0.4342592593,0.0763369633,-0.4482023698,2.9467820759,0.8267161043,0.4250000000,0.0202225275,0.4008438819,1.2107511570,-0.1969698653
