Instance,INF_avg,INF_sd,INF_r1,INF_kr,INF_sk,SUP_avg,SUP_sd,SUP_r1,SUP_kr,SUP_sk,INC_avg,INC_sd,INC_r1,INC_kr,INC_sk,IND_avg,IND_sd,IND_r1,IND_kr,IND_sk
instances/A1/asymmetric/5.6.in,0.1314814815,0.1315727383,0.5389814563,1.6496407860,0.5244011033,0.1203703704,0.1159442655,0.5689928509,1.9645392545,0.5602393347,0.7481481481,0.0931096673,0.3969410051,2.3017945842,0.8237542512,0.4592592593,0.0868200605,-0.0868663361,4.1530156872,1.1259362147
