Instance,INF_avg,INF_sd,INF_r1,INF_kr,INF_sk,SUP_avg,SUP_sd,SUP_r1,SUP_kr,SUP_sk,INC_avg,INC_sd,INC_r1,INC_kr,INC_sk,IND_avg,IND_sd,IND_r1,IND_kr,IND_sk
instances/A2/asymmetric/50.5.in,0.2187000000,0.0496166303,0.7391375654,4.1944107366,0.9347836700,0.2230000000,0.0325576412,0.3197687951,2.3512442150,-0.1077044787,0.5583000000,0.0490775916,0.7772623484,5.2014116875,-1.4481892034,0.0591000000,0.0131791502,0.3080130682,3.0438525565,0.3591790720
