Instance,INF_avg,INF_sd,INF_r1,INF_kr,INF_sk,SUP_avg,SUP_sd,SUP_r1,SUP_kr,SUP_sk,INC_avg,INC_sd,INC_r1,INC_kr,INC_sk,IND_avg,IND_sd,IND_r1,IND_kr,IND_sk
instances/A1/asymmetric/10.3.in,0.6490196078,0.0258645215,-0.0392902408,1.2063020214,-0.3476794476,0.1045751634,0.0504628968,0.3235550392,1.5951041796,0.1673015251,0.2464052288,0.0301441927,0.6810231290,2.1678953331,0.4163554643,0.1416122004,0.0483591430,-1.1690269529,2.3170858982,0.3577461404
