Instance,INF_avg,INF_sd,INF_r1,INF_kr,INF_sk,SUP_avg,SUP_sd,SUP_r1,SUP_kr,SUP_sk,INC_avg,INC_sd,INC_r1,INC_kr,INC_sk,IND_avg,IND_sd,IND_r1,IND_kr,IND_sk
instances/A3/symmetric/20.6.in,0.8023228334,0.0659082654,0.7292288974,1.7160034258,-0.2200904607,0.0243923382,0.0191002179,0.6035683531,1.6996087492,-0.1129164835,0.1732848284,0.0511822261,0.5478541968,2.3623254482,0.5718382335,0.1126987451,0.0205915497,0.3320360853,1.8142112144,0.3325509851
