Instance,INF_avg,INF_sd,INF_r1,INF_kr,INF_sk,SUP_avg,SUP_sd,SUP_r1,SUP_kr,SUP_sk,INC_avg,INC_sd,INC_r1,INC_kr,INC_sk,IND_avg,IND_sd,IND_r1,IND_kr,IND_sk
instances/A1/asymmetric/50.1.in,0.6081671258,0.1764866657,0.9677421673,1.9763648061,0.2826063433,0.0456363636,0.0419421089,0.8930640006,2.3653558230,0.6991477801,0.3461965106,0.1415028834,0.9596937477,2.1729828374,-0.4802187891,0.1047401286,0.0267385628,0.4356350844,3.3636268323,0.1853001133
