Instance,INF_avg,INF_sd,INF_r1,INF_kr,INF_sk,SUP_avg,SUP_sd,SUP_r1,SUP_kr,SUP_sk,INC_avg,INC_sd,INC_r1,INC_kr,INC_sk,IND_avg,IND_sd,IND_r1,IND_kr,IND_sk
instances/A1/symmetric/100.6.in,0.4248000000,0.0605719407,0.3690927388,3.1508777025,-0.5764529605,0.1515000000,0.0414276478,0.6264073539,2.2685962181,0.4543025164,0.4237000000,0.0362189177,0.1570775017,3.0684026515,0.4956766342,0.0742000000,0.0139413055,0.5030543275,3.3074227270,0.7683611242
