Instance,INF_avg,INF_sd,INF_r1,INF_kr,INF_sk,SUP_avg,SUP_sd,SUP_r1,SUP_kr,SUP_sk,INC_avg,INC_sd,INC_r1,INC_kr,INC_sk,IND_avg,IND_sd,IND_r1,IND_kr,IND_sk
instances/A3/symmetric/20.3.in,0.3075074962,0.0347446932,0.2842864492,1.8111753692,0.0340721210,0.1047488805,0.0186224008,0.2607188220,2.0286523527,0.3185220584,0.5877436232,0.0193074459,0.1020517305,2.7564000237,0.2851898700,0.0759347040,0.0208463842,-0.4114153529,1.1041547715,-0.0443784958
