Instance,INF_avg,INF_sd,INF_r1,INF_kr,INF_sk,SUP_avg,SUP_sd,SUP_r1,SUP_kr,SUP_sk,INC_avg,INC_sd,INC_r1,INC_kr,INC_sk,IND_avg,IND_sd,IND_r1,IND_kr,IND_sk
instances/A2/symmetric/10.5.in,0.2526164312,0.0616437518,0.1523625236,4.6847209981,1.6042832421,0.3632042561,0.0483820899,-0.4307802751,1.6180523358,0.5870925102,0.3841793128,0.0754359457,0.4342439883,1.4599210027,-0.1240312410,0.1614338043,0.0248306074,-0.4030877825,1.9752516109,-0.6494392261
