Instance,INF_avg,INF_sd,INF_r1,INF_kr,INF_sk,SUP_avg,SUP_sd,SUP_r1,SUP_kr,SUP_sk,INC_avg,INC_sd,INC_r1,INC_kr,INC_sk,IND_avg,IND_sd,IND_r1,IND_kr,IND_sk
instances/A2/symmetric/10.5.in,0.2307692308,0.0344010458,0.2666666667,1.9531250000,0.6288941187,0.3538461538,0.0464732537,-0.3054607509,2.8430287108,1.1427763503,0.4153846154,0.0627288709,0.0874159462,2.0504550851,-0.7136388703,0.1653846154,0.0260858846,-0.1504424779,2.9310018904,-1.1731251294
