Instance,INF_avg,INF_sd,INF_r1,INF_kr,INF_sk,SUP_avg,SUP_sd,SUP_r1,SUP_kr,SUP_sk,INC_avg,INC_sd,INC_r1,INC_kr,INC_sk,IND_avg,IND_sd,IND_r1,IND_kr,IND_sk
instances/A1/asymmetric/100.5.in,0.4280500000,0.0672788786,0.6457183527,3.0469372435,0.0141638646,0.1587000000,0.0498779510,0.5974632277,3.5143153227,0.5284173776,0.4132500000,0.0417874084,0.3547304336,3.3851192863,0.1967501621,0.0564500000,0.0112981193,0.4086231173,2.9205457694,0.2620585632
