Instance,INF_avg,INF_sd,INF_r1,INF_kr,INF_sk,SUP_avg,SUP_sd,SUP_r1,SUP_kr,SUP_sk,INC_avg,INC_sd,INC_r1,INC_kr,INC_sk,IND_avg,IND_sd,IND_r1,IND_kr,IND_sk
instances/A1/symmetric/5.6.in,0.1666666667,0.2108185107,0.4285714286,1.5625000000,0.5929270613,0.2300000000,0.0845905169,0.3359893758,2.2700995332,-0.6542295391,0.6033333333,0.1351542329,0.3765110065,1.2888761610,-0.3571660691,0.4166666667,0.0494413232,0.3142857143,2.0351239669,-0.5516180693
