Instance,INF_avg,INF_sd,INF_r1,INF_kr,INF_sk,SUP_avg,SUP_sd,SUP_r1,SUP_kr,SUP_sk,INC_avg,INC_sd,INC_r1,INC_kr,INC_sk,IND_avg,IND_sd,IND_r1,IND_kr,IND_sk
instances/A1/symmetric/5.6.in,0.1074074074,0.1719731373,0.4408546388,3.4339462552,1.4355352282,0.2981481481,0.1007516334,0.5766962213,2.7498018627,-0.8326057212,0.5944444444,0.1030402055,0.3563812601,2.0214305030,-0.2231887631,0.4240740741,0.0438228132,0.1426811743,2.4695663265,-0.6341675319
