Instance,INF_avg,INF_sd,INF_r1,INF_kr,INF_sk,SUP_avg,SUP_sd,SUP_r1,SUP_kr,SUP_sk,INC_avg,INC_sd,INC_r1,INC_kr,INC_sk,IND_avg,IND_sd,IND_r1,IND_kr,IND_sk
instances/A2/symmetric/20.1.in,0.7192676768,0.0353915470,0.4320470732,1.6004429420,-0.1504018579,0.0427272727,0.0372630253,0.4177657099,1.0461663389,-0.0346155382,0.2380050505,0.0139604447,-0.7123780175,1.8414819276,-0.6747168197,0.0843686869,0.0195522559,-0.7752353914,1.8630724908,-0.0575364175
