Instance,INF_avg,INF_sd,INF_r1,INF_kr,INF_sk,SUP_avg,SUP_sd,SUP_r1,SUP_kr,SUP_sk,INC_avg,INC_sd,INC_r1,INC_kr,INC_sk,IND_avg,IND_sd,IND_r1,IND_kr,IND_sk
instances/A2/symmetric/20.2.in,0.6428173540,0.0460001788,-0.0421051634,1.8358851464,-0.3057457028,0.1116219109,0.0271121770,-0.2026111872,2.8635958677,1.2132681433,0.2455607351,0.0231604182,0.2980295620,1.2848459236,-0.4289910102,0.0510948615,0.0077578141,0.3052611167,1.4378612705,0.4034278915
