Instance,INF_avg,INF_sd,INF_r1,INF_kr,INF_sk,SUP_avg,SUP_sd,SUP_r1,SUP_kr,SUP_sk,INC_avg,INC_sd,INC_r1,INC_kr,INC_sk,IND_avg,IND_sd,IND_r1,IND_kr,IND_sk
instances/A2/symmetric/20.2.in,0.5831441431,0.0851937754,0.5575906645,1.3972880770,-0.0293333269,0.1496545653,0.0536365712,0.4809476763,1.2298508832,0.1625978802,0.2672012916,0.0334608718,0.6544379368,1.8046397360,-0.3583537127,0.0470495632,0.0085528204,0.4074150818,2.3123783243,0.5300608753
