Instance,INF_avg,INF_sd,INF_r1,INF_kr,INF_sk,SUP_avg,SUP_sd,SUP_r1,SUP_kr,SUP_sk,INC_avg,INC_sd,INC_r1,INC_kr,INC_sk,IND_avg,IND_sd,IND_r1,IND_kr,IND_sk
instances/A1/asymmetric/8.1.in,0.5642857143,0.1084444746,0.5331620616,6.7267493565,-1.9972120632,0.0571428571,0.0791107035,0.4649681529,2.2103024575,0.9185964007,0.3785714286,0.0704093956,0.1731405465,6.8537301884,0.5191571447,0.4130952381,0.1067983881,-0.1826126298,9.0836020161,1.8945824420
