Instance,INF_avg,INF_sd,INF_r1,INF_kr,INF_sk,SUP_avg,SUP_sd,SUP_r1,SUP_kr,SUP_sk,INC_avg,INC_sd,INC_r1,INC_kr,INC_sk,IND_avg,IND_sd,IND_r1,IND_kr,IND_sk
instances/A3/symmetric/20.6.in,0.3957495811,0.0719777969,-0.1722292901,4.0469175754,-1.1817761628,0.1540531031,0.0294628189,0.3703389725,2.9708224524,-0.9224819157,0.4501973157,0.0606538403,-0.2704618527,5.8892292563,1.7303582828,0.0646013085,0.0133702005,0.0233190077,2.3996834324,0.5196344695
