Instance,INF_avg,INF_sd,INF_r1,INF_kr,INF_sk,SUP_avg,SUP_sd,SUP_r1,SUP_kr,SUP_sk,INC_avg,INC_sd,INC_r1,INC_kr,INC_sk,IND_avg,IND_sd,IND_r1,IND_kr,IND_sk
instances/A1/symmetric/8.4.in,0.6200000000,0.0996661093,0.6219057308,1.1906896086,0.4056048363,0.0233333333,0.0290593263,-0.4652567976,1.3801939058,0.5071295170,0.3566666667,0.0840634681,0.6358998145,1.3958407500,-0.1511286984,0.2466666667,0.0244948974,-0.2453531599,2.8127572016,-1.1642636432
