Instance,INF_avg,INF_sd,INF_r1,INF_kr,INF_sk,SUP_avg,SUP_sd,SUP_r1,SUP_kr,SUP_sk,INC_avg,INC_sd,INC_r1,INC_kr,INC_sk,IND_avg,IND_sd,IND_r1,IND_kr,IND_sk
instances/A1/symmetric/200.4.in,0.2688000000,0.0391989796,0.2988085648,3.7889085455,-0.3808077831,0.1990000000,0.0332264955,0.1765160720,3.9543557026,-1.1583867005,0.5322000000,0.0417152250,0.1831366806,1.9994702626,0.4412285649,0.0664000000,0.0155254630,-0.1346901244,2.0507500466,0.3954532696
