Instance,INF_avg,INF_sd,INF_r1,INF_kr,INF_sk,SUP_avg,SUP_sd,SUP_r1,SUP_kr,SUP_sk,INC_avg,INC_sd,INC_r1,INC_kr,INC_sk,IND_avg,IND_sd,IND_r1,IND_kr,IND_sk
instances/A1/asymmetric/5.6.in,0.4833333333,0.0844371342,0.5167022033,1.1306572216,0.0837393066,0.0277777778,0.0481125224,-0.2173913043,2.3333333333,1.1547005384,0.4888888889,0.1160034057,0.3564356436,1.2749768538,-0.2267148455,0.4888888889,0.1160034057,0.3564356436,1.2749768538,-0.2267148455
