Instance,INF_avg,INF_sd,INF_r1,INF_kr,INF_sk,SUP_avg,SUP_sd,SUP_r1,SUP_kr,SUP_sk,INC_avg,INC_sd,INC_r1,INC_kr,INC_sk,IND_avg,IND_sd,IND_r1,IND_kr,IND_sk
instances/A2/symmetric/50.4.in,0.4215000000,0.0195000000,-0.2569931308,2.5547126553,-0.7015627371,0.1685000000,0.0164392822,-0.1348731109,2.1818433098,0.4011059883,0.4100000000,0.0153297097,-0.3333333333,1.9262109552,0.4580175832,0.0655000000,0.0157241852,0.3750699966,3.0905552585,-0.8831461934
