Instance,INF_avg,INF_sd,INF_r1,INF_kr,INF_sk,SUP_avg,SUP_sd,SUP_r1,SUP_kr,SUP_sk,INC_avg,INC_sd,INC_r1,INC_kr,INC_sk,IND_avg,IND_sd,IND_r1,IND_kr,IND_sk
instances/A1/symmetric/10.5.in,0.5031578947,0.1512862671,-0.4461652204,2.6955597682,1.1662073924,0.0105263158,0.0210526316,-0.2500000000,3.2500000000,1.5000000000,0.4863157895,0.1543317289,-0.4981280636,2.2225345427,-0.9165973343,0.3557894737,0.0566468381,-0.7606888361,1.7024281921,-0.6597248873
