Instance,INF_avg,INF_sd,INF_r1,INF_kr,INF_sk,SUP_avg,SUP_sd,SUP_r1,SUP_kr,SUP_sk,INC_avg,INC_sd,INC_r1,INC_kr,INC_sk,IND_avg,IND_sd,IND_r1,IND_kr,IND_sk
instances/A3/asymmetric/50.4.in,0.3200000000,0.0678232998,0.2572062084,1.7967863894,-0.2692418330,0.1050000000,0.0788986692,0.4338701806,1.9692746891,0.5986021836,0.5750000000,0.0981070844,0.7931034483,1.7448136279,0.4765532180,0.2850000000,0.0450000000,0.0387016230,4.4531321445,1.4485596708
