Instance,INF_avg,INF_sd,INF_r1,INF_kr,INF_sk,SUP_avg,SUP_sd,SUP_r1,SUP_kr,SUP_sk,INC_avg,INC_sd,INC_r1,INC_kr,INC_sk,IND_avg,IND_sd,IND_r1,IND_kr,IND_sk
instances/A1/symmetric/5.3.in,0.3888888889,0.1204415744,0.4492753623,1.4588048891,-0.0441637280,0.2500000000,0.0824022054,-0.4772727273,2.0351239669,-0.5516180693,0.3611111111,0.0929622252,0.5806451613,2.0216836735,0.0320150520,0.4555555556,0.0737027731,-0.6666666667,2.2169421488,-0.3700366502
