Instance,INF_avg,INF_sd,INF_r1,INF_kr,INF_sk,SUP_avg,SUP_sd,SUP_r1,SUP_kr,SUP_sk,INC_avg,INC_sd,INC_r1,INC_kr,INC_sk,IND_avg,IND_sd,IND_r1,IND_kr,IND_sk
instances/A3/asymmetric/100.2.in,0.2832258065,0.0720388379,0.1460709655,2.4768664374,0.3121882229,0.0922580645,0.0459108306,0.5418171165,2.3801408324,0.0626700902,0.6245161290,0.0701536889,-0.0430183222,2.2237298373,0.3230903915,0.2348387097,0.0539934863,-0.0183936396,2.5331923408,0.1171412606
