Instance,INF_avg,INF_sd,INF_r1,INF_kr,INF_sk,SUP_avg,SUP_sd,SUP_r1,SUP_kr,SUP_sk,INC_avg,INC_sd,INC_r1,INC_kr,INC_sk,IND_avg,IND_sd,IND_r1,IND_kr,IND_sk
instances/A1/asymmetric/50.5.in,0.6395000000,0.0772479773,1.1232755662,2.5386719094,-0.8569360035,0.0875000000,0.0318786763,0.6918474196,2.0451564294,0.4074488471,0.2730000000,0.0512932744,1.0328817051,3.2998318011,0.8769300898,0.0620000000,0.0148660687,0.0345297592,2.6274441555,-0.0483959159
