Instance,INF_avg,INF_sd,INF_r1,INF_kr,INF_sk,SUP_avg,SUP_sd,SUP_r1,SUP_kr,SUP_sk,INC_avg,INC_sd,INC_r1,INC_kr,INC_sk,IND_avg,IND_sd,IND_r1,IND_kr,IND_sk
instances/A1/symmetric/8.1.in,0.4430229081,0.1204537424,0.0525898719,2.2451569089,0.2812990004,0.2284128286,0.0704334344,0.1050886211,1.5774857153,-0.4559097028,0.3285642633,0.1011237737,0.4406439332,1.1908690036,0.3628696799,0.2054011735,0.0570771283,0.0588418882,1.2107212079,0.3719396477
