Instance,INF_avg,INF_sd,INF_r1,INF_kr,INF_sk,SUP_avg,SUP_sd,SUP_r1,SUP_kr,SUP_sk,INC_avg,INC_sd,INC_r1,INC_kr,INC_sk,IND_avg,IND_sd,IND_r1,IND_kr,IND_sk
instances/A1/symmetric/5.4.in,0.3636507937,0.1770125253,0.5895860457,2.1389540918,-0.4164234617,0.1555555556,0.0966300397,0.4947484330,2.0378006057,-0.3198264131,0.4807936508,0.0878573938,0.5797837668,2.5216789815,1.0099291167,0.3985714286,0.1091878907,-0.2217782314,2.5744688039,0.9821320332
