Instance,INF_avg,INF_sd,INF_r1,INF_kr,INF_sk,SUP_avg,SUP_sd,SUP_r1,SUP_kr,SUP_sk,INC_avg,INC_sd,INC_r1,INC_kr,INC_sk,IND_avg,IND_sd,IND_r1,IND_kr,IND_sk
instances/A1/symmetric/5.4.in,0.3171075838,0.1422026508,0.4062946956,2.8453653238,0.3822881094,0.1843033510,0.0820982445,0.3546919045,3.2464051423,-1.0038821025,0.4985890653,0.0725454304,0.2176012594,2.5388519079,0.5658937861,0.3629629630,0.0945751471,-0.0535949887,4.6748115504,1.5095009779
