Instance,INF_avg,INF_sd,INF_r1,INF_kr,INF_sk,SUP_avg,SUP_sd,SUP_r1,SUP_kr,SUP_sk,INC_avg,INC_sd,INC_r1,INC_kr,INC_sk,IND_avg,IND_sd,IND_r1,IND_kr,IND_sk
instances/A3/asymmetric/50.2.in,0.5436298469,0.2037090413,0.9788964737,2.2136436115,0.8292096529,0.0466161616,0.0373678179,0.8450513814,2.3069628906,0.4257163746,0.4097539915,0.1744089529,0.9704244867,2.3436836766,-0.9140874045,0.1147279244,0.0373727459,0.6416791664,2.3225941165,-0.2432589961
