Instance,INF_avg,INF_sd,INF_r1,INF_kr,INF_sk,SUP_avg,SUP_sd,SUP_r1,SUP_kr,SUP_sk,INC_avg,INC_sd,INC_r1,INC_kr,INC_sk,IND_avg,IND_sd,IND_r1,IND_kr,IND_sk
instances/A3/symmetric/200.2.in,0.3808000000,0.0325170724,0.1651151479,2.1425417732,0.0873073708,0.1300000000,0.0210713075,0.2505643341,2.6616143170,0.3399011742,0.4892000000,0.0310702430,0.0430930387,2.9736183584,-0.4685149749,0.0904000000,0.0116550418,-0.1892222384,2.4451141855,-0.5325043458
