Instance,INF_avg,INF_sd,INF_r1,INF_kr,INF_sk,SUP_avg,SUP_sd,SUP_r1,SUP_kr,SUP_sk,INC_avg,INC_sd,INC_r1,INC_kr,INC_sk,IND_avg,IND_sd,IND_r1,IND_kr,IND_sk
instances/A1/symmetric/8.2.in,0.4619047619,0.0446706263,-0.0321782178,2.0806818182,0.2398508059,0.1097142857,0.0331855226,-0.0790617134,2.3117707656,0.5587161966,0.4283809524,0.0293259112,0.0341988600,2.2708801239,0.7290981168,0.2019047619,0.0392214482,-0.0028315243,2.5140841937,0.2178520885
