Instance,INF_avg,INF_sd,INF_r1,INF_kr,INF_sk,SUP_avg,SUP_sd,SUP_r1,SUP_kr,SUP_sk,INC_avg,INC_sd,INC_r1,INC_kr,INC_sk,IND_avg,IND_sd,IND_r1,IND_kr,IND_sk
instances/A1/asymmetric/5.6.in,0.4746913580,0.1065454272,0.1950949659,2.8390538435,-0.5125449835,0.2037037037,0.1737191022,0.1512385919,1.6828512397,0.1356731831,0.3216049383,0.0871923140,-0.0509977352,1.2687387782,-0.0018976309,0.3555555556,0.0610830463,-0.1538461538,3.1219723183,-0.7062066729
