Instance,INF_avg,INF_sd,INF_r1,INF_kr,INF_sk,SUP_avg,SUP_sd,SUP_r1,SUP_kr,SUP_sk,INC_avg,INC_sd,INC_r1,INC_kr,INC_sk,IND_avg,IND_sd,IND_r1,IND_kr,IND_sk
instances/A3/asymmetric/100.5.in,0.7230000000,0.1294256543,0.8101669205,1.5998077143,0.0697247984,0.0395000000,0.0160390149,0.6813846003,1.6757728497,-0.0185407953,0.2375000000,0.1146134809,0.8052008001,1.6214269747,-0.0254053002,0.0595000000,0.0158823802,0.6551314068,1.9670900449,-0.4702557733
