Instance,INF_avg,INF_sd,INF_r1,INF_kr,INF_sk,SUP_avg,SUP_sd,SUP_r1,SUP_kr,SUP_sk,INC_avg,INC_sd,INC_r1,INC_kr,INC_sk,IND_avg,IND_sd,IND_r1,IND_kr,IND_sk
instances/A2/asymmetric/50.5.in,0.4580000000,0.0268514432,-0.0529019004,2.5071646907,0.5118314067,0.2140000000,0.0247790234,0.0559791332,1.7946132054,0.1786474805,0.3280000000,0.0227156334,0.1574451563,2.3288939968,0.2157616611,0.0530000000,0.0045825757,-0.7412935323,2.1020408163,0.0935219530
