Instance,INF_avg,INF_sd,INF_r1,INF_kr,INF_sk,SUP_avg,SUP_sd,SUP_r1,SUP_kr,SUP_sk,INC_avg,INC_sd,INC_r1,INC_kr,INC_sk,IND_avg,IND_sd,IND_r1,IND_kr,IND_sk
instances/A2/asymmetric/10.6.in,0.5639262372,0.0307293737,0.0122195731,2.3932596591,0.6422741250,0.0934767240,0.0233886706,0.6043443877,1.5784330226,-0.2788801746,0.3425970388,0.0278556642,0.1842951830,1.3666963473,0.1090944671,0.1346858743,0.0207891177,-0.5209493886,2.9519158186,1.2872726992
