Instance,INF_avg,INF_sd,INF_r1,INF_kr,INF_sk,SUP_avg,SUP_sd,SUP_r1,SUP_kr,SUP_sk,INC_avg,INC_sd,INC_r1,INC_kr,INC_sk,IND_avg,IND_sd,IND_r1,IND_kr,IND_sk
instances/A3/symmetric/5.6.in,0.2133156966,0.1958757663,0.4215673018,1.6996808830,0.2909443321,0.2268959436,0.0717379587,0.3974992538,1.9552829467,0.1433238600,0.5597883598,0.1410442485,0.4122679966,1.5601692710,-0.1898090639,0.3538800705,0.0878071337,-0.5377947614,2.5071895824,0.6819135379
