Instance,INF_avg,INF_sd,INF_r1,INF_kr,INF_sk,SUP_avg,SUP_sd,SUP_r1,SUP_kr,SUP_sk,INC_avg,INC_sd,INC_r1,INC_kr,INC_sk,IND_avg,IND_sd,IND_r1,IND_kr,IND_sk
instances/A1/asymmetric/100.1.in,0.2938000000,0.0712920753,0.6270076503,4.5091548095,-1.3569094635,0.1566000000,0.0251284699,0.2160488684,2.7317270575,0.0645984862,0.5496000000,0.0610396592,0.5405547800,3.5440175070,0.9543454877,0.0674000000,0.0134253492,0.2333742200,2.9842166355,0.8713369407
