Instance,INF_avg,INF_sd,INF_r1,INF_kr,INF_sk,SUP_avg,SUP_sd,SUP_r1,SUP_kr,SUP_sk,INC_avg,INC_sd,INC_r1,INC_kr,INC_sk,IND_avg,IND_sd,IND_r1,IND_kr,IND_sk
instances/A1/asymmetric/10.4.in,0.5813071895,0.0373078399,-0.0051383467,2.7118392643,-1.0972191762,0.1413071895,0.0371576531,-0.6488508736,2.0711759333,0.1802140584,0.2773856209,0.0313789481,0.7951678920,2.2621863885,0.8643658832,0.1619607843,0.0201884094,-0.4901077896,2.4124659253,-1.0093568569
