Instance,INF_avg,INF_sd,INF_r1,INF_kr,INF_sk,SUP_avg,SUP_sd,SUP_r1,SUP_kr,SUP_sk,INC_avg,INC_sd,INC_r1,INC_kr,INC_sk,IND_avg,IND_sd,IND_r1,IND_kr,IND_sk
instances/A3/symmetric/100.2.in,0.2900000000,0.0768114575,0.3953068592,1.4958345303,0.1721141535,0.1050000000,0.0878919792,0.5620989052,2.8535205957,0.9521838192,0.6050000000,0.0687386354,-0.4980652294,3.1056521374,-0.8728715609,0.3500000000,0.0921954446,-0.2222222222,3.0968858131,0.4785230687
