Instance,INF_avg,INF_sd,INF_r1,INF_kr,INF_sk,SUP_avg,SUP_sd,SUP_r1,SUP_kr,SUP_sk,INC_avg,INC_sd,INC_r1,INC_kr,INC_sk,IND_avg,IND_sd,IND_r1,IND_kr,IND_sk
instances/A2/symmetric/5.3.in,0.4796296296,0.1074233705,0.6369558409,1.4927571430,-0.4886295362,0.0722222222,0.0820894824,0.4355828221,2.1682302896,0.7005326336,0.4481481481,0.0519839587,-0.3741362290,3.2827694607,1.2050516272,0.4277777778,0.0512196914,0.2494845361,2.6055363322,-0.5869882976
