Instance,INF_avg,INF_sd,INF_r1,INF_kr,INF_sk,SUP_avg,SUP_sd,SUP_r1,SUP_kr,SUP_sk,INC_avg,INC_sd,INC_r1,INC_kr,INC_sk,IND_avg,IND_sd,IND_r1,IND_kr,IND_sk
instances/A3/symmetric/8.4.in,0.4150811896,0.0792913487,0.5371003555,2.1307696402,-0.3004321533,0.1235613939,0.0457397457,0.0140597303,6.0125962699,-2.0618405876,0.4613574165,0.0743997353,0.2624158531,2.2594482700,0.0272039586,0.3558876117,0.0651658651,0.4297231183,3.1248998756,0.8954470697
