Instance,INF_avg,INF_sd,INF_r1,INF_kr,INF_sk,SUP_avg,SUP_sd,SUP_r1,SUP_kr,SUP_sk,INC_avg,INC_sd,INC_r1,INC_kr,INC_sk,IND_avg,IND_sd,IND_r1,IND_kr,IND_sk
instances/A1/asymmetric/50.3.in,0.3970000000,0.0288270706,0.0039611551,2.9914330523,-0.4818976211,0.2575000000,0.0355844067,0.2860892388,2.2831570628,-0.1198435244,0.3455000000,0.0228527898,-0.2735326689,3.0358792013,-0.6490225997,0.0630000000,0.0118743421,-0.7413666422,2.2135204467,-0.3709052078
