Instance,INF_avg,INF_sd,INF_r1,INF_kr,INF_sk,SUP_avg,SUP_sd,SUP_r1,SUP_kr,SUP_sk,INC_avg,INC_sd,INC_r1,INC_kr,INC_sk,IND_avg,IND_sd,IND_r1,IND_kr,IND_sk
instances/A1/asymmetric/8.6.in,0.4097435897,0.1138461538,0.0051845129,2.6321432828,0.7706234357,0.1287179487,0.0553133445,-0.4093270509,2.7419697277,1.1330168480,0.4615384615,0.0769230769,-0.0526315789,3.2500000000,-1.5000000000,0.2348717949,0.0493641356,-0.2994533161,1.7602058199,0.0974319339
