Instance,INF_avg,INF_sd,INF_r1,INF_kr,INF_sk,SUP_avg,SUP_sd,SUP_r1,SUP_kr,SUP_sk,INC_avg,INC_sd,INC_r1,INC_kr,INC_sk,IND_avg,IND_sd,IND_r1,IND_kr,IND_sk
instances/A1/symmetric/100.4.in,0.2612000000,0.0363395102,0.2496741691,2.3953052621,-0.1297340725,0.2010000000,0.0220000000,0.0524488304,2.6406666211,0.3364012021,0.5378000000,0.0283577150,0.2361869849,2.4015280510,0.4412840808,0.0752000000,0.0142464031,0.1781760299,3.9218471626,0.8103947947
