Instance,INF_avg,INF_sd,INF_r1,INF_kr,INF_sk,SUP_avg,SUP_sd,SUP_r1,SUP_kr,SUP_sk,INC_avg,INC_sd,INC_r1,INC_kr,INC_sk,IND_avg,IND_sd,IND_r1,IND_kr,IND_sk
instances/A3/symmetric/10.1.in,0.4268305504,0.1402752038,0.3792862270,2.2455258644,0.8044059242,0.1648593074,0.0660461366,0.0969177561,2.1712120210,-0.7052024373,0.4083101422,0.0969950338,0.6601920241,1.7344974703,0.1499674947,0.1688079777,0.0268486619,-0.7959117520,2.1930985044,-0.6555169721
