Instance,INF_avg,INF_sd,INF_r1,INF_kr,INF_sk,SUP_avg,SUP_sd,SUP_r1,SUP_kr,SUP_sk,INC_avg,INC_sd,INC_r1,INC_kr,INC_sk,IND_avg,IND_sd,IND_r1,IND_kr,IND_sk
instances/A1/symmetric/10.3.in,0.5740886098,0.0648531378,-0.0956481308,5.3533141226,-1.9128774375,0.0551194837,0.0426261976,-0.1828471988,6.5728815585,2.2693661617,0.3707919065,0.0266951499,-0.1824945497,2.1977433908,0.7567110150,0.1276818420,0.0286615676,0.1375703485,2.2008893333,-0.7326945510
