Instance,INF_avg,INF_sd,INF_r1,INF_kr,INF_sk,SUP_avg,SUP_sd,SUP_r1,SUP_kr,SUP_sk,INC_avg,INC_sd,INC_r1,INC_kr,INC_sk,IND_avg,IND_sd,IND_r1,IND_kr,IND_sk
instances/A1/asymmetric/10.1.in,0.2927661228,0.0921927103,0.7605039703,1.6032713551,-0.6123019287,0.1032711733,0.1089641090,0.6412089595,2.7384405854,1.1209401199,0.6039627040,0.0426302664,-0.9521329924,1.7318064835,0.1414883665,0.2107381507,0.0347234475,0.0487569047,1.9883487421,-0.4623301761
