Instance,INF_avg,INF_sd,INF_r1,INF_kr,INF_sk,SUP_avg,SUP_sd,SUP_r1,SUP_kr,SUP_sk,INC_avg,INC_sd,INC_r1,INC_kr,INC_sk,IND_avg,IND_sd,IND_r1,IND_kr,IND_sk
instances/A1/asymmetric/10.6.in,0.6123529412,0.0939778373,-0.1269549218,2.1739696746,-0.6377862752,0.0508823529,0.0309676693,-0.0168151768,1.7246298102,-0.6704037962,0.3367647059,0.0726595607,-0.1371273266,2.8376801362,1.1400175928,0.1523529412,0.0602302388,-0.0297984224,2.6499832015,1.0353586478
