Instance,INF_avg,INF_sd,INF_r1,INF_kr,INF_sk,SUP_avg,SUP_sd,SUP_r1,SUP_kr,SUP_sk,INC_avg,INC_sd,INC_r1,INC_kr,INC_sk,IND_avg,IND_sd,IND_r1,IND_kr,IND_sk
instances/A1/asymmetric/10.6.in,0.5045195856,0.1478404968,0.7032656993,1.7387345547,-0.0305838710,0.1108580469,0.0758032522,0.7921451124,1.9887467150,0.3055175992,0.3846223675,0.0849603832,0.3687451725,1.5716634073,0.1804186440,0.1437486106,0.0473376291,0.0272975764,4.9287616542,1.6337436400
