Instance,INF_avg,INF_sd,INF_r1,INF_kr,INF_sk,SUP_avg,SUP_sd,SUP_r1,SUP_kr,SUP_sk,INC_avg,INC_sd,INC_r1,INC_kr,INC_sk,IND_avg,IND_sd,IND_r1,IND_kr,IND_sk
instances/A1/symmetric/5.3.in,0.3444444444,0.0871354841,-0.7781402936,1.2459845330,0.0948589744,0.2722222222,0.0509175077,-0.6460396040,1.2091836735,0.2961528510,0.3833333333,0.0408248290,-0.9230769231,1.1666666667,-0.4082482905,0.4388888889,0.0618640485,-0.6804635762,2.0793444329,-0.6170311183
