Instance,INF_avg,INF_sd,INF_r1,INF_kr,INF_sk,SUP_avg,SUP_sd,SUP_r1,SUP_kr,SUP_sk,INC_avg,INC_sd,INC_r1,INC_kr,INC_sk,IND_avg,IND_sd,IND_r1,IND_kr,IND_sk
instances/A3/symmetric/8.3.in,0.0888888889,0.0566557724,0.4444444444,1.9556213018,-0.2715454179,0.2333333333,0.0451335467,-0.0752688172,2.2685950413,0.1790421687,0.6777777778,0.0283278862,-0.1111111111,1.9556213018,0.2715454179,0.2222222222,0.0464811126,0.1538461538,2.5000000000,-0.7683612489
