Instance,INF_avg,INF_sd,INF_r1,INF_kr,INF_sk,SUP_avg,SUP_sd,SUP_r1,SUP_kr,SUP_sk,INC_avg,INC_sd,INC_r1,INC_kr,INC_sk,IND_avg,IND_sd,IND_r1,IND_kr,IND_sk
instances/A2/symmetric/10.5.in,0.4929487179,0.1021656925,0.5569096936,1.7568588041,-0.2582747996,0.1333521870,0.0762110489,0.5276893023,1.8645687973,0.3102378316,0.3736990950,0.0271964408,0.4934643286,1.8017420797,-0.1537629342,0.1709464555,0.0398659861,-0.2016614824,1.8318378591,0.1342288966
