Instance,INF_avg,INF_sd,INF_r1,INF_kr,INF_sk,SUP_avg,SUP_sd,SUP_r1,SUP_kr,SUP_sk,INC_avg,INC_sd,INC_r1,INC_kr,INC_sk,IND_avg,IND_sd,IND_r1,IND_kr,IND_sk
instances/A1/symmetric/50.5.in,0.3649000000,0.0702708332,0.7948655484,2.1628228461,-0.0802056742,0.1913000000,0.0433394739,0.7850995139,2.0935561752,0.1694601013,0.4438000000,0.0460983731,0.5491489428,2.4723640199,-0.1462106120,0.0672500000,0.0197784605,0.2229509417,2.9706832514,0.6968829593
