Instance,INF_avg,INF_sd,INF_r1,INF_kr,INF_sk,SUP_avg,SUP_sd,SUP_r1,SUP_kr,SUP_sk,INC_avg,INC_sd,INC_r1,INC_kr,INC_sk,IND_avg,IND_sd,IND_r1,IND_kr,IND_sk
instances/A3/symmetric/8.6.in,0.2666753000,0.1394749963,0.4849568912,2.4670302510,0.3573918831,0.1314339981,0.0779202881,0.4352233297,2.1868502553,0.7281913637,0.6018907019,0.0872627876,0.2803481897,3.1683602303,-0.3287551987,0.2626866960,0.0416267288,0.4507107872,1.8435319926,0.1865310662
