Instance,INF_avg,INF_sd,INF_r1,INF_kr,INF_sk,SUP_avg,SUP_sd,SUP_r1,SUP_kr,SUP_sk,INC_avg,INC_sd,INC_r1,INC_kr,INC_sk,IND_avg,IND_sd,IND_r1,IND_kr,IND_sk
instances/A3/symmetric/8.2.in,0.4986026936,0.1464514410,0.7259858513,2.2280682073,-0.5893248282,0.0778162578,0.0675336241,0.4267772105,2.2327782084,0.6824858175,0.4235810486,0.0936698082,0.6943622614,2.5449020126,0.5937767664,0.2341149591,0.0692743232,0.4992541771,2.6117773403,0.9913530439
