Instance,INF_avg,INF_sd,INF_r1,INF_kr,INF_sk,SUP_avg,SUP_sd,SUP_r1,SUP_kr,SUP_sk,INC_avg,INC_sd,INC_r1,INC_kr,INC_sk,IND_avg,IND_sd,IND_r1,IND_kr,IND_sk
instances/A1/asymmetric/10.3.in,0.4541176471,0.0491308542,0.3882495457,1.6971004124,0.2003526542,0.1120588235,0.0613036009,0.2355987764,1.6430113838,0.0084694529,0.4338235294,0.0643976616,-0.0147919196,2.0138406999,-0.7272381701,0.1808823529,0.0209216697,-0.4294187426,1.9150627256,-0.3575631640
