Instance,INF_avg,INF_sd,INF_r1,INF_kr,INF_sk,SUP_avg,SUP_sd,SUP_r1,SUP_kr,SUP_sk,INC_avg,INC_sd,INC_r1,INC_kr,INC_sk,IND_avg,IND_sd,IND_r1,IND_kr,IND_sk
instances/A1/symmetric/5.6.in,0.4333333333,0.1496910398,0.4230769231,1.1666666667,-0.4082482905,0.2166666667,0.1494847116,0.7141495950,1.6474848143,-0.1053342257,0.3500000000,0.0777777778,-0.4254703329,2.0005206164,-0.4067055394,0.3888888889,0.0464811126,0.3000000000,1.2755102041,-0.2561204163
