Instance,INF_avg,INF_sd,INF_r1,INF_kr,INF_sk,SUP_avg,SUP_sd,SUP_r1,SUP_kr,SUP_sk,INC_avg,INC_sd,INC_r1,INC_kr,INC_sk,IND_avg,IND_sd,IND_r1,IND_kr,IND_sk
instances/A1/symmetric/20.3.in,0.7462923135,0.0471672707,-0.4463735615,1.2083959851,0.3641504822,0.0389762783,0.0223562000,-0.2812967233,2.3900422375,-0.6156412638,0.2147314083,0.0342885186,-0.5678414776,2.1501821437,-0.4327135326,0.1211095415,0.0424607086,0.2834822521,2.5869523666,1.0397752846
