Instance,INF_avg,INF_sd,INF_r1,INF_kr,INF_sk,SUP_avg,SUP_sd,SUP_r1,SUP_kr,SUP_sk,INC_avg,INC_sd,INC_r1,INC_kr,INC_sk,IND_avg,IND_sd,IND_r1,IND_kr,IND_sk
instances/A1/symmetric/20.3.in,0.7100612684,0.0894743044,0.3317214812,2.2231520299,-0.7509950992,0.0585986869,0.0325787731,0.5360009966,2.6854962355,0.1746706817,0.2313400447,0.0633733170,0.1367811747,2.0053166476,0.4964503729,0.0840890939,0.0521380722,0.5446187875,3.0563033995,0.9814535273
