Instance,INF_avg,INF_sd,INF_r1,INF_kr,INF_sk,SUP_avg,SUP_sd,SUP_r1,SUP_kr,SUP_sk,INC_avg,INC_sd,INC_r1,INC_kr,INC_sk,IND_avg,IND_sd,IND_r1,IND_kr,IND_sk
instances/A1/symmetric/200.4.in,0.3530000000,0.0256124969,-0.0383782111,2.4610815735,0.9995358831,0.1620000000,0.0183303028,-0.2185478073,1.3765943878,-0.4666355778,0.4850000000,0.0114017543,0.4090909091,2.1449704142,-0.8095920178,0.0670000000,0.0128840987,0.1778319123,2.4634199448,-0.4460527720
