Instance,INF_avg,INF_sd,INF_r1,INF_kr,INF_sk,SUP_avg,SUP_sd,SUP_r1,SUP_kr,SUP_sk,INC_avg,INC_sd,INC_r1,INC_kr,INC_sk,IND_avg,IND_sd,IND_r1,IND_kr,IND_sk
instances/A3/asymmetric/20.6.in,0.6709449125,0.1135811991,0.5516446172,1.7139585540,0.4073666962,0.0538410475,0.0285612854,0.2274513989,2.7206720344,-1.1109052879,0.2752140400,0.0887012475,0.6610686219,1.5201830694,-0.1137739714,0.1063655153,0.0282823451,-0.0509506686,1.8934962406,0.2097753532
