Instance,INF_avg,INF_sd,INF_r1,INF_kr,INF_sk,SUP_avg,SUP_sd,SUP_r1,SUP_kr,SUP_sk,INC_avg,INC_sd,INC_r1,INC_kr,INC_sk,IND_avg,IND_sd,IND_r1,IND_kr,IND_sk
instances/A3/symmetric/10.5.in,0.3711791736,0.1243876516,1.1039924768,3.1138027072,-1.1311110534,0.1245142864,0.0734004884,0.8116055655,2.0616767584,0.6982229784,0.5043065400,0.0705144716,0.5479264598,5.7453483825,1.9474212479,0.2059615869,0.0306442576,0.4991922314,1.9943409603,-0.3289948062
