Instance,INF_avg,INF_sd,INF_r1,INF_kr,INF_sk,SUP_avg,SUP_sd,SUP_r1,SUP_kr,SUP_sk,INC_avg,INC_sd,INC_r1,INC_kr,INC_sk,IND_avg,IND_sd,IND_r1,IND_kr,IND_sk
instances/A2/symmetric/50.5.in,0.3960000000,0.0493355855,-0.1241022215,2.7266899558,-0.9037762800,0.1540000000,0.0152970585,-0.5520282187,2.8322375630,-1.1096485595,0.4500000000,0.0451663592,-0.2448979592,3.2151095732,1.4716835598,0.0620000000,0.0040000000,-0.1184210526,2.0781250000,-0.8437500000
