Instance,INF_avg,INF_sd,INF_r1,INF_kr,INF_sk,SUP_avg,SUP_sd,SUP_r1,SUP_kr,SUP_sk,INC_avg,INC_sd,INC_r1,INC_kr,INC_sk,IND_avg,IND_sd,IND_r1,IND_kr,IND_sk
instances/A1/asymmetric/5.3.in,0.2444444444,0.1594744455,0.4762162162,1.9810066924,0.4511853597,0.2907407407,0.0892738577,0.4360630453,2.4704112738,0.6339976222,0.4648148148,0.1031732465,0.3517809200,2.7734640703,-0.8852581380,0.3666666667,0.0662020849,0.3985507246,1.8362428090,-0.2872127747
