Instance,INF_avg,INF_sd,INF_r1,INF_kr,INF_sk,SUP_avg,SUP_sd,SUP_r1,SUP_kr,SUP_sk,INC_avg,INC_sd,INC_r1,INC_kr,INC_sk,IND_avg,IND_sd,IND_r1,IND_kr,IND_sk
instances/A2/asymmetric/8.5.in,0.5142124542,0.0492896038,-0.0229654956,2.1728763438,0.7254602061,0.1413919414,0.0793498248,-0.2949924613,2.3977197650,-0.7653438518,0.3443956044,0.0882947715,-0.7539507223,2.1812931402,0.8216174867,0.2355311355,0.1344269444,-0.3721753575,3.0938628351,1.3790029751
