Instance,INF_avg,INF_sd,INF_r1,INF_kr,INF_sk,SUP_avg,SUP_sd,SUP_r1,SUP_kr,SUP_sk,INC_avg,INC_sd,INC_r1,INC_kr,INC_sk,IND_avg,IND_sd,IND_r1,IND_kr,IND_sk
instances/A2/asymmetric/10.2.in,0.4540788577,0.2073284393,0.7134064455,1.7449721298,-0.2589777829,0.1427403096,0.1430878828,0.2788660881,3.4703106069,1.2016387966,0.4031808328,0.0920481359,0.7517419944,1.9234832971,0.3701240322,0.1367831432,0.0141414354,-0.2124921099,2.0700270951,-0.6512586985
