Instance,INF_avg,INF_sd,INF_r1,INF_kr,INF_sk,SUP_avg,SUP_sd,SUP_r1,SUP_kr,SUP_sk,INC_avg,INC_sd,INC_r1,INC_kr,INC_sk,IND_avg,IND_sd,IND_r1,IND_kr,IND_sk
instances/A2/asymmetric/50.6.in,0.6712373961,0.1046602010,0.9247214382,2.4630810966,0.3898685615,0.0910491496,0.0501900582,0.9074202210,1.8326585576,-0.2117928685,0.2377134543,0.0613885083,0.9036578006,2.6419284128,-0.3060162953,0.0435663677,0.0097685968,-0.0939630090,8.1739883144,1.9899381533
