Instance,INF_avg,INF_sd,INF_r1,INF_kr,INF_sk,SUP_avg,SUP_sd,SUP_r1,SUP_kr,SUP_sk,INC_avg,INC_sd,INC_r1,INC_kr,INC_sk,IND_avg,IND_sd,IND_r1,IND_kr,IND_sk
instances/A2/symmetric/8.6.in,0.3063908046,0.1530097816,0.3740544720,1.6367738302,0.0679609570,0.3054127482,0.1315801179,0.3615783156,1.9061976520,0.3120830609,0.3881964472,0.0356409784,-0.1590135555,2.1319458581,0.5002857000,0.1615715778,0.0093791315,0.2734266411,1.2431286240,0.1239066318
