Instance,INF_avg,INF_sd,INF_r1,INF_kr,INF_sk,SUP_avg,SUP_sd,SUP_r1,SUP_kr,SUP_sk,INC_avg,INC_sd,INC_r1,INC_kr,INC_sk,IND_avg,IND_sd,IND_r1,IND_kr,IND_sk
instances/A2/symmetric/10.3.in,0.7536842105,0.0567250256,-0.6666666667,1.1666666667,-0.4082482905,0.0315789474,0.0421052632,-0.7741935484,2.0781250000,0.8437500000,0.2147368421,0.0245513764,-0.3831360947,3.1040224913,1.4035141564,0.2136842105,0.0467918121,-0.0422853910,2.7229517366,0.9063773290
