Instance,INF_avg,INF_sd,INF_r1,INF_kr,INF_sk,SUP_avg,SUP_sd,SUP_r1,SUP_kr,SUP_sk,INC_avg,INC_sd,INC_r1,INC_kr,INC_sk,IND_avg,IND_sd,IND_r1,IND_kr,IND_sk
instances/A1/symmetric/10.5.in,0.4527357952,0.0682125317,0.0560130066,3.8547329884,1.2946221272,0.1511048864,0.0549587203,0.3969345532,1.9131094141,0.4883895019,0.3961593184,0.0489677508,-0.2023932060,3.3081748980,-0.6984000560,0.1516395020,0.0323565193,-0.0164691081,1.5288246643,0.2195285726
