Instance,INF_avg,INF_sd,INF_r1,INF_kr,INF_sk,SUP_avg,SUP_sd,SUP_r1,SUP_kr,SUP_sk,INC_avg,INC_sd,INC_r1,INC_kr,INC_sk,IND_avg,IND_sd,IND_r1,IND_kr,IND_sk
instances/A2/asymmetric/200.1.in,0.2865000000,0.0595000000,0.4846386235,2.3937971920,-0.2734317652,0.2385000000,0.0251047804,0.3063490134,2.7562173892,-0.6950954310,0.4750000000,0.0406201920,0.5160256410,1.8619834711,0.4095589609,0.0480000000,0.0140000000,0.0576766856,2.3792690546,0.7685860058
