Instance,INF_avg,INF_sd,INF_r1,INF_kr,INF_sk,SUP_avg,SUP_sd,SUP_r1,SUP_kr,SUP_sk,INC_avg,INC_sd,INC_r1,INC_kr,INC_sk,IND_avg,IND_sd,IND_r1,IND_kr,IND_sk
instances/A2/asymmetric/200.1.in,0.3830000000,0.0360555128,0.0692120428,2.1770579882,-0.4700444124,0.1992000000,0.0229643202,-0.1057321448,2.3096817625,0.2391465785,0.4178000000,0.0236676995,0.0724153148,2.7418715231,-0.2879305170,0.0570000000,0.0120830460,-0.2236166572,4.7092325014,1.0237371471
