Instance,INF_avg,INF_sd,INF_r1,INF_kr,INF_sk,SUP_avg,SUP_sd,SUP_r1,SUP_kr,SUP_sk,INC_avg,INC_sd,INC_r1,INC_kr,INC_sk,IND_avg,IND_sd,IND_r1,IND_kr,IND_sk
instances/A1/symmetric/100.1.in,0.3724000000,0.0637749167,0.2258990762,3.7165884732,-1.0646331626,0.1642000000,0.0460582240,0.7031279490,2.1570165187,-0.2477658039,0.4634000000,0.0655472349,0.5538357526,3.5578130283,1.0970892313,0.0733000000,0.0142691976,0.3926288692,4.2400805074,0.7368554651
