Instance,INF_avg,INF_sd,INF_r1,INF_kr,INF_sk,SUP_avg,SUP_sd,SUP_r1,SUP_kr,SUP_sk,INC_avg,INC_sd,INC_r1,INC_kr,INC_sk,IND_avg,IND_sd,IND_r1,IND_kr,IND_sk
instances/A1/asymmetric/8.2.in,0.5996703297,0.1058966947,0.4438183725,2.0631718266,-0.1580568396,0.1765567766,0.0973672952,-0.0512738149,2.6798982420,-0.7806767409,0.2237728938,0.0468212115,-0.3581713036,2.9465708498,-1.2460575218,0.2371062271,0.0221724005,0.5912441007,2.2248651486,-0.4287952222
