Instance,INF_avg,INF_sd,INF_r1,INF_kr,INF_sk,SUP_avg,SUP_sd,SUP_r1,SUP_kr,SUP_sk,INC_avg,INC_sd,INC_r1,INC_kr,INC_sk,IND_avg,IND_sd,IND_r1,IND_kr,IND_sk
instances/A3/symmetric/100.1.in,0.4330000000,0.0401372645,0.8873678111,1.6197175609,-0.1759325805,0.1145000000,0.0335000000,0.8536356284,1.8553576746,0.7326965085,0.4525000000,0.0179234483,0.1841584158,1.9498402701,-0.3321518987,0.0680000000,0.0130766968,0.4011544012,1.7809582436,0.0040248374
