Instance,INF_avg,INF_sd,INF_r1,INF_kr,INF_sk,SUP_avg,SUP_sd,SUP_r1,SUP_kr,SUP_sk,INC_avg,INC_sd,INC_r1,INC_kr,INC_sk,IND_avg,IND_sd,IND_r1,IND_kr,IND_sk
instances/A2/asymmetric/5.2.in,0.3000000000,0.1494434118,-0.4922480620,1.9074404099,-0.1964170483,0.2666666667,0.1173787791,-0.7924528302,1.9380853278,0.7420146544,0.4333333333,0.0658280589,0.4047619048,2.1449704142,0.0194757571,0.3233333333,0.0553774924,0.2961342086,2.0527725268,0.5312680038
