Instance,INF_avg,INF_sd,INF_r1,INF_kr,INF_sk,SUP_avg,SUP_sd,SUP_r1,SUP_kr,SUP_sk,INC_avg,INC_sd,INC_r1,INC_kr,INC_sk,IND_avg,IND_sd,IND_r1,IND_kr,IND_sk
instances/A3/asymmetric/20.5.in,0.4382156063,0.0327980590,0.2297669748,1.8593938596,-0.7227865458,0.1134552603,0.0182603011,0.3315258814,1.2942798647,0.3321722008,0.4483291334,0.0160187906,0.0218595146,2.7538966456,1.1595439136,0.0574546021,0.0056832895,-0.5064799309,2.1487236773,-0.7136058017
