Instance,INF_avg,INF_sd,INF_r1,INF_kr,INF_sk,SUP_avg,SUP_sd,SUP_r1,SUP_kr,SUP_sk,INC_avg,INC_sd,INC_r1,INC_kr,INC_sk,IND_avg,IND_sd,IND_r1,IND_kr,IND_sk
instances/A3/symmetric/200.4.in,0.2686000000,0.0300256557,-0.0206618151,2.5707419035,-0.1151039956,0.1546500000,0.0290452664,0.2035943556,2.4737683116,0.3862569015,0.5767500000,0.0390792464,0.0911392290,2.4069904005,-0.0815471641,0.0763500000,0.0188129610,0.3454528062,3.1249684792,0.3267114218
