Instance,INF_avg,INF_sd,INF_r1,INF_kr,INF_sk,SUP_avg,SUP_sd,SUP_r1,SUP_kr,SUP_sk,INC_avg,INC_sd,INC_r1,INC_kr,INC_sk,IND_avg,IND_sd,IND_r1,IND_kr,IND_sk
instances/A3/asymmetric/10.4.in,0.6022287142,0.0526776632,0.0134466824,2.3005017451,0.4544543025,0.0954253868,0.0436446130,-0.1217045213,2.0155034610,0.4237400659,0.3023458991,0.0271819759,0.4283561517,2.2677847563,-0.0134301878,0.1815331969,0.0300420712,-0.0653350020,3.4801134814,1.1070395712
