Instance,INF_avg,INF_sd,INF_r1,INF_kr,INF_sk,SUP_avg,SUP_sd,SUP_r1,SUP_kr,SUP_sk,INC_avg,INC_sd,INC_r1,INC_kr,INC_sk,IND_avg,IND_sd,IND_r1,IND_kr,IND_sk
instances/A2/symmetric/100.2.in,0.3761000000,0.0382856370,0.1496153410,2.8058854470,-0.0357445533,0.2113500000,0.0324025848,0.4175691181,2.3340968487,-0.0200149750,0.4125500000,0.0349105643,0.3013038127,2.5958774321,0.1265948156,0.0588000000,0.0118768683,0.0191527002,2.5820522901,0.2593748951
