Instance,INF_avg,INF_sd,INF_r1,INF_kr,INF_sk,SUP_avg,SUP_sd,SUP_r1,SUP_kr,SUP_sk,INC_avg,INC_sd,INC_r1,INC_kr,INC_sk,IND_avg,IND_sd,IND_r1,IND_kr,IND_sk
instances/A1/symmetric/20.3.in,0.4993780538,0.0972411558,0.6421221386,2.1962434362,0.7739830477,0.1458676817,0.0657279352,0.8408632793,2.1321693140,0.0775613585,0.3547542646,0.0412814790,0.3233450520,2.2642391634,-0.9526255809,0.0548660631,0.0066963884,-0.2367690183,2.5432030693,-0.9699290524
