Instance,INF_avg,INF_sd,INF_r1,INF_kr,INF_sk,SUP_avg,SUP_sd,SUP_r1,SUP_kr,SUP_sk,INC_avg,INC_sd,INC_r1,INC_kr,INC_sk,IND_avg,IND_sd,IND_r1,IND_kr,IND_sk
instances/A1/asymmetric/8.5.in,0.3693040293,0.0551918268,-0.5034702104,2.6782226606,-0.9999262488,0.1602930403,0.0812680435,-0.2408825120,2.4881581255,0.4757498867,0.4704029304,0.0294377900,-0.0972837956,2.6712967704,0.7886183970,0.2109157509,0.0346330362,-0.4879927327,1.9237825109,0.4074568186
