Instance,INF_avg,INF_sd,INF_r1,INF_kr,INF_sk,SUP_avg,SUP_sd,SUP_r1,SUP_kr,SUP_sk,INC_avg,INC_sd,INC_r1,INC_kr,INC_sk,IND_avg,IND_sd,IND_r1,IND_kr,IND_sk
instances/A2/symmetric/10.3.in,0.5359259259,0.0531045763,-0.0478818137,2.3285264796,0.7367979176,0.1098692810,0.0213300331,-0.2780669349,2.7359270514,1.0836893303,0.3542047930,0.0603495808,-0.1833072481,1.7804935595,-0.3051515606,0.1416339869,0.0313721065,-0.0817044660,1.3115543242,-0.1694001875
