Instance,INF_avg,INF_sd,INF_r1,INF_kr,INF_sk,SUP_avg,SUP_sd,SUP_r1,SUP_kr,SUP_sk,INC_avg,INC_sd,INC_r1,INC_kr,INC_sk,IND_avg,IND_sd,IND_r1,IND_kr,IND_sk
instances/A2/asymmetric/8.6.in,0.4388685389,0.0746431201,0.9383090871,4.0674834824,1.2683403305,0.2301180301,0.0721649482,0.6120237391,1.5508557342,0.2762998224,0.3310134310,0.0434573529,-0.5035537103,2.8991428480,-0.7357533351,0.2228734229,0.0247656320,0.3555463990,2.2179645125,0.0945338140
