Instance,INF_avg,INF_sd,INF_r1,INF_kr,INF_sk,SUP_avg,SUP_sd,SUP_r1,SUP_kr,SUP_sk,INC_avg,INC_sd,INC_r1,INC_kr,INC_sk,IND_avg,IND_sd,IND_r1,IND_kr,IND_sk
instances/A2/symmetric/20.2.in,0.4366214514,0.0390870905,0.5323077614,2.2837724458,-0.7158338077,0.3160749463,0.0408306552,0.5930889218,1.5184808789,-0.0418732150,0.2473036023,0.0122306391,-0.0047163582,1.3138849803,-0.4075937701,0.0575575981,0.0014670588,0.0022644162,2.2448851840,-0.8668844238
