Instance,INF_avg,INF_sd,INF_r1,INF_kr,INF_sk,SUP_avg,SUP_sd,SUP_r1,SUP_kr,SUP_sk,INC_avg,INC_sd,INC_r1,INC_kr,INC_sk,IND_avg,IND_sd,IND_r1,IND_kr,IND_sk
instances/A3/asymmetric/50.5.in,0.2420000000,0.0136381817,-0.1323155216,1.8950745751,0.7001217104,0.1530000000,0.0169115345,0.0054249548,2.8309697296,1.0904131386,0.6050000000,0.0200000000,-0.6136363636,1.6281250000,0.2812500000,0.0710000000,0.0200997512,-0.0689836756,1.3629301049,0.4078667295
