Instance,INF_avg,INF_sd,INF_r1,INF_kr,INF_sk,SUP_avg,SUP_sd,SUP_r1,SUP_kr,SUP_sk,INC_avg,INC_sd,INC_r1,INC_kr,INC_sk,IND_avg,IND_sd,IND_r1,IND_kr,IND_sk
instances/A3/symmetric/10.1.in,0.5250000000,0.0223606798,0.6666666667,1.2500000000,0.0000000000,0.1550000000,0.0781024968,0.1649377593,2.6453238377,0.9949095260,0.3200000000,0.0620483682,-0.1016949153,2.9432450666,-1.2621071359,0.1500000000,0.0273861279,0.2000000000,2.5000000000,0.9128709292
