Instance,INF_avg,INF_sd,INF_r1,INF_kr,INF_sk,SUP_avg,SUP_sd,SUP_r1,SUP_kr,SUP_sk,INC_avg,INC_sd,INC_r1,INC_kr,INC_sk,IND_avg,IND_sd,IND_r1,IND_kr,IND_sk
instances/A2/asymmetric/5.1.in,0.2400000000,0.1162373052,-0.6981132075,1.7957063712,-0.0543353054,0.3033333333,0.1013245610,-0.4727913637,1.9330269298,-0.6212089380,0.4566666667,0.0466666667,-0.0556127703,2.0005206164,0.4067055394,0.2766666667,0.0290593263,-0.4150943396,3.0422437673,1.3040473294
