Instance,INF_avg,INF_sd,INF_r1,INF_kr,INF_sk,SUP_avg,SUP_sd,SUP_r1,SUP_kr,SUP_sk,INC_avg,INC_sd,INC_r1,INC_kr,INC_sk,IND_avg,IND_sd,IND_r1,IND_kr,IND_sk
instances/A1/asymmetric/5.1.in,0.3814814815,0.0831891757,-0.1099611902,1.6921409004,-0.2996484109,0.1888888889,0.0915122156,-0.2048085485,4.4618953329,1.5372487686,0.4296296296,0.0625805380,0.0812610143,2.2628335087,-0.1436042740,0.3648148148,0.0766228180,-0.1113651449,2.8033207049,-0.7280451842
