Instance,INF_avg,INF_sd,INF_r1,INF_kr,INF_sk,SUP_avg,SUP_sd,SUP_r1,SUP_kr,SUP_sk,INC_avg,INC_sd,INC_r1,INC_kr,INC_sk,IND_avg,IND_sd,IND_r1,IND_kr,IND_sk
instances/A1/asymmetric/50.6.in,0.3540500000,0.0496371585,0.5139441597,2.5850030700,0.1063511374,0.1943000000,0.0442041853,0.5540704687,2.1411338299,-0.1648181389,0.4516500000,0.0339562586,0.2478875249,3.1271629941,0.0365691016,0.0554000000,0.0159949992,0.4403717404,2.7581261946,0.4350826309
