Instance,INF_avg,INF_sd,INF_r1,INF_kr,INF_sk,SUP_avg,SUP_sd,SUP_r1,SUP_kr,SUP_sk,INC_avg,INC_sd,INC_r1,INC_kr,INC_sk,IND_avg,IND_sd,IND_r1,IND_kr,IND_sk
instances/A2/symmetric/5.4.in,0.3456790123,0.0917658565,0.3947103275,1.1216447247,0.0500699885,0.1790123457,0.0926954162,0.4334732165,2.5447293769,-0.2643775115,0.4753086420,0.0710547187,0.2426689333,2.6097330011,-0.4025729163,0.3364197531,0.0461933011,-0.0183622829,4.6841517857,0.6932088462
