Instance,INF_avg,INF_sd,INF_r1,INF_kr,INF_sk,SUP_avg,SUP_sd,SUP_r1,SUP_kr,SUP_sk,INC_avg,INC_sd,INC_r1,INC_kr,INC_sk,IND_avg,IND_sd,IND_r1,IND_kr,IND_sk
instances/A1/asymmetric/10.6.in,0.4790123457,0.0902301499,0.4327870568,1.9906978834,0.1664684167,0.1114197531,0.0689481581,0.3209548301,1.7896678744,-0.1692294228,0.4095679012,0.0539920597,0.1415430967,6.0039677820,2.0934834814,0.1783950617,0.0451483186,0.0837780122,4.0585477628,0.2205001493
