Instance,INF_avg,INF_sd,INF_r1,INF_kr,INF_sk,SUP_avg,SUP_sd,SUP_r1,SUP_kr,SUP_sk,INC_avg,INC_sd,INC_r1,INC_kr,INC_sk,IND_avg,IND_sd,IND_r1,IND_kr,IND_sk
instances/A2/asymmetric/10.5.in,0.5566262904,0.0857776030,0.6293911422,2.1256226045,0.6664523567,0.1681588093,0.1072625932,0.6951711921,1.8031401938,-0.4568906403,0.2752149003,0.0275258360,0.4409668908,1.6163338808,-0.0171981722,0.1682269584,0.0781045427,0.6974488377,2.0637085703,0.8010047881
