Instance,INF_avg,INF_sd,INF_r1,INF_kr,INF_sk,SUP_avg,SUP_sd,SUP_r1,SUP_kr,SUP_sk,INC_avg,INC_sd,INC_r1,INC_kr,INC_sk,IND_avg,IND_sd,IND_r1,IND_kr,IND_sk
instances/A1/asymmetric/8.3.in,0.5285714286,0.0744510438,0.3872222222,2.1057396694,0.4212652336,0.1394790395,0.0581724188,0.0033786067,4.5960183091,-0.9759210717,0.3319495319,0.0948103757,0.2347297984,1.9790929057,0.2469453571,0.2709096459,0.1330221012,0.2394058221,5.6442033184,2.0014345315
