Instance,INF_avg,INF_sd,INF_r1,INF_kr,INF_sk,SUP_avg,SUP_sd,SUP_r1,SUP_kr,SUP_sk,INC_avg,INC_sd,INC_r1,INC_kr,INC_sk,IND_avg,IND_sd,IND_r1,IND_kr,IND_sk
instances/A1/asymmetric/8.3.in,0.5780952381,0.0597500463,-0.2147584081,1.6929027551,0.0746188295,0.1295238095,0.0758564105,0.0134500698,2.5395452644,-0.4080945065,0.2923809524,0.1074798932,0.0015508032,2.9607210095,1.2399061974,0.3307142857,0.1542452916,0.1387700369,2.8186881840,1.1810685866
