Instance,INF_avg,INF_sd,INF_r1,INF_kr,INF_sk,SUP_avg,SUP_sd,SUP_r1,SUP_kr,SUP_sk,INC_avg,INC_sd,INC_r1,INC_kr,INC_sk,IND_avg,IND_sd,IND_r1,IND_kr,IND_sk
instances/A1/symmetric/20.2.in,0.6138426129,0.1451026052,0.8473566909,2.5794340990,-0.0696561624,0.0649385684,0.0700560664,0.8072317643,4.0519063971,1.4129454270,0.3212188188,0.0968044414,0.6848176143,3.0514033748,-0.8638001364,0.1133415551,0.0339261807,0.3273130917,3.7627936210,0.9610936395
