Instance,INF_avg,INF_sd,INF_r1,INF_kr,INF_sk,SUP_avg,SUP_sd,SUP_r1,SUP_kr,SUP_sk,INC_avg,INC_sd,INC_r1,INC_kr,INC_sk,IND_avg,IND_sd,IND_r1,IND_kr,IND_sk
instances/A1/symmetric/20.2.in,0.5831278213,0.1253988150,0.8409911620,2.6834384857,-0.3180279914,0.0714682540,0.0724587419,0.8156979797,3.5215371207,1.2311472256,0.3454039247,0.0706140316,0.6929509095,2.3371224446,-0.4290960984,0.1114013377,0.0321091846,0.6885023850,3.6297132086,0.7790800380
