Instance,INF_avg,INF_sd,INF_r1,INF_kr,INF_sk,SUP_avg,SUP_sd,SUP_r1,SUP_kr,SUP_sk,INC_avg,INC_sd,INC_r1,INC_kr,INC_sk,IND_avg,IND_sd,IND_r1,IND_kr,IND_sk
instances/A2/symmetric/20.2.in,0.4971180175,0.0265940826,-0.6405936008,1.6331411017,-0.3787911897,0.1910365084,0.0261591645,-0.6630436694,2.3409282248,-0.0949563027,0.3118454741,0.0232246775,0.1911991432,1.3232190525,0.2935189962,0.0382409191,0.0053625370,-0.4978717216,1.7220234508,0.1904994616
