Instance,INF_avg,INF_sd,INF_r1,INF_kr,INF_sk,SUP_avg,SUP_sd,SUP_r1,SUP_kr,SUP_sk,INC_avg,INC_sd,INC_r1,INC_kr,INC_sk,IND_avg,IND_sd,IND_r1,IND_kr,IND_sk
instances/A2/symmetric/20.2.in,0.5016633519,0.0275807194,-0.4547262082,1.8761323993,-0.1602352021,0.1921389655,0.0246478678,-0.5430946996,2.2481043504,-0.0385912222,0.3061976826,0.0201885455,0.3285565833,2.2522673972,0.8796635476,0.0409131914,0.0056338706,0.0084175290,1.8296222505,-0.4563925730
