Instance,INF_avg,INF_sd,INF_r1,INF_kr,INF_sk,SUP_avg,SUP_sd,SUP_r1,SUP_kr,SUP_sk,INC_avg,INC_sd,INC_r1,INC_kr,INC_sk,IND_avg,IND_sd,IND_r1,IND_kr,IND_sk
instances/A3/symmetric/10.6.in,0.3529982363,0.0492468862,0.2741716939,2.1490344950,0.7203466617,0.1520156211,0.0630401297,0.5201302144,2.7261685927,0.9377746760,0.4949861426,0.0740768849,0.4813744065,1.4007670828,0.1049014759,0.1476820358,0.0421298103,-0.3351482573,3.2924295298,-0.3131257524
