Instance,INF_avg,INF_sd,INF_r1,INF_kr,INF_sk,SUP_avg,SUP_sd,SUP_r1,SUP_kr,SUP_sk,INC_avg,INC_sd,INC_r1,INC_kr,INC_sk,IND_avg,IND_sd,IND_r1,IND_kr,IND_sk
instances/A3/symmetric/10.6.in,0.3618367347,0.0544542420,0.7415798673,1.7123108976,0.5944005059,0.1138095238,0.0245083074,0.7287515439,1.6469802214,0.2481911334,0.5243537415,0.0776087624,0.8318939160,1.6351123813,-0.5972915218,0.1420181406,0.0171569487,-0.1682939708,2.5859744718,-0.7691450330
