Instance,INF_avg,INF_sd,INF_r1,INF_kr,INF_sk,SUP_avg,SUP_sd,SUP_r1,SUP_kr,SUP_sk,INC_avg,INC_sd,INC_r1,INC_kr,INC_sk,IND_avg,IND_sd,IND_r1,IND_kr,IND_sk
instances/A2/symmetric/200.2.in,0.3829500000,0.0414252037,0.4960818960,3.4833173255,0.0444670587,0.2354000000,0.0442022624,0.6500665639,2.5002278720,0.2941941591,0.3816500000,0.0338530279,0.3017187683,3.1256350978,0.0594492207,0.0570500000,0.0117918404,0.3335280879,2.1945076500,0.1174004062
