Instance,INF_avg,INF_sd,INF_r1,INF_kr,INF_sk,SUP_avg,SUP_sd,SUP_r1,SUP_kr,SUP_sk,INC_avg,INC_sd,INC_r1,INC_kr,INC_sk,IND_avg,IND_sd,IND_r1,IND_kr,IND_sk
instances/A1/asymmetric/8.2.in,0.5549043549,0.0706889996,-0.2046848325,5.6900922784,-1.9788837758,0.1185999186,0.0504658513,0.6643644024,3.2594859808,1.1130535813,0.3264957265,0.0444263270,-0.2703705759,1.7879554441,0.1572466013,0.1638176638,0.0289759709,0.1734112426,1.5943986670,-0.1852851512
