Instance,INF_avg,INF_sd,INF_r1,INF_kr,INF_sk,SUP_avg,SUP_sd,SUP_r1,SUP_kr,SUP_sk,INC_avg,INC_sd,INC_r1,INC_kr,INC_sk,IND_avg,IND_sd,IND_r1,IND_kr,IND_sk
instances/A2/symmetric/200.3.in,0.3340000000,0.0156204994,-0.0205391528,1.8390889546,-0.2077975592,0.2000000000,0.0054772256,0.0000000000,2.5000000000,0.9128709292,0.4660000000,0.0171464282,-0.1079077430,1.4582118562,0.1273544230,0.0560000000,0.0048989795,0.0336134454,2.7291666667,0.8675276172
