Instance,INF_avg,INF_sd,INF_r1,INF_kr,INF_sk,SUP_avg,SUP_sd,SUP_r1,SUP_kr,SUP_sk,INC_avg,INC_sd,INC_r1,INC_kr,INC_sk,IND_avg,IND_sd,IND_r1,IND_kr,IND_sk
instances/A1/symmetric/100.4.in,0.4163500000,0.0712069344,0.5807759523,2.6147670090,0.0942074397,0.1523000000,0.0428160017,0.5218423395,2.4066047071,0.1766283144,0.4313500000,0.0469140437,0.4301974189,3.3829755730,0.2209351975,0.0683500000,0.0114248632,0.1443121480,2.4943554915,0.0666237460
