Instance,INF_avg,INF_sd,INF_r1,INF_kr,INF_sk,SUP_avg,SUP_sd,SUP_r1,SUP_kr,SUP_sk,INC_avg,INC_sd,INC_r1,INC_kr,INC_sk,IND_avg,IND_sd,IND_r1,IND_kr,IND_sk
instances/A3/asymmetric/10.5.in,0.5599293884,0.1426611827,0.8207037615,2.2580784035,-0.7877038626,0.0752245805,0.0471005249,0.4959445563,1.8137888866,-0.3660426107,0.3648460312,0.1051124771,0.6174791750,2.7884053379,1.1289693079,0.2418727082,0.0426399766,0.3578314882,1.6058714268,-0.1416329082
