Instance,INF_avg,INF_sd,INF_r1,INF_kr,INF_sk,SUP_avg,SUP_sd,SUP_r1,SUP_kr,SUP_sk,INC_avg,INC_sd,INC_r1,INC_kr,INC_sk,IND_avg,IND_sd,IND_r1,IND_kr,IND_sk
instances/A3/asymmetric/10.5.in,0.4548278178,0.1588641102,0.7588903793,1.4869350377,0.4700468216,0.1113545865,0.0597111049,0.5819921600,2.8151695000,-0.0964508898,0.4338175957,0.1119873732,0.6912404915,1.3815726203,-0.2379560680,0.2256130430,0.0440245197,0.3061613708,1.5411064373,0.3055336634
