Instance,INF_avg,INF_sd,INF_r1,INF_kr,INF_sk,SUP_avg,SUP_sd,SUP_r1,SUP_kr,SUP_sk,INC_avg,INC_sd,INC_r1,INC_kr,INC_sk,IND_avg,IND_sd,IND_r1,IND_kr,IND_sk
instances/A1/asymmetric/5.3.in,0.3444444444,0.0871354841,-0.7781402936,1.2459845330,0.0948589744,0.3111111111,0.0444444444,-0.3157894737,3.2500000000,-1.5000000000,0.3444444444,0.0715783263,-0.3559322034,2.1150384671,-0.5863209393,0.3666666667,0.0408248290,-0.5384615385,1.1666666667,0.4082482905
