Instance,INF_avg,INF_sd,INF_r1,INF_kr,INF_sk,SUP_avg,SUP_sd,SUP_r1,SUP_kr,SUP_sk,INC_avg,INC_sd,INC_r1,INC_kr,INC_sk,IND_avg,IND_sd,IND_r1,IND_kr,IND_sk
instances/A3/asymmetric/8.3.in,0.3708476708,0.1279649817,0.4829998538,2.4661699250,-0.4367444773,0.1195360195,0.0389776601,0.1898266931,2.2966370116,-0.2619738631,0.5096163096,0.1028521911,0.4576160175,1.9513412617,0.3453628301,0.2472268472,0.0308699662,-0.8132569260,2.0813870986,0.1859637615
