Instance,INF_avg,INF_sd,INF_r1,INF_kr,INF_sk,SUP_avg,SUP_sd,SUP_r1,SUP_kr,SUP_sk,INC_avg,INC_sd,INC_r1,INC_kr,INC_sk,IND_avg,IND_sd,IND_r1,IND_kr,IND_sk
instances/A2/symmetric/20.4.in,0.6232569562,0.0366108701,0.0512484073,2.8864982932,-0.8990280038,0.0847410856,0.0229419829,0.3518951054,1.9738288287,-0.0769586650,0.2920019582,0.0457624505,0.1961914152,2.4660349016,0.8716117404,0.0632917381,0.0134222934,-0.1516348282,2.8851182282,0.6394227606
