Instance,INF_avg,INF_sd,INF_r1,INF_kr,INF_sk,SUP_avg,SUP_sd,SUP_r1,SUP_kr,SUP_sk,INC_avg,INC_sd,INC_r1,INC_kr,INC_sk,IND_avg,IND_sd,IND_r1,IND_kr,IND_sk
instances/A2/symmetric/20.4.in,0.6039781329,0.0335479530,-0.4083216393,2.5284718011,-0.5565935394,0.0840018351,0.0240773561,0.7200835780,1.9856431437,-0.3523997685,0.3120200320,0.0459200080,0.2086754112,1.5317162381,0.4083532498,0.0664076178,0.0139757812,-0.0484476266,2.2261103506,0.7404926705
