Instance,INF_avg,INF_sd,INF_r1,INF_kr,INF_sk,SUP_avg,SUP_sd,SUP_r1,SUP_kr,SUP_sk,INC_avg,INC_sd,INC_r1,INC_kr,INC_sk,IND_avg,IND_sd,IND_r1,IND_kr,IND_sk
instances/A3/asymmetric/100.3.in,0.3542000000,0.0395519911,0.1541632566,4.4583737956,-0.7350478830,0.1091000000,0.0228624146,0.2966263022,2.0719279709,0.3083268393,0.5367000000,0.0352506738,0.2673518230,4.0365278868,0.6009947340,0.0920000000,0.0171464282,0.1319730695,2.6870054144,0.1344957925
