Instance,INF_avg,INF_sd,INF_r1,INF_kr,INF_sk,SUP_avg,SUP_sd,SUP_r1,SUP_kr,SUP_sk,INC_avg,INC_sd,INC_r1,INC_kr,INC_sk,IND_avg,IND_sd,IND_r1,IND_kr,IND_sk
instances/A2/asymmetric/8.2.in,0.6178266178,0.0389191147,-0.9972375691,1.5000000000,0.0938713409,0.0415140415,0.0316990354,-0.0288683603,1.5000000000,-0.2817455559,0.3406593407,0.0303536090,-0.5990099010,1.5000000000,0.3479735564,0.1686202686,0.0378435536,-0.1442398160,1.5000000000,-0.6736668966
