Instance,INF_avg,INF_sd,INF_r1,INF_kr,INF_sk,SUP_avg,SUP_sd,SUP_r1,SUP_kr,SUP_sk,INC_avg,INC_sd,INC_r1,INC_kr,INC_sk,IND_avg,IND_sd,IND_r1,IND_kr,IND_sk
instances/A2/symmetric/10.1.in,0.6339181287,0.0643853482,-0.3308651598,2.4144276877,-0.8015855299,0.0580896686,0.0489647508,0.3000509624,2.6918037506,0.8939841889,0.3079922027,0.0418082078,-0.1759737213,1.5338412098,0.0863580540,0.1961013645,0.0683162868,0.2534856518,2.3834182908,0.6564900115
