Instance,INF_avg,INF_sd,INF_r1,INF_kr,INF_sk,SUP_avg,SUP_sd,SUP_r1,SUP_kr,SUP_sk,INC_avg,INC_sd,INC_r1,INC_kr,INC_sk,IND_avg,IND_sd,IND_r1,IND_kr,IND_sk
instances/A2/symmetric/10.1.in,0.6003887053,0.0669134783,0.3359776096,1.5004275563,0.1289702192,0.0835803280,0.0539133650,0.4270699779,2.1988976674,0.3630585669,0.3160309667,0.0435741703,0.0728786803,1.5625432682,0.0957670280,0.1923060440,0.0520175914,0.1254345552,4.2153748081,1.0357354770
