Instance,INF_avg,INF_sd,INF_r1,INF_kr,INF_sk,SUP_avg,SUP_sd,SUP_r1,SUP_kr,SUP_sk,INC_avg,INC_sd,INC_r1,INC_kr,INC_sk,IND_avg,IND_sd,IND_r1,IND_kr,IND_sk
instances/A1/asymmetric/10.3.in,0.5200000000,0.1661324773,0.5484400657,2.1354757404,-0.5809925953,0.0900000000,0.1220655562,0.7657913414,1.9952704833,0.8511214852,0.3900000000,0.0830662386,-0.0180623974,1.4738500315,0.1884300309,0.3700000000,0.0640312424,0.1689750693,2.2944675788,0.3656751498
