Instance,INF_avg,INF_sd,INF_r1,INF_kr,INF_sk,SUP_avg,SUP_sd,SUP_r1,SUP_kr,SUP_sk,INC_avg,INC_sd,INC_r1,INC_kr,INC_sk,IND_avg,IND_sd,IND_r1,IND_kr,IND_sk
instances/A3/asymmetric/100.2.in,0.3980000000,0.0186010752,0.5625889047,1.3849610745,0.3859556859,0.1180000000,0.0174928557,0.4168260038,1.3717160067,-0.1972794182,0.4840000000,0.0058309519,-0.6233766234,2.6660899654,1.1500493357,0.0750000000,0.0070710678,0.1666666667,1.7000000000,-0.0000000000
