Instance,INF_avg,INF_sd,INF_r1,INF_kr,INF_sk,SUP_avg,SUP_sd,SUP_r1,SUP_kr,SUP_sk,INC_avg,INC_sd,INC_r1,INC_kr,INC_sk,IND_avg,IND_sd,IND_r1,IND_kr,IND_sk
instances/A1/asymmetric/10.1.in,0.6444834308,0.0277719703,-0.0388832382,3.2450762606,1.4963062855,0.1372319688,0.0735241720,-0.0317253235,2.7870290210,-0.9820316864,0.2182846004,0.0484405105,-0.0221524515,2.4988456419,0.3514970546,0.1781286550,0.0711257295,-0.2620935314,2.0491762527,0.6858129332
