Instance,INF_avg,INF_sd,INF_r1,INF_kr,INF_sk,SUP_avg,SUP_sd,SUP_r1,SUP_kr,SUP_sk,INC_avg,INC_sd,INC_r1,INC_kr,INC_sk,IND_avg,IND_sd,IND_r1,IND_kr,IND_sk
instances/A1/symmetric/50.6.in,0.4632000000,0.1083824709,0.8261140537,2.3426985531,0.4878661686,0.1539000000,0.0544361093,0.7327296638,1.9582751151,-0.1175210125,0.3829000000,0.0680521124,0.7799964949,2.2303091134,-0.3212140856,0.0530000000,0.0138202750,0.1771422585,2.6401962665,0.0943298831
