Instance,INF_avg,INF_sd,INF_r1,INF_kr,INF_sk,SUP_avg,SUP_sd,SUP_r1,SUP_kr,SUP_sk,INC_avg,INC_sd,INC_r1,INC_kr,INC_sk,IND_avg,IND_sd,IND_r1,IND_kr,IND_sk
instances/A2/symmetric/20.3.in,0.3745522976,0.0582146208,0.7569648676,3.3938859588,-0.8928003648,0.2814966592,0.0724400688,0.5841977293,2.8539893385,0.8416492802,0.3439510432,0.0325478881,-0.2346030786,1.9647539972,-0.3212828671,0.0618895230,0.0094649552,0.3003927928,2.4758058409,0.7621492274
