Instance,INF_avg,INF_sd,INF_r1,INF_kr,INF_sk,SUP_avg,SUP_sd,SUP_r1,SUP_kr,SUP_sk,INC_avg,INC_sd,INC_r1,INC_kr,INC_sk,IND_avg,IND_sd,IND_r1,IND_kr,IND_sk
instances/A2/symmetric/20.3.in,0.4187628866,0.0214809345,-0.2283372111,2.6375180890,1.0247301605,0.2376315094,0.0363452079,-0.1248592618,1.8136437726,0.1923853252,0.3436056040,0.0292095029,-0.3562232457,2.8215410111,-1.0387441073,0.0607137193,0.0089513880,0.2428993816,2.6340425550,1.0030857176
