Instance,INF_avg,INF_sd,INF_r1,INF_kr,INF_sk,SUP_avg,SUP_sd,SUP_r1,SUP_kr,SUP_sk,INC_avg,INC_sd,INC_r1,INC_kr,INC_sk,IND_avg,IND_sd,IND_r1,IND_kr,IND_sk
instances/A2/asymmetric/10.4.in,0.3010489510,0.0555897874,-0.4190904938,1.4871264351,0.2490834458,0.3279720280,0.0855573758,-0.5305111696,1.8065368709,0.3212998256,0.3709790210,0.0419452195,0.0902214022,3.0903867298,-1.3799188991,0.0814685315,0.0130640152,0.0742915871,2.3608447385,-0.9876748773
