Instance,INF_avg,INF_sd,INF_r1,INF_kr,INF_sk,SUP_avg,SUP_sd,SUP_r1,SUP_kr,SUP_sk,INC_avg,INC_sd,INC_r1,INC_kr,INC_sk,IND_avg,IND_sd,IND_r1,IND_kr,IND_sk
instances/A2/symmetric/200.6.in,0.3100000000,0.0223606798,-0.2023809524,1.6820000000,0.4024922359,0.1950000000,0.0270185122,0.4363636364,1.9933383374,0.5019389576,0.4950000000,0.0304959014,-0.5465116279,2.0629552549,0.4231134424,0.0560000000,0.0086023253,0.0963855422,1.9945215486,0.3958703373
