Instance,INF_avg,INF_sd,INF_r1,INF_kr,INF_sk,SUP_avg,SUP_sd,SUP_r1,SUP_kr,SUP_sk,INC_avg,INC_sd,INC_r1,INC_kr,INC_sk,IND_avg,IND_sd,IND_r1,IND_kr,IND_sk
instances/A1/asymmetric/20.3.in,0.7264480312,0.0540391059,0.4724351687,1.1922279144,0.3729271508,0.0293656554,0.0222474904,0.3337976469,2.3347710472,0.5124742397,0.2441863134,0.0385204811,0.2257236592,1.3614846137,-0.2122429169,0.1135650045,0.0333560321,-0.7855940706,3.1412295508,1.4091359950
