Instance,INF_avg,INF_sd,INF_r1,INF_kr,INF_sk,SUP_avg,SUP_sd,SUP_r1,SUP_kr,SUP_sk,INC_avg,INC_sd,INC_r1,INC_kr,INC_sk,IND_avg,IND_sd,IND_r1,IND_kr,IND_sk
instances/A1/asymmetric/5.2.in,0.4677777778,0.1292141490,0.4546979866,2.0527725268,-0.5312680038,0.0777777778,0.0666666667,0.2672413793,1.3981481481,-0.1111111111,0.4544444444,0.0674399596,0.4510475423,2.8383245446,1.1843620102,0.4044444444,0.0407340062,-0.9817073171,2.2295918367,-0.6858276550
