Instance,INF_avg,INF_sd,INF_r1,INF_kr,INF_sk,SUP_avg,SUP_sd,SUP_r1,SUP_kr,SUP_sk,INC_avg,INC_sd,INC_r1,INC_kr,INC_sk,IND_avg,IND_sd,IND_r1,IND_kr,IND_sk
instances/A2/symmetric/10.3.in,0.3076851875,0.0682170257,0.6689283112,1.5174317679,0.1034018628,0.3044890062,0.0581196991,0.5069337650,2.3185319896,0.5368087344,0.3878258063,0.0405791587,0.3619276689,2.1743350621,-0.4375022213,0.1266003060,0.0302554731,0.3418705468,2.5208858782,-0.9824666837
