Instance,INF_avg,INF_sd,INF_r1,INF_kr,INF_sk,SUP_avg,SUP_sd,SUP_r1,SUP_kr,SUP_sk,INC_avg,INC_sd,INC_r1,INC_kr,INC_sk,IND_avg,IND_sd,IND_r1,IND_kr,IND_sk
instances/A1/symmetric/50.5.in,0.5284000000,0.0489840790,0.6257390493,2.0946539639,0.1612414295,0.1202000000,0.0350565258,0.4816657483,2.0130371685,-0.0100360541,0.3514000000,0.0353700438,0.4234634800,2.1109286768,0.1375814431,0.0728000000,0.0105905618,0.4890011942,2.9673133551,0.3332981390
