Instance,INF_avg,INF_sd,INF_r1,INF_kr,INF_sk,SUP_avg,SUP_sd,SUP_r1,SUP_kr,SUP_sk,INC_avg,INC_sd,INC_r1,INC_kr,INC_sk,IND_avg,IND_sd,IND_r1,IND_kr,IND_sk
instances/A2/symmetric/20.3.in,0.6241608354,0.0284417380,-0.4087575741,1.8671999885,-0.7136532584,0.1405110733,0.0329724285,-0.0945521416,2.4510782974,0.2440850898,0.2353280914,0.0157838593,-0.9264081801,1.5416559863,0.4505234601,0.0845911289,0.0046826908,-0.6092877865,2.4443561426,-0.2043973962
