Instance,INF_avg,INF_sd,INF_r1,INF_kr,INF_sk,SUP_avg,SUP_sd,SUP_r1,SUP_kr,SUP_sk,INC_avg,INC_sd,INC_r1,INC_kr,INC_sk,IND_avg,IND_sd,IND_r1,IND_kr,IND_sk
instances/A3/symmetric/50.2.in,0.3910000000,0.0392937654,-1.1368092692,2.7703310827,1.0737177786,0.1630000000,0.0265706605,-0.1812729090,3.0608583650,1.3350472715,0.4460000000,0.0397994975,-0.8593720624,1.3310711279,-0.1392396140,0.0660000000,0.0124096736,-0.5450928382,2.0324675325,-0.6216348580
