Instance,INF_avg,INF_sd,INF_r1,INF_kr,INF_sk,SUP_avg,SUP_sd,SUP_r1,SUP_kr,SUP_sk,INC_avg,INC_sd,INC_r1,INC_kr,INC_sk,IND_avg,IND_sd,IND_r1,IND_kr,IND_sk
instances/A1/asymmetric/50.4.in,0.6890311691,0.1662522805,0.9482697882,2.1339908127,-0.3835289475,0.0296720290,0.0364770745,0.9057973585,5.4162696543,1.7156168893,0.2812968019,0.1353079317,0.9396748036,1.9078507460,0.1349948197,0.0605720158,0.0149137756,0.5133903842,2.3444704554,-0.0088304954
