Instance,INF_avg,INF_sd,INF_r1,INF_kr,INF_sk,SUP_avg,SUP_sd,SUP_r1,SUP_kr,SUP_sk,INC_avg,INC_sd,INC_r1,INC_kr,INC_sk,IND_avg,IND_sd,IND_r1,IND_kr,IND_sk
instances/A1/asymmetric/50.4.in,0.6949336104,0.1670418952,0.9442494154,2.1535146277,-0.4175390008,0.0287250494,0.0362672549,0.9066830268,5.5588699913,1.7507296592,0.2763413402,0.1362253026,0.9339110691,1.9129143852,0.1723684856,0.0605249465,0.0148816708,0.4621375715,2.3283473989,-0.0130901070
