Instance,INF_avg,INF_sd,INF_r1,INF_kr,INF_sk,SUP_avg,SUP_sd,SUP_r1,SUP_kr,SUP_sk,INC_avg,INC_sd,INC_r1,INC_kr,INC_sk,IND_avg,IND_sd,IND_r1,IND_kr,IND_sk
instances/A1/asymmetric/8.2.in,0.1994949495,0.0982651727,0.1408964559,2.3967979433,0.3729164324,0.2584175084,0.0895822235,0.2869922245,2.0117112737,-0.4523946663,0.5420875421,0.0645574057,-0.3130379722,2.3784017214,0.4612922965,0.2135241302,0.0465041418,0.0693347518,2.4625151945,0.2580817350
