Instance,INF_avg,INF_sd,INF_r1,INF_kr,INF_sk,SUP_avg,SUP_sd,SUP_r1,SUP_kr,SUP_sk,INC_avg,INC_sd,INC_r1,INC_kr,INC_sk,IND_avg,IND_sd,IND_r1,IND_kr,IND_sk
instances/A1/asymmetric/200.1.in,0.3331000000,0.0381954186,0.2231435924,2.7468577052,-0.0680593981,0.1796500000,0.0366350583,0.5479273445,2.5755754025,-0.0769179658,0.4872500000,0.0365128402,0.3407479190,2.4802013965,0.0268259039,0.0651500000,0.0162088710,0.3935550150,2.5132866609,0.1474737270
