Instance,INF_avg,INF_sd,INF_r1,INF_kr,INF_sk,SUP_avg,SUP_sd,SUP_r1,SUP_kr,SUP_sk,INC_avg,INC_sd,INC_r1,INC_kr,INC_sk,IND_avg,IND_sd,IND_r1,IND_kr,IND_sk
instances/A2/symmetric/8.6.in,0.3722222222,0.0544331054,-0.4705882353,2.7291666667,0.8675276172,0.1333333333,0.0593171014,-0.1732851986,3.1057248384,1.3703729243,0.4944444444,0.0538631095,-0.0368663594,1.4081032141,-0.3752617726,0.1666666667,0.0496903995,0.0000000000,1.9531250000,0.6288941187
