Instance,INF_avg,INF_sd,INF_r1,INF_kr,INF_sk,SUP_avg,SUP_sd,SUP_r1,SUP_kr,SUP_sk,INC_avg,INC_sd,INC_r1,INC_kr,INC_sk,IND_avg,IND_sd,IND_r1,IND_kr,IND_sk
instances/A1/symmetric/20.1.in,0.3015476190,0.0998241793,0.8359938509,1.6251475927,0.0314170957,0.2448809524,0.0858257377,0.8597258638,1.8787481700,-0.3721952180,0.4535714286,0.0542731815,0.8019279776,2.2862488266,-0.1930075164,0.0689285714,0.0095453625,0.3468759412,2.0055776341,0.0404357894
