Instance,INF_avg,INF_sd,INF_r1,INF_kr,INF_sk,SUP_avg,SUP_sd,SUP_r1,SUP_kr,SUP_sk,INC_avg,INC_sd,INC_r1,INC_kr,INC_sk,IND_avg,IND_sd,IND_r1,IND_kr,IND_sk
instances/A3/symmetric/8.1.in,0.2177421727,0.1172077200,0.6705527935,2.3411774687,0.2698749005,0.1607523511,0.0382183825,0.3523967174,2.7152313223,-0.7144795787,0.6215054762,0.0959866245,0.8635924819,2.4516089893,0.5968125145,0.2529974070,0.0386111306,0.1033736123,2.2727640648,-0.5363078305
