Instance,INF_avg,INF_sd,INF_r1,INF_kr,INF_sk,SUP_avg,SUP_sd,SUP_r1,SUP_kr,SUP_sk,INC_avg,INC_sd,INC_r1,INC_kr,INC_sk,IND_avg,IND_sd,IND_r1,IND_kr,IND_sk
instances/A3/symmetric/8.1.in,0.2969864159,0.0860819754,0.3213481159,2.1969651165,0.3887319992,0.1438996865,0.0374967842,0.2912092757,2.1052997938,-0.5777573900,0.5591138976,0.0502250138,0.2711668521,2.3531683350,-0.0479602087,0.2412539185,0.0469012453,0.0411693103,1.6179131146,0.1566604725
