Instance,INF_avg,INF_sd,INF_r1,INF_kr,INF_sk,SUP_avg,SUP_sd,SUP_r1,SUP_kr,SUP_sk,INC_avg,INC_sd,INC_r1,INC_kr,INC_sk,IND_avg,IND_sd,IND_r1,IND_kr,IND_sk
instances/A1/symmetric/200.1.in,0.3832911392,0.0559548081,0.5042553105,2.5448478303,-0.3282453770,0.1126582278,0.0643508748,0.8199749419,2.3151520883,0.3512594263,0.5040506329,0.0482220336,0.2256803837,2.8302131520,0.1147362989,0.1208860759,0.0287366864,0.4156693337,2.2296463405,-0.0023856109
