Instance,INF_avg,INF_sd,INF_r1,INF_kr,INF_sk,SUP_avg,SUP_sd,SUP_r1,SUP_kr,SUP_sk,INC_avg,INC_sd,INC_r1,INC_kr,INC_sk,IND_avg,IND_sd,IND_r1,IND_kr,IND_sk
instances/A3/asymmetric/5.5.in,0.2022222222,0.1565287021,0.3666629014,1.8199701391,0.1913448160,0.0166666667,0.0333333333,-0.2500000000,3.2500000000,1.5000000000,0.7811111111,0.1649391957,0.4996032981,1.5114794827,0.0450375084,0.5322222222,0.1109109308,-0.4004973849,1.2021822519,0.3458338209
