Instance,INF_avg,INF_sd,INF_r1,INF_kr,INF_sk,SUP_avg,SUP_sd,SUP_r1,SUP_kr,SUP_sk,INC_avg,INC_sd,INC_r1,INC_kr,INC_sk,IND_avg,IND_sd,IND_r1,IND_kr,IND_sk
instances/A2/symmetric/10.6.in,0.5305765041,0.0853591586,0.2161056899,3.7085257645,-0.6784332583,0.1980585137,0.0826760485,0.1238278238,3.4758371221,0.9043565767,0.2713649821,0.0379648148,0.5201337953,2.1013339615,-0.0717437912,0.1217872541,0.0231940258,0.3842904507,2.7119722611,-0.3799255362
