Instance,INF_avg,INF_sd,INF_r1,INF_kr,INF_sk,SUP_avg,SUP_sd,SUP_r1,SUP_kr,SUP_sk,INC_avg,INC_sd,INC_r1,INC_kr,INC_sk,IND_avg,IND_sd,IND_r1,IND_kr,IND_sk
instances/A3/asymmetric/100.4.in,0.2959000000,0.0487718156,0.4066891266,2.6590207132,0.1028273116,0.1334000000,0.0205290039,0.1721118307,3.5985527654,-0.2939282737,0.5707000000,0.0397367588,0.3564763413,2.0706638941,0.0026494014,0.0799000000,0.0139817739,0.0932975351,2.3889841220,0.0205422245
