Instance,INF_avg,INF_sd,INF_r1,INF_kr,INF_sk,SUP_avg,SUP_sd,SUP_r1,SUP_kr,SUP_sk,INC_avg,INC_sd,INC_r1,INC_kr,INC_sk,IND_avg,IND_sd,IND_r1,IND_kr,IND_sk
instances/A1/symmetric/8.5.in,0.0904040404,0.0998979175,0.5029773373,1.1807084845,0.3777855594,0.4631313131,0.0573982733,0.5993320382,1.2345807404,-0.3089506174,0.4464646465,0.0440698169,0.2861598297,1.2893927718,-0.2388407118,0.1500000000,0.0318061545,-1.0187194214,3.0535066217,1.3162288704
