Instance,INF_avg,INF_sd,INF_r1,INF_kr,INF_sk,SUP_avg,SUP_sd,SUP_r1,SUP_kr,SUP_sk,INC_avg,INC_sd,INC_r1,INC_kr,INC_sk,IND_avg,IND_sd,IND_r1,IND_kr,IND_sk
instances/A1/asymmetric/5.4.in,0.5333333333,0.0654204509,-0.0588235294,1.5000000000,-0.4703304603,0.1111111111,0.0907218423,0.0000000000,1.5000000000,0.0000000000,0.3555555556,0.0314269681,-0.5000000000,1.5000000000,0.7071067812,0.3925925926,0.0456623259,-0.5663716814,1.5000000000,-0.2390631469
