Instance,INF_avg,INF_sd,INF_r1,INF_kr,INF_sk,SUP_avg,SUP_sd,SUP_r1,SUP_kr,SUP_sk,INC_avg,INC_sd,INC_r1,INC_kr,INC_sk,IND_avg,IND_sd,IND_r1,IND_kr,IND_sk
instances/A2/symmetric/8.5.in,0.2868686869,0.1145652273,0.1369553395,2.6741838122,1.0009517195,0.2565656566,0.1294408087,0.5416709243,1.4109237878,0.0673706075,0.4565656566,0.0613048935,0.0750334511,1.6995761994,0.5896546243,0.1818181818,0.0391861914,-1.0557324841,1.7248291961,0.2273682294
