Instance,INF_avg,INF_sd,INF_r1,INF_kr,INF_sk,SUP_avg,SUP_sd,SUP_r1,SUP_kr,SUP_sk,INC_avg,INC_sd,INC_r1,INC_kr,INC_sk,IND_avg,IND_sd,IND_r1,IND_kr,IND_sk
instances/A3/symmetric/20.2.in,0.2017590215,0.1154171431,0.7713107416,2.8591405111,0.9281995800,0.1564589224,0.0753832813,0.6810706851,2.5153220756,0.6488595005,0.6417820561,0.0815977087,0.7601105604,1.9695660701,-0.3970436515,0.0785996727,0.0174510753,0.3535489899,4.3395328413,1.1622719779
