Instance,INF_avg,INF_sd,INF_r1,INF_kr,INF_sk,SUP_avg,SUP_sd,SUP_r1,SUP_kr,SUP_sk,INC_avg,INC_sd,INC_r1,INC_kr,INC_sk,IND_avg,IND_sd,IND_r1,IND_kr,IND_sk
instances/A2/asymmetric/50.5.in,0.6170000000,0.0235796522,0.4366464340,1.3595698980,0.3322581814,0.0970000000,0.0102956301,-0.6450777202,1.3209327163,-0.1319482681,0.2860000000,0.0235372046,0.3778486782,2.1171981910,-0.7813116305,0.0620000000,0.0116619038,-0.3412816692,2.8445069204,-1.0554729100
