Instance,INF_avg,INF_sd,INF_r1,INF_kr,INF_sk,SUP_avg,SUP_sd,SUP_r1,SUP_kr,SUP_sk,INC_avg,INC_sd,INC_r1,INC_kr,INC_sk,IND_avg,IND_sd,IND_r1,IND_kr,IND_sk
instances/A3/asymmetric/200.3.in,0.3840000000,0.1009504829,0.8375818097,4.0608203738,1.1819232193,0.1307500000,0.0434647846,0.8325796451,2.6880058566,-0.6066002491,0.4852500000,0.0638215285,0.7121972068,4.5760396920,-1.2062133098,0.0751500000,0.0152554089,0.3382960497,4.0975232451,0.5313610111
