Instance,INF_avg,INF_sd,INF_r1,INF_kr,INF_sk,SUP_avg,SUP_sd,SUP_r1,SUP_kr,SUP_sk,INC_avg,INC_sd,INC_r1,INC_kr,INC_sk,IND_avg,IND_sd,IND_r1,IND_kr,IND_sk
instances/A3/asymmetric/100.3.in,0.3868000000,0.0775613306,0.6461320861,4.1976728436,-0.4906786778,0.1066000000,0.0333982035,0.7581423776,2.1251496800,-0.1600702549,0.5066000000,0.0638626651,0.5045127443,4.2854072106,0.9087358839,0.0728000000,0.0163144108,0.5607415721,3.2922754315,-0.0927391549
