Instance,INF_avg,INF_sd,INF_r1,INF_kr,INF_sk,SUP_avg,SUP_sd,SUP_r1,SUP_kr,SUP_sk,INC_avg,INC_sd,INC_r1,INC_kr,INC_sk,IND_avg,IND_sd,IND_r1,IND_kr,IND_sk
instances/A2/asymmetric/10.1.in,0.4241593503,0.0711550575,0.0546596623,1.7299719701,-0.0961019711,0.2297488226,0.0550071165,0.0490271164,1.5434636651,0.2732975558,0.3460918270,0.0396021199,0.5034663098,2.5111767603,0.9225726099,0.0927408570,0.0228008034,0.4333974601,2.1269107603,0.3843575276
