Instance,INF_avg,INF_sd,INF_r1,INF_kr,INF_sk,SUP_avg,SUP_sd,SUP_r1,SUP_kr,SUP_sk,INC_avg,INC_sd,INC_r1,INC_kr,INC_sk,IND_avg,IND_sd,IND_r1,IND_kr,IND_sk
instances/A2/asymmetric/10.1.in,0.4191383220,0.0831634748,-0.0977672234,1.3708390025,-0.1075935413,0.2114285714,0.0527400010,-0.2996722066,2.3579308467,0.8540071354,0.3694331066,0.0389459066,0.2961620167,1.6625626046,0.1883239408,0.1082993197,0.0179797862,-0.0680249754,1.8019914640,-0.0320500191
