Instance,INF_avg,INF_sd,INF_r1,INF_kr,INF_sk,SUP_avg,SUP_sd,SUP_r1,SUP_kr,SUP_sk,INC_avg,INC_sd,INC_r1,INC_kr,INC_sk,IND_avg,IND_sd,IND_r1,IND_kr,IND_sk
instances/A1/asymmetric/50.2.in,0.3332000000,0.0461276490,0.4315372287,2.8058300649,0.1560973997,0.2269000000,0.0362614120,0.5626048661,2.2535534933,-0.1805636302,0.4399000000,0.0369525371,0.1546921158,2.6468264082,0.4245513532,0.0536000000,0.0131544669,0.3075619513,2.3141248959,0.2985227069
