Instance,INF_avg,INF_sd,INF_r1,INF_kr,INF_sk,SUP_avg,SUP_sd,SUP_r1,SUP_kr,SUP_sk,INC_avg,INC_sd,INC_r1,INC_kr,INC_sk,IND_avg,IND_sd,IND_r1,IND_kr,IND_sk
instances/A1/asymmetric/20.5.in,0.7855533422,0.0942865346,0.4014581994,1.3902829158,-0.3879848937,0.0153459155,0.0106229737,0.6740043395,2.4561739627,0.1915213111,0.1991007424,0.0866763219,0.3262989781,1.4429339314,0.3656308996,0.0998872535,0.0125688822,0.0781201072,3.4163608050,0.8657556127
