Instance,INF_avg,INF_sd,INF_r1,INF_kr,INF_sk,SUP_avg,SUP_sd,SUP_r1,SUP_kr,SUP_sk,INC_avg,INC_sd,INC_r1,INC_kr,INC_sk,IND_avg,IND_sd,IND_r1,IND_kr,IND_sk
instances/A1/asymmetric/5.6.in,0.2839506173,0.1799147116,0.3627814450,2.1890799941,-0.2935316292,0.2080246914,0.1321477929,0.8534373958,2.3679877598,0.8995011830,0.5080246914,0.0838915914,-0.1274270886,2.5692032999,-0.8297339974,0.3567901235,0.0620178399,0.5060549403,1.6604747747,-0.1487043491
