Instance,INF_avg,INF_sd,INF_r1,INF_kr,INF_sk,SUP_avg,SUP_sd,SUP_r1,SUP_kr,SUP_sk,INC_avg,INC_sd,INC_r1,INC_kr,INC_sk,IND_avg,IND_sd,IND_r1,IND_kr,IND_sk
instances/A3/symmetric/50.1.in,0.4010000000,0.0693829950,0.3964264341,1.6900903904,-0.1913656780,0.0890000000,0.0480000000,0.7082959354,1.3216846607,0.1667209201,0.5100000000,0.0382099463,0.0123456790,1.3851097767,0.3549244407,0.0700000000,0.0070710678,0.3000000000,1.7000000000,-0.0000000000
