Instance,INF_avg,INF_sd,INF_r1,INF_kr,INF_sk,SUP_avg,SUP_sd,SUP_r1,SUP_kr,SUP_sk,INC_avg,INC_sd,INC_r1,INC_kr,INC_sk,IND_avg,IND_sd,IND_r1,IND_kr,IND_sk
instances/A1/asymmetric/8.3.in,0.4888888889,0.0955813919,-0.0081967213,1.5000000000,-0.1728005441,0.0555555556,0.0566557724,-0.0754716981,1.5000000000,0.5280049792,0.4555555556,0.0415739710,-0.0588235294,1.5000000000,-0.3818017742,0.2333333333,0.0272165527,-0.5000000000,1.5000000000,0.0000000000
