Instance,INF_avg,INF_sd,INF_r1,INF_kr,INF_sk,SUP_avg,SUP_sd,SUP_r1,SUP_kr,SUP_sk,INC_avg,INC_sd,INC_r1,INC_kr,INC_sk,IND_avg,IND_sd,IND_r1,IND_kr,IND_sk
instances/A1/symmetric/100.2.in,0.3450000000,0.0094868330,-0.5714285714,1.7592592593,0.3513641845,0.1920000000,0.0156843871,-0.6666666667,2.3762641285,0.7946382936,0.4630000000,0.0188679623,-0.7244367418,1.8612864537,-0.1125503367,0.0730000000,0.0067823300,-0.2951807229,2.3638941399,0.7500308204
