Instance,INF_avg,INF_sd,INF_r1,INF_kr,INF_sk,SUP_avg,SUP_sd,SUP_r1,SUP_kr,SUP_sk,INC_avg,INC_sd,INC_r1,INC_kr,INC_sk,IND_avg,IND_sd,IND_r1,IND_kr,IND_sk
instances/A1/symmetric/5.2.in,0.2351851852,0.2307321204,0.9494286819,1.7776233105,0.5078899746,0.1353615520,0.1188187754,0.8228902028,1.4209153226,0.1743092862,0.6294532628,0.1344932771,0.6500650714,2.0895774028,-0.8759061575,0.4195767196,0.0555467365,0.1588073540,4.3529757392,1.3151592044
