Instance,INF_avg,INF_sd,INF_r1,INF_kr,INF_sk,SUP_avg,SUP_sd,SUP_r1,SUP_kr,SUP_sk,INC_avg,INC_sd,INC_r1,INC_kr,INC_sk,IND_avg,IND_sd,IND_r1,IND_kr,IND_sk
instances/A1/asymmetric/8.6.in,0.5440659341,0.1720782904,0.6939029838,1.4258134487,-0.2981008797,0.1901098901,0.1316025001,0.5174765414,1.6565563619,-0.0026419365,0.2658241758,0.0482960608,0.6379074320,1.5906600662,0.1253018425,0.2677472527,0.0601262944,0.1236314304,2.5323840100,0.7161484502
