Instance,INF_avg,INF_sd,INF_r1,INF_kr,INF_sk,SUP_avg,SUP_sd,SUP_r1,SUP_kr,SUP_sk,INC_avg,INC_sd,INC_r1,INC_kr,INC_sk,IND_avg,IND_sd,IND_r1,IND_kr,IND_sk
instances/A2/symmetric/5.1.in,0.4870370370,0.0806778552,-0.2681196148,1.5000000000,0.6447583207,0.0555555556,0.0785674201,-0.2000000000,1.5000000000,0.7071067812,0.4574074074,0.0697339644,-0.8530215609,1.5000000000,0.6769333302,0.3833333333,0.0360041150,-0.6923076923,1.5000000000,-0.5951700641
