Instance,INF_avg,INF_sd,INF_r1,INF_kr,INF_sk,SUP_avg,SUP_sd,SUP_r1,SUP_kr,SUP_sk,INC_avg,INC_sd,INC_r1,INC_kr,INC_sk,IND_avg,IND_sd,IND_r1,IND_kr,IND_sk
instances/A3/asymmetric/100.5.in,0.3390000000,0.0500849279,0.5924499261,2.3088040825,-0.1960871062,0.1480500000,0.0408649911,0.7867297977,2.5491626512,0.4432414786,0.5129500000,0.0419886592,0.4965603171,4.2205928411,0.6584347389,0.0812000000,0.0167200478,0.2928106898,2.4525824067,0.2464254970
