Instance,INF_avg,INF_sd,INF_r1,INF_kr,INF_sk,SUP_avg,SUP_sd,SUP_r1,SUP_kr,SUP_sk,INC_avg,INC_sd,INC_r1,INC_kr,INC_sk,IND_avg,IND_sd,IND_r1,IND_kr,IND_sk
instances/A1/symmetric/100.4.in,0.3255000000,0.0529268363,0.4836279519,2.8917624626,0.3888270232,0.1871000000,0.0295480964,0.4256577785,2.5484981074,0.0338308013,0.4874000000,0.0437291665,0.3213562961,2.4718442662,-0.2406935283,0.0667500000,0.0157380907,0.1571446437,3.9855825737,0.9691910865
