Instance,INF_avg,INF_sd,INF_r1,INF_kr,INF_sk,SUP_avg,SUP_sd,SUP_r1,SUP_kr,SUP_sk,INC_avg,INC_sd,INC_r1,INC_kr,INC_sk,IND_avg,IND_sd,IND_r1,IND_kr,IND_sk
instances/A2/asymmetric/200.1.in,0.4240343348,0.1631951322,0.0003930140,2.4067920176,-0.0816273342,0.0888412017,0.0982898212,0.3035372101,3.7846036093,1.0923373639,0.4871244635,0.1612900433,-0.0033169249,2.9041681935,0.2338568732,0.4145922747,0.1282163251,0.0942099619,3.0750038778,0.2883092506
