Instance,INF_avg,INF_sd,INF_r1,INF_kr,INF_sk,SUP_avg,SUP_sd,SUP_r1,SUP_kr,SUP_sk,INC_avg,INC_sd,INC_r1,INC_kr,INC_sk,IND_avg,IND_sd,IND_r1,IND_kr,IND_sk
instances/A3/symmetric/50.6.in,0.3428000000,0.0303341392,-0.0168193002,2.5020085867,0.2278104194,0.1494000000,0.0224196343,0.6207117186,2.2639222315,-0.2963910311,0.5078000000,0.0360577315,0.2182816903,2.2800611594,0.0739471705,0.0596000000,0.0154220621,0.3082558562,2.3518370684,-0.0312236976
