Instance,INF_avg,INF_sd,INF_r1,INF_kr,INF_sk,SUP_avg,SUP_sd,SUP_r1,SUP_kr,SUP_sk,INC_avg,INC_sd,INC_r1,INC_kr,INC_sk,IND_avg,IND_sd,IND_r1,IND_kr,IND_sk
instances/A1/asymmetric/10.4.in,0.5270708634,0.0892701870,0.1487903565,2.2978526079,0.7421571261,0.1713868822,0.1283171923,0.6685055782,1.3614100559,-0.1167090009,0.3015422543,0.0996916317,0.0047002827,3.2051567208,1.4648143372,0.1847379888,0.1096164492,0.0632128939,3.0770729215,1.3660006084
