Instance,INF_avg,INF_sd,INF_r1,INF_kr,INF_sk,SUP_avg,SUP_sd,SUP_r1,SUP_kr,SUP_sk,INC_avg,INC_sd,INC_r1,INC_kr,INC_sk,IND_avg,IND_sd,IND_r1,IND_kr,IND_sk
instances/A1/asymmetric/10.4.in,0.4383449871,0.1228642529,0.7181968250,2.4757617529,0.5216604684,0.2420025385,0.1315170729,0.5832144938,2.1765125597,-0.6491671558,0.3196524744,0.0800628434,0.1337202056,3.1641058229,1.0307464814,0.1487395478,0.0932572693,0.1103766118,5.9612352527,2.0350959165
