Instance,INF_avg,INF_sd,INF_r1,INF_kr,INF_sk,SUP_avg,SUP_sd,SUP_r1,SUP_kr,SUP_sk,INC_avg,INC_sd,INC_r1,INC_kr,INC_sk,IND_avg,IND_sd,IND_r1,IND_kr,IND_sk
instances/A1/symmetric/200.1.in,0.3225000000,0.0320351370,0.1652983703,2.3820880332,-0.3084311263,0.1782000000,0.0291163184,0.1396366431,3.0200722892,-0.4462980128,0.4993000000,0.0285483800,-0.1566503373,2.8887022674,-0.6169898672,0.0612000000,0.0145451023,-0.2437699031,2.2115355804,0.0346605105
