Instance,INF_avg,INF_sd,INF_r1,INF_kr,INF_sk,SUP_avg,SUP_sd,SUP_r1,SUP_kr,SUP_sk,INC_avg,INC_sd,INC_r1,INC_kr,INC_sk,IND_avg,IND_sd,IND_r1,IND_kr,IND_sk
instances/A2/asymmetric/200.2.in,0.5165000000,0.1095935673,0.8911184045,4.5533550591,1.2460207249,0.2333000000,0.0612585504,0.8196204766,3.7938577922,-0.9822399396,0.2502000000,0.0568239386,0.8001972186,3.8640388516,-0.9060816880,0.0467000000,0.0114065771,0.5131782994,3.0846689257,0.1998005889
