Instance,INF_avg,INF_sd,INF_r1,INF_kr,INF_sk,SUP_avg,SUP_sd,SUP_r1,SUP_kr,SUP_sk,INC_avg,INC_sd,INC_r1,INC_kr,INC_sk,IND_avg,IND_sd,IND_r1,IND_kr,IND_sk
instances/A2/symmetric/200.3.in,0.5761080141,0.1644886430,0.9818975951,2.7173877716,0.8276173210,0.0733962264,0.0699782553,0.9436602748,2.6423211823,0.8200819027,0.3504957595,0.1181241795,0.9666469664,3.6368036973,-1.1446296615,0.0538919859,0.0159754599,0.5017382369,2.8477980752,0.2604521580
