Instance,INF_avg,INF_sd,INF_r1,INF_kr,INF_sk,SUP_avg,SUP_sd,SUP_r1,SUP_kr,SUP_sk,INC_avg,INC_sd,INC_r1,INC_kr,INC_sk,IND_avg,IND_sd,IND_r1,IND_kr,IND_sk
instances/A1/symmetric/100.3.in,0.6056818182,0.0797196145,0.9563756284,2.1215203101,0.6633452962,0.0675000000,0.0358262854,0.9266297176,1.9613768623,-0.4099759390,0.3268181818,0.0476861295,0.8638440753,1.9360357651,-0.6057193253,0.0595454545,0.0085159064,0.3438902085,2.7042394136,-0.4101288042
