Instance,INF_avg,INF_sd,INF_r1,INF_kr,INF_sk,SUP_avg,SUP_sd,SUP_r1,SUP_kr,SUP_sk,INC_avg,INC_sd,INC_r1,INC_kr,INC_sk,IND_avg,IND_sd,IND_r1,IND_kr,IND_sk
instances/A1/symmetric/10.4.in,0.5159285159,0.0738567747,0.4542383962,1.1803469540,0.3858985136,0.0858741259,0.0396258330,0.6308089113,1.4791735861,-0.0183616920,0.3981973582,0.0450255800,0.1157178974,1.7313891780,-0.0973608551,0.2164413364,0.0459615131,0.4281803205,1.1669815104,0.4076813428
