Instance,INF_avg,INF_sd,INF_r1,INF_kr,INF_sk,SUP_avg,SUP_sd,SUP_r1,SUP_kr,SUP_sk,INC_avg,INC_sd,INC_r1,INC_kr,INC_sk,IND_avg,IND_sd,IND_r1,IND_kr,IND_sk
instances/A1/asymmetric/100.6.in,0.3829000000,0.0451784241,0.4699284101,2.1003505650,-0.0806215338,0.1411000000,0.0264251774,0.4251347373,2.4169132669,0.2846134614,0.4760000000,0.0364554523,0.3405761291,2.2828294666,-0.0632207328,0.0557000000,0.0129618671,0.1280529048,3.1285309497,0.8377262622
