Instance,INF_avg,INF_sd,INF_r1,INF_kr,INF_sk,SUP_avg,SUP_sd,SUP_r1,SUP_kr,SUP_sk,INC_avg,INC_sd,INC_r1,INC_kr,INC_sk,IND_avg,IND_sd,IND_r1,IND_kr,IND_sk
instances/A2/symmetric/8.3.in,0.4851388713,0.0587094675,-0.2189407432,2.5568758208,-0.9903834595,0.1529774185,0.0957051910,0.3995388757,1.9877313144,0.3735915024,0.3618837102,0.0545773818,0.6081172066,1.2970292842,0.1056310889,0.1637222292,0.0351509620,0.3259566028,3.2067420368,0.8139004952
