Instance,INF_avg,INF_sd,INF_r1,INF_kr,INF_sk,SUP_avg,SUP_sd,SUP_r1,SUP_kr,SUP_sk,INC_avg,INC_sd,INC_r1,INC_kr,INC_sk,IND_avg,IND_sd,IND_r1,IND_kr,IND_sk
instances/A3/asymmetric/8.2.in,0.6500000000,0.0204124145,0.4230769231,1.1666666667,-0.4082482905,0.0400000000,0.0533333333,-0.0563380282,2.0781250000,0.8437500000,0.3100000000,0.0677823314,0.0370324498,1.7616602016,-0.5461503949,0.3216666667,0.1053565375,0.2427611032,2.0403068233,0.6309667918
