Instance,INF_avg,INF_sd,INF_r1,INF_kr,INF_sk,SUP_avg,SUP_sd,SUP_r1,SUP_kr,SUP_sk,INC_avg,INC_sd,INC_r1,INC_kr,INC_sk,IND_avg,IND_sd,IND_r1,IND_kr,IND_sk
instances/A3/asymmetric/8.2.in,0.6203703704,0.0502558472,0.0121101312,2.0342822339,-0.6457510627,0.0433862434,0.0458092293,-0.2182509506,2.1989905111,0.6394334597,0.3362433862,0.0640798957,0.2609412366,2.9599063080,-0.7909268751,0.2697089947,0.0985519865,0.3630826423,3.6072755913,1.3554278985
