Instance,INF_avg,INF_sd,INF_r1,INF_kr,INF_sk,SUP_avg,SUP_sd,SUP_r1,SUP_kr,SUP_sk,INC_avg,INC_sd,INC_r1,INC_kr,INC_sk,IND_avg,IND_sd,IND_r1,IND_kr,IND_sk
instances/A1/asymmetric/50.4.in,0.2766000000,0.0778295574,0.4186134491,2.1630017660,-0.7440054932,0.2302000000,0.0512733849,0.4338214678,2.6394037350,0.5122390942,0.4932000000,0.0420922796,0.1699378550,2.2835644017,0.2959117761,0.0556000000,0.0117745488,-0.0803199409,2.1473775917,0.0767153891
