Instance,INF_avg,INF_sd,INF_r1,INF_kr,INF_sk,SUP_avg,SUP_sd,SUP_r1,SUP_kr,SUP_sk,INC_avg,INC_sd,INC_r1,INC_kr,INC_sk,IND_avg,IND_sd,IND_r1,IND_kr,IND_sk
instances/A3/asymmetric/200.5.in,0.3145000000,0.0286749019,-0.1712625657,1.9610719498,-0.2376798164,0.1425000000,0.0305982026,0.1228784793,2.9275259759,-0.8272953817,0.5430000000,0.0406324993,0.4539724865,2.6106993871,0.2767266272,0.0805000000,0.0252438111,0.1441812118,2.0561293662,0.5754161399
