Instance,INF_avg,INF_sd,INF_r1,INF_kr,INF_sk,SUP_avg,SUP_sd,SUP_r1,SUP_kr,SUP_sk,INC_avg,INC_sd,INC_r1,INC_kr,INC_sk,IND_avg,IND_sd,IND_r1,IND_kr,IND_sk
instances/A2/symmetric/50.1.in,0.4700000000,0.0164316767,0.0377358491,2.6646090535,0.8452508603,0.1690000000,0.0171464282,-0.4291598023,1.4582118562,-0.1273544230,0.3610000000,0.0247790234,-0.3953882672,1.4174208745,0.2354360836,0.0670000000,0.0050990195,-0.8181818182,1.9556213018,0.2715454179
