Instance,INF_avg,INF_sd,INF_r1,INF_kr,INF_sk,SUP_avg,SUP_sd,SUP_r1,SUP_kr,SUP_sk,INC_avg,INC_sd,INC_r1,INC_kr,INC_sk,IND_avg,IND_sd,IND_r1,IND_kr,IND_sk
instances/A1/symmetric/5.5.in,0.4000000000,0.1296362432,-0.6224489796,1.8819752749,0.4972591639,0.1527777778,0.1202813061,0.2402234637,1.9237333333,0.3233161507,0.4472222222,0.0629152870,-0.5507657402,2.3048345360,1.1133301216,0.3777777778,0.0471404521,0.0588235294,1.4074074074,0.3142696805
