Instance,INF_avg,INF_sd,INF_r1,INF_kr,INF_sk,SUP_avg,SUP_sd,SUP_r1,SUP_kr,SUP_sk,INC_avg,INC_sd,INC_r1,INC_kr,INC_sk,IND_avg,IND_sd,IND_r1,IND_kr,IND_sk
instances/A3/asymmetric/8.1.in,0.5802197802,0.0679524203,0.1764709494,1.3364156846,-0.1812900598,0.1501098901,0.0112791966,0.3508829441,1.9464689959,-0.0641628965,0.2696703297,0.0587655393,0.1382208521,1.2995400060,0.2728952240,0.2027106227,0.0145594143,0.4129865527,2.9111223971,1.2373070344
