Instance,INF_avg,INF_sd,INF_r1,INF_kr,INF_sk,SUP_avg,SUP_sd,SUP_r1,SUP_kr,SUP_sk,INC_avg,INC_sd,INC_r1,INC_kr,INC_sk,IND_avg,IND_sd,IND_r1,IND_kr,IND_sk
instances/A1/symmetric/200.3.in,0.3635000000,0.0468534951,0.1931268552,3.5255304969,-0.7953467755,0.1385000000,0.0216852484,-0.1158199667,2.4919208029,-0.6195643428,0.4980000000,0.0483838816,0.0266509640,1.8847586465,0.0925161858,0.0875000000,0.0150416090,0.0368271955,2.3205946094,-0.0881532590
