Instance,INF_avg,INF_sd,INF_r1,INF_kr,INF_sk,SUP_avg,SUP_sd,SUP_r1,SUP_kr,SUP_sk,INC_avg,INC_sd,INC_r1,INC_kr,INC_sk,IND_avg,IND_sd,IND_r1,IND_kr,IND_sk
instances/A1/asymmetric/100.4.in,0.3602000000,0.0391274839,0.4680286055,3.7886920764,0.5326381354,0.1397000000,0.0267658364,0.0816099199,6.2365323813,1.3247395836,0.5001000000,0.0417551194,0.4609338813,2.5436619252,-0.1831128457,0.0695000000,0.0139014388,0.0899427001,2.6268867285,0.1312139071
