Instance,INF_avg,INF_sd,INF_r1,INF_kr,INF_sk,SUP_avg,SUP_sd,SUP_r1,SUP_kr,SUP_sk,INC_avg,INC_sd,INC_r1,INC_kr,INC_sk,IND_avg,IND_sd,IND_r1,IND_kr,IND_sk
instances/A2/asymmetric/8.4.in,0.3060823383,0.1270765308,0.8184694694,1.2460750559,-0.3473899052,0.2139953916,0.1127025649,0.7005801728,1.6018904566,0.3504080317,0.4799222702,0.0476638417,0.6627979495,2.4824959514,-0.6800569412,0.2026613021,0.0372808196,0.0355321386,2.5200207008,-0.1472428209
