Instance,INF_avg,INF_sd,INF_r1,INF_kr,INF_sk,SUP_avg,SUP_sd,SUP_r1,SUP_kr,SUP_sk,INC_avg,INC_sd,INC_r1,INC_kr,INC_sk,IND_avg,IND_sd,IND_r1,IND_kr,IND_sk
instances/A3/symmetric/10.4.in,0.4350062024,0.0433446479,0.4918187366,1.4169842452,0.4893038519,0.0925172780,0.0467892211,0.0529180934,3.1381392161,-1.4165378548,0.4724765196,0.0269906689,-0.4773792765,2.8629191519,-1.1442634899,0.2838437002,0.0829543529,-0.1509007211,2.1504204997,-0.2520808167
