Instance,INF_avg,INF_sd,INF_r1,INF_kr,INF_sk,SUP_avg,SUP_sd,SUP_r1,SUP_kr,SUP_sk,INC_avg,INC_sd,INC_r1,INC_kr,INC_sk,IND_avg,IND_sd,IND_r1,IND_kr,IND_sk
instances/A2/asymmetric/10.6.in,0.5508771930,0.0347350700,-0.5000000000,1.5000000000,0.7071067812,0.0526315789,0.0429735043,0.0000000000,1.5000000000,0.0000000000,0.3964912281,0.0216295228,-0.4336283186,1.5000000000,-0.2390631469,0.2561403509,0.1039686484,-0.1773347324,1.5000000000,0.5736453355
