Instance,INF_avg,INF_sd,INF_r1,INF_kr,INF_sk,SUP_avg,SUP_sd,SUP_r1,SUP_kr,SUP_sk,INC_avg,INC_sd,INC_r1,INC_kr,INC_sk,IND_avg,IND_sd,IND_r1,IND_kr,IND_sk
instances/A1/asymmetric/8.6.in,0.3861471861,0.1303641398,0.5826108709,1.2088024418,-0.4114158599,0.2138861139,0.0756432521,0.3375247616,1.5819844097,0.5673859592,0.3999667000,0.0656570264,0.6984178514,2.2020218406,0.7659526436,0.2252880453,0.0110047738,0.4205177618,1.2560283015,-0.2670063428
