Instance,INF_avg,INF_sd,INF_r1,INF_kr,INF_sk,SUP_avg,SUP_sd,SUP_r1,SUP_kr,SUP_sk,INC_avg,INC_sd,INC_r1,INC_kr,INC_sk,IND_avg,IND_sd,IND_r1,IND_kr,IND_sk
instances/A2/symmetric/200.4.in,0.4041666667,0.1107894650,0.1965835515,1.5595529850,0.0326617350,0.1416666667,0.0909059343,0.3678665496,1.8098298143,0.2480478286,0.4541666667,0.1406211419,0.1887027146,2.3477712918,-0.7145124978,0.2833333333,0.1086533734,-0.0557184751,2.2081660900,0.7723788594
