Instance,INF_avg,INF_sd,INF_r1,INF_kr,INF_sk,SUP_avg,SUP_sd,SUP_r1,SUP_kr,SUP_sk,INC_avg,INC_sd,INC_r1,INC_kr,INC_sk,IND_avg,IND_sd,IND_r1,IND_kr,IND_sk
instances/A1/symmetric/10.1.in,0.5366666030,0.0821721127,0.7073117140,2.0066943572,-0.7129320723,0.1626017659,0.1079564554,0.7337143288,1.8470194507,0.2587006609,0.3007316312,0.0443718228,0.2695865275,3.7746705721,0.6581537193,0.1705070137,0.0960028117,0.4849005956,3.8671682346,1.4311851039
