Instance,INF_avg,INF_sd,INF_r1,INF_kr,INF_sk,SUP_avg,SUP_sd,SUP_r1,SUP_kr,SUP_sk,INC_avg,INC_sd,INC_r1,INC_kr,INC_sk,IND_avg,IND_sd,IND_r1,IND_kr,IND_sk
instances/A3/asymmetric/50.1.in,0.3305000000,0.0465859421,0.5191092883,2.7668777904,-0.4604011273,0.1315000000,0.0268001866,0.4854880318,2.4330301840,0.4502516827,0.5380000000,0.0344963766,0.2749995186,2.7584972813,0.1199249079,0.0911000000,0.0218011468,0.6953704643,1.7646457148,-0.0663285870
