Instance,INF_avg,INF_sd,INF_r1,INF_kr,INF_sk,SUP_avg,SUP_sd,SUP_r1,SUP_kr,SUP_sk,INC_avg,INC_sd,INC_r1,INC_kr,INC_sk,IND_avg,IND_sd,IND_r1,IND_kr,IND_sk
instances/A3/symmetric/8.2.in,0.4832010582,0.0782952587,0.4453229059,2.0113580587,0.7736882407,0.0713227513,0.0374022807,0.0464233180,3.0292610388,0.0093664291,0.4454761905,0.0618392001,0.5708690879,1.9629657131,-0.4124224597,0.2717195767,0.0570384604,0.2973384959,2.2746671838,0.1383085320
