Instance,INF_avg,INF_sd,INF_r1,INF_kr,INF_sk,SUP_avg,SUP_sd,SUP_r1,SUP_kr,SUP_sk,INC_avg,INC_sd,INC_r1,INC_kr,INC_sk,IND_avg,IND_sd,IND_r1,IND_kr,IND_sk
instances/A3/symmetric/8.2.in,0.5230952381,0.0827928048,0.0253841972,1.2875671547,-0.0616514817,0.0742857143,0.0464230766,0.0435240435,2.2719960548,-0.1583196955,0.4026190476,0.0482834601,-0.5092292467,1.9642730760,0.1101799420,0.2997619048,0.0487508358,-0.1343074333,1.7354989644,0.3283457254
