Instance,INF_avg,INF_sd,INF_r1,INF_kr,INF_sk,SUP_avg,SUP_sd,SUP_r1,SUP_kr,SUP_sk,INC_avg,INC_sd,INC_r1,INC_kr,INC_sk,IND_avg,IND_sd,IND_r1,IND_kr,IND_sk
instances/A2/symmetric/5.5.in,0.5728395062,0.0488863947,-0.1977579764,5.3538629738,-1.9084667717,0.0493827160,0.1062015465,-0.2461538462,5.7271731191,2.0673228728,0.3777777778,0.0610830463,-0.3050847458,4.8737024221,-1.7013160756,0.3777777778,0.0610830463,1.1578947368,4.8737024221,-1.7013160756
