Instance,INF_avg,INF_sd,INF_r1,INF_kr,INF_sk,SUP_avg,SUP_sd,SUP_r1,SUP_kr,SUP_sk,INC_avg,INC_sd,INC_r1,INC_kr,INC_sk,IND_avg,IND_sd,IND_r1,IND_kr,IND_sk
instances/A2/asymmetric/100.6.in,0.3838461538,0.0560272546,-0.3630169595,1.9445261837,0.1593821979,0.1338461538,0.0456640679,0.0769381235,4.0538509407,-0.7048693057,0.4823076923,0.0550040343,-0.0366262675,2.7796015411,0.2678947159,0.1507692308,0.0404706044,0.1771570014,2.1970789201,0.3897564026
