Instance,INF_avg,INF_sd,INF_r1,INF_kr,INF_sk,SUP_avg,SUP_sd,SUP_r1,SUP_kr,SUP_sk,INC_avg,INC_sd,INC_r1,INC_kr,INC_sk,IND_avg,IND_sd,IND_r1,IND_kr,IND_sk
instances/A3/asymmetric/10.4.in,0.0836363636,0.0374386551,0.1321243523,1.3209327163,0.1319482681,0.1381818182,0.0468512681,-0.1936662607,2.3327768907,-0.8163607337,0.7781818182,0.0241209076,-0.6546762590,2.2169421488,0.3700366502,0.2327272727,0.0493260362,0.2039355993,1.9651465028,0.1514485311
