Instance,INF_avg,INF_sd,INF_r1,INF_kr,INF_sk,SUP_avg,SUP_sd,SUP_r1,SUP_kr,SUP_sk,INC_avg,INC_sd,INC_r1,INC_kr,INC_sk,IND_avg,IND_sd,IND_r1,IND_kr,IND_sk
instances/A1/asymmetric/200.6.in,0.2950000000,0.0419523539,0.0759493671,2.0170454545,0.5363227065,0.1570000000,0.0240000000,-0.0563380282,2.0781250000,-0.8437500000,0.5480000000,0.0203960781,0.0495867769,1.9556213018,0.2715454179,0.0630000000,0.0040000000,-0.3380281690,2.0781250000,0.8437500000
