Instance,INF_avg,INF_sd,INF_r1,INF_kr,INF_sk,SUP_avg,SUP_sd,SUP_r1,SUP_kr,SUP_sk,INC_avg,INC_sd,INC_r1,INC_kr,INC_sk,IND_avg,IND_sd,IND_r1,IND_kr,IND_sk
instances/A1/symmetric/200.6.in,0.3216000000,0.0540503469,0.4902348791,3.8531471152,0.9622440120,0.2032000000,0.0279599714,0.1937598459,5.1849278574,-0.4921616929,0.4752000000,0.0404346386,0.3046028144,2.2531085480,-0.1359267531,0.0642000000,0.0101666120,0.1393371916,4.2902638528,0.9312489784
