Instance,INF_avg,INF_sd,INF_r1,INF_kr,INF_sk,SUP_avg,SUP_sd,SUP_r1,SUP_kr,SUP_sk,INC_avg,INC_sd,INC_r1,INC_kr,INC_sk,IND_avg,IND_sd,IND_r1,IND_kr,IND_sk
instances/A2/symmetric/8.5.in,0.4093772894,0.0921554067,0.2220694644,1.3102966543,-0.2133156867,0.2645421245,0.0764922174,-0.1101522592,1.6539131293,-0.0101920107,0.3260805861,0.0513920328,0.7603178018,2.1360020765,-0.6182021597,0.2047619048,0.0398476887,-0.3060070426,1.7440422750,0.5438512101
