Instance,INF_avg,INF_sd,INF_r1,INF_kr,INF_sk,SUP_avg,SUP_sd,SUP_r1,SUP_kr,SUP_sk,INC_avg,INC_sd,INC_r1,INC_kr,INC_sk,IND_avg,IND_sd,IND_r1,IND_kr,IND_sk
instances/A2/symmetric/5.3.in,0.2533333333,0.0979795897,-0.1524163569,2.8127572016,-1.1642636432,0.2700000000,0.0748331477,-0.4033346566,2.5496504157,0.5180837963,0.4766666667,0.0388730126,0.0834575261,2.0659602076,-0.0794441975,0.3333333333,0.0000000000,0.0000000000,0.0000000000,0.0000000000
