Instance,INF_avg,INF_sd,INF_r1,INF_kr,INF_sk,SUP_avg,SUP_sd,SUP_r1,SUP_kr,SUP_sk,INC_avg,INC_sd,INC_r1,INC_kr,INC_sk,IND_avg,IND_sd,IND_r1,IND_kr,IND_sk
instances/A2/symmetric/5.3.in,0.3123456790,0.1088907085,0.2222098520,3.3176473291,-0.9053540024,0.2740740741,0.0676369717,-0.1670005463,2.3359545864,0.2652958200,0.4135802469,0.1113611727,0.6717889074,1.8649466030,-0.6051607867,0.3166666667,0.0314269681,0.3225806452,3.0234375000,-1.3921164755
