Instance,INF_avg,INF_sd,INF_r1,INF_kr,INF_sk,SUP_avg,SUP_sd,SUP_r1,SUP_kr,SUP_sk,INC_avg,INC_sd,INC_r1,INC_kr,INC_sk,IND_avg,IND_sd,IND_r1,IND_kr,IND_sk
instances/A3/asymmetric/8.3.in,0.5444444444,0.1853217089,0.7426917821,2.0088885688,-0.4973159079,0.0222222222,0.0532870169,0.6487804878,7.4120982987,2.3480536192,0.4333333333,0.1516117117,0.7270734381,1.5713711996,0.1443038060,0.4097222222,0.1310054306,0.2443285847,2.4171756145,0.5302002997
