Instance,INF_avg,INF_sd,INF_r1,INF_kr,INF_sk,SUP_avg,SUP_sd,SUP_r1,SUP_kr,SUP_sk,INC_avg,INC_sd,INC_r1,INC_kr,INC_sk,IND_avg,IND_sd,IND_r1,IND_kr,IND_sk
instances/A1/asymmetric/50.5.in,0.8096391753,0.1182738637,0.8026318601,3.7761210699,-1.0794383308,0.0220588235,0.0306814191,0.7384888147,5.4871675170,1.7340064767,0.1683020012,0.0924444431,0.8039348924,3.1435860686,0.9057264925,0.0580867192,0.0096635294,0.2560087286,3.5249713225,0.6001158673
