Instance,INF_avg,INF_sd,INF_r1,INF_kr,INF_sk,SUP_avg,SUP_sd,SUP_r1,SUP_kr,SUP_sk,INC_avg,INC_sd,INC_r1,INC_kr,INC_sk,IND_avg,IND_sd,IND_r1,IND_kr,IND_sk
instances/A3/asymmetric/20.4.in,0.1885174233,0.0927977758,0.6501354034,3.9787292412,0.8872399916,0.1935900803,0.0579851875,0.4718031347,3.3204790037,-0.2176925343,0.6178924964,0.0729963012,0.7792286048,2.0583273103,-0.1542143806,0.0621995375,0.0156385754,0.5228086961,2.1056109021,-0.0461125779
