Instance,INF_avg,INF_sd,INF_r1,INF_kr,INF_sk,SUP_avg,SUP_sd,SUP_r1,SUP_kr,SUP_sk,INC_avg,INC_sd,INC_r1,INC_kr,INC_sk,IND_avg,IND_sd,IND_r1,IND_kr,IND_sk
instances/A1/symmetric/5.4.in,0.4455555556,0.1403874709,0.0764015570,1.4205847051,-0.1101460499,0.0777777778,0.0666666667,0.1812865497,1.3981481481,-0.1111111111,0.4766666667,0.0779680213,-0.0470401961,1.2900214866,0.3248639685,0.4444444444,0.0877707451,-0.1794871795,2.5000000000,0.6816514971
