Instance,INF_avg,INF_sd,INF_r1,INF_kr,INF_sk,SUP_avg,SUP_sd,SUP_r1,SUP_kr,SUP_sk,INC_avg,INC_sd,INC_r1,INC_kr,INC_sk,IND_avg,IND_sd,IND_r1,IND_kr,IND_sk
instances/A1/symmetric/5.4.in,0.4084656085,0.1408804057,0.1868366555,2.3513587264,-0.3555829748,0.1137566138,0.1073304909,0.6017322835,3.3717285101,0.9253704312,0.4777777778,0.0681421092,0.0777279522,1.4799772652,0.3107012209,0.3910934744,0.1007403640,0.0774949528,3.1629477967,0.3622212770
