Instance,INF_avg,INF_sd,INF_r1,INF_kr,INF_sk,SUP_avg,SUP_sd,SUP_r1,SUP_kr,SUP_sk,INC_avg,INC_sd,INC_r1,INC_kr,INC_sk,IND_avg,IND_sd,IND_r1,IND_kr,IND_sk
instances/A3/asymmetric/8.6.in,0.7232142857,0.0478972528,0.4515318935,3.1124908692,-1.3602959742,0.0000000000,0.0000000000,0.0000000000,0.0000000000,0.0000000000,0.2767857143,0.0478972528,0.4515318935,3.1124908692,1.3602959742,0.2638392857,0.0472603211,-0.1705733130,4.2523638551,1.3151816499
