Instance,INF_avg,INF_sd,INF_r1,INF_kr,INF_sk,SUP_avg,SUP_sd,SUP_r1,SUP_kr,SUP_sk,INC_avg,INC_sd,INC_r1,INC_kr,INC_sk,IND_avg,IND_sd,IND_r1,IND_kr,IND_sk
instances/A3/asymmetric/8.6.in,0.7071428571,0.0546064045,0.4210754553,1.6427951828,-0.6311524265,0.0000000000,0.0000000000,0.0000000000,0.0000000000,0.0000000000,0.2928571429,0.0546064045,0.4210754553,1.6427951828,0.6311524265,0.2721428571,0.0582219539,-0.1835148991,2.4285737975,0.7027732454
