Instance,INF_avg,INF_sd,INF_r1,INF_kr,INF_sk,SUP_avg,SUP_sd,SUP_r1,SUP_kr,SUP_sk,INC_avg,INC_sd,INC_r1,INC_kr,INC_sk,IND_avg,IND_sd,IND_r1,IND_kr,IND_sk
instances/A3/asymmetric/5.6.in,0.4625000000,0.1351368191,0.2761606157,1.8527958594,-0.6276868016,0.2013888889,0.1232516621,0.2458233890,2.1166137566,-0.7673464027,0.3361111111,0.1192504885,-0.2456524916,1.3284213353,0.2518442984,0.4819444444,0.0738465835,-0.3588859078,1.0253470720,-0.0190406126
