Instance,INF_avg,INF_sd,INF_r1,INF_kr,INF_sk,SUP_avg,SUP_sd,SUP_r1,SUP_kr,SUP_sk,INC_avg,INC_sd,INC_r1,INC_kr,INC_sk,IND_avg,IND_sd,IND_r1,IND_kr,IND_sk
instances/A3/symmetric/20.3.in,0.5050914347,0.0367921933,-0.0059614827,2.2040436589,0.6590660323,0.0932005670,0.0148643087,0.3656627942,1.2930486737,-0.1705671782,0.4017079983,0.0290954597,-0.4584343767,1.6809932275,-0.4166387346,0.0812802268,0.0167068893,0.1584111836,2.8215383267,1.0730627579
