Instance,INF_avg,INF_sd,INF_r1,INF_kr,INF_sk,SUP_avg,SUP_sd,SUP_r1,SUP_kr,SUP_sk,INC_avg,INC_sd,INC_r1,INC_kr,INC_sk,IND_avg,IND_sd,IND_r1,IND_kr,IND_sk
instances/A3/symmetric/20.3.in,0.2652186136,0.1560962894,0.8172203014,2.1599420027,0.5628121703,0.1619824604,0.0683634729,0.7255940966,2.6375091031,0.7402766342,0.5727989260,0.1075039848,0.8282183133,1.9975392033,-0.8234844607,0.0843306444,0.0172120936,0.3461665477,1.9234447621,0.4710933462
