Instance,INF_avg,INF_sd,INF_r1,INF_kr,INF_sk,SUP_avg,SUP_sd,SUP_r1,SUP_kr,SUP_sk,INC_avg,INC_sd,INC_r1,INC_kr,INC_sk,IND_avg,IND_sd,IND_r1,IND_kr,IND_sk
instances/A1/symmetric/20.4.in,0.7185353382,0.0569659633,-0.9263339357,1.3708011606,0.4234235858,0.0617502062,0.0297065566,-0.5854431697,2.6562375652,1.1285875222,0.2197144556,0.0449700032,0.1992330483,1.5808386810,-0.2058733836,0.0646058349,0.0164091794,0.1997648371,2.5876929756,0.8926482726
