Instance,INF_avg,INF_sd,INF_r1,INF_kr,INF_sk,SUP_avg,SUP_sd,SUP_r1,SUP_kr,SUP_sk,INC_avg,INC_sd,INC_r1,INC_kr,INC_sk,IND_avg,IND_sd,IND_r1,IND_kr,IND_sk
instances/A1/symmetric/8.4.in,0.3663636364,0.1741894518,0.2614765590,1.8979377106,-0.4498472355,0.1861616162,0.0981408652,0.2502345319,2.3172580010,0.8169089532,0.4474747475,0.0796789804,0.1800685729,1.6488146187,-0.0096398691,0.1705050505,0.0388089169,0.5610099294,1.2433044034,0.3450058061
