Instance,INF_avg,INF_sd,INF_r1,INF_kr,INF_sk,SUP_avg,SUP_sd,SUP_r1,SUP_kr,SUP_sk,INC_avg,INC_sd,INC_r1,INC_kr,INC_sk,IND_avg,IND_sd,IND_r1,IND_kr,IND_sk
instances/A1/symmetric/5.3.in,0.2142857143,0.1032356352,0.5344827586,1.4588048891,0.0441637280,0.1436507937,0.1195334004,-0.3998149005,2.4666686500,0.7640520485,0.6420634921,0.0711812296,-0.4534505712,1.6933514724,0.1594116137,0.3825396825,0.0512872839,0.3563658340,1.1999713745,0.3258561873
