Instance,INF_avg,INF_sd,INF_r1,INF_kr,INF_sk,SUP_avg,SUP_sd,SUP_r1,SUP_kr,SUP_sk,INC_avg,INC_sd,INC_r1,INC_kr,INC_sk,IND_avg,IND_sd,IND_r1,IND_kr,IND_sk
instances/A2/symmetric/10.6.in,0.2282828283,0.0895324074,0.1077875653,3.0197331836,1.1695668398,0.3346542347,0.1079780622,0.3107959033,1.8252457879,-0.0206821754,0.4370629371,0.0850116262,0.3150569307,1.5059339215,0.4517968377,0.1274669775,0.0408548013,0.3081842563,3.2149051111,1.0578612278
