Instance,INF_avg,INF_sd,INF_r1,INF_kr,INF_sk,SUP_avg,SUP_sd,SUP_r1,SUP_kr,SUP_sk,INC_avg,INC_sd,INC_r1,INC_kr,INC_sk,IND_avg,IND_sd,IND_r1,IND_kr,IND_sk
instances/A2/symmetric/10.6.in,0.2398601399,0.0956463403,-0.1770790456,2.8947877443,1.1843503177,0.3117482517,0.1252044345,0.3394691341,1.5045012238,0.2627032255,0.4483916084,0.0905311131,0.5912594184,1.2696336938,0.2025258370,0.1039160839,0.0178977267,-0.8976310867,1.7057441675,-0.2609189618
