Instance,INF_avg,INF_sd,INF_r1,INF_kr,INF_sk,SUP_avg,SUP_sd,SUP_r1,SUP_kr,SUP_sk,INC_avg,INC_sd,INC_r1,INC_kr,INC_sk,IND_avg,IND_sd,IND_r1,IND_kr,IND_sk
instances/A1/symmetric/5.3.in,0.4000000000,0.0544331054,0.0384615385,1.1666666667,-0.4082482905,0.1166666667,0.0753592220,0.0918580376,1.9651465028,-0.1514485311,0.4833333333,0.0888888889,0.4104410441,2.0369262695,-0.5844726563,0.4277777778,0.0544331054,-1.2774869110,2.4361979167,-0.5677202789
