Instance,INF_avg,INF_sd,INF_r1,INF_kr,INF_sk,SUP_avg,SUP_sd,SUP_r1,SUP_kr,SUP_sk,INC_avg,INC_sd,INC_r1,INC_kr,INC_sk,IND_avg,IND_sd,IND_r1,IND_kr,IND_sk
instances/A1/asymmetric/100.6.in,0.6927838384,0.1403835087,0.8217078969,1.8298688897,0.2391522204,0.0626000000,0.0369897283,0.7789671763,2.0224790053,0.1303110923,0.2446161616,0.1052769345,0.8027712829,1.8321973767,-0.3403932800,0.0432141414,0.0104657957,0.5441353739,2.7629273906,-0.1730533277
