Instance,INF_avg,INF_sd,INF_r1,INF_kr,INF_sk,SUP_avg,SUP_sd,SUP_r1,SUP_kr,SUP_sk,INC_avg,INC_sd,INC_r1,INC_kr,INC_sk,IND_avg,IND_sd,IND_r1,IND_kr,IND_sk
instances/A3/symmetric/20.6.in,0.2852202704,0.1081699377,0.9713515253,1.6570414014,-0.5356888485,0.1379795582,0.0526810789,0.9598317339,2.7897252664,0.9263192695,0.5768001715,0.0638447223,0.8642562963,1.7272381007,0.4045481354,0.0750402826,0.0088944964,0.1631969783,4.0037183314,0.7927944491
