Instance,INF_avg,INF_sd,INF_r1,INF_kr,INF_sk,SUP_avg,SUP_sd,SUP_r1,SUP_kr,SUP_sk,INC_avg,INC_sd,INC_r1,INC_kr,INC_sk,IND_avg,IND_sd,IND_r1,IND_kr,IND_sk
instances/A1/symmetric/50.6.in,0.3854500000,0.1079168546,0.9029091310,2.2098383521,0.3419814993,0.1807500000,0.0418292661,0.7150561689,2.4341659676,-0.2886187243,0.4338000000,0.0783649156,0.8663167227,2.0242398879,-0.1421950319,0.0635000000,0.0146884308,0.4655718988,2.4830853594,-0.0262698768
