Instance,INF_avg,INF_sd,INF_r1,INF_kr,INF_sk,SUP_avg,SUP_sd,SUP_r1,SUP_kr,SUP_sk,INC_avg,INC_sd,INC_r1,INC_kr,INC_sk,IND_avg,IND_sd,IND_r1,IND_kr,IND_sk
instances/A1/asymmetric/100.2.in,0.5118181818,0.1204839873,1.0096509053,1.9212678926,0.5902982419,0.0736363636,0.0491329786,0.9289785377,1.5431011618,0.0601938288,0.4145454545,0.0770513764,0.9710080167,2.3320759846,-0.7888775626,0.0762121212,0.0156200291,0.2035594468,3.4786381023,0.0907486391
