Instance,INF_avg,INF_sd,INF_r1,INF_kr,INF_sk,SUP_avg,SUP_sd,SUP_r1,SUP_kr,SUP_sk,INC_avg,INC_sd,INC_r1,INC_kr,INC_sk,IND_avg,IND_sd,IND_r1,IND_kr,IND_sk
instances/A1/asymmetric/5.6.in,0.1944444444,0.1644294287,0.2209670754,1.9551197848,0.3794465941,0.3722222222,0.1613982116,0.5171393771,2.0347588778,0.2002478317,0.4333333333,0.1152024520,0.4593908629,1.7422714981,-0.6722240642,0.3425925926,0.0813129570,0.3229821243,1.9538080439,-0.2234912825
