Instance,INF_avg,INF_sd,INF_r1,INF_kr,INF_sk,SUP_avg,SUP_sd,SUP_r1,SUP_kr,SUP_sk,INC_avg,INC_sd,INC_r1,INC_kr,INC_sk,IND_avg,IND_sd,IND_r1,IND_kr,IND_sk
instances/A2/asymmetric/10.5.in,0.4340559441,0.0343723189,-0.1512195552,1.4314746198,-0.5311296006,0.1934265734,0.0335645396,-0.0053720143,1.2828176246,0.2769982210,0.3725174825,0.0087806107,-0.5619793646,1.2337735220,0.4391474617,0.1369930070,0.0228665982,0.7017297402,1.6246707164,0.5130674832
