Instance,INF_avg,INF_sd,INF_r1,INF_kr,INF_sk,SUP_avg,SUP_sd,SUP_r1,SUP_kr,SUP_sk,INC_avg,INC_sd,INC_r1,INC_kr,INC_sk,IND_avg,IND_sd,IND_r1,IND_kr,IND_sk
instances/A3/symmetric/20.5.in,0.5529960488,0.0725901813,1.1090149687,3.2285998651,-1.0329304225,0.0601094939,0.0428786244,1.1876809904,3.1728248534,1.2926647656,0.3868944573,0.0382044397,0.5361563819,1.9619779601,0.2721403250,0.0588208348,0.0137776736,-0.2498693459,2.0201986290,0.6665218055
