Instance,INF_avg,INF_sd,INF_r1,INF_kr,INF_sk,SUP_avg,SUP_sd,SUP_r1,SUP_kr,SUP_sk,INC_avg,INC_sd,INC_r1,INC_kr,INC_sk,IND_avg,IND_sd,IND_r1,IND_kr,IND_sk
instances/A1/asymmetric/50.1.in,0.5014285714,0.0976771024,0.7547839925,2.4300895078,0.4805374895,0.0450000000,0.0369845528,0.6262773723,3.7255486096,1.1690718066,0.4535714286,0.0717741640,0.7223344013,2.2735264017,-0.7755050824,0.1364285714,0.0215827785,0.5132620583,1.8646770693,0.1670345472
