Instance,INF_avg,INF_sd,INF_r1,INF_kr,INF_sk,SUP_avg,SUP_sd,SUP_r1,SUP_kr,SUP_sk,INC_avg,INC_sd,INC_r1,INC_kr,INC_sk,IND_avg,IND_sd,IND_r1,IND_kr,IND_sk
instances/A1/symmetric/20.5.in,0.5855778761,0.0318625869,-0.6574261830,2.4084330216,0.8352192630,0.1000541551,0.0151812750,0.1032662904,2.8570025661,1.1641491206,0.3143679688,0.0339607940,-0.8068021500,1.4762429680,-0.0870628577,0.0631799279,0.0064792276,-0.2845997517,2.2533924417,-0.6550865366
