Instance,INF_avg,INF_sd,INF_r1,INF_kr,INF_sk,SUP_avg,SUP_sd,SUP_r1,SUP_kr,SUP_sk,INC_avg,INC_sd,INC_r1,INC_kr,INC_sk,IND_avg,IND_sd,IND_r1,IND_kr,IND_sk
instances/A3/symmetric/200.5.in,0.2631578947,0.0886182013,0.1109613866,2.5263523791,0.1657616756,0.0894736842,0.0619400121,0.0510138741,3.3680420701,1.0684367526,0.6473684211,0.1057226812,0.3826385315,2.2075542534,-0.0310910388,0.3736842105,0.0749884571,0.5338311490,2.2670836468,0.2847210304
