Instance,INF_avg,INF_sd,INF_r1,INF_kr,INF_sk,SUP_avg,SUP_sd,SUP_r1,SUP_kr,SUP_sk,INC_avg,INC_sd,INC_r1,INC_kr,INC_sk,IND_avg,IND_sd,IND_r1,IND_kr,IND_sk
instances/A2/asymmetric/5.5.in,0.4366666667,0.1314496571,0.1348548712,1.5002758106,-0.1381912320,0.2611111111,0.1625415426,0.1197038256,2.2735227968,-0.1794413058,0.3022222222,0.0873901427,-0.5815953484,1.2080918303,0.3797787737,0.3855555556,0.0449416631,0.5098702001,1.3669409556,-0.1046362364
