Instance,INF_avg,INF_sd,INF_r1,INF_kr,INF_sk,SUP_avg,SUP_sd,SUP_r1,SUP_kr,SUP_sk,INC_avg,INC_sd,INC_r1,INC_kr,INC_sk,IND_avg,IND_sd,IND_r1,IND_kr,IND_sk
instances/A2/symmetric/200.4.in,0.2925000000,0.0402647489,0.0235051546,2.1539208267,-0.3291629198,0.1770000000,0.0245153013,-0.7784793475,3.6269196375,0.3638598191,0.5305000000,0.0300374766,0.2320349513,1.7639974599,-0.4618226387,0.0695000000,0.0152397507,-0.5664821727,1.6543559344,0.1796898440
