Instance,INF_avg,INF_sd,INF_r1,INF_kr,INF_sk,SUP_avg,SUP_sd,SUP_r1,SUP_kr,SUP_sk,INC_avg,INC_sd,INC_r1,INC_kr,INC_sk,IND_avg,IND_sd,IND_r1,IND_kr,IND_sk
instances/A3/asymmetric/50.4.in,0.6593504919,0.1794947215,0.9458551850,1.8354363102,-0.1748513687,0.0333606557,0.0385784416,0.8789547334,4.6662236408,1.4814926675,0.3072888523,0.1474315191,0.9350430284,1.7466687381,-0.0335425645,0.0696555847,0.0178104439,0.6595180499,2.3345180509,-0.0174611388
