Instance,INF_avg,INF_sd,INF_r1,INF_kr,INF_sk,SUP_avg,SUP_sd,SUP_r1,SUP_kr,SUP_sk,INC_avg,INC_sd,INC_r1,INC_kr,INC_sk,IND_avg,IND_sd,IND_r1,IND_kr,IND_sk
instances/A2/asymmetric/200.2.in,0.3550000000,0.0319687347,0.2213516161,2.5660996243,0.1974164650,0.1966000000,0.0268968400,0.0715116539,2.2132636679,0.0392323053,0.4484000000,0.0362414128,0.3833227303,2.3212108976,-0.3126282355,0.0584000000,0.0098711701,-0.1583468615,2.2286818413,0.4489363499
