Instance,INF_avg,INF_sd,INF_r1,INF_kr,INF_sk,SUP_avg,SUP_sd,SUP_r1,SUP_kr,SUP_sk,INC_avg,INC_sd,INC_r1,INC_kr,INC_sk,IND_avg,IND_sd,IND_r1,IND_kr,IND_sk
instances/A3/asymmetric/20.2.in,0.4674913947,0.0253840546,0.3216861251,2.9146197575,-1.2289001321,0.1038729585,0.0091073830,0.1870847136,1.7561205465,-0.1311061953,0.4286356468,0.0188842843,0.2384616228,2.9412051431,1.2494039133,0.0740791005,0.0179241415,-0.1510365392,3.1212601222,-1.4005848063
