Instance,INF_avg,INF_sd,INF_r1,INF_kr,INF_sk,SUP_avg,SUP_sd,SUP_r1,SUP_kr,SUP_sk,INC_avg,INC_sd,INC_r1,INC_kr,INC_sk,IND_avg,IND_sd,IND_r1,IND_kr,IND_sk
instances/A3/asymmetric/20.2.in,0.4466609320,0.0304734046,0.7399188628,1.2835528169,0.2161133076,0.1126091814,0.0271673158,-0.4670944280,4.9499091162,1.7224002027,0.4407298866,0.0275986465,0.3587203867,1.4663582850,0.3411113961,0.0774006170,0.0160896788,-0.2365415010,4.0874663721,-1.3528086872
