Instance,INF_avg,INF_sd,INF_r1,INF_kr,INF_sk,SUP_avg,SUP_sd,SUP_r1,SUP_kr,SUP_sk,INC_avg,INC_sd,INC_r1,INC_kr,INC_sk,IND_avg,IND_sd,IND_r1,IND_kr,IND_sk
instances/A1/symmetric/20.6.in,0.2559399878,0.0693105183,0.6530291172,2.7530816284,0.4466027725,0.2656710522,0.0703555073,0.6296230876,2.3684307815,0.0029557529,0.4783889600,0.0432120543,0.5424951073,2.9756722702,0.1354055226,0.0567171210,0.0164988937,0.4933460726,2.7253506409,-0.1476970630
