Instance,INF_avg,INF_sd,INF_r1,INF_kr,INF_sk,SUP_avg,SUP_sd,SUP_r1,SUP_kr,SUP_sk,INC_avg,INC_sd,INC_r1,INC_kr,INC_sk,IND_avg,IND_sd,IND_r1,IND_kr,IND_sk
instances/A1/symmetric/20.2.in,0.7148380176,0.0800747139,0.3157811781,2.1518118464,0.7594224536,0.0692598649,0.0517765076,0.9017651821,1.7534902586,0.0925837686,0.2159021175,0.0545362095,0.1041298487,2.0252754873,0.5051756755,0.0948204527,0.0590373960,0.3484657484,2.4162076611,1.0358095313
