Instance,INF_avg,INF_sd,INF_r1,INF_kr,INF_sk,SUP_avg,SUP_sd,SUP_r1,SUP_kr,SUP_sk,INC_avg,INC_sd,INC_r1,INC_kr,INC_sk,IND_avg,IND_sd,IND_r1,IND_kr,IND_sk
instances/A1/symmetric/20.2.in,0.7519534875,0.0914412461,0.2819832764,1.5999427995,-0.2486420270,0.0301221970,0.0284526277,0.5382468440,1.4010801790,0.2129209777,0.2179243155,0.0687033690,0.1734582166,1.3615966189,0.3431395867,0.1195282199,0.0692301620,0.1726991642,1.2489288212,0.1440442049
