Instance,INF_avg,INF_sd,INF_r1,INF_kr,INF_sk,SUP_avg,SUP_sd,SUP_r1,SUP_kr,SUP_sk,INC_avg,INC_sd,INC_r1,INC_kr,INC_sk,IND_avg,IND_sd,IND_r1,IND_kr,IND_sk
instances/A1/asymmetric/50.2.in,0.4000000000,0.0719903375,0.4078014184,2.1160082879,-0.2237436732,0.0756521739,0.0429181311,0.1271590417,2.7402792270,0.3621533005,0.5243478261,0.0682594849,-0.1016224303,2.0324754826,-0.0677641367,0.1852173913,0.0494200774,0.2621460819,2.4981439485,-0.2141516158
