Instance,INF_avg,INF_sd,INF_r1,INF_kr,INF_sk,SUP_avg,SUP_sd,SUP_r1,SUP_kr,SUP_sk,INC_avg,INC_sd,INC_r1,INC_kr,INC_sk,IND_avg,IND_sd,IND_r1,IND_kr,IND_sk
instances/A2/asymmetric/8.4.in,0.3580808081,0.1015189205,0.4768700681,1.9425194825,-0.3308268392,0.1792929293,0.1161396554,0.1631911026,2.3092634667,0.9442150463,0.4626262626,0.0502874099,-0.2606749783,2.5435119067,1.0124646732,0.1575757576,0.0354472064,0.5970893757,1.2809524940,-0.2129211512
