Instance,INF_avg,INF_sd,INF_r1,INF_kr,INF_sk,SUP_avg,SUP_sd,SUP_r1,SUP_kr,SUP_sk,INC_avg,INC_sd,INC_r1,INC_kr,INC_sk,IND_avg,IND_sd,IND_r1,IND_kr,IND_sk
instances/A2/symmetric/200.4.in,0.3214000000,0.0389491977,-0.1388136320,2.8849348321,-0.7627555571,0.2108000000,0.0291780740,-0.1537612456,1.8910268505,0.2011277702,0.4678000000,0.0392448723,-0.0992784735,2.2867526366,-0.0593827786,0.0564000000,0.0144582157,0.2824475277,2.1307480525,0.5142655103
