Instance,INF_avg,INF_sd,INF_r1,INF_kr,INF_sk,SUP_avg,SUP_sd,SUP_r1,SUP_kr,SUP_sk,INC_avg,INC_sd,INC_r1,INC_kr,INC_sk,IND_avg,IND_sd,IND_r1,IND_kr,IND_sk
instances/A1/symmetric/10.4.in,0.5869825708,0.0699448628,-0.1305895108,1.5000000000,-0.6547253394,0.0851851852,0.0643635081,-0.0424403183,1.5000000000,-0.3330665464,0.3278322440,0.0373732815,-0.7840957482,1.5000000000,-0.7045125225,0.1761982571,0.0717819878,-0.0001883200,1.5000000000,0.0250348559
