Instance,INF_avg,INF_sd,INF_r1,INF_kr,INF_sk,SUP_avg,SUP_sd,SUP_r1,SUP_kr,SUP_sk,INC_avg,INC_sd,INC_r1,INC_kr,INC_sk,IND_avg,IND_sd,IND_r1,IND_kr,IND_sk
instances/A2/asymmetric/20.5.in,0.6993486822,0.1263335532,0.7701078989,2.1948544824,-0.9075786378,0.0971953387,0.0772774647,0.6402656103,3.0804069455,1.2656135155,0.2034559791,0.0545513556,0.8398935957,1.4453451273,0.4651133927,0.0448046961,0.0120716999,0.4513709944,2.7291109062,0.3417198539
