Instance,INF_avg,INF_sd,INF_r1,INF_kr,INF_sk,SUP_avg,SUP_sd,SUP_r1,SUP_kr,SUP_sk,INC_avg,INC_sd,INC_r1,INC_kr,INC_sk,IND_avg,IND_sd,IND_r1,IND_kr,IND_sk
instances/A2/symmetric/5.6.in,0.3870370370,0.1190958162,0.7991710765,1.7211412553,-0.5001628616,0.1592592593,0.1100255613,-0.0404844047,1.8516275710,-0.1005098323,0.4537037037,0.0727662322,-0.1661824521,2.0267557518,-0.6708469741,0.2888888889,0.0838870493,0.0990945674,1.6442751616,0.3996834481
