Instance,INF_avg,INF_sd,INF_r1,INF_kr,INF_sk,SUP_avg,SUP_sd,SUP_r1,SUP_kr,SUP_sk,INC_avg,INC_sd,INC_r1,INC_kr,INC_sk,IND_avg,IND_sd,IND_r1,IND_kr,IND_sk
instances/A3/symmetric/50.1.in,0.4085500000,0.1064126285,0.8068687849,4.4299837621,1.3577992123,0.1396500000,0.0466221782,0.7983013432,2.4988731222,-0.4470765163,0.4518000000,0.0724103584,0.7429745391,4.6050840660,-1.2246001089,0.0665000000,0.0134257216,0.3693956709,2.8173556915,0.1128105553
