Instance,INF_avg,INF_sd,INF_r1,INF_kr,INF_sk,SUP_avg,SUP_sd,SUP_r1,SUP_kr,SUP_sk,INC_avg,INC_sd,INC_r1,INC_kr,INC_sk,IND_avg,IND_sd,IND_r1,IND_kr,IND_sk
instances/A3/symmetric/5.3.in,0.2923280423,0.1998974430,-0.0354165946,1.5000000000,0.3081288925,0.0753968254,0.0585905677,-0.0136518771,1.5000000000,-0.2007001872,0.6322751323,0.1414292741,-0.0478347014,1.5000000000,-0.3503776197,0.4338624339,0.0587992348,-0.4263301501,1.5000000000,-0.2641238229
