Instance,INF_avg,INF_sd,INF_r1,INF_kr,INF_sk,SUP_avg,SUP_sd,SUP_r1,SUP_kr,SUP_sk,INC_avg,INC_sd,INC_r1,INC_kr,INC_sk,IND_avg,IND_sd,IND_r1,IND_kr,IND_sk
instances/A3/symmetric/10.1.in,0.4622222222,0.1127873559,0.0903933434,1.1763917287,0.3920971648,0.1477777778,0.0695310571,0.2669219882,1.6460671549,-0.1081225527,0.3900000000,0.0526343079,-0.2016338989,1.5341945723,-0.3171017993,0.1138888889,0.0286528821,-0.6139359699,2.3744276104,-0.2689700423
