Instance,INF_avg,INF_sd,INF_r1,INF_kr,INF_sk,SUP_avg,SUP_sd,SUP_r1,SUP_kr,SUP_sk,INC_avg,INC_sd,INC_r1,INC_kr,INC_sk,IND_avg,IND_sd,IND_r1,IND_kr,IND_sk
instances/A1/symmetric/100.6.in,0.3610000000,0.0759210116,0.5931852560,2.2568820158,-0.1931931379,0.1695000000,0.0353871446,0.3539457347,2.6396190989,-0.0611325405,0.4695000000,0.0470345618,0.6335757699,1.7071353901,0.3835190073,0.0630000000,0.0134536240,-0.0658914729,2.5385977229,0.5211272219
