Instance,INF_avg,INF_sd,INF_r1,INF_kr,INF_sk,SUP_avg,SUP_sd,SUP_r1,SUP_kr,SUP_sk,INC_avg,INC_sd,INC_r1,INC_kr,INC_sk,IND_avg,IND_sd,IND_r1,IND_kr,IND_sk
instances/A1/symmetric/10.3.in,0.2900184178,0.1263519354,0.4416745982,1.4204405426,0.0992163200,0.2631269965,0.1010451470,0.5199801636,1.8626622361,0.2138741250,0.4468545857,0.0361661105,0.0386422250,1.4795683908,0.1138561664,0.1306282195,0.0433380664,0.1060309366,2.2341063947,-0.2950539995
