Instance,INF_avg,INF_sd,INF_r1,INF_kr,INF_sk,SUP_avg,SUP_sd,SUP_r1,SUP_kr,SUP_sk,INC_avg,INC_sd,INC_r1,INC_kr,INC_sk,IND_avg,IND_sd,IND_r1,IND_kr,IND_sk
instances/A3/symmetric/8.3.in,0.3445687646,0.0915117672,-0.2796257710,2.2370060400,-0.8667028640,0.1143589744,0.1120322110,0.5102218433,3.0224521659,1.3397215491,0.5410722611,0.0594739885,0.1249071876,2.7909086888,1.1278387780,0.2314219114,0.0706436629,0.5818083137,2.0751851397,-0.1458821441
