Instance,INF_avg,INF_sd,INF_r1,INF_kr,INF_sk,SUP_avg,SUP_sd,SUP_r1,SUP_kr,SUP_sk,INC_avg,INC_sd,INC_r1,INC_kr,INC_sk,IND_avg,IND_sd,IND_r1,IND_kr,IND_sk
instances/A2/asymmetric/5.3.in,0.3679012346,0.1504172928,0.3572691927,2.0170790735,-0.4256992460,0.2845679012,0.1379791882,-0.1533966665,2.5670514441,-0.6367510566,0.3475308642,0.0792242529,-0.0087598752,2.0665707960,-0.3650209106,0.3123456790,0.0825177280,-0.2720013762,1.4184429861,-0.0029093634
