Instance,INF_avg,INF_sd,INF_r1,INF_kr,INF_sk,SUP_avg,SUP_sd,SUP_r1,SUP_kr,SUP_sk,INC_avg,INC_sd,INC_r1,INC_kr,INC_sk,IND_avg,IND_sd,IND_r1,IND_kr,IND_sk
instances/A1/asymmetric/100.2.in,0.6879656049,0.1848475338,0.9764912233,1.7570244766,0.1433997225,0.0942050557,0.0661247190,0.9470988639,1.4455270025,-0.0890411754,0.2178293394,0.1257252310,0.9512329352,1.9851949620,0.0219562768,0.0398242836,0.0116620549,0.6620009850,1.8750002233,-0.3180818134
