Instance,INF_avg,INF_sd,INF_r1,INF_kr,INF_sk,SUP_avg,SUP_sd,SUP_r1,SUP_kr,SUP_sk,INC_avg,INC_sd,INC_r1,INC_kr,INC_sk,IND_avg,IND_sd,IND_r1,IND_kr,IND_sk
instances/A1/asymmetric/100.6.in,0.3060000000,0.0446430286,0.4811218869,2.3384683824,0.0679415354,0.1759000000,0.0292350817,0.3070032610,2.4828565170,-0.0992875798,0.5181000000,0.0402975185,0.4839877567,2.9312325163,0.5784117102,0.0576000000,0.0106883114,0.1130762113,5.2261765000,0.7709474175
