Instance,INF_avg,INF_sd,INF_r1,INF_kr,INF_sk,SUP_avg,SUP_sd,SUP_r1,SUP_kr,SUP_sk,INC_avg,INC_sd,INC_r1,INC_kr,INC_sk,IND_avg,IND_sd,IND_r1,IND_kr,IND_sk
instances/A3/symmetric/8.2.in,0.4416138395,0.1062117274,0.1401121201,2.8500661945,0.5976728826,0.1248575690,0.0796732579,0.3411191946,3.6635068764,1.1994093077,0.4335285915,0.1001997420,0.3113681694,2.4442162692,-0.3953398027,0.2144996511,0.0335714913,0.1161617888,2.8405751204,0.7628114164
