Instance,INF_avg,INF_sd,INF_r1,INF_kr,INF_sk,SUP_avg,SUP_sd,SUP_r1,SUP_kr,SUP_sk,INC_avg,INC_sd,INC_r1,INC_kr,INC_sk,IND_avg,IND_sd,IND_r1,IND_kr,IND_sk
instances/A1/asymmetric/5.5.in,0.2411111111,0.1851125784,0.6436067660,1.3156819382,-0.0791802017,0.0266666667,0.0326598632,0.4230769231,1.1666666667,0.4082482905,0.7322222222,0.1557300608,0.6385335691,1.3299060168,-0.0242593723,0.4822222222,0.0701321504,0.6234901054,1.2347099240,-0.1840090896
