Instance,INF_avg,INF_sd,INF_r1,INF_kr,INF_sk,SUP_avg,SUP_sd,SUP_r1,SUP_kr,SUP_sk,INC_avg,INC_sd,INC_r1,INC_kr,INC_sk,IND_avg,IND_sd,IND_r1,IND_kr,IND_sk
instances/A1/asymmetric/5.5.in,0.3436507937,0.2253045865,0.7368231039,1.5940540428,-0.3361967332,0.0190476190,0.0301169301,0.4696969697,1.9000000000,0.9486832981,0.6373015873,0.1996185579,0.7498337733,1.5331097626,0.2087308625,0.5158730159,0.0796502812,0.7132347979,1.6531082639,-0.5088149193
