Instance,INF_avg,INF_sd,INF_r1,INF_kr,INF_sk,SUP_avg,SUP_sd,SUP_r1,SUP_kr,SUP_sk,INC_avg,INC_sd,INC_r1,INC_kr,INC_sk,IND_avg,IND_sd,IND_r1,IND_kr,IND_sk
instances/A2/asymmetric/20.3.in,0.8052845079,0.0494624142,0.7840258626,1.7032821752,-0.3274344632,0.0276363499,0.0136419901,0.0015994076,2.1695146814,0.5430800635,0.1670791422,0.0384638957,0.7438074788,1.4213111785,0.0740495950,0.0517963833,0.0110536829,0.1350348973,2.2603275078,-0.2373306075
