Instance,INF_avg,INF_sd,INF_r1,INF_kr,INF_sk,SUP_avg,SUP_sd,SUP_r1,SUP_kr,SUP_sk,INC_avg,INC_sd,INC_r1,INC_kr,INC_sk,IND_avg,IND_sd,IND_r1,IND_kr,IND_sk
instances/A1/symmetric/8.3.in,0.5052680653,0.0336200566,-0.3761075812,1.4537714972,-0.4738325622,0.1226307026,0.0230131671,-0.3145964304,1.3848762844,0.1073846508,0.3721012321,0.0375591098,-0.0609426257,2.4737861052,-0.4688883834,0.1875524476,0.0236110002,0.3143337778,2.8184534419,-1.1000071738
