Instance,INF_avg,INF_sd,INF_r1,INF_kr,INF_sk,SUP_avg,SUP_sd,SUP_r1,SUP_kr,SUP_sk,INC_avg,INC_sd,INC_r1,INC_kr,INC_sk,IND_avg,IND_sd,IND_r1,IND_kr,IND_sk
instances/A1/symmetric/20.4.in,0.5004046282,0.1162942707,0.5381268489,3.5865282683,1.1565882038,0.1482793571,0.0559764389,0.6126455245,1.5086417229,-0.2363507190,0.3513160148,0.0978901282,0.4708212395,2.4391026514,-0.7852733021,0.0621681132,0.0147622254,0.0865875163,3.7782815163,1.3698697770
