Instance,INF_avg,INF_sd,INF_r1,INF_kr,INF_sk,SUP_avg,SUP_sd,SUP_r1,SUP_kr,SUP_sk,INC_avg,INC_sd,INC_r1,INC_kr,INC_sk,IND_avg,IND_sd,IND_r1,IND_kr,IND_sk
instances/A1/symmetric/20.4.in,0.5768825213,0.1034199708,-0.1526162116,2.6472887375,1.1004187767,0.1242650208,0.0619860327,0.7881082757,1.7105967751,0.6635922697,0.2988524579,0.0980839931,0.0981936195,1.5890655697,-0.1809953006,0.0666154771,0.0177810855,-0.1320824018,2.0194356020,0.7537039258
