Instance,INF_avg,INF_sd,INF_r1,INF_kr,INF_sk,SUP_avg,SUP_sd,SUP_r1,SUP_kr,SUP_sk,INC_avg,INC_sd,INC_r1,INC_kr,INC_sk,IND_avg,IND_sd,IND_r1,IND_kr,IND_sk
instances/A2/symmetric/50.1.in,0.4000000000,0.1279204298,-0.2352941176,3.4629629630,-0.7817359600,0.1909090909,0.0995859195,0.4243458476,3.2516666667,0.1825741858,0.4090909091,0.1729663417,0.0960844925,2.1984829523,-0.2456617283,0.3272727273,0.0445361771,-0.2941176471,2.0416666667,1.0206207262
