Instance,INF_avg,INF_sd,INF_r1,INF_kr,INF_sk,SUP_avg,SUP_sd,SUP_r1,SUP_kr,SUP_sk,INC_avg,INC_sd,INC_r1,INC_kr,INC_sk,IND_avg,IND_sd,IND_r1,IND_kr,IND_sk
instances/A1/asymmetric/5.2.in,0.2777777778,0.1638653467,0.5540540541,2.0798652398,-0.5553106280,0.2766666667,0.1186550140,-0.0189351669,2.0926867151,0.2781083296,0.4455555556,0.0694244416,0.4009338053,1.9582723583,-0.3584557091,0.4244444444,0.0174270968,0.5375335121,1.4839381321,0.0171057167
