Instance,INF_avg,INF_sd,INF_r1,INF_kr,INF_sk,SUP_avg,SUP_sd,SUP_r1,SUP_kr,SUP_sk,INC_avg,INC_sd,INC_r1,INC_kr,INC_sk,IND_avg,IND_sd,IND_r1,IND_kr,IND_sk
instances/A1/asymmetric/5.2.in,0.1543209877,0.1843086250,0.7150435899,1.6535732406,0.5717378730,0.3388888889,0.1184027212,0.4477611940,2.1218309711,-0.5101608741,0.5067901235,0.0933956941,0.8624871354,2.5068498414,-0.1692646001,0.4802469136,0.0665694307,0.8000865233,1.7365437327,0.3930655791
