Instance,INF_avg,INF_sd,INF_r1,INF_kr,INF_sk,SUP_avg,SUP_sd,SUP_r1,SUP_kr,SUP_sk,INC_avg,INC_sd,INC_r1,INC_kr,INC_sk,IND_avg,IND_sd,IND_r1,IND_kr,IND_sk
instances/A1/asymmetric/50.1.in,0.3760000000,0.0241660919,-0.1236724906,2.1490077876,-0.5369518342,0.1550000000,0.0176068169,-0.4565217391,2.1253902185,0.5771225090,0.4690000000,0.0165529454,0.2357373520,1.5467259843,-0.2539958582,0.0630000000,0.0160000000,-0.1841070024,2.0369262695,0.5844726562
