Instance,INF_avg,INF_sd,INF_r1,INF_kr,INF_sk,SUP_avg,SUP_sd,SUP_r1,SUP_kr,SUP_sk,INC_avg,INC_sd,INC_r1,INC_kr,INC_sk,IND_avg,IND_sd,IND_r1,IND_kr,IND_sk
instances/A2/symmetric/8.4.in,0.2631313131,0.1103902234,0.3016644432,1.4257142354,0.3911958457,0.2606060606,0.0927892005,0.5469114106,1.4843756131,-0.4273066478,0.4762626263,0.0406432314,-0.1990074267,3.0051943585,1.3279630723,0.2191919192,0.0439539045,-0.4839826611,2.7920995897,1.1936453104
