Instance,INF_avg,INF_sd,INF_r1,INF_kr,INF_sk,SUP_avg,SUP_sd,SUP_r1,SUP_kr,SUP_sk,INC_avg,INC_sd,INC_r1,INC_kr,INC_sk,IND_avg,IND_sd,IND_r1,IND_kr,IND_sk
instances/A3/symmetric/8.3.in,0.5568477818,0.0844904478,0.3971842399,4.4568664818,-1.5299071213,0.0795278795,0.0687050442,-0.2107219592,1.8432906468,0.2759245154,0.3636243386,0.0591046381,0.3138177642,3.9782448949,0.8347142561,0.2924806675,0.0694160597,0.1242739427,1.4244773100,-0.0061889649
