Instance,INF_avg,INF_sd,INF_r1,INF_kr,INF_sk,SUP_avg,SUP_sd,SUP_r1,SUP_kr,SUP_sk,INC_avg,INC_sd,INC_r1,INC_kr,INC_sk,IND_avg,IND_sd,IND_r1,IND_kr,IND_sk
instances/A3/asymmetric/20.4.in,0.2657952410,0.0213832540,0.2133926665,2.5403880612,-0.6593583599,0.1252471112,0.0216365483,-0.1502032838,3.5394457532,1.3193859280,0.6089576478,0.0101821731,0.1584748335,2.8891304586,1.1816087466,0.0874646286,0.0062335326,-0.4463248883,2.3265716922,-0.5789104211
