Instance,INF_avg,INF_sd,INF_r1,INF_kr,INF_sk,SUP_avg,SUP_sd,SUP_r1,SUP_kr,SUP_sk,INC_avg,INC_sd,INC_r1,INC_kr,INC_sk,IND_avg,IND_sd,IND_r1,IND_kr,IND_sk
instances/A2/symmetric/5.1.in,0.2619047619,0.1751254814,0.1961147086,1.3651125287,0.1259046669,0.2571428571,0.1247673572,0.0303184899,1.6038427609,0.0047534103,0.4809523810,0.0586120649,0.3779501011,1.7189001078,0.2216123265,0.3880952381,0.0637099436,0.2272991851,2.1412643176,0.8248927518
