Instance,INF_avg,INF_sd,INF_r1,INF_kr,INF_sk,SUP_avg,SUP_sd,SUP_r1,SUP_kr,SUP_sk,INC_avg,INC_sd,INC_r1,INC_kr,INC_sk,IND_avg,IND_sd,IND_r1,IND_kr,IND_sk
instances/A1/asymmetric/100.2.in,0.5794288557,0.1691460193,0.9572706953,2.4511240151,0.4327927572,0.0431543624,0.0426683362,0.8984775492,3.1027158055,0.9607988621,0.3774167819,0.1368241994,0.9584824455,2.9849536262,-0.6906599626,0.0679545378,0.0214789332,0.5550200005,2.9521870474,0.2806612093
