Instance,INF_avg,INF_sd,INF_r1,INF_kr,INF_sk,SUP_avg,SUP_sd,SUP_r1,SUP_kr,SUP_sk,INC_avg,INC_sd,INC_r1,INC_kr,INC_sk,IND_avg,IND_sd,IND_r1,IND_kr,IND_sk
instances/A2/asymmetric/200.5.in,0.5385714286,0.0783633609,0.7801782184,1.9322328793,-0.1032372218,0.0814285714,0.0611622132,0.6039798331,2.4929064621,0.7566015725,0.3800000000,0.0362530787,0.2380952381,3.0037807183,0.1439158133,0.1342857143,0.0423782771,0.2426499412,1.9121487603,0.0165485421
