Instance,INF_avg,INF_sd,INF_r1,INF_kr,INF_sk,SUP_avg,SUP_sd,SUP_r1,SUP_kr,SUP_sk,INC_avg,INC_sd,INC_r1,INC_kr,INC_sk,IND_avg,IND_sd,IND_r1,IND_kr,IND_sk
instances/A1/asymmetric/10.6.in,0.6256973111,0.0926219231,0.1619409497,2.2213603335,-0.4323420357,0.0652913943,0.0834562534,0.5089882445,3.2609049867,1.2783300839,0.3090112946,0.0656104556,0.3051200959,2.0838465338,0.2773572433,0.2718241171,0.0844098699,0.7011477625,2.1626051931,0.8413882565
