Instance,INF_avg,INF_sd,INF_r1,INF_kr,INF_sk,SUP_avg,SUP_sd,SUP_r1,SUP_kr,SUP_sk,INC_avg,INC_sd,INC_r1,INC_kr,INC_sk,IND_avg,IND_sd,IND_r1,IND_kr,IND_sk
instances/A1/asymmetric/10.6.in,0.5952287582,0.0948882757,0.1205995341,2.0709022091,-0.0558981580,0.1044662309,0.0839730102,0.4148780998,2.0458539308,0.7887502581,0.3003050109,0.0666233074,0.3419664504,2.1619163800,0.2395094871,0.2188562092,0.0286919171,-0.2814853687,2.2654990958,0.1551537750
