Instance,INF_avg,INF_sd,INF_r1,INF_kr,INF_sk,SUP_avg,SUP_sd,SUP_r1,SUP_kr,SUP_sk,INC_avg,INC_sd,INC_r1,INC_kr,INC_sk,IND_avg,IND_sd,IND_r1,IND_kr,IND_sk
instances/A1/symmetric/8.6.in,0.2181818182,0.1459464885,0.0613171584,1.3430939816,-0.0545704842,0.1797979798,0.1326601463,-0.0308392735,2.2973860523,0.8490512759,0.6020202020,0.0564799134,0.0590365302,1.7726520344,0.5996615761,0.1722222222,0.0146725647,-0.1205198897,1.8905291885,0.1668867876
