Instance,INF_avg,INF_sd,INF_r1,INF_kr,INF_sk,SUP_avg,SUP_sd,SUP_r1,SUP_kr,SUP_sk,INC_avg,INC_sd,INC_r1,INC_kr,INC_sk,IND_avg,IND_sd,IND_r1,IND_kr,IND_sk
instances/A1/symmetric/5.1.in,0.0961538462,0.0824908100,-0.5054945055,2.7906427221,0.9730484956,0.1672161172,0.0522462984,-0.3360320358,1.9002725073,-0.3281977255,0.7366300366,0.0477372441,-0.8328809465,1.3819250708,-0.4448711711,0.4316849817,0.0411236401,0.3243566833,2.3292825919,-0.9713337672
