Instance,INF_avg,INF_sd,INF_r1,INF_kr,INF_sk,SUP_avg,SUP_sd,SUP_r1,SUP_kr,SUP_sk,INC_avg,INC_sd,INC_r1,INC_kr,INC_sk,IND_avg,IND_sd,IND_r1,IND_kr,IND_sk
instances/A1/symmetric/5.1.in,0.0970695971,0.0870204324,-0.5909415427,2.4664106724,0.8878976939,0.1656491656,0.0631498545,-0.5488967416,2.2622241721,0.4321688114,0.7372812373,0.0489932815,-0.3062043000,1.4018204061,-0.3791442685,0.4038461538,0.0497511178,0.2238450945,1.3172275185,-0.0567623527
