Instance,INF_avg,INF_sd,INF_r1,INF_kr,INF_sk,SUP_avg,SUP_sd,SUP_r1,SUP_kr,SUP_sk,INC_avg,INC_sd,INC_r1,INC_kr,INC_sk,IND_avg,IND_sd,IND_r1,IND_kr,IND_sk
instances/A2/asymmetric/20.2.in,0.5986822181,0.0827981050,0.4565876971,1.8530220568,-0.3891675371,0.1372537779,0.0545331856,0.5420244209,2.0047714865,0.4329203408,0.2640640040,0.0314612253,0.2886285520,1.4073050555,0.1700460324,0.0574515082,0.0186890913,0.0761295595,5.3445470694,1.8837617738
