Instance,INF_avg,INF_sd,INF_r1,INF_kr,INF_sk,SUP_avg,SUP_sd,SUP_r1,SUP_kr,SUP_sk,INC_avg,INC_sd,INC_r1,INC_kr,INC_sk,IND_avg,IND_sd,IND_r1,IND_kr,IND_sk
instances/A3/asymmetric/8.1.in,0.2471941639,0.1174141014,-0.3011495436,1.8987760757,0.2351059512,0.2073512907,0.0409690511,-0.2367102490,1.7127929804,0.0356824832,0.5454545455,0.0956563820,-0.0515353232,1.8517277267,-0.2042923218,0.2045454545,0.0245121545,0.1486310300,3.1870661267,-0.7566169743
