Instance,INF_avg,INF_sd,INF_r1,INF_kr,INF_sk,SUP_avg,SUP_sd,SUP_r1,SUP_kr,SUP_sk,INC_avg,INC_sd,INC_r1,INC_kr,INC_sk,IND_avg,IND_sd,IND_r1,IND_kr,IND_sk
instances/A1/asymmetric/10.6.in,0.2921702014,0.1195442307,0.6151382933,1.9555952777,-0.4409759862,0.2081419234,0.0579535756,0.8474497755,2.4185187736,0.9565753687,0.4996878752,0.0654664722,0.3146609257,1.8295245843,-0.1353768441,0.1820995065,0.0298706853,0.1500820963,1.7573063428,-0.1624503293
