Instance,INF_avg,INF_sd,INF_r1,INF_kr,INF_sk,SUP_avg,SUP_sd,SUP_r1,SUP_kr,SUP_sk,INC_avg,INC_sd,INC_r1,INC_kr,INC_sk,IND_avg,IND_sd,IND_r1,IND_kr,IND_sk
instances/A3/symmetric/5.1.in,0.3660493827,0.1844140322,0.5396888234,2.3139342177,-0.4794224381,0.1753086420,0.1074109550,-0.0705561732,3.6916466824,0.7195218555,0.4586419753,0.1920596456,0.5452535706,2.8347044267,0.6776228765,0.4030864198,0.0728185783,0.4754834408,1.8717519671,0.5281733929
