Instance,INF_avg,INF_sd,INF_r1,INF_kr,INF_sk,SUP_avg,SUP_sd,SUP_r1,SUP_kr,SUP_sk,INC_avg,INC_sd,INC_r1,INC_kr,INC_sk,IND_avg,IND_sd,IND_r1,IND_kr,IND_sk
instances/A3/symmetric/5.1.in,0.2666666667,0.1527525232,0.3067846608,2.2295918367,-0.6858276550,0.1433333333,0.0326598632,-0.6821345708,2.4361979167,-1.0269996057,0.5900000000,0.1515109090,0.1476527669,2.5912276296,0.8763614213,0.4233333333,0.0827311576,0.6278179498,1.3327816664,0.1142018584
