Instance,INF_avg,INF_sd,INF_r1,INF_kr,INF_sk,SUP_avg,SUP_sd,SUP_r1,SUP_kr,SUP_sk,INC_avg,INC_sd,INC_r1,INC_kr,INC_sk,IND_avg,IND_sd,IND_r1,IND_kr,IND_sk
instances/A3/symmetric/8.1.in,0.5373626374,0.0226277586,-0.0010373444,2.5140841937,-0.2178520885,0.1388278388,0.0205716060,0.3886331799,1.4024728893,-0.0170044439,0.3238095238,0.0236653851,-0.3194513222,1.7091063188,-0.5477188769,0.1493772894,0.0425655526,-0.1786605641,2.0638371363,-0.6116452316
