Instance,INF_avg,INF_sd,INF_r1,INF_kr,INF_sk,SUP_avg,SUP_sd,SUP_r1,SUP_kr,SUP_sk,INC_avg,INC_sd,INC_r1,INC_kr,INC_sk,IND_avg,IND_sd,IND_r1,IND_kr,IND_sk
instances/A1/asymmetric/20.5.in,0.6553911788,0.0497246298,-0.1735964729,1.8579548389,0.3778012294,0.0638883369,0.0173867346,-0.0458018453,3.3501910543,0.5205321640,0.2807204843,0.0415005583,-0.1447164332,1.6120704304,-0.1264724033,0.0803486899,0.0205152747,-0.0972971550,2.7129915963,0.4879307058
