Instance,INF_avg,INF_sd,INF_r1,INF_kr,INF_sk,SUP_avg,SUP_sd,SUP_r1,SUP_kr,SUP_sk,INC_avg,INC_sd,INC_r1,INC_kr,INC_sk,IND_avg,IND_sd,IND_r1,IND_kr,IND_sk
instances/A3/asymmetric/10.2.in,0.5462911755,0.0567047749,0.8223144978,1.8693396541,-0.3367896965,0.1237114314,0.0385764672,0.4693291928,1.5152230008,0.3546696887,0.3299973931,0.0289994361,0.3579039834,1.5476297327,0.0205067696,0.1916629425,0.0161079605,0.5500696920,2.4248321061,0.7573270707
