Instance,INF_avg,INF_sd,INF_r1,INF_kr,INF_sk,SUP_avg,SUP_sd,SUP_r1,SUP_kr,SUP_sk,INC_avg,INC_sd,INC_r1,INC_kr,INC_sk,IND_avg,IND_sd,IND_r1,IND_kr,IND_sk
instances/A3/asymmetric/100.3.in,0.3052631579,0.1296703684,-0.1630737447,1.8700105035,0.1738729683,0.1315789474,0.0906272387,0.2412898073,3.0019692932,0.8745005750,0.5631578947,0.1306281436,-0.0826015084,1.6174352231,0.1719895685,0.3605263158,0.1058536072,-0.2667657876,2.6490280085,-0.0774395393
