Instance,INF_avg,INF_sd,INF_r1,INF_kr,INF_sk,SUP_avg,SUP_sd,SUP_r1,SUP_kr,SUP_sk,INC_avg,INC_sd,INC_r1,INC_kr,INC_sk,IND_avg,IND_sd,IND_r1,IND_kr,IND_sk
instances/A1/asymmetric/200.4.in,0.2990000000,0.0412795349,-0.2874765771,1.3794014085,-0.3648262801,0.1760000000,0.0190787840,0.0628637951,1.9367528076,-0.4561766982,0.5250000000,0.0396232255,-0.3344262295,2.2298064830,0.8101791415,0.0810000000,0.0307245830,0.0802895689,1.4147021330,-0.0192387215
