Instance,INF_avg,INF_sd,INF_r1,INF_kr,INF_sk,SUP_avg,SUP_sd,SUP_r1,SUP_kr,SUP_sk,INC_avg,INC_sd,INC_r1,INC_kr,INC_sk,IND_avg,IND_sd,IND_r1,IND_kr,IND_sk
instances/A3/symmetric/200.3.in,0.2608000000,0.0563325838,0.4820302957,2.8285291464,-0.5115504066,0.1248000000,0.0199238550,-0.1109023771,2.3371158897,0.2760388564,0.6144000000,0.0496854103,0.3690494105,2.7194622197,-0.0641735509,0.0966000000,0.0203823453,-0.0765110124,2.6945811380,0.1513753263
