Instance,INF_avg,INF_sd,INF_r1,INF_kr,INF_sk,SUP_avg,SUP_sd,SUP_r1,SUP_kr,SUP_sk,INC_avg,INC_sd,INC_r1,INC_kr,INC_sk,IND_avg,IND_sd,IND_r1,IND_kr,IND_sk
instances/A3/symmetric/50.3.in,0.7511111111,0.1112998397,0.8613739496,1.8158452412,-0.2580965892,0.0477777778,0.0439134952,0.5333770170,3.5977390358,1.2436017094,0.2011111111,0.0744527359,0.8691877672,1.9940189781,0.1687210282,0.0555555556,0.0116534316,0.0928853755,2.7971900826,0.9187912224
