Instance,INF_avg,INF_sd,INF_r1,INF_kr,INF_sk,SUP_avg,SUP_sd,SUP_r1,SUP_kr,SUP_sk,INC_avg,INC_sd,INC_r1,INC_kr,INC_sk,IND_avg,IND_sd,IND_r1,IND_kr,IND_sk
instances/A2/asymmetric/200.6.in,0.3415000000,0.0405493526,0.2308191584,2.9068693480,-0.1331868017,0.2003000000,0.0303876620,0.1263575300,3.1715345116,0.4065856678,0.4582000000,0.0345146346,-0.1114429701,2.6352935422,0.1358023420,0.0518000000,0.0124803846,-0.0916519482,2.7803459631,0.4131105155
