Instance,INF_avg,INF_sd,INF_r1,INF_kr,INF_sk,SUP_avg,SUP_sd,SUP_r1,SUP_kr,SUP_sk,INC_avg,INC_sd,INC_r1,INC_kr,INC_sk,IND_avg,IND_sd,IND_r1,IND_kr,IND_sk
instances/A2/symmetric/20.1.in,0.6719145299,0.1181125346,0.9229332204,2.4105683466,0.5487848035,0.0460000000,0.0447660586,0.7524308668,2.1398201601,0.5853450952,0.2820854701,0.0919697454,0.8155173351,2.6290670593,-0.6693986193,0.1314188034,0.0388125145,0.3119946482,2.3897699577,0.2108890760
