Instance,INF_avg,INF_sd,INF_r1,INF_kr,INF_sk,SUP_avg,SUP_sd,SUP_r1,SUP_kr,SUP_sk,INC_avg,INC_sd,INC_r1,INC_kr,INC_sk,IND_avg,IND_sd,IND_r1,IND_kr,IND_sk
instances/A2/asymmetric/100.5.in,0.6537905973,0.1720798451,0.9711657306,2.1864884488,-0.0692901211,0.0388927861,0.0500764904,0.9301327628,3.9503877065,1.4201312106,0.3073166166,0.1329601145,0.9677711838,2.2263964265,-0.4032941369,0.0475172844,0.0147748907,0.3909596686,2.9612386602,0.2841762079
