Instance,INF_avg,INF_sd,INF_r1,INF_kr,INF_sk,SUP_avg,SUP_sd,SUP_r1,SUP_kr,SUP_sk,INC_avg,INC_sd,INC_r1,INC_kr,INC_sk,IND_avg,IND_sd,IND_r1,IND_kr,IND_sk
instances/A2/asymmetric/100.5.in,0.6515864797,0.1705511319,0.9707795508,2.1856780698,-0.0801568331,0.0391555752,0.0501428844,0.9299694272,3.9238575710,1.4114853226,0.3092579451,0.1312870746,0.9670683124,2.2249780328,-0.3952840387,0.0476356444,0.0147541527,0.3849551397,2.9754218313,0.2745456924
