Instance,INF_avg,INF_sd,INF_r1,INF_kr,INF_sk,SUP_avg,SUP_sd,SUP_r1,SUP_kr,SUP_sk,INC_avg,INC_sd,INC_r1,INC_kr,INC_sk,IND_avg,IND_sd,IND_r1,IND_kr,IND_sk
instances/A1/symmetric/20.1.in,0.7455486932,0.0620609949,-0.3357022348,2.1643429103,-0.5068636555,0.0737827141,0.0346249297,-0.1428596912,2.9719261706,1.2634732565,0.1806685927,0.0322332479,-0.1587580736,1.4303553228,-0.3115161356,0.0729829064,0.0192093874,0.2856640667,1.5881577029,0.4065360086
