Instance,INF_avg,INF_sd,INF_r1,INF_kr,INF_sk,SUP_avg,SUP_sd,SUP_r1,SUP_kr,SUP_sk,INC_avg,INC_sd,INC_r1,INC_kr,INC_sk,IND_avg,IND_sd,IND_r1,IND_kr,IND_sk
instances/A1/asymmetric/50.5.in,0.4277777778,0.1435871998,0.6489803999,1.6390064183,0.3366362745,0.0888888889,0.0458122847,0.1657303371,2.3953287197,-0.4137372427,0.4833333333,0.1224744871,0.3297180043,2.1460905350,-0.5191305422,0.2611111111,0.0657342198,-0.5904211396,1.8434693878,-0.1207363221
