Instance,INF_avg,INF_sd,INF_r1,INF_kr,INF_sk,SUP_avg,SUP_sd,SUP_r1,SUP_kr,SUP_sk,INC_avg,INC_sd,INC_r1,INC_kr,INC_sk,IND_avg,IND_sd,IND_r1,IND_kr,IND_sk
instances/A3/symmetric/10.5.in,0.6987259361,0.0626130489,0.3417095343,2.3704287241,-0.1752254994,0.0254557964,0.0397759602,0.2527556724,3.3975911755,1.3097397889,0.2758182675,0.0511409740,-0.1681366018,3.5473803871,-1.4440246760,0.2399087770,0.0567098475,0.6107375582,1.4855224774,-0.1136408170
