Instance,INF_avg,INF_sd,INF_r1,INF_kr,INF_sk,SUP_avg,SUP_sd,SUP_r1,SUP_kr,SUP_sk,INC_avg,INC_sd,INC_r1,INC_kr,INC_sk,IND_avg,IND_sd,IND_r1,IND_kr,IND_sk
instances/A3/asymmetric/50.1.in,0.5381086533,0.2232691663,0.9715441305,2.2800751809,0.8515330985,0.0532338772,0.0424633944,0.8477404237,2.5133171828,0.5446577177,0.4086574695,0.1897301399,0.9653877189,2.4087318793,-0.9738697962,0.1317874824,0.0384621262,0.6285819749,2.4929621180,-0.4553471253
