Instance,INF_avg,INF_sd,INF_r1,INF_kr,INF_sk,SUP_avg,SUP_sd,SUP_r1,SUP_kr,SUP_sk,INC_avg,INC_sd,INC_r1,INC_kr,INC_sk,IND_avg,IND_sd,IND_r1,IND_kr,IND_sk
instances/A3/asymmetric/50.1.in,0.5107913866,0.2024522337,0.9701236748,2.8736859176,1.0522577155,0.0563934426,0.0419223633,0.8372259625,2.5184375507,0.4794464870,0.4328151708,0.1698969379,0.9611224615,3.0959026422,-1.2039473657,0.1356371003,0.0350757750,0.6402305782,2.4000631801,-0.3362124043
