Instance,INF_avg,INF_sd,INF_r1,INF_kr,INF_sk,SUP_avg,SUP_sd,SUP_r1,SUP_kr,SUP_sk,INC_avg,INC_sd,INC_r1,INC_kr,INC_sk,IND_avg,IND_sd,IND_r1,IND_kr,IND_sk
instances/A1/symmetric/5.1.in,0.1308321308,0.1014683027,-0.3376942779,2.5468513056,0.8600448494,0.1124338624,0.0586204228,-0.0691666181,2.6084573235,-0.2287029542,0.7567340067,0.0797377088,-0.0420140546,3.0693689131,-0.7220679467,0.4309764310,0.0691922160,-0.1868482970,1.7814009731,0.1415375699
