Instance,INF_avg,INF_sd,INF_r1,INF_kr,INF_sk,SUP_avg,SUP_sd,SUP_r1,SUP_kr,SUP_sk,INC_avg,INC_sd,INC_r1,INC_kr,INC_sk,IND_avg,IND_sd,IND_r1,IND_kr,IND_sk
instances/A1/symmetric/5.1.in,0.1497835498,0.1292437999,-0.7283015036,1.3921760259,0.3445920731,0.0880952381,0.0696606611,-0.3833021515,2.6665702245,0.7788567227,0.7621212121,0.1017785652,-0.6098633412,2.2116169882,-0.7641458364,0.4471861472,0.0722515880,-0.8109141219,1.9763884001,-0.2081016561
