Instance,INF_avg,INF_sd,INF_r1,INF_kr,INF_sk,SUP_avg,SUP_sd,SUP_r1,SUP_kr,SUP_sk,INC_avg,INC_sd,INC_r1,INC_kr,INC_sk,IND_avg,IND_sd,IND_r1,IND_kr,IND_sk
instances/A3/symmetric/5.1.in,0.2155555556,0.1407826448,0.3350691599,1.8992653640,0.3922291162,0.1555555556,0.0306312194,-0.3243243243,1.8351800554,-0.0572744408,0.6288888889,0.1251862810,0.3922057324,1.7444816058,-0.0320639756,0.3233333333,0.0696020434,-0.4854905573,2.6187400051,-0.6287382634
