Instance,INF_avg,INF_sd,INF_r1,INF_kr,INF_sk,SUP_avg,SUP_sd,SUP_r1,SUP_kr,SUP_sk,INC_avg,INC_sd,INC_r1,INC_kr,INC_sk,IND_avg,IND_sd,IND_r1,IND_kr,IND_sk
instances/A1/asymmetric/100.4.in,0.3780000000,0.0193907194,-0.6990500864,2.9561028746,-0.0563715601,0.1560000000,0.0194679223,0.1507144783,1.6591850516,-0.2829903846,0.4660000000,0.0194679223,0.1675144117,1.6758933731,0.0422859195,0.0640000000,0.0115758369,-0.0642270351,3.1010247271,0.8238983939
