Instance,INF_avg,INF_sd,INF_r1,INF_kr,INF_sk,SUP_avg,SUP_sd,SUP_r1,SUP_kr,SUP_sk,INC_avg,INC_sd,INC_r1,INC_kr,INC_sk,IND_avg,IND_sd,IND_r1,IND_kr,IND_sk
instances/A3/symmetric/50.3.in,0.5022500000,0.2311707972,0.9334197763,2.0086326573,0.6804546813,0.0672500000,0.0617449391,0.6620987907,2.1555160892,0.5301575372,0.4305000000,0.1869752657,0.9182067296,2.1346030414,-0.7279294325,0.1902500000,0.0717630650,0.6852390460,2.2400470642,-0.0436649007
