Instance,INF_avg,INF_sd,INF_r1,INF_kr,INF_sk,SUP_avg,SUP_sd,SUP_r1,SUP_kr,SUP_sk,INC_avg,INC_sd,INC_r1,INC_kr,INC_sk,IND_avg,IND_sd,IND_r1,IND_kr,IND_sk
instances/A1/asymmetric/8.5.in,0.4712087912,0.0605868336,-0.4461204365,1.9690036188,0.5008864980,0.1320879121,0.0622532187,-0.8933965694,1.9748625207,0.3000255971,0.3967032967,0.0311497490,0.6391258619,1.8853173876,-0.4337151969,0.1912087912,0.0414395655,0.2501911023,1.3873837383,-0.2258237456
