Instance,INF_avg,INF_sd,INF_r1,INF_kr,INF_sk,SUP_avg,SUP_sd,SUP_r1,SUP_kr,SUP_sk,INC_avg,INC_sd,INC_r1,INC_kr,INC_sk,IND_avg,IND_sd,IND_r1,IND_kr,IND_sk
instances/A1/asymmetric/200.4.in,0.3030000000,0.0269443872,-0.0055096419,1.2827789541,-0.0555168599,0.1660000000,0.0321558704,0.5589105980,2.5959560625,0.9224891937,0.5310000000,0.0217715411,-0.3252656434,2.4805586712,0.7802544490,0.0930000000,0.0172046505,-0.7118473896,1.4295562454,0.0459492356
