Instance,INF_avg,INF_sd,INF_r1,INF_kr,INF_sk,SUP_avg,SUP_sd,SUP_r1,SUP_kr,SUP_sk,INC_avg,INC_sd,INC_r1,INC_kr,INC_sk,IND_avg,IND_sd,IND_r1,IND_kr,IND_sk
instances/A2/symmetric/100.6.in,0.3440000000,0.0635688603,0.6663093005,2.4399630954,-0.1916095527,0.1966000000,0.0496330535,0.6966328955,1.8853342725,0.2215737648,0.4594000000,0.0403440206,0.0905903617,2.9842761477,0.5583593318,0.0599000000,0.0101730035,0.4174019955,2.0627766754,0.0271161550
