Instance,INF_avg,INF_sd,INF_r1,INF_kr,INF_sk,SUP_avg,SUP_sd,SUP_r1,SUP_kr,SUP_sk,INC_avg,INC_sd,INC_r1,INC_kr,INC_sk,IND_avg,IND_sd,IND_r1,IND_kr,IND_sk
instances/A3/asymmetric/200.1.in,0.7640000000,0.0566038868,0.6907706946,1.4636093928,0.2894151515,0.0160000000,0.0115758369,0.4202898551,2.1988193362,0.3365218792,0.2200000000,0.0460434577,0.6941176471,1.3391108936,-0.3734167040,0.0710000000,0.0115758369,-0.2783171521,2.1988193362,0.3365218792
