Instance,INF_avg,INF_sd,INF_r1,INF_kr,INF_sk,SUP_avg,SUP_sd,SUP_r1,SUP_kr,SUP_sk,INC_avg,INC_sd,INC_r1,INC_kr,INC_sk,IND_avg,IND_sd,IND_r1,IND_kr,IND_sk
instances/A1/asymmetric/8.6.in,0.4713020313,0.1113406787,0.3230765355,1.7404982611,-0.1273996620,0.1184282384,0.0845914516,0.2977832256,2.4725536944,0.9265433818,0.4102697303,0.0421381869,-0.0141239198,1.7809399173,-0.2523223485,0.2374225774,0.0698940662,-0.3162091163,1.7732178407,-0.1315411504
