Instance,INF_avg,INF_sd,INF_r1,INF_kr,INF_sk,SUP_avg,SUP_sd,SUP_r1,SUP_kr,SUP_sk,INC_avg,INC_sd,INC_r1,INC_kr,INC_sk,IND_avg,IND_sd,IND_r1,IND_kr,IND_sk
instances/A2/symmetric/20.4.in,0.6677275590,0.1009145099,0.8734153966,1.7476829014,-0.7530158705,0.0635551227,0.0548450398,1.0670972578,2.1349733322,0.6976165386,0.2687173183,0.0556239523,0.4415437827,1.6769340457,0.2185606077,0.0858742681,0.0290502805,-0.0539831079,3.6343561470,1.1577553957
