Instance,INF_avg,INF_sd,INF_r1,INF_kr,INF_sk,SUP_avg,SUP_sd,SUP_r1,SUP_kr,SUP_sk,INC_avg,INC_sd,INC_r1,INC_kr,INC_sk,IND_avg,IND_sd,IND_r1,IND_kr,IND_sk
instances/A3/symmetric/100.5.in,0.4516000000,0.0419218320,0.2776390633,3.3343370562,0.4540230006,0.1016000000,0.0141929560,0.4113311207,2.0236983157,-0.1157763679,0.4468000000,0.0349250626,0.1946205169,2.8969463263,-0.4980619525,0.0760000000,0.0077459667,-0.0963114754,2.3800000000,0.3743883901
