Instance,INF_avg,INF_sd,INF_r1,INF_kr,INF_sk,SUP_avg,SUP_sd,SUP_r1,SUP_kr,SUP_sk,INC_avg,INC_sd,INC_r1,INC_kr,INC_sk,IND_avg,IND_sd,IND_r1,IND_kr,IND_sk
instances/A2/symmetric/5.4.in,0.2322222222,0.1148482628,0.2877865448,2.5530407860,1.0028913734,0.1888888889,0.0983819716,0.2242152466,1.5625000000,0.2471969964,0.5788888889,0.0943070897,0.0563208014,2.2760824312,0.2787016997,0.3933333333,0.0611010093,-0.4011799410,2.2295918367,0.6858276550
