Instance,INF_avg,INF_sd,INF_r1,INF_kr,INF_sk,SUP_avg,SUP_sd,SUP_r1,SUP_kr,SUP_sk,INC_avg,INC_sd,INC_r1,INC_kr,INC_sk,IND_avg,IND_sd,IND_r1,IND_kr,IND_sk
instances/A2/symmetric/5.4.in,0.2432098765,0.1391917138,0.4609805942,2.1133698636,-0.0036703813,0.2993827160,0.1789399598,0.4771188815,2.6363845387,0.6967471242,0.4574074074,0.1611217536,0.6596219303,1.9198066134,0.0645730892,0.3851851852,0.0668721114,-0.3016800584,2.1324287704,0.8681494612
