Instance,INF_avg,INF_sd,INF_r1,INF_kr,INF_sk,SUP_avg,SUP_sd,SUP_r1,SUP_kr,SUP_sk,INC_avg,INC_sd,INC_r1,INC_kr,INC_sk,IND_avg,IND_sd,IND_r1,IND_kr,IND_sk
instances/A2/symmetric/50.4.in,0.3745000000,0.0825969128,0.5804461608,1.9176586977,0.5684965855,0.2545000000,0.0609692545,0.6131085511,1.6575246402,-0.2719601765,0.3710000000,0.0267207784,0.2933558559,2.0234799802,-0.5434350814,0.0505000000,0.0096046864,0.0347490347,2.0124484985,0.0270870481
