Instance,INF_avg,INF_sd,INF_r1,INF_kr,INF_sk,SUP_avg,SUP_sd,SUP_r1,SUP_kr,SUP_sk,INC_avg,INC_sd,INC_r1,INC_kr,INC_sk,IND_avg,IND_sd,IND_r1,IND_kr,IND_sk
instances/A3/symmetric/50.1.in,0.3583000000,0.0571979895,0.7488716105,2.3058144614,-0.0793695001,0.1456000000,0.0281360978,0.5857443451,2.7638091897,0.3016941023,0.4961000000,0.0412951571,0.5571673334,2.6806302653,0.4052630427,0.0659000000,0.0200172426,0.5171425157,2.3268019951,-0.1639620653
