Instance,INF_avg,INF_sd,INF_r1,INF_kr,INF_sk,SUP_avg,SUP_sd,SUP_r1,SUP_kr,SUP_sk,INC_avg,INC_sd,INC_r1,INC_kr,INC_sk,IND_avg,IND_sd,IND_r1,IND_kr,IND_sk
instances/A3/asymmetric/20.1.in,0.5706165877,0.0565310207,0.7332879511,1.7342332360,-0.2107207101,0.1298466050,0.0700575450,0.4927310333,1.5019340023,-0.0535707672,0.2995368073,0.0361084715,-0.2524991723,1.9681245830,-0.6465105981,0.0873719829,0.0113631370,0.5439390509,1.8042842414,0.1829969592
