Instance,INF_avg,INF_sd,INF_r1,INF_kr,INF_sk,SUP_avg,SUP_sd,SUP_r1,SUP_kr,SUP_sk,INC_avg,INC_sd,INC_r1,INC_kr,INC_sk,IND_avg,IND_sd,IND_r1,IND_kr,IND_sk
instances/A2/asymmetric/20.5.in,0.3121633166,0.0609547888,0.5919662436,2.2210737978,-0.4362513874,0.3151608040,0.0452420243,0.5518580171,1.7973215636,-0.0007674682,0.3726758794,0.0279931032,0.3849026857,2.4452388740,0.7668206259,0.0550301508,0.0100154725,0.5494948041,1.5217578066,-0.3799066976
