Instance,INF_avg,INF_sd,INF_r1,INF_kr,INF_sk,SUP_avg,SUP_sd,SUP_r1,SUP_kr,SUP_sk,INC_avg,INC_sd,INC_r1,INC_kr,INC_sk,IND_avg,IND_sd,IND_r1,IND_kr,IND_sk
instances/A2/symmetric/100.1.in,0.4160000000,0.0423792402,0.3332810680,2.4101207335,0.4277318019,0.2052000000,0.0291712187,0.2256456436,2.6928691916,-0.5400351384,0.3788000000,0.0387370624,-0.0315744913,2.5867993001,-0.3994037479,0.0556000000,0.0117745488,-0.0127999446,4.4454831020,0.9772170334
