Instance,INF_avg,INF_sd,INF_r1,INF_kr,INF_sk,SUP_avg,SUP_sd,SUP_r1,SUP_kr,SUP_sk,INC_avg,INC_sd,INC_r1,INC_kr,INC_sk,IND_avg,IND_sd,IND_r1,IND_kr,IND_sk
instances/A1/symmetric/50.2.in,0.2927000000,0.0746304897,0.6880825338,2.7284188748,-0.7825839949,0.1953000000,0.0333453145,0.4093517925,3.2255148613,0.3512759388,0.5120000000,0.0593295879,0.6485171369,2.3286752647,0.6390868824,0.0624500000,0.0171973108,0.4147811301,3.2444097396,0.1465376938
