Instance,INF_avg,INF_sd,INF_r1,INF_kr,INF_sk,SUP_avg,SUP_sd,SUP_r1,SUP_kr,SUP_sk,INC_avg,INC_sd,INC_r1,INC_kr,INC_sk,IND_avg,IND_sd,IND_r1,IND_kr,IND_sk
instances/A1/symmetric/20.3.in,0.6466987179,0.2233827272,0.8691130135,1.9021544682,-0.5549549960,0.0725000000,0.0879985795,0.7576779224,2.2785207160,0.8594404632,0.2808012821,0.1420291474,0.8636091084,1.7283731097,0.3792186909,0.1401442308,0.0451998965,0.2713304425,3.4829647433,0.8329246881
