Instance,INF_avg,INF_sd,INF_r1,INF_kr,INF_sk,SUP_avg,SUP_sd,SUP_r1,SUP_kr,SUP_sk,INC_avg,INC_sd,INC_r1,INC_kr,INC_sk,IND_avg,IND_sd,IND_r1,IND_kr,IND_sk
instances/A3/symmetric/10.4.in,0.2687142223,0.1083258705,0.7920489057,1.3191513048,-0.1046725882,0.1131173060,0.0673741601,0.8006491336,1.2915074764,0.0679026815,0.6181684717,0.0456491861,0.5083711257,1.5880382667,0.3030397933,0.1716060395,0.0467352400,0.6076485592,2.8645367274,-1.0349024249
