Instance,INF_avg,INF_sd,INF_r1,INF_kr,INF_sk,SUP_avg,SUP_sd,SUP_r1,SUP_kr,SUP_sk,INC_avg,INC_sd,INC_r1,INC_kr,INC_sk,IND_avg,IND_sd,IND_r1,IND_kr,IND_sk
instances/A3/asymmetric/100.4.in,0.3022000000,0.0415230057,0.4920915228,2.3818390328,0.1603509752,0.1455000000,0.0365957648,0.6021851166,2.3343184615,-0.4027983340,0.5523000000,0.0313721214,0.3126915150,2.2144350237,0.2075763427,0.0725000000,0.0142214627,0.0366687383,3.3220597695,0.6570962803
