Instance,INF_avg,INF_sd,INF_r1,INF_kr,INF_sk,SUP_avg,SUP_sd,SUP_r1,SUP_kr,SUP_sk,INC_avg,INC_sd,INC_r1,INC_kr,INC_sk,IND_avg,IND_sd,IND_r1,IND_kr,IND_sk
instances/A2/asymmetric/10.6.in,0.3934492315,0.0851124485,0.0582099099,1.6284871750,0.1894159630,0.2588561350,0.0928855016,0.1372514568,1.1904081306,-0.1477867354,0.3476946334,0.0284025612,-0.1676450855,1.6030483352,-0.2981634700,0.1335348954,0.0403863645,0.1314377916,3.2251561538,0.7451154235
