Instance,INF_avg,INF_sd,INF_r1,INF_kr,INF_sk,SUP_avg,SUP_sd,SUP_r1,SUP_kr,SUP_sk,INC_avg,INC_sd,INC_r1,INC_kr,INC_sk,IND_avg,IND_sd,IND_r1,IND_kr,IND_sk
instances/A2/asymmetric/10.3.in,0.3464250036,0.0604922838,-0.7391782989,2.3805753971,-0.9721032184,0.3155385884,0.0578932406,-0.5319513686,1.2471631367,0.2762905251,0.3380364080,0.0351944230,0.5620197450,1.5979280430,-0.2653849148,0.1155178155,0.0192668796,0.2518683353,1.3676516403,0.3160457580
