Instance,INF_avg,INF_sd,INF_r1,INF_kr,INF_sk,SUP_avg,SUP_sd,SUP_r1,SUP_kr,SUP_sk,INC_avg,INC_sd,INC_r1,INC_kr,INC_sk,IND_avg,IND_sd,IND_r1,IND_kr,IND_sk
instances/A3/symmetric/8.6.in,0.1366810967,0.0894956149,-0.3571657309,1.1985397340,-0.3301532413,0.1370995671,0.0207009308,-0.4238899220,2.0799782553,0.4303916139,0.7262193362,0.0747639031,-0.2620456958,1.3497149625,0.2735574136,0.2907070707,0.0258962038,-0.1043204673,2.5978545519,-1.0713459459
