Instance,INF_avg,INF_sd,INF_r1,INF_kr,INF_sk,SUP_avg,SUP_sd,SUP_r1,SUP_kr,SUP_sk,INC_avg,INC_sd,INC_r1,INC_kr,INC_sk,IND_avg,IND_sd,IND_r1,IND_kr,IND_sk
instances/A3/symmetric/8.6.in,0.1298059965,0.0671474987,-0.2942452410,1.9856011259,-0.1314654349,0.1165704666,0.0311277558,0.5041038424,2.4215166753,-0.0540395048,0.7536235370,0.0651778705,-0.0796701300,1.8290271678,-0.5936969463,0.3096520763,0.0320197648,0.3918516034,3.1583963802,-0.4535293826
