Instance,INF_avg,INF_sd,INF_r1,INF_kr,INF_sk,SUP_avg,SUP_sd,SUP_r1,SUP_kr,SUP_sk,INC_avg,INC_sd,INC_r1,INC_kr,INC_sk,IND_avg,IND_sd,IND_r1,IND_kr,IND_sk
instances/A1/asymmetric/5.3.in,0.3250000000,0.1479019946,0.2967032967,1.8457142857,-0.4346507596,0.1000000000,0.0707106781,-1.0000000000,2.0000000000,0.0000000000,0.5750000000,0.1479019946,0.1755725191,1.8457142857,0.4346507596,0.5250000000,0.0433012702,-0.3333333333,2.3333333333,1.1547005384
