Instance,INF_avg,INF_sd,INF_r1,INF_kr,INF_sk,SUP_avg,SUP_sd,SUP_r1,SUP_kr,SUP_sk,INC_avg,INC_sd,INC_r1,INC_kr,INC_sk,IND_avg,IND_sd,IND_r1,IND_kr,IND_sk
instances/A2/asymmetric/5.2.in,0.4484287318,0.1014291097,0.1747094971,2.7899494506,-0.1553044343,0.1806958474,0.1163877606,-0.0028867033,1.9680315310,-0.3389526623,0.3708754209,0.0687446116,-0.0710977841,2.8776552541,-0.7915129110,0.4253647587,0.0996774542,0.5934105468,2.1436097600,0.2717305374
