Instance,INF_avg,INF_sd,INF_r1,INF_kr,INF_sk,SUP_avg,SUP_sd,SUP_r1,SUP_kr,SUP_sk,INC_avg,INC_sd,INC_r1,INC_kr,INC_sk,IND_avg,IND_sd,IND_r1,IND_kr,IND_sk
instances/A1/asymmetric/5.6.in,0.4622222222,0.1195877693,0.6746897330,1.2445667104,0.1102621427,0.1777777778,0.1507184441,0.6686746988,1.2296786389,-0.2115471545,0.3600000000,0.0326598632,0.5238095238,1.1666666667,0.4082482905,0.3600000000,0.0326598632,0.5238095238,1.1666666667,0.4082482905
