Instance,INF_avg,INF_sd,INF_r1,INF_kr,INF_sk,SUP_avg,SUP_sd,SUP_r1,SUP_kr,SUP_sk,INC_avg,INC_sd,INC_r1,INC_kr,INC_sk,IND_avg,IND_sd,IND_r1,IND_kr,IND_sk
instances/A3/symmetric/50.5.in,0.4195000000,0.0228527898,-0.0778892757,2.1713355948,-0.0547974155,0.0910000000,0.0142828569,0.0381179273,2.0136966551,-0.2275455137,0.4895000000,0.0195512148,0.2769490778,2.4139267812,0.6671615869,0.0810000000,0.0135646600,-0.1473626971,1.6638705104,-0.0312512842
