Instance,INF_avg,INF_sd,INF_r1,INF_kr,INF_sk,SUP_avg,SUP_sd,SUP_r1,SUP_kr,SUP_sk,INC_avg,INC_sd,INC_r1,INC_kr,INC_sk,IND_avg,IND_sd,IND_r1,IND_kr,IND_sk
instances/A1/symmetric/5.5.in,0.2000000000,0.0699854212,0.4230769231,1.1666666667,0.4082482905,0.2142857143,0.1195228609,0.5000000000,1.2755102041,-0.2561204163,0.5857142857,0.0534522484,0.5588235294,1.8469387755,-0.3436215967,0.3428571429,0.0285714286,-0.3157894737,3.2500000000,-1.5000000000
