Instance,INF_avg,INF_sd,INF_r1,INF_kr,INF_sk,SUP_avg,SUP_sd,SUP_r1,SUP_kr,SUP_sk,INC_avg,INC_sd,INC_r1,INC_kr,INC_sk,IND_avg,IND_sd,IND_r1,IND_kr,IND_sk
instances/A2/asymmetric/20.5.in,0.5559092922,0.0493704681,0.4535887342,2.6971715098,0.4685102496,0.1611824614,0.0324481917,0.0780900254,3.5295024629,-1.1430768476,0.2829082464,0.0258096031,0.6716432570,1.7088626714,0.2169809136,0.0525238442,0.0112873243,-0.0381818503,3.0086395578,-0.0338888137
