Instance,INF_avg,INF_sd,INF_r1,INF_kr,INF_sk,SUP_avg,SUP_sd,SUP_r1,SUP_kr,SUP_sk,INC_avg,INC_sd,INC_r1,INC_kr,INC_sk,IND_avg,IND_sd,IND_r1,IND_kr,IND_sk
instances/A3/symmetric/100.4.in,0.3700000000,0.0638983568,0.5207769855,2.7468961013,0.2215529579,0.1531000000,0.0450265477,0.5576599638,2.2477876090,0.1289401875,0.4769000000,0.0430510162,0.3210956634,3.8067388898,0.2940058032,0.0726000000,0.0137382677,0.5868994018,3.5114850810,0.4773508615
