Instance,INF_avg,INF_sd,INF_r1,INF_kr,INF_sk,SUP_avg,SUP_sd,SUP_r1,SUP_kr,SUP_sk,INC_avg,INC_sd,INC_r1,INC_kr,INC_sk,IND_avg,IND_sd,IND_r1,IND_kr,IND_sk
instances/A2/symmetric/20.1.in,0.6207417964,0.0494918774,0.4151712000,2.3580292900,0.5583870616,0.1331472750,0.0219351124,0.2229928988,3.2015020613,0.4574323414,0.2461109285,0.0304069815,0.4383708387,2.1159481040,-0.8837699429,0.0650371555,0.0116371431,0.1106195764,1.9705595252,-0.1894143614
