Instance,INF_avg,INF_sd,INF_r1,INF_kr,INF_sk,SUP_avg,SUP_sd,SUP_r1,SUP_kr,SUP_sk,INC_avg,INC_sd,INC_r1,INC_kr,INC_sk,IND_avg,IND_sd,IND_r1,IND_kr,IND_sk
instances/A1/asymmetric/50.1.in,0.5168000000,0.0489669276,0.5018414848,1.9930375150,-0.0146386358,0.1118000000,0.0313649486,0.5243966518,2.2861458622,0.4678850032,0.3714000000,0.0458152813,0.4852362757,3.0201995230,0.2174971352,0.0634000000,0.0155383397,0.4632677132,1.8369903179,0.1873900096
