Instance,INF_avg,INF_sd,INF_r1,INF_kr,INF_sk,SUP_avg,SUP_sd,SUP_r1,SUP_kr,SUP_sk,INC_avg,INC_sd,INC_r1,INC_kr,INC_sk,IND_avg,IND_sd,IND_r1,IND_kr,IND_sk
instances/A3/symmetric/50.3.in,0.3414000000,0.0501900389,0.4106806665,2.1171368794,-0.0881724979,0.1381000000,0.0333150116,0.4797448638,3.2579460796,0.8904622877,0.5205000000,0.0390928382,0.2016620116,2.1104425730,0.3479868899,0.0931000000,0.0171723615,0.1633619193,3.6506842739,-0.1233754385
