Instance,INF_avg,INF_sd,INF_r1,INF_kr,INF_sk,SUP_avg,SUP_sd,SUP_r1,SUP_kr,SUP_sk,INC_avg,INC_sd,INC_r1,INC_kr,INC_sk,IND_avg,IND_sd,IND_r1,IND_kr,IND_sk
instances/A2/symmetric/5.4.in,0.2355555556,0.1243551267,0.4116030199,2.2916747790,0.4135700813,0.2688888889,0.0969026494,-0.6122803090,2.1155925173,-0.3120493451,0.4955555556,0.0599794203,0.4804881966,1.6528686214,0.0981042662,0.3688888889,0.0697968834,-0.9366476897,2.0235548121,-0.6793056092
