Instance,INF_avg,INF_sd,INF_r1,INF_kr,INF_sk,SUP_avg,SUP_sd,SUP_r1,SUP_kr,SUP_sk,INC_avg,INC_sd,INC_r1,INC_kr,INC_sk,IND_avg,IND_sd,IND_r1,IND_kr,IND_sk
instances/A1/asymmetric/10.1.in,0.5343389484,0.1105406873,0.8788505909,1.5601669058,-0.0859813964,0.0956845563,0.0479814079,0.5463760405,1.5600839289,-0.3352448664,0.3699764953,0.0768408866,0.8958523509,1.3424797047,0.3622917518,0.1587756228,0.0366230066,0.5556013695,1.7261283621,-0.0083400212
