Instance,INF_avg,INF_sd,INF_r1,INF_kr,INF_sk,SUP_avg,SUP_sd,SUP_r1,SUP_kr,SUP_sk,INC_avg,INC_sd,INC_r1,INC_kr,INC_sk,IND_avg,IND_sd,IND_r1,IND_kr,IND_sk
instances/A1/asymmetric/10.1.in,0.6194117647,0.0575855013,0.3532111095,1.2023368664,-0.3185792869,0.0767647059,0.0517128751,0.3558790579,1.3603760936,0.3208092882,0.3038235294,0.0108305604,-0.2238622386,3.0613921738,1.3246493193,0.1294117647,0.0181067576,-0.5684039088,1.9085254210,-0.3838015950
