Instance,INF_avg,INF_sd,INF_r1,INF_kr,INF_sk,SUP_avg,SUP_sd,SUP_r1,SUP_kr,SUP_sk,INC_avg,INC_sd,INC_r1,INC_kr,INC_sk,IND_avg,IND_sd,IND_r1,IND_kr,IND_sk
instances/A2/asymmetric/5.4.in,0.1351851852,0.1134325395,0.1577575740,4.4935062352,1.4570143883,0.2851851852,0.0818174890,0.0835898650,2.2924281107,-0.6530447256,0.5796296296,0.1011592614,0.3069269185,3.3314271288,0.7141420395,0.2740740741,0.0209513120,-0.0140845070,7.1250000000,2.4748737342
