Instance,INF_avg,INF_sd,INF_r1,INF_kr,INF_sk,SUP_avg,SUP_sd,SUP_r1,SUP_kr,SUP_sk,INC_avg,INC_sd,INC_r1,INC_kr,INC_sk,IND_avg,IND_sd,IND_r1,IND_kr,IND_sk
instances/A1/asymmetric/10.4.in,0.2517516875,0.0763544290,0.5230767651,2.5933624163,0.5030978185,0.2378793165,0.0669552911,0.3936967055,2.5040560269,-0.9656580548,0.5103689961,0.0396277764,0.7365334387,1.5557396806,-0.2464326853,0.1515335194,0.0508925479,0.8214139724,1.2396114368,-0.1575505382
