Instance,INF_avg,INF_sd,INF_r1,INF_kr,INF_sk,SUP_avg,SUP_sd,SUP_r1,SUP_kr,SUP_sk,INC_avg,INC_sd,INC_r1,INC_kr,INC_sk,IND_avg,IND_sd,IND_r1,IND_kr,IND_sk
instances/A3/symmetric/50.5.in,0.6950000000,0.0651920241,-0.5750636132,2.2441107266,0.7958389649,0.0420000000,0.0060000000,-0.3157894737,3.2500000000,-1.5000000000,0.2630000000,0.0599666574,-0.5814821504,2.0991414883,-0.6896490958,0.0350000000,0.0044721360,-0.6666666667,1.2500000000,-0.0000000000
