Instance,INF_avg,INF_sd,INF_r1,INF_kr,INF_sk,SUP_avg,SUP_sd,SUP_r1,SUP_kr,SUP_sk,INC_avg,INC_sd,INC_r1,INC_kr,INC_sk,IND_avg,IND_sd,IND_r1,IND_kr,IND_sk
instances/A3/symmetric/8.3.in,0.4657380040,0.1303491497,0.4225086046,3.0271118343,0.7499920999,0.1119430761,0.0518065309,0.5935052300,2.8673073373,-0.8340696724,0.4223189199,0.0840027585,0.2810610579,2.8134902378,-0.3863108275,0.2611220580,0.0260151362,-0.8811214506,3.1829072873,1.0809886858
