Instance,INF_avg,INF_sd,INF_r1,INF_kr,INF_sk,SUP_avg,SUP_sd,SUP_r1,SUP_kr,SUP_sk,INC_avg,INC_sd,INC_r1,INC_kr,INC_sk,IND_avg,IND_sd,IND_r1,IND_kr,IND_sk
instances/A3/symmetric/8.3.in,0.5541904762,0.1035971616,0.0231854954,2.8510628892,1.0709182060,0.0754285714,0.0413223597,0.2690680313,2.5126568026,-0.9232717893,0.3703809524,0.0639361927,-0.1542244914,2.8041432494,-1.0550413089,0.2545714286,0.0164726118,-0.5662081210,1.5953804360,0.4103523181
