Instance,INF_avg,INF_sd,INF_r1,INF_kr,INF_sk,SUP_avg,SUP_sd,SUP_r1,SUP_kr,SUP_sk,INC_avg,INC_sd,INC_r1,INC_kr,INC_sk,IND_avg,IND_sd,IND_r1,IND_kr,IND_sk
instances/A2/symmetric/200.3.in,0.3760000000,0.0385875628,0.3794372864,2.2139012711,-0.0747168995,0.2160000000,0.0363180396,0.0318534286,2.5773465436,0.1793606111,0.4080000000,0.0299332591,-0.7119167615,2.1763417769,-0.0723708246,0.0520000000,0.0100498756,-0.1258660508,1.8867758063,-0.0384222281
