Instance,INF_avg,INF_sd,INF_r1,INF_kr,INF_sk,SUP_avg,SUP_sd,SUP_r1,SUP_kr,SUP_sk,INC_avg,INC_sd,INC_r1,INC_kr,INC_sk,IND_avg,IND_sd,IND_r1,IND_kr,IND_sk
instances/A2/asymmetric/50.6.in,0.4194000000,0.0792189371,0.7536702731,2.1682740860,-0.2713642952,0.1968000000,0.0478723302,0.5608700158,3.3414947914,0.5208520537,0.3838000000,0.0599129368,0.7974950529,2.4311717869,0.4405685274,0.0512000000,0.0093573501,0.1894233149,2.6788051725,0.0708579332
