Instance,INF_avg,INF_sd,INF_r1,INF_kr,INF_sk,SUP_avg,SUP_sd,SUP_r1,SUP_kr,SUP_sk,INC_avg,INC_sd,INC_r1,INC_kr,INC_sk,IND_avg,IND_sd,IND_r1,IND_kr,IND_sk
instances/A3/asymmetric/50.2.in,0.5000000000,0.1009950494,0.5069832402,2.6884371396,-0.4186285568,0.0412500000,0.0271281680,0.4535274356,2.2526268814,0.1684619356,0.4587500000,0.0767198638,0.4760625918,2.7173927888,0.4223042426,0.1162500000,0.0205775970,-0.9512195122,3.0086327801,0.8540258954
