Instance,INF_avg,INF_sd,INF_r1,INF_kr,INF_sk,SUP_avg,SUP_sd,SUP_r1,SUP_kr,SUP_sk,INC_avg,INC_sd,INC_r1,INC_kr,INC_sk,IND_avg,IND_sd,IND_r1,IND_kr,IND_sk
instances/A3/symmetric/8.3.in,0.2512812858,0.1367846132,0.5109989373,2.2735170470,0.6491878425,0.1505262809,0.0288770514,0.5160906057,2.1103097772,-0.4859659489,0.5981924334,0.1107510155,0.4557567317,2.2091021117,-0.5721188200,0.2559058566,0.0232582951,-0.4579971481,1.8540513516,-0.5664262422
